aimag_code,aimag_name,year,schools,students,teachers,annual_average_population,school_age_population,school_density_student,students_per_school,teachers_per_student,student_teacher_ratio,school_closure_rate,school_growth_rate,teacher_growth_rate,student_growth_rate,school_density_pop,teachers_per_1000_children,students_per_1000_children
11,Улаанбаатар,1990,NA,NA,NA,567308,NA,NA,NA,NA,NA,NA,NA,NA,NA,NA,NA,NA
11,Улаанбаатар,1991,NA,NA,NA,588858,NA,NA,NA,NA,NA,NA,NA,NA,NA,NA,NA,NA
11,Улаанбаатар,1992,NA,NA,NA,589069,NA,NA,NA,NA,NA,NA,NA,NA,NA,NA,NA,NA
11,Улаанбаатар,1993,NA,NA,NA,594129,NA,NA,NA,NA,NA,NA,NA,NA,NA,NA,NA,NA
11,Улаанбаатар,1994,NA,NA,NA,611578,NA,NA,NA,NA,NA,NA,NA,NA,NA,NA,NA,NA
11,Улаанбаатар,1995,NA,NA,NA,631795,NA,NA,NA,NA,NA,NA,NA,NA,NA,NA,NA,NA
11,Улаанбаатар,1996,NA,NA,NA,652633,NA,NA,NA,NA,NA,NA,NA,NA,NA,NA,NA,NA
11,Улаанбаатар,1997,NA,NA,NA,674606,NA,NA,NA,NA,NA,NA,NA,NA,NA,NA,NA,NA
11,Улаанбаатар,1998,NA,NA,NA,700320,NA,NA,NA,NA,NA,NA,NA,NA,NA,NA,NA,NA
11,Улаанбаатар,1999,NA,NA,NA,737366,NA,NA,NA,NA,NA,NA,NA,NA,NA,NA,NA,NA
11,Улаанбаатар,2000,146,162500,5958,777397,NA,0.8984615384615384,1113.013698630137,0.036664615384615386,27.274253105068816,NA,NA,NA,NA,NA,NA,NA
11,Улаанбаатар,2001,150,169500,6316,811856,NA,0.8849557522123894,1130,0.037262536873156345,26.836605446485116,-0.0273972602739726,0.0273972602739726,0.06008727760993622,0.043076923076923075,NA,NA,NA
11,Улаанбаатар,2002,156,176000,6577,850253,NA,0.8863636363636365,1128.2051282051282,0.037369318181818184,26.759920936597233,-0.04,0.04,0.04132362254591514,0.038348082595870206,NA,NA,NA
11,Улаанбаатар,2003,163,180000,6788,899308,NA,0.9055555555555556,1104.2944785276075,0.03771111111111111,26.517383618149676,-0.04487179487179487,0.04487179487179487,0.03208149612285236,0.022727272727272728,NA,NA,NA
11,Улаанбаатар,2004,178,185600,7085,948856,NA,0.959051724137931,1042.6966292134832,0.038173491379310344,26.19618913196895,-0.09202453987730061,0.09202453987730061,0.043753682969946965,0.03111111111111111,NA,NA,NA
11,Улаанбаатар,2005,190,186200,7666,993281,NA,1.0204081632653061,980,0.04117078410311493,24.289068614662146,-0.06741573033707865,0.06741573033707865,0.08200423429781228,0.003232758620689655,NA,NA,NA
11,Улаанбаатар,2006,200,185200,7776,1034729,NA,1.0799136069114472,926,0.04198704103671706,23.81687242798354,-0.05263157894736842,0.05263157894736842,0.014349073832507175,-0.0053705692803437165,NA,NA,NA
11,Улаанбаатар,2007,210,184300,8231,1076152,NA,1.1394465545306565,877.6190476190476,0.04466087900162778,22.390961001093427,-0.05,0.05,0.05851337448559671,-0.004859611231101512,NA,NA,NA
11,Улаанбаатар,2008,207,185000,8821,1123228,NA,1.1189189189189188,893.7198067632851,0.04768108108108108,20.97267883459925,0.014285714285714285,-0.014285714285714285,0.07168023326448791,0.0037981551817688553,NA,NA,NA
11,Улаанбаатар,2009,209,184300,9126,1172227,NA,1.134020618556701,881.8181818181819,0.04951709169831796,20.19504711812404,-0.00966183574879227,0.00966183574879227,0.03457657861920417,-0.0037837837837837837,NA,NA,NA
11,Улаанбаатар,2010,206,184600,9271,1220620,NA,1.1159263271939328,896.1165048543689,0.05022210184182015,19.911552151871426,0.014354066985645933,-0.014354066985645933,0.01588866973482358,0.0016277807921866521,NA,NA,NA
11,Улаанбаатар,2011,206,186700,9335,1265770,NA,1.1033743974290304,906.3106796116505,0.05,20,0,0,0.006903246683205695,0.011375947995666305,NA,NA,NA
11,Улаанбаатар,2012,207,186800,9521,1302615,NA,1.10813704496788,902.4154589371981,0.05096895074946467,19.619787837412037,-0.0048543689320388345,0.0048543689320388345,0.019925013390465988,5.356186395286556e-4,NA,NA,NA
11,Улаанбаатар,2013,203,192300,9845,1345086,NA,1.0556422256890277,947.2906403940887,0.05119604784191368,19.532757745048247,0.01932367149758454,-0.01932367149758454,0.034030038861464135,0.029443254817987152,NA,NA,NA
11,Улаанбаатар,2014,210,201900,10047,1367508,NA,1.0401188707280833,961.4285714285714,0.04976225854383358,20.095550910719616,-0.034482758620689655,0.034482758620689655,0.020518029456576943,0.0499219968798752,NA,NA,NA
11,Улаанбаатар,2015,211,220600,10456,1379631,NA,0.9564823209428831,1045.4976303317535,0.04739800543970988,21.097934200459065,-0.004761904761904762,0.004761904761904762,0.04070866925450383,0.09262010896483408,NA,NA,NA
11,Улаанбаатар,2016,222,232800,11010,1418368,NA,0.9536082474226805,1048.6486486486488,0.04729381443298969,21.14441416893733,-0.052132701421800945,0.052132701421800945,0.05298393267023718,0.05530371713508613,NA,NA,NA
11,Улаанбаатар,2017,238,247200,11193,1451710,NA,0.9627831715210355,1038.6554621848738,0.04527912621359223,22.085231841329403,-0.07207207207207207,0.07207207207207207,0.01662125340599455,0.061855670103092786,NA,NA,NA
11,Улаанбаатар,2018,245,263400,12051,1477174,NA,0.9301442672741078,1075.1020408163265,0.04575170842824602,21.8571072940005,-0.029411764705882353,0.029411764705882353,0.07665505226480836,0.06553398058252427,NA,NA,NA
11,Улаанбаатар,2019,257,291500,13180,1515593,NA,0.8816466552315609,1134.2412451361868,0.04521440823327616,22.116843702579665,-0.04897959183673469,0.04897959183673469,0.09368517135507427,0.10668185269552012,NA,NA,NA
11,Улаанбаатар,2020,273,316900,14489,1571526,NA,0.8614704954244241,1160.805860805861,0.04572104764910066,21.871764787079854,-0.0622568093385214,0.0622568093385214,0.09931714719271624,0.08713550600343054,NA,NA,NA
11,Улаанбаатар,2021,278,338400,15245,1624184,NA,0.8215130023640661,1217.2661870503598,0.045050236406619384,22.19744178419154,-0.018315018315018316,0.018315018315018316,0.05217751397611981,0.06784474597664879,NA,NA,NA
11,Улаанбаатар,2022,293,363400,15925,1671422,NA,0.8062740781507981,1240.2730375426622,0.043822234452394054,22.819466248037678,-0.0539568345323741,0.0539568345323741,0.04460478845523122,0.07387706855791962,NA,NA,NA
11,Улаанбаатар,2023,306,380700,16628,1719260,NA,0.8037825059101655,1244.1176470588234,0.04367743630154978,22.895116670675968,-0.04436860068259386,0.04436860068259386,0.044144427001569855,0.04760594386351128,NA,NA,NA
11,Улаанбаатар,2024,314,397300,17061,1757452,NA,0.7903347596274856,1265.2866242038217,0.04294236093632016,23.287028896313227,-0.026143790849673203,0.026143790849673203,0.026040413759923022,0.04360388757551878,NA,NA,NA
11,Улаанбаатар,2025,329,411300,18002,1785075,NA,0.799902747386336,1250.1519756838907,0.0437685387794797,22.847461393178534,-0.04777070063694268,0.04777070063694268,0.055155031944200225,0.03523785552479235,NA,NA,NA
21,Дорнод,1990,NA,NA,NA,82034,NA,NA,NA,NA,NA,NA,NA,NA,NA,NA,NA,NA
21,Дорнод,1991,NA,NA,NA,82607,NA,NA,NA,NA,NA,NA,NA,NA,NA,NA,NA,NA
21,Дорнод,1992,NA,NA,NA,81110,NA,NA,NA,NA,NA,NA,NA,NA,NA,NA,NA,NA
21,Дорнод,1993,NA,NA,NA,80000,NA,NA,NA,NA,NA,NA,NA,NA,NA,NA,NA,NA
21,Дорнод,1994,NA,NA,NA,79786,NA,NA,NA,NA,NA,NA,NA,NA,NA,NA,NA,NA
21,Дорнод,1995,NA,NA,NA,79404,NA,NA,NA,NA,NA,NA,NA,NA,NA,NA,NA,NA
21,Дорнод,1996,NA,NA,NA,78880,NA,NA,NA,NA,NA,NA,NA,NA,NA,NA,NA,NA
21,Дорнод,1997,NA,NA,NA,78181,NA,NA,NA,NA,NA,NA,NA,NA,NA,NA,NA,NA
21,Дорнод,1998,NA,NA,NA,77372,NA,NA,NA,NA,NA,NA,NA,NA,NA,NA,NA,NA
21,Дорнод,1999,NA,NA,NA,76140,NA,NA,NA,NA,NA,NA,NA,NA,NA,NA,NA,NA
21,Дорнод,2000,25,16600,633,74596,NA,1.5060240963855422,664,0.03813253012048193,26.22432859399684,NA,NA,NA,NA,NA,NA,NA
21,Дорнод,2001,25,16900,646,73791,NA,1.4792899408284024,676,0.03822485207100592,26.1609907120743,0,0,0.020537124802527645,0.018072289156626505,NA,NA,NA
21,Дорнод,2002,27,17200,686,73677,NA,1.5697674418604652,637.0370370370371,0.039883720930232555,25.072886297376094,-0.08,0.08,0.06191950464396285,0.01775147928994083,NA,NA,NA
21,Дорнод,2003,25,16900,699,73238,NA,1.4792899408284024,676,0.04136094674556213,24.177396280400572,0.07407407407407407,-0.07407407407407407,0.018950437317784258,-0.01744186046511628,NA,NA,NA
21,Дорнод,2004,25,17300,696,72387,NA,1.445086705202312,692,0.04023121387283237,24.85632183908046,0,0,-0.004291845493562232,0.023668639053254437,NA,NA,NA
21,Дорнод,2005,26,16600,703,71546,NA,1.5662650602409638,638.4615384615385,0.042349397590361444,23.613086770981507,-0.04,0.04,0.010057471264367816,-0.04046242774566474,NA,NA,NA
21,Дорнод,2006,25,16300,739,71094,NA,1.5337423312883436,652,0.045337423312883436,22.056833558863328,0.038461538461538464,-0.038461538461538464,0.051209103840682786,-0.018072289156626505,NA,NA,NA
21,Дорнод,2007,25,15700,764,70462,NA,1.5923566878980893,628,0.0486624203821656,20.54973821989529,0,0,0.03382949932341001,-0.03680981595092025,NA,NA,NA
21,Дорнод,2008,26,15000,808,70095,NA,1.7333333333333332,576.9230769230769,0.05386666666666667,18.564356435643564,-0.04,0.04,0.05759162303664921,-0.044585987261146494,NA,NA,NA
21,Дорнод,2009,26,14300,804,70088,NA,1.8181818181818181,550,0.05622377622377622,17.786069651741293,0,0,-0.0049504950495049506,-0.04666666666666667,NA,NA,NA
21,Дорнод,2010,26,14000,813,69738,NA,1.8571428571428572,538.4615384615385,0.05807142857142857,17.22017220172202,0,0,0.011194029850746268,-0.02097902097902098,NA,NA,NA
21,Дорнод,2011,25,13600,781,69883,NA,1.838235294117647,544,0.057426470588235294,17.41357234314981,0.038461538461538464,-0.038461538461538464,-0.03936039360393604,-0.02857142857142857,NA,NA,NA
21,Дорнод,2012,25,13300,760,70744,NA,1.8796992481203008,532,0.05714285714285714,17.5,0,0,-0.026888604353393086,-0.022058823529411766,NA,NA,NA
21,Дорнод,2013,25,13100,750,71402,NA,1.9083969465648853,524,0.05725190839694656,17.466666666666665,0,0,-0.013157894736842105,-0.015037593984962405,NA,NA,NA
21,Дорнод,2014,25,13400,749,73361,NA,1.8656716417910448,536,0.0558955223880597,17.890520694259013,0,0,-0.0013333333333333333,0.022900763358778626,NA,NA,NA
21,Дорнод,2015,26,13900,786,75835,NA,1.8705035971223023,534.6153846153846,0.05654676258992806,17.68447837150127,-0.04,0.04,0.049399198931909215,0.03731343283582089,NA,NA,NA
21,Дорнод,2016,26,14300,775,77028,NA,1.8181818181818181,550,0.05419580419580419,18.451612903225808,0,0,-0.013994910941475827,0.02877697841726619,NA,NA,NA
21,Дорнод,2017,26,14900,791,78512,NA,1.74496644295302,573.0769230769231,0.05308724832214765,18.83691529709229,0,0,0.02064516129032258,0.04195804195804196,NA,NA,NA
21,Дорнод,2018,26,15400,798,80214,NA,1.6883116883116882,592.3076923076923,0.05181818181818182,19.29824561403509,0,0,0.008849557522123894,0.03355704697986577,NA,NA,NA
21,Дорнод,2019,27,16600,828,81519,NA,1.6265060240963856,614.8148148148148,0.04987951807228916,20.04830917874396,-0.038461538461538464,0.038461538461538464,0.03759398496240601,0.07792207792207792,NA,NA,NA
21,Дорнод,2020,27,17400,863,82631,NA,1.5517241379310345,644.4444444444445,0.049597701149425286,20.162224797219004,0,0,0.042270531400966184,0.04819277108433735,NA,NA,NA
21,Дорнод,2021,27,18200,869,83543,NA,1.4835164835164836,674.074074074074,0.04774725274725275,20.94361334867664,0,0,0.006952491309385863,0.04597701149425287,NA,NA,NA
21,Дорнод,2022,27,19000,884,83852,NA,1.4210526315789476,703.7037037037037,0.046526315789473686,21.493212669683256,0,0,0.01726121979286536,0.04395604395604396,NA,NA,NA
21,Дорнод,2023,26,19700,889,83999,NA,1.3197969543147208,757.6923076923077,0.04512690355329949,22.15973003374578,0.037037037037037035,-0.037037037037037035,0.005656108597285068,0.03684210526315789,NA,NA,NA
21,Дорнод,2024,26,20300,900,84449,NA,1.2807881773399015,780.7692307692307,0.04433497536945813,22.555555555555557,0,0,0.012373453318335208,0.030456852791878174,NA,NA,NA
21,Дорнод,2025,27,20800,906,84858,NA,1.2980769230769231,770.3703703703703,0.04355769230769231,22.958057395143488,-0.038461538461538464,0.038461538461538464,0.006666666666666667,0.024630541871921183,NA,NA,NA
22,Сүхбаатар,1990,NA,NA,NA,52022,NA,NA,NA,NA,NA,NA,NA,NA,NA,NA,NA,NA
22,Сүхбаатар,1991,NA,NA,NA,54053,NA,NA,NA,NA,NA,NA,NA,NA,NA,NA,NA,NA
22,Сүхбаатар,1992,NA,NA,NA,55386,NA,NA,NA,NA,NA,NA,NA,NA,NA,NA,NA,NA
22,Сүхбаатар,1993,NA,NA,NA,56034,NA,NA,NA,NA,NA,NA,NA,NA,NA,NA,NA,NA
22,Сүхбаатар,1994,NA,NA,NA,56410,NA,NA,NA,NA,NA,NA,NA,NA,NA,NA,NA,NA
22,Сүхбаатар,1995,NA,NA,NA,56742,NA,NA,NA,NA,NA,NA,NA,NA,NA,NA,NA,NA
22,Сүхбаатар,1996,NA,NA,NA,56943,NA,NA,NA,NA,NA,NA,NA,NA,NA,NA,NA,NA
22,Сүхбаатар,1997,NA,NA,NA,56969,NA,NA,NA,NA,NA,NA,NA,NA,NA,NA,NA,NA
22,Сүхбаатар,1998,NA,NA,NA,56824,NA,NA,NA,NA,NA,NA,NA,NA,NA,NA,NA,NA
22,Сүхбаатар,1999,NA,NA,NA,56447,NA,NA,NA,NA,NA,NA,NA,NA,NA,NA,NA,NA
22,Сүхбаатар,2000,16,11000,443,55852,NA,1.4545454545454544,687.5,0.04027272727272727,24.830699774266364,NA,NA,NA,NA,NA,NA,NA
22,Сүхбаатар,2001,15,11100,450,55460,NA,1.3513513513513513,740,0.04054054054054054,24.666666666666668,0.0625,-0.0625,0.01580135440180587,0.00909090909090909,NA,NA,NA
22,Сүхбаатар,2002,15,11500,453,55263,NA,1.3043478260869565,766.6666666666666,0.03939130434782609,25.386313465783665,0,0,0.006666666666666667,0.036036036036036036,NA,NA,NA
22,Сүхбаатар,2003,15,11600,448,55126,NA,1.293103448275862,773.3333333333334,0.038620689655172416,25.892857142857142,0,0,-0.011037527593818985,0.008695652173913044,NA,NA,NA
22,Сүхбаатар,2004,15,12800,462,55014,NA,1.171875,853.3333333333334,0.03609375,27.705627705627705,0,0,0.03125,0.10344827586206896,NA,NA,NA
22,Сүхбаатар,2005,15,12900,486,54479,NA,1.1627906976744187,860,0.037674418604651164,26.54320987654321,0,0,0.05194805194805195,0.0078125,NA,NA,NA
22,Сүхбаатар,2006,15,11400,481,53655,NA,1.3157894736842104,760,0.04219298245614035,23.7006237006237,0,0,-0.0102880658436214,-0.11627906976744186,NA,NA,NA
22,Сүхбаатар,2007,15,11300,498,52892,NA,1.3274336283185841,753.3333333333334,0.04407079646017699,22.690763052208837,0,0,0.035343035343035345,-0.008771929824561403,NA,NA,NA
22,Сүхбаатар,2008,15,11100,525,52248,NA,1.3513513513513513,740,0.0472972972972973,21.142857142857142,0,0,0.05421686746987952,-0.017699115044247787,NA,NA,NA
22,Сүхбаатар,2009,15,10700,514,51832,NA,1.4018691588785046,713.3333333333334,0.048037383177570094,20.817120622568094,0,0,-0.02095238095238095,-0.036036036036036036,NA,NA,NA
22,Сүхбаатар,2010,15,10400,519,51552,NA,1.4423076923076923,693.3333333333334,0.04990384615384615,20.038535645472063,0,0,0.009727626459143969,-0.028037383177570093,NA,NA,NA
22,Сүхбаатар,2011,15,10300,521,51602,NA,1.4563106796116505,686.6666666666666,0.05058252427184466,19.769673704414586,0,0,0.0038535645472061657,-0.009615384615384616,NA,NA,NA
22,Сүхбаатар,2012,15,10000,510,52214,NA,1.5,666.6666666666666,0.051,19.607843137254903,0,0,-0.02111324376199616,-0.02912621359223301,NA,NA,NA
22,Сүхбаатар,2013,17,9800,516,52897,NA,1.7346938775510203,576.4705882352941,0.052653061224489796,18.992248062015506,-0.13333333333333333,0.13333333333333333,0.011764705882352941,-0.02,NA,NA,NA
22,Сүхбаатар,2014,16,10000,525,55285,NA,1.6,625,0.0525,19.047619047619047,0.058823529411764705,-0.058823529411764705,0.01744186046511628,0.02040816326530612,NA,NA,NA
22,Сүхбаатар,2015,16,10400,544,58229,NA,1.5384615384615385,650,0.052307692307692305,19.11764705882353,0,0,0.03619047619047619,0.04,NA,NA,NA
22,Сүхбаатар,2016,16,10700,526,59422,NA,1.4953271028037383,668.75,0.0491588785046729,20.342205323193916,0,0,-0.03308823529411765,0.028846153846153848,NA,NA,NA
22,Сүхбаатар,2017,16,11200,558,60471,NA,1.4285714285714286,700,0.04982142857142857,20.07168458781362,0,0,0.060836501901140684,0.04672897196261682,NA,NA,NA
22,Сүхбаатар,2018,16,11600,576,61726,NA,1.379310344827586,725,0.0496551724137931,20.13888888888889,0,0,0.03225806451612903,0.03571428571428571,NA,NA,NA
22,Сүхбаатар,2019,16,12300,610,62752,NA,1.3008130081300813,768.75,0.04959349593495935,20.16393442622951,0,0,0.059027777777777776,0.0603448275862069,NA,NA,NA
22,Сүхбаатар,2020,16,12900,626,63557,NA,1.2403100775193798,806.25,0.04852713178294574,20.60702875399361,0,0,0.02622950819672131,0.04878048780487805,NA,NA,NA
22,Сүхбаатар,2021,16,13400,640,64351,NA,1.1940298507462688,837.5,0.04776119402985075,20.9375,0,0,0.022364217252396165,0.03875968992248062,NA,NA,NA
22,Сүхбаатар,2022,16,13800,644,65047,NA,1.1594202898550725,862.5,0.04666666666666667,21.428571428571427,0,0,0.00625,0.029850746268656716,NA,NA,NA
22,Сүхбаатар,2023,16,14200,664,65564,NA,1.1267605633802817,887.5,0.04676056338028169,21.3855421686747,0,0,0.031055900621118012,0.028985507246376812,NA,NA,NA
22,Сүхбаатар,2024,16,14500,670,65852,NA,1.103448275862069,906.25,0.046206896551724136,21.64179104477612,0,0,0.009036144578313253,0.02112676056338028,NA,NA,NA
22,Сүхбаатар,2025,16,14800,687,66256,NA,1.0810810810810811,925,0.04641891891891892,21.542940320232898,0,0,0.025373134328358207,0.020689655172413793,NA,NA,NA
23,Хэнтий,1990,NA,NA,NA,75106,NA,NA,NA,NA,NA,NA,NA,NA,NA,NA,NA,NA
23,Хэнтий,1991,NA,NA,NA,75453,NA,NA,NA,NA,NA,NA,NA,NA,NA,NA,NA,NA
23,Хэнтий,1992,NA,NA,NA,73365,NA,NA,NA,NA,NA,NA,NA,NA,NA,NA,NA,NA
23,Хэнтий,1993,NA,NA,NA,72346,NA,NA,NA,NA,NA,NA,NA,NA,NA,NA,NA,NA
23,Хэнтий,1994,NA,NA,NA,72592,NA,NA,NA,NA,NA,NA,NA,NA,NA,NA,NA,NA
23,Хэнтий,1995,NA,NA,NA,72855,NA,NA,NA,NA,NA,NA,NA,NA,NA,NA,NA,NA
23,Хэнтий,1996,NA,NA,NA,73140,NA,NA,NA,NA,NA,NA,NA,NA,NA,NA,NA,NA
23,Хэнтий,1997,NA,NA,NA,73285,NA,NA,NA,NA,NA,NA,NA,NA,NA,NA,NA,NA
23,Хэнтий,1998,NA,NA,NA,73022,NA,NA,NA,NA,NA,NA,NA,NA,NA,NA,NA,NA
23,Хэнтий,1999,NA,NA,NA,71856,NA,NA,NA,NA,NA,NA,NA,NA,NA,NA,NA,NA
23,Хэнтий,2000,29,14400,591,70904,NA,2.013888888888889,496.55172413793105,0.041041666666666664,24.365482233502537,NA,NA,NA,NA,NA,NA,NA
23,Хэнтий,2001,30,14500,656,70789,NA,2.0689655172413794,483.3333333333333,0.045241379310344824,22.103658536585368,-0.034482758620689655,0.034482758620689655,0.10998307952622674,0.006944444444444444,NA,NA,NA
23,Хэнтий,2002,27,14800,671,70538,NA,1.8243243243243243,548.1481481481482,0.04533783783783784,22.056631892697467,0.1,-0.1,0.022865853658536585,0.020689655172413793,NA,NA,NA
23,Хэнтий,2003,26,15300,625,69647,NA,1.6993464052287581,588.4615384615385,0.04084967320261438,24.48,0.037037037037037035,-0.037037037037037035,-0.06855439642324888,0.033783783783783786,NA,NA,NA
23,Хэнтий,2004,26,16300,640,68726,NA,1.5950920245398772,626.9230769230769,0.0392638036809816,25.46875,0,0,0.024,0.06535947712418301,NA,NA,NA
23,Хэнтий,2005,27,16400,659,68044,NA,1.646341463414634,607.4074074074074,0.040182926829268294,24.88619119878604,-0.038461538461538464,0.038461538461538464,0.0296875,0.006134969325153374,NA,NA,NA
23,Хэнтий,2006,27,14600,650,67467,NA,1.8493150684931505,540.7407407407408,0.04452054794520548,22.46153846153846,0,0,-0.013657056145675266,-0.10975609756097561,NA,NA,NA
23,Хэнтий,2007,27,14800,675,67200,NA,1.8243243243243243,548.1481481481482,0.04560810810810811,21.925925925925927,0,0,0.038461538461538464,0.0136986301369863,NA,NA,NA
23,Хэнтий,2008,27,15000,734,66630,NA,1.8,555.5555555555555,0.048933333333333336,20.435967302452315,0,0,0.0874074074074074,0.013513513513513514,NA,NA,NA
23,Хэнтий,2009,26,14800,729,66184,NA,1.7567567567567568,569.2307692307693,0.04925675675675676,20.301783264746227,0.037037037037037035,-0.037037037037037035,-0.006811989100817439,-0.013333333333333334,NA,NA,NA
23,Хэнтий,2010,26,14200,745,66043,NA,1.8309859154929577,546.1538461538462,0.052464788732394366,19.06040268456376,0,0,0.02194787379972565,-0.04054054054054054,NA,NA,NA
23,Хэнтий,2011,26,13800,747,66195,NA,1.8840579710144927,530.7692307692307,0.0541304347826087,18.473895582329316,0,0,0.0026845637583892616,-0.028169014084507043,NA,NA,NA
23,Хэнтий,2012,26,13300,748,66957,NA,1.954887218045113,511.53846153846155,0.056240601503759396,17.780748663101605,0,0,0.0013386880856760374,-0.036231884057971016,NA,NA,NA
23,Хэнтий,2013,26,13300,749,67477,NA,1.954887218045113,511.53846153846155,0.05631578947368421,17.757009345794394,0,0,0.001336898395721925,0,NA,NA,NA
23,Хэнтий,2014,26,13400,750,69351,NA,1.9402985074626864,515.3846153846154,0.055970149253731345,17.866666666666667,0,0,0.0013351134846461949,0.007518796992481203,NA,NA,NA
23,Хэнтий,2015,26,13700,782,71910,NA,1.897810218978102,526.9230769230769,0.05708029197080292,17.51918158567775,0,0,0.042666666666666665,0.022388059701492536,NA,NA,NA
23,Хэнтий,2016,26,13900,735,73136,NA,1.8705035971223023,534.6153846153846,0.05287769784172662,18.91156462585034,0,0,-0.06010230179028133,0.014598540145985401,NA,NA,NA
23,Хэнтий,2017,26,14200,722,74673,NA,1.8309859154929577,546.1538461538462,0.050845070422535214,19.667590027700832,0,0,-0.017687074829931974,0.02158273381294964,NA,NA,NA
23,Хэнтий,2018,26,14400,757,76356,NA,1.8055555555555556,553.8461538461538,0.052569444444444446,19.022457067371203,0,0,0.04847645429362881,0.014084507042253521,NA,NA,NA
23,Хэнтий,2019,26,15200,758,77493,NA,1.7105263157894737,584.6153846153846,0.049868421052631576,20.052770448548813,0,0,0.001321003963011889,0.05555555555555555,NA,NA,NA
23,Хэнтий,2020,26,15800,792,78152,NA,1.6455696202531644,607.6923076923077,0.05012658227848101,19.949494949494948,0,0,0.044854881266490766,0.039473684210526314,NA,NA,NA
23,Хэнтий,2021,27,16500,814,78745,NA,1.6363636363636362,611.1111111111111,0.04933333333333333,20.27027027027027,-0.038461538461538464,0.038461538461538464,0.027777777777777776,0.04430379746835443,NA,NA,NA
23,Хэнтий,2022,27,17000,827,79138,NA,1.588235294117647,629.6296296296297,0.04864705882352941,20.556227327690447,0,0,0.01597051597051597,0.030303030303030304,NA,NA,NA
23,Хэнтий,2023,29,17200,861,79202,NA,1.686046511627907,593.1034482758621,0.05005813953488372,19.97677119628339,-0.07407407407407407,0.07407407407407407,0.041112454655380895,0.011764705882352941,NA,NA,NA
23,Хэнтий,2024,28,17500,860,79312,NA,1.6,625,0.04914285714285714,20.348837209302324,0.034482758620689655,-0.034482758620689655,-0.0011614401858304297,0.01744186046511628,NA,NA,NA
23,Хэнтий,2025,28,17700,886,79647,NA,1.5819209039548021,632.1428571428571,0.05005649717514124,19.97742663656885,0,0,0.030232558139534883,0.011428571428571429,NA,NA,NA
41,Төв,1990,NA,NA,NA,101726,NA,NA,NA,NA,NA,NA,NA,NA,NA,NA,NA,NA
41,Төв,1991,NA,NA,NA,103568,NA,NA,NA,NA,NA,NA,NA,NA,NA,NA,NA,NA
41,Төв,1992,NA,NA,NA,104039,NA,NA,NA,NA,NA,NA,NA,NA,NA,NA,NA,NA
41,Төв,1993,NA,NA,NA,104165,NA,NA,NA,NA,NA,NA,NA,NA,NA,NA,NA,NA
41,Төв,1994,NA,NA,NA,103716,NA,NA,NA,NA,NA,NA,NA,NA,NA,NA,NA,NA
41,Төв,1995,NA,NA,NA,103247,NA,NA,NA,NA,NA,NA,NA,NA,NA,NA,NA,NA
41,Төв,1996,NA,NA,NA,103016,NA,NA,NA,NA,NA,NA,NA,NA,NA,NA,NA,NA
41,Төв,1997,NA,NA,NA,102718,NA,NA,NA,NA,NA,NA,NA,NA,NA,NA,NA,NA
41,Төв,1998,NA,NA,NA,101940,NA,NA,NA,NA,NA,NA,NA,NA,NA,NA,NA,NA
41,Төв,1999,NA,NA,NA,100329,NA,NA,NA,NA,NA,NA,NA,NA,NA,NA,NA,NA
41,Төв,2000,41,19100,805,98388,NA,2.146596858638744,465.8536585365854,0.042146596858638745,23.726708074534162,NA,NA,NA,NA,NA,NA,NA
41,Төв,2001,41,18700,803,96448,NA,2.192513368983957,456.0975609756098,0.04294117647058823,23.28767123287671,0,0,-0.002484472049689441,-0.020942408376963352,NA,NA,NA
41,Төв,2002,36,19400,795,95251,NA,1.8556701030927834,538.8888888888889,0.04097938144329897,24.40251572327044,0.12195121951219512,-0.12195121951219512,-0.009962640099626401,0.0374331550802139,NA,NA,NA
41,Төв,2003,30,19600,764,92914,NA,1.530612244897959,653.3333333333334,0.038979591836734696,25.654450261780106,0.16666666666666666,-0.16666666666666666,-0.0389937106918239,0.010309278350515464,NA,NA,NA
41,Төв,2004,31,18400,752,88728,NA,1.684782608695652,593.5483870967741,0.0408695652173913,24.46808510638298,-0.03333333333333333,0.03333333333333333,-0.015706806282722512,-0.061224489795918366,NA,NA,NA
41,Төв,2005,33,17600,766,85732,NA,1.875,533.3333333333334,0.043522727272727275,22.97650130548303,-0.06451612903225806,0.06451612903225806,0.018617021276595744,-0.043478260869565216,NA,NA,NA
41,Төв,2006,33,16400,753,84049,NA,2.0121951219512195,496.969696969697,0.04591463414634146,21.779548472775563,0,0,-0.016971279373368148,-0.06818181818181818,NA,NA,NA
41,Төв,2007,32,15400,779,82910,NA,2.0779220779220777,481.25,0.050584415584415586,19.76893453145058,0.030303030303030304,-0.030303030303030304,0.034528552456839307,-0.06097560975609756,NA,NA,NA
41,Төв,2008,33,15000,796,82632,NA,2.2,454.54545454545456,0.053066666666666665,18.844221105527637,-0.03125,0.03125,0.021822849807445442,-0.025974025974025976,NA,NA,NA
41,Төв,2009,33,14500,793,83465,NA,2.2758620689655173,439.3939393939394,0.054689655172413795,18.284993694829762,0,0,-0.0037688442211055275,-0.03333333333333333,NA,NA,NA
41,Төв,2010,32,14300,518,84760,NA,2.237762237762238,446.875,0.036223776223776226,27.606177606177607,0.030303030303030304,-0.030303030303030304,-0.3467843631778058,-0.013793103448275862,NA,NA,NA
41,Төв,2011,31,13900,550,85558,NA,2.23021582733813,448.38709677419354,0.039568345323741004,25.272727272727273,0.03125,-0.03125,0.06177606177606178,-0.027972027972027972,NA,NA,NA
41,Төв,2012,31,13400,581,86261,NA,2.3134328358208953,432.258064516129,0.04335820895522388,23.06368330464716,0,0,0.056363636363636366,-0.03597122302158273,NA,NA,NA
41,Төв,2013,31,13300,585,86358,NA,2.330827067669173,429.03225806451616,0.04398496240601504,22.735042735042736,0,0,0.0068846815834767644,-0.007462686567164179,NA,NA,NA
41,Төв,2014,31,13300,595,88003,NA,2.330827067669173,429.03225806451616,0.04473684210526316,22.352941176470587,0,0,0.017094017094017096,0,NA,NA,NA
41,Төв,2015,31,14000,596,90264,NA,2.2142857142857144,451.61290322580646,0.04257142857142857,23.48993288590604,0,0,0.0016806722689075631,0.05263157894736842,NA,NA,NA
41,Төв,2016,31,14400,605,91040,NA,2.1527777777777777,464.51612903225805,0.04201388888888889,23.801652892561982,0,0,0.015100671140939598,0.02857142857142857,NA,NA,NA
41,Төв,2017,31,14800,624,92850,NA,2.0945945945945943,477.4193548387097,0.04216216216216216,23.71794871794872,0,0,0.03140495867768595,0.027777777777777776,NA,NA,NA
41,Төв,2018,31,15300,634,94852,NA,2.026143790849673,493.5483870967742,0.041437908496732026,24.13249211356467,0,0,0.016025641025641024,0.033783783783783786,NA,NA,NA
41,Төв,2019,31,16500,692,94956,NA,1.878787878787879,532.258064516129,0.041939393939393936,23.84393063583815,0,0,0.0914826498422713,0.0784313725490196,NA,NA,NA
41,Төв,2020,31,17300,720,93807,NA,1.791907514450867,558.0645161290323,0.04161849710982659,24.02777777777778,0,0,0.04046242774566474,0.048484848484848485,NA,NA,NA
41,Төв,2021,31,18000,872,93517,NA,1.7222222222222223,580.6451612903226,0.04844444444444444,20.642201834862384,0,0,0.2111111111111111,0.04046242774566474,NA,NA,NA
41,Төв,2022,32,18600,898,92955,NA,1.7204301075268817,581.25,0.04827956989247312,20.71269487750557,-0.03225806451612903,0.03225806451612903,0.02981651376146789,0.03333333333333333,NA,NA,NA
41,Төв,2023,31,19100,889,91946,NA,1.6230366492146597,616.1290322580645,0.04654450261780105,21.484814398200225,0.03125,-0.03125,-0.01002227171492205,0.026881720430107527,NA,NA,NA
41,Төв,2024,32,19800,938,91705,NA,1.6161616161616161,618.75,0.047373737373737373,21.108742004264393,-0.03225806451612903,0.03225806451612903,0.05511811023622047,0.03664921465968586,NA,NA,NA
41,Төв,2025,33,20300,960,92907,NA,1.625615763546798,615.1515151515151,0.04729064039408867,21.145833333333332,-0.03125,0.03125,0.023454157782515993,0.025252525252525252,NA,NA,NA
42,Говьсүмбэр,1990,NA,NA,NA,0,NA,NA,NA,NA,NA,NA,NA,NA,NA,NA,NA,NA
42,Говьсүмбэр,1991,NA,NA,NA,6096,NA,NA,NA,NA,NA,NA,NA,NA,NA,NA,NA,NA
42,Говьсүмбэр,1992,NA,NA,NA,12354,NA,NA,NA,NA,NA,NA,NA,NA,NA,NA,NA,NA
42,Говьсүмбэр,1993,NA,NA,NA,12505,NA,NA,NA,NA,NA,NA,NA,NA,NA,NA,NA,NA
42,Говьсүмбэр,1994,NA,NA,NA,12774,NA,NA,NA,NA,NA,NA,NA,NA,NA,NA,NA,NA
42,Говьсүмбэр,1995,NA,NA,NA,13034,NA,NA,NA,NA,NA,NA,NA,NA,NA,NA,NA,NA
42,Говьсүмбэр,1996,NA,NA,NA,12923,NA,NA,NA,NA,NA,NA,NA,NA,NA,NA,NA,NA
42,Говьсүмбэр,1997,NA,NA,NA,12749,NA,NA,NA,NA,NA,NA,NA,NA,NA,NA,NA,NA
42,Говьсүмбэр,1998,NA,NA,NA,12593,NA,NA,NA,NA,NA,NA,NA,NA,NA,NA,NA,NA
42,Говьсүмбэр,1999,NA,NA,NA,12375,NA,NA,NA,NA,NA,NA,NA,NA,NA,NA,NA,NA
42,Говьсүмбэр,2000,4,3000,117,12247,NA,1.3333333333333333,750,0.039,25.641025641025642,NA,NA,NA,NA,NA,NA,NA
42,Говьсүмбэр,2001,5,2900,123,12304,NA,1.7241379310344827,580,0.042413793103448276,23.577235772357724,-0.25,0.25,0.05128205128205128,-0.03333333333333333,NA,NA,NA
42,Говьсүмбэр,2002,5,3000,126,12335,NA,1.6666666666666667,600,0.042,23.80952380952381,0,0,0.024390243902439025,0.034482758620689655,NA,NA,NA
42,Говьсүмбэр,2003,5,3000,122,12198,NA,1.6666666666666667,600,0.040666666666666663,24.59016393442623,0,0,-0.031746031746031744,0,NA,NA,NA
42,Говьсүмбэр,2004,4,3000,113,12067,NA,1.3333333333333333,750,0.03766666666666667,26.548672566371682,0.2,-0.2,-0.07377049180327869,0,NA,NA,NA
42,Говьсүмбэр,2005,4,3000,126,12025,NA,1.3333333333333333,750,0.042,23.80952380952381,0,0,0.11504424778761062,0,NA,NA,NA
42,Говьсүмбэр,2006,4,3000,127,12000,NA,1.3333333333333333,750,0.042333333333333334,23.62204724409449,0,0,0.007936507936507936,0,NA,NA,NA
42,Говьсүмбэр,2007,4,3000,146,12120,NA,1.3333333333333333,750,0.048666666666666664,20.54794520547945,0,0,0.14960629921259844,0,NA,NA,NA
42,Говьсүмбэр,2008,4,2900,160,12368,NA,1.379310344827586,725,0.05517241379310345,18.125,0,0,0.0958904109589041,-0.03333333333333333,NA,NA,NA
42,Говьсүмбэр,2009,4,3000,165,12699,NA,1.3333333333333333,750,0.055,18.181818181818183,0,0,0.03125,0.034482758620689655,NA,NA,NA
42,Говьсүмбэр,2010,4,3000,793,13105,NA,1.3333333333333333,750,0.2643333333333333,3.7831021437578816,0,0,3.806060606060606,0,NA,NA,NA
42,Говьсүмбэр,2011,5,2900,789,13591,NA,1.7241379310344827,580,0.27206896551724136,3.67553865652725,-0.25,0.25,-0.005044136191677175,-0.03333333333333333,NA,NA,NA
42,Говьсүмбэр,2012,5,3000,770,14084,NA,1.6666666666666667,600,0.25666666666666665,3.896103896103896,0,0,-0.024081115335868188,0.034482758620689655,NA,NA,NA
42,Говьсүмбэр,2013,5,3000,760,14555,NA,1.6666666666666667,600,0.25333333333333335,3.9473684210526314,0,0,-0.012987012987012988,0,NA,NA,NA
42,Говьсүмбэр,2014,5,3000,771,15430,NA,1.6666666666666667,600,0.257,3.8910505836575875,0,0,0.014473684210526316,0,NA,NA,NA
42,Говьсүмбэр,2015,5,3300,811,16290,NA,1.5151515151515151,660,0.24575757575757576,4.06905055487053,0,0,0.05188067444876784,0.1,NA,NA,NA
42,Говьсүмбэр,2016,5,3300,757,16724,NA,1.5151515151515151,660,0.2293939393939394,4.359313077939234,0,0,-0.06658446362515413,0,NA,NA,NA
42,Говьсүмбэр,2017,5,3400,763,17155,NA,1.4705882352941175,680,0.22441176470588237,4.456094364351245,0,0,0.007926023778071334,0.030303030303030304,NA,NA,NA
42,Говьсүмбэр,2018,5,3400,821,17590,NA,1.4705882352941175,680,0.24147058823529413,4.141291108404385,0,0,0.07601572739187418,0,NA,NA,NA
42,Говьсүмбэр,2019,5,3800,855,17862,NA,1.3157894736842104,760,0.225,4.444444444444445,0,0,0.04141291108404385,0.11764705882352941,NA,NA,NA
42,Говьсүмбэр,2020,5,4000,864,17958,NA,1.25,800,0.216,4.62962962962963,0,0,0.010526315789473684,0.05263157894736842,NA,NA,NA
42,Говьсүмбэр,2021,5,4100,203,18080,NA,1.2195121951219512,820,0.04951219512195122,20.19704433497537,0,0,-0.7650462962962963,0.025,NA,NA,NA
42,Говьсүмбэр,2022,5,4300,217,18102,NA,1.1627906976744187,860,0.050465116279069765,19.81566820276498,0,0,0.06896551724137931,0.04878048780487805,NA,NA,NA
42,Говьсүмбэр,2023,5,4400,214,18047,NA,1.1363636363636362,880,0.04863636363636364,20.560747663551403,0,0,-0.013824884792626729,0.023255813953488372,NA,NA,NA
42,Говьсүмбэр,2024,5,4500,211,18124,NA,1.1111111111111112,900,0.04688888888888889,21.327014218009477,0,0,-0.014018691588785047,0.022727272727272728,NA,NA,NA
42,Говьсүмбэр,2025,5,4600,214,18470,NA,1.0869565217391304,920,0.04652173913043478,21.49532710280374,0,0,0.014218009478672985,0.022222222222222223,NA,NA,NA
43,Сэлэнгэ,1990,NA,NA,NA,89745,NA,NA,NA,NA,NA,NA,NA,NA,NA,NA,NA,NA
43,Сэлэнгэ,1991,NA,NA,NA,92635,NA,NA,NA,NA,NA,NA,NA,NA,NA,NA,NA,NA
43,Сэлэнгэ,1992,NA,NA,NA,91756,NA,NA,NA,NA,NA,NA,NA,NA,NA,NA,NA,NA
43,Сэлэнгэ,1993,NA,NA,NA,91081,NA,NA,NA,NA,NA,NA,NA,NA,NA,NA,NA,NA
43,Сэлэнгэ,1994,NA,NA,NA,92152,NA,NA,NA,NA,NA,NA,NA,NA,NA,NA,NA,NA
43,Сэлэнгэ,1995,NA,NA,NA,93735,NA,NA,NA,NA,NA,NA,NA,NA,NA,NA,NA,NA
43,Сэлэнгэ,1996,NA,NA,NA,95247,NA,NA,NA,NA,NA,NA,NA,NA,NA,NA,NA,NA
43,Сэлэнгэ,1997,NA,NA,NA,96579,NA,NA,NA,NA,NA,NA,NA,NA,NA,NA,NA,NA
43,Сэлэнгэ,1998,NA,NA,NA,97993,NA,NA,NA,NA,NA,NA,NA,NA,NA,NA,NA,NA
43,Сэлэнгэ,1999,NA,NA,NA,99362,NA,NA,NA,NA,NA,NA,NA,NA,NA,NA,NA,NA
43,Сэлэнгэ,2000,34,23100,900,100005,NA,1.4718614718614718,679.4117647058823,0.03896103896103896,25.666666666666668,NA,NA,NA,NA,NA,NA,NA
43,Сэлэнгэ,2001,34,23100,919,100057,NA,1.4718614718614718,679.4117647058823,0.03978354978354978,25.136017410228508,0,0,0.021111111111111112,0,NA,NA,NA
43,Сэлэнгэ,2002,35,23600,937,99892,NA,1.4830508474576272,674.2857142857143,0.03970338983050847,25.18676627534685,-0.029411764705882353,0.029411764705882353,0.01958650707290533,0.021645021645021644,NA,NA,NA
43,Сэлэнгэ,2003,34,23400,898,99181,NA,1.452991452991453,688.2352941176471,0.03837606837606838,26.057906458797326,0.02857142857142857,-0.02857142857142857,-0.0416221985058698,-0.00847457627118644,NA,NA,NA
43,Сэлэнгэ,2004,33,22900,915,97716,NA,1.4410480349344978,693.939393939394,0.039956331877729255,25.027322404371585,0.029411764705882353,-0.029411764705882353,0.01893095768374165,-0.021367521367521368,NA,NA,NA
43,Сэлэнгэ,2005,33,22400,944,95957,NA,1.4732142857142858,678.7878787878788,0.04214285714285714,23.728813559322035,0,0,0.03169398907103825,-0.021834061135371178,NA,NA,NA
43,Сэлэнгэ,2006,33,21100,910,94870,NA,1.5639810426540284,639.3939393939394,0.04312796208530806,23.186813186813186,0,0,-0.036016949152542374,-0.05803571428571429,NA,NA,NA
43,Сэлэнгэ,2007,33,20700,921,94436,NA,1.5942028985507246,627.2727272727273,0.04449275362318841,22.47557003257329,0,0,0.012087912087912088,-0.018957345971563982,NA,NA,NA
43,Сэлэнгэ,2008,34,19700,954,94354,NA,1.7258883248730963,579.4117647058823,0.04842639593908629,20.649895178197063,-0.030303030303030304,0.030303030303030304,0.035830618892508145,-0.04830917874396135,NA,NA,NA
43,Сэлэнгэ,2009,35,19400,962,95019,NA,1.8041237113402062,554.2857142857143,0.04958762886597938,20.166320166320165,-0.029411764705882353,0.029411764705882353,0.008385744234800839,-0.015228426395939087,NA,NA,NA
43,Сэлэнгэ,2010,35,18900,486,96726,NA,1.8518518518518519,540,0.025714285714285714,38.888888888888886,0,0,-0.49480249480249483,-0.02577319587628866,NA,NA,NA
43,Сэлэнгэ,2011,35,18500,485,98558,NA,1.8918918918918919,528.5714285714286,0.026216216216216216,38.144329896907216,0,0,-0.00205761316872428,-0.021164021164021163,NA,NA,NA
43,Сэлэнгэ,2012,35,17800,484,101391,NA,1.9662921348314608,508.57142857142856,0.027191011235955055,36.77685950413223,0,0,-0.002061855670103093,-0.03783783783783784,NA,NA,NA
43,Сэлэнгэ,2013,35,17500,482,103367,NA,2,500,0.027542857142857143,36.30705394190871,0,0,-0.004132231404958678,-0.016853932584269662,NA,NA,NA
43,Сэлэнгэ,2014,35,17600,486,104702,NA,1.9886363636363635,502.85714285714283,0.027613636363636365,36.21399176954733,0,0,0.008298755186721992,0.005714285714285714,NA,NA,NA
43,Сэлэнгэ,2015,34,18400,520,106252,NA,1.8478260869565217,541.1764705882352,0.02826086956521739,35.38461538461539,0.02857142857142857,-0.02857142857142857,0.06995884773662552,0.045454545454545456,NA,NA,NA
43,Сэлэнгэ,2016,34,18800,508,106902,NA,1.8085106382978724,552.9411764705883,0.02702127659574468,37.00787401574803,0,0,-0.023076923076923078,0.021739130434782608,NA,NA,NA
43,Сэлэнгэ,2017,35,18900,518,108559,NA,1.8518518518518519,540,0.027407407407407408,36.486486486486484,-0.029411764705882353,0.029411764705882353,0.01968503937007874,0.005319148936170213,NA,NA,NA
43,Сэлэнгэ,2018,34,19100,505,110504,NA,1.780104712041885,561.7647058823529,0.02643979057591623,37.82178217821782,0.02857142857142857,-0.02857142857142857,-0.025096525096525095,0.010582010582010581,NA,NA,NA
43,Сэлэнгэ,2019,34,20300,522,110757,NA,1.6748768472906406,597.0588235294117,0.025714285714285714,38.888888888888886,0,0,0.033663366336633666,0.06282722513089005,NA,NA,NA
43,Сэлэнгэ,2020,35,21200,523,109821,NA,1.650943396226415,605.7142857142857,0.024669811320754718,40.53537284894838,-0.029411764705882353,0.029411764705882353,0.0019157088122605363,0.04433497536945813,NA,NA,NA
43,Сэлэнгэ,2021,35,21500,1096,109328,NA,1.627906976744186,614.2857142857143,0.05097674418604651,19.616788321167885,0,0,1.095602294455067,0.014150943396226415,NA,NA,NA
43,Сэлэнгэ,2022,35,22000,1134,108356,NA,1.590909090909091,628.5714285714286,0.05154545454545455,19.400352733686066,0,0,0.03467153284671533,0.023255813953488372,NA,NA,NA
43,Сэлэнгэ,2023,35,22100,1125,107263,NA,1.583710407239819,631.4285714285714,0.05090497737556561,19.644444444444446,0,0,-0.007936507936507936,0.004545454545454545,NA,NA,NA
43,Сэлэнгэ,2024,35,22500,1134,106613,NA,1.5555555555555554,642.8571428571429,0.0504,19.841269841269842,0,0,0.008,0.01809954751131222,NA,NA,NA
43,Сэлэнгэ,2025,35,22900,1159,107001,NA,1.5283842794759825,654.2857142857143,0.050611353711790395,19.758412424503884,0,0,0.02204585537918871,0.017777777777777778,NA,NA,NA
44,Дорноговь,1990,NA,NA,NA,58409,NA,NA,NA,NA,NA,NA,NA,NA,NA,NA,NA,NA
44,Дорноговь,1991,NA,NA,NA,53434,NA,NA,NA,NA,NA,NA,NA,NA,NA,NA,NA,NA
44,Дорноговь,1992,NA,NA,NA,46104,NA,NA,NA,NA,NA,NA,NA,NA,NA,NA,NA,NA
44,Дорноговь,1993,NA,NA,NA,45308,NA,NA,NA,NA,NA,NA,NA,NA,NA,NA,NA,NA
44,Дорноговь,1994,NA,NA,NA,45634,NA,NA,NA,NA,NA,NA,NA,NA,NA,NA,NA,NA
44,Дорноговь,1995,NA,NA,NA,46008,NA,NA,NA,NA,NA,NA,NA,NA,NA,NA,NA,NA
44,Дорноговь,1996,NA,NA,NA,46728,NA,NA,NA,NA,NA,NA,NA,NA,NA,NA,NA,NA
44,Дорноговь,1997,NA,NA,NA,47563,NA,NA,NA,NA,NA,NA,NA,NA,NA,NA,NA,NA
44,Дорноговь,1998,NA,NA,NA,48411,NA,NA,NA,NA,NA,NA,NA,NA,NA,NA,NA,NA
44,Дорноговь,1999,NA,NA,NA,49709,NA,NA,NA,NA,NA,NA,NA,NA,NA,NA,NA,NA
44,Дорноговь,2000,19,10500,418,50776,NA,1.8095238095238095,552.6315789473684,0.03980952380952381,25.119617224880383,NA,NA,NA,NA,NA,NA,NA
44,Дорноговь,2001,19,10700,422,51156,NA,1.7757009345794392,563.1578947368421,0.0394392523364486,25.355450236966824,0,0,0.009569377990430622,0.01904761904761905,NA,NA,NA
44,Дорноговь,2002,18,11000,410,51559,NA,1.6363636363636362,611.1111111111111,0.03727272727272727,26.829268292682926,0.05263157894736842,-0.05263157894736842,-0.02843601895734597,0.028037383177570093,NA,NA,NA
44,Дорноговь,2003,19,11200,398,51805,NA,1.6964285714285714,589.4736842105264,0.03553571428571429,28.14070351758794,-0.05555555555555555,0.05555555555555555,-0.02926829268292683,0.01818181818181818,NA,NA,NA
44,Дорноговь,2004,20,11600,404,51989,NA,1.7241379310344827,580,0.03482758620689655,28.712871287128714,-0.05263157894736842,0.05263157894736842,0.01507537688442211,0.03571428571428571,NA,NA,NA
44,Дорноговь,2005,20,11500,448,52532,NA,1.7391304347826089,575,0.03895652173913043,25.669642857142858,0,0,0.10891089108910891,-0.008620689655172414,NA,NA,NA
44,Дорноговь,2006,19,11300,461,53509,NA,1.6814159292035398,594.7368421052631,0.04079646017699115,24.5119305856833,0.05,-0.05,0.029017857142857144,-0.017391304347826087,NA,NA,NA
44,Дорноговь,2007,22,11100,475,54617,NA,1.9819819819819822,504.54545454545456,0.04279279279279279,23.36842105263158,-0.15789473684210525,0.15789473684210525,0.03036876355748373,-0.017699115044247787,NA,NA,NA
44,Дорноговь,2008,20,11200,519,55912,NA,1.7857142857142856,560,0.046339285714285715,21.57996146435453,0.09090909090909091,-0.09090909090909091,0.09263157894736843,0.009009009009009009,NA,NA,NA
44,Дорноговь,2009,20,11100,523,57194,NA,1.8018018018018018,555,0.047117117117117115,21.223709369024856,0,0,0.007707129094412331,-0.008928571428571428,NA,NA,NA
44,Дорноговь,2010,20,11000,168,58276,NA,1.8181818181818181,550,0.015272727272727273,65.47619047619048,0,0,-0.6787762906309751,-0.009009009009009009,NA,NA,NA
44,Дорноговь,2011,20,10900,165,59533,NA,1.834862385321101,545,0.015137614678899083,66.06060606060606,0,0,-0.017857142857142856,-0.00909090909090909,NA,NA,NA
44,Дорноговь,2012,21,10900,171,60754,NA,1.926605504587156,519.047619047619,0.015688073394495412,63.74269005847953,-0.05,0.05,0.03636363636363636,0,NA,NA,NA
44,Дорноговь,2013,22,11100,167,61919,NA,1.9819819819819822,504.54545454545456,0.015045045045045046,66.46706586826348,-0.047619047619047616,0.047619047619047616,-0.023391812865497075,0.01834862385321101,NA,NA,NA
44,Дорноговь,2014,22,11300,171,63172,NA,1.9469026548672568,513.6363636363636,0.015132743362831859,66.08187134502924,0,0,0.023952095808383235,0.018018018018018018,NA,NA,NA
44,Дорноговь,2015,22,11900,179,64538,NA,1.8487394957983194,540.9090909090909,0.015042016806722689,66.4804469273743,0,0,0.04678362573099415,0.05309734513274336,NA,NA,NA
44,Дорноговь,2016,21,12300,181,65859,NA,1.7073170731707317,585.7142857142857,0.014715447154471544,67.95580110497238,0.045454545454545456,-0.045454545454545456,0.0111731843575419,0.03361344537815126,NA,NA,NA
44,Дорноговь,2017,22,12700,176,67299,NA,1.7322834645669292,577.2727272727273,0.013858267716535434,72.1590909090909,-0.047619047619047616,0.047619047619047616,-0.027624309392265192,0.032520325203252036,NA,NA,NA
44,Дорноговь,2018,22,13000,186,68725,NA,1.6923076923076923,590.9090909090909,0.014307692307692308,69.89247311827957,0,0,0.056818181818181816,0.023622047244094488,NA,NA,NA
44,Дорноговь,2019,22,14000,185,70159,NA,1.5714285714285714,636.3636363636364,0.013214285714285715,75.67567567567568,0,0,-0.005376344086021506,0.07692307692307693,NA,NA,NA
44,Дорноговь,2020,21,14600,193,71152,NA,1.4383561643835616,695.2380952380952,0.013219178082191781,75.64766839378238,0.045454545454545456,-0.045454545454545456,0.043243243243243246,0.04285714285714286,NA,NA,NA
44,Дорноговь,2021,21,15200,685,71415,NA,1.381578947368421,723.8095238095239,0.04506578947368421,22.18978102189781,0,0,2.5492227979274613,0.0410958904109589,NA,NA,NA
44,Дорноговь,2022,22,15300,698,71376,NA,1.4379084967320261,695.4545454545455,0.04562091503267974,21.91977077363897,-0.047619047619047616,0.047619047619047616,0.01897810218978102,0.006578947368421052,NA,NA,NA
44,Дорноговь,2023,22,15800,722,71406,NA,1.3924050632911393,718.1818181818181,0.04569620253164557,21.883656509695292,0,0,0.034383954154727794,0.032679738562091505,NA,NA,NA
44,Дорноговь,2024,21,16200,727,71890,NA,1.2962962962962963,771.4285714285714,0.044876543209876545,22.283356258596974,0.045454545454545456,-0.045454545454545456,0.006925207756232687,0.02531645569620253,NA,NA,NA
44,Дорноговь,2025,22,16400,758,72347,NA,1.3414634146341464,745.4545454545455,0.04621951219512195,21.63588390501319,-0.047619047619047616,0.047619047619047616,0.04264099037138927,0.012345679012345678,NA,NA,NA
45,Дархан-Уул,1990,NA,NA,NA,86310,NA,NA,NA,NA,NA,NA,NA,NA,NA,NA,NA,NA
45,Дархан-Уул,1991,NA,NA,NA,86269,NA,NA,NA,NA,NA,NA,NA,NA,NA,NA,NA,NA
45,Дархан-Уул,1992,NA,NA,NA,84145,NA,NA,NA,NA,NA,NA,NA,NA,NA,NA,NA,NA
45,Дархан-Уул,1993,NA,NA,NA,82546,NA,NA,NA,NA,NA,NA,NA,NA,NA,NA,NA,NA
45,Дархан-Уул,1994,NA,NA,NA,82312,NA,NA,NA,NA,NA,NA,NA,NA,NA,NA,NA,NA
45,Дархан-Уул,1995,NA,NA,NA,82188,NA,NA,NA,NA,NA,NA,NA,NA,NA,NA,NA,NA
45,Дархан-Уул,1996,NA,NA,NA,82071,NA,NA,NA,NA,NA,NA,NA,NA,NA,NA,NA,NA
45,Дархан-Уул,1997,NA,NA,NA,81866,NA,NA,NA,NA,NA,NA,NA,NA,NA,NA,NA,NA
45,Дархан-Уул,1998,NA,NA,NA,81978,NA,NA,NA,NA,NA,NA,NA,NA,NA,NA,NA,NA
45,Дархан-Уул,1999,NA,NA,NA,82714,NA,NA,NA,NA,NA,NA,NA,NA,NA,NA,NA,NA
45,Дархан-Уул,2000,21,20900,823,84156,NA,1.0047846889952154,995.2380952380952,0.03937799043062201,25.39489671931956,NA,NA,NA,NA,NA,NA,NA
45,Дархан-Уул,2001,20,21400,851,85769,NA,0.9345794392523364,1070,0.039766355140186914,25.146886016451234,0.047619047619047616,-0.047619047619047616,0.03402187120291616,0.023923444976076555,NA,NA,NA
45,Дархан-Уул,2002,18,21700,867,87544,NA,0.8294930875576036,1205.5555555555557,0.03995391705069124,25.02883506343714,0.1,-0.1,0.01880141010575793,0.014018691588785047,NA,NA,NA
45,Дархан-Уул,2003,23,22000,899,88107,NA,1.0454545454545454,956.5217391304348,0.040863636363636366,24.47163515016685,-0.2777777777777778,0.2777777777777778,0.03690888119953864,0.013824884792626729,NA,NA,NA
45,Дархан-Уул,2004,27,22200,944,88418,NA,1.2162162162162162,822.2222222222222,0.042522522522522525,23.516949152542374,-0.17391304347826086,0.17391304347826086,0.05005561735261402,0.00909090909090909,NA,NA,NA
45,Дархан-Уул,2005,27,23700,954,89312,NA,1.139240506329114,877.7777777777778,0.040253164556962026,24.842767295597483,0,0,0.01059322033898305,0.06756756756756757,NA,NA,NA
45,Дархан-Уул,2006,28,22100,964,89491,NA,1.2669683257918551,789.2857142857143,0.043619909502262445,22.925311203319502,-0.037037037037037035,0.037037037037037035,0.010482180293501049,-0.06751054852320675,NA,NA,NA
45,Дархан-Уул,2007,29,20600,997,89726,NA,1.4077669902912622,710.3448275862069,0.048398058252427184,20.661985957873622,-0.03571428571428571,0.03571428571428571,0.03423236514522822,-0.06787330316742081,NA,NA,NA
45,Дархан-Уул,2008,29,19800,1021,90329,NA,1.4646464646464648,682.7586206896551,0.051565656565656565,19.39275220372184,0,0,0.024072216649949848,-0.038834951456310676,NA,NA,NA
45,Дархан-Уул,2009,29,19100,1017,91851,NA,1.518324607329843,658.6206896551724,0.05324607329842932,18.780727630285153,0,0,-0.0039177277179236044,-0.03535353535353535,NA,NA,NA
45,Дархан-Уул,2010,28,18500,965,93925,NA,1.5135135135135136,660.7142857142857,0.052162162162162164,19.17098445595855,0.034482758620689655,-0.034482758620689655,-0.051130776794493606,-0.031413612565445025,NA,NA,NA
45,Дархан-Уул,2011,28,18300,938,95477,NA,1.530054644808743,653.5714285714286,0.051256830601092894,19.50959488272921,0,0,-0.027979274611398965,-0.010810810810810811,NA,NA,NA
45,Дархан-Уул,2012,27,17900,958,96974,NA,1.5083798882681565,662.9629629629629,0.0535195530726257,18.684759916492695,0.03571428571428571,-0.03571428571428571,0.021321961620469083,-0.02185792349726776,NA,NA,NA
45,Дархан-Уул,2013,28,17700,964,98443,NA,1.5819209039548021,632.1428571428571,0.05446327683615819,18.360995850622405,-0.037037037037037035,0.037037037037037035,0.006263048016701462,-0.0111731843575419,NA,NA,NA
45,Дархан-Уул,2014,27,17700,983,99458,NA,1.5254237288135593,655.5555555555555,0.05553672316384181,18.00610376398779,0.03571428571428571,-0.03571428571428571,0.01970954356846473,0,NA,NA,NA
45,Дархан-Уул,2015,27,18600,1035,100443,NA,1.4516129032258065,688.8888888888889,0.055645161290322584,17.971014492753625,0,0,0.052899287894201424,0.05084745762711865,NA,NA,NA
45,Дархан-Уул,2016,26,19000,1019,101408,NA,1.368421052631579,730.7692307692307,0.05363157894736842,18.645731108930324,0.037037037037037035,-0.037037037037037035,-0.015458937198067632,0.021505376344086023,NA,NA,NA
45,Дархан-Уул,2017,26,19400,1022,102975,NA,1.3402061855670104,746.1538461538462,0.05268041237113402,18.98238747553816,0,0,0.002944062806673209,0.021052631578947368,NA,NA,NA
45,Дархан-Уул,2018,26,20000,1028,104999,NA,1.3,769.2307692307693,0.0514,19.455252918287936,0,0,0.005870841487279843,0.030927835051546393,NA,NA,NA
45,Дархан-Уул,2019,26,21700,1074,106470,NA,1.1981566820276497,834.6153846153846,0.049493087557603684,20.2048417132216,0,0,0.04474708171206226,0.085,NA,NA,NA
45,Дархан-Уул,2020,26,22700,1098,107079,NA,1.145374449339207,873.0769230769231,0.04837004405286344,20.673952641165755,0,0,0.0223463687150838,0.04608294930875576,NA,NA,NA
45,Дархан-Уул,2021,25,23500,1116,107561,NA,1.0638297872340425,940,0.04748936170212766,21.057347670250895,0.038461538461538464,-0.038461538461538464,0.01639344262295082,0.03524229074889868,NA,NA,NA
45,Дархан-Уул,2022,25,24500,1166,108072,NA,1.0204081632653061,980,0.04759183673469388,21.012006861063465,0,0,0.044802867383512544,0.0425531914893617,NA,NA,NA
45,Дархан-Уул,2023,25,25800,1230,108815,NA,0.9689922480620154,1032,0.047674418604651166,20.975609756097562,0,0,0.0548885077186964,0.053061224489795916,NA,NA,NA
45,Дархан-Уул,2024,26,27200,1280,110121,NA,0.9558823529411765,1046.1538461538462,0.047058823529411764,21.25,-0.04,0.04,0.04065040650406504,0.05426356589147287,NA,NA,NA
45,Дархан-Уул,2025,26,28300,1304,111009,NA,0.9187279151943463,1088.4615384615386,0.04607773851590106,21.70245398773006,0,0,0.01875,0.04044117647058824,NA,NA,NA
46,Өмнөговь,1990,NA,NA,NA,43195,NA,NA,NA,NA,NA,NA,NA,NA,NA,NA,NA,NA
46,Өмнөговь,1991,NA,NA,NA,44382,NA,NA,NA,NA,NA,NA,NA,NA,NA,NA,NA,NA
46,Өмнөговь,1992,NA,NA,NA,44951,NA,NA,NA,NA,NA,NA,NA,NA,NA,NA,NA,NA
46,Өмнөговь,1993,NA,NA,NA,45113,NA,NA,NA,NA,NA,NA,NA,NA,NA,NA,NA,NA
46,Өмнөговь,1994,NA,NA,NA,45242,NA,NA,NA,NA,NA,NA,NA,NA,NA,NA,NA,NA
46,Өмнөговь,1995,NA,NA,NA,45474,NA,NA,NA,NA,NA,NA,NA,NA,NA,NA,NA,NA
46,Өмнөговь,1996,NA,NA,NA,45779,NA,NA,NA,NA,NA,NA,NA,NA,NA,NA,NA,NA
46,Өмнөговь,1997,NA,NA,NA,46152,NA,NA,NA,NA,NA,NA,NA,NA,NA,NA,NA,NA
46,Өмнөговь,1998,NA,NA,NA,46526,NA,NA,NA,NA,NA,NA,NA,NA,NA,NA,NA,NA
46,Өмнөговь,1999,NA,NA,NA,46778,NA,NA,NA,NA,NA,NA,NA,NA,NA,NA,NA,NA
46,Өмнөговь,2000,19,9700,405,47355,NA,1.958762886597938,510.5263157894737,0.041752577319587626,23.950617283950617,NA,NA,NA,NA,NA,NA,NA
46,Өмнөговь,2001,19,10000,411,48530,NA,1.9,526.3157894736842,0.0411,24.330900243309003,0,0,0.014814814814814815,0.030927835051546393,NA,NA,NA
46,Өмнөговь,2002,18,10200,430,49639,NA,1.7647058823529413,566.6666666666666,0.04215686274509804,23.72093023255814,0.05263157894736842,-0.05263157894736842,0.046228710462287104,0.02,NA,NA,NA
46,Өмнөговь,2003,17,10300,412,50311,NA,1.6504854368932038,605.8823529411765,0.04,25,0.05555555555555555,-0.05555555555555555,-0.04186046511627907,0.00980392156862745,NA,NA,NA
46,Өмнөговь,2004,17,10900,414,51064,NA,1.5596330275229358,641.1764705882352,0.037981651376146786,26.32850241545894,0,0,0.0048543689320388345,0.05825242718446602,NA,NA,NA
46,Өмнөговь,2005,17,10900,429,51714,NA,1.5596330275229358,641.1764705882352,0.03935779816513761,25.407925407925408,0,0,0.036231884057971016,0,NA,NA,NA
46,Өмнөговь,2006,17,10700,424,52534,NA,1.588785046728972,629.4117647058823,0.03962616822429907,25.235849056603772,0,0,-0.011655011655011656,-0.01834862385321101,NA,NA,NA
46,Өмнөговь,2007,18,10800,457,53905,NA,1.6666666666666667,600,0.04231481481481481,23.632385120350108,-0.058823529411764705,0.058823529411764705,0.07783018867924528,0.009345794392523364,NA,NA,NA
46,Өмнөговь,2008,18,10700,477,55475,NA,1.6822429906542056,594.4444444444445,0.04457943925233645,22.431865828092242,0,0,0.0437636761487965,-0.009259259259259259,NA,NA,NA
46,Өмнөговь,2009,18,10500,505,57652,NA,1.7142857142857142,583.3333333333334,0.048095238095238094,20.792079207920793,0,0,0.05870020964360587,-0.018691588785046728,NA,NA,NA
46,Өмнөговь,2010,18,10500,531,60270,NA,1.7142857142857142,583.3333333333334,0.05057142857142857,19.774011299435028,0,0,0.05148514851485148,0,NA,NA,NA
46,Өмнөговь,2011,19,10500,531,62509,NA,1.8095238095238095,552.6315789473684,0.05057142857142857,19.774011299435028,-0.05555555555555555,0.05555555555555555,0,0,NA,NA,NA
46,Өмнөговь,2012,19,10400,555,64400,NA,1.8269230769230769,547.3684210526316,0.05336538461538461,18.73873873873874,0,0,0.04519774011299435,-0.009523809523809525,NA,NA,NA
46,Өмнөговь,2013,19,10400,552,66261,NA,1.8269230769230769,547.3684210526316,0.05307692307692308,18.840579710144926,0,0,-0.005405405405405406,0,NA,NA,NA
46,Өмнөговь,2014,20,10800,574,63422,NA,1.8518518518518519,540,0.053148148148148146,18.81533101045296,-0.05263157894736842,0.05263157894736842,0.03985507246376811,0.038461538461538464,NA,NA,NA
46,Өмнөговь,2015,20,11000,593,60674,NA,1.8181818181818181,550,0.053909090909090907,18.54974704890388,0,0,0.033101045296167246,0.018518518518518517,NA,NA,NA
46,Өмнөговь,2016,20,11400,600,62481,NA,1.7543859649122808,570,0.05263157894736842,19,0,0,0.011804384485666104,0.03636363636363636,NA,NA,NA
46,Өмнөговь,2017,21,11800,623,64311,NA,1.7796610169491525,561.9047619047619,0.052796610169491526,18.940609951845907,-0.05,0.05,0.03833333333333333,0.03508771929824561,NA,NA,NA
46,Өмнөговь,2018,21,12100,629,66018,NA,1.7355371900826446,576.1904761904761,0.051983471074380165,19.236883942766294,0,0,0.009630818619582664,0.025423728813559324,NA,NA,NA
46,Өмнөговь,2019,22,13400,649,67955,NA,1.6417910447761193,609.0909090909091,0.048432835820895526,20.647149460708782,-0.047619047619047616,0.047619047619047616,0.03179650238473768,0.10743801652892562,NA,NA,NA
46,Өмнөговь,2020,22,14100,664,69813,NA,1.5602836879432624,640.9090909090909,0.04709219858156028,21.234939759036145,0,0,0.023112480739599383,0.05223880597014925,NA,NA,NA
46,Өмнөговь,2021,22,14900,737,71114,NA,1.4765100671140938,677.2727272727273,0.04946308724832215,20.21709633649932,0,0,0.10993975903614457,0.05673758865248227,NA,NA,NA
46,Өмнөговь,2022,22,15700,755,72397,NA,1.4012738853503184,713.6363636363636,0.048089171974522296,20.794701986754966,0,0,0.024423337856173677,0.053691275167785234,NA,NA,NA
46,Өмнөговь,2023,22,16400,778,74136,NA,1.3414634146341464,745.4545454545455,0.0474390243902439,21.079691516709513,0,0,0.030463576158940398,0.044585987261146494,NA,NA,NA
46,Өмнөговь,2024,24,17400,812,76352,NA,1.379310344827586,725,0.04666666666666667,21.428571428571427,-0.09090909090909091,0.09090909090909091,0.043701799485861184,0.06097560975609756,NA,NA,NA
46,Өмнөговь,2025,25,18300,929,78247,NA,1.366120218579235,732,0.05076502732240437,19.69860064585576,-0.041666666666666664,0.041666666666666664,0.1440886699507389,0.05172413793103448,NA,NA,NA
48,Дундговь,1990,NA,NA,NA,50163,NA,NA,NA,NA,NA,NA,NA,NA,NA,NA,NA,NA
48,Дундговь,1991,NA,NA,NA,51444,NA,NA,NA,NA,NA,NA,NA,NA,NA,NA,NA,NA
48,Дундговь,1992,NA,NA,NA,52195,NA,NA,NA,NA,NA,NA,NA,NA,NA,NA,NA,NA
48,Дундговь,1993,NA,NA,NA,52594,NA,NA,NA,NA,NA,NA,NA,NA,NA,NA,NA,NA
48,Дундговь,1994,NA,NA,NA,52697,NA,NA,NA,NA,NA,NA,NA,NA,NA,NA,NA,NA
48,Дундговь,1995,NA,NA,NA,52835,NA,NA,NA,NA,NA,NA,NA,NA,NA,NA,NA,NA
48,Дундговь,1996,NA,NA,NA,52971,NA,NA,NA,NA,NA,NA,NA,NA,NA,NA,NA,NA
48,Дундговь,1997,NA,NA,NA,53032,NA,NA,NA,NA,NA,NA,NA,NA,NA,NA,NA,NA
48,Дундговь,1998,NA,NA,NA,52988,NA,NA,NA,NA,NA,NA,NA,NA,NA,NA,NA,NA
48,Дундговь,1999,NA,NA,NA,52207,NA,NA,NA,NA,NA,NA,NA,NA,NA,NA,NA,NA
48,Дундговь,2000,20,9600,387,51060,NA,2.0833333333333335,480,0.0403125,24.8062015503876,NA,NA,NA,NA,NA,NA,NA
48,Дундговь,2001,20,9700,383,50256,NA,2.061855670103093,485,0.03948453608247423,25.326370757180158,0,0,-0.0103359173126615,0.010416666666666666,NA,NA,NA
48,Дундговь,2002,20,9800,387,49502,NA,2.0408163265306123,490,0.03948979591836735,25.322997416020673,0,0,0.010443864229765013,0.010309278350515464,NA,NA,NA
48,Дундговь,2003,19,10100,379,48437,NA,1.881188118811881,531.578947368421,0.03752475247524752,26.649076517150394,0.05,-0.05,-0.020671834625323,0.030612244897959183,NA,NA,NA
48,Дундговь,2004,19,10400,377,47127,NA,1.8269230769230769,547.3684210526316,0.03625,27.586206896551722,0,0,-0.005277044854881266,0.0297029702970297,NA,NA,NA
48,Дундговь,2005,19,10300,389,45969,NA,1.8446601941747574,542.1052631578947,0.03776699029126213,26.47814910025707,0,0,0.03183023872679045,-0.009615384615384616,NA,NA,NA
48,Дундговь,2006,19,9900,409,44909,NA,1.9191919191919191,521.0526315789474,0.041313131313131315,24.205378973105134,0,0,0.05141388174807198,-0.038834951456310676,NA,NA,NA
48,Дундговь,2007,19,9500,437,43797,NA,2,500,0.046,21.73913043478261,0,0,0.06845965770171149,-0.04040404040404041,NA,NA,NA
48,Дундговь,2008,19,9200,475,42634,NA,2.0652173913043477,484.2105263157895,0.051630434782608696,19.36842105263158,0,0,0.08695652173913043,-0.031578947368421054,NA,NA,NA
48,Дундговь,2009,18,8900,486,41402,NA,2.0224719101123596,494.44444444444446,0.05460674157303371,18.31275720164609,0.05263157894736842,-0.05263157894736842,0.023157894736842106,-0.03260869565217391,NA,NA,NA
48,Дундговь,2010,18,8400,1031,39752,NA,2.142857142857143,466.6666666666667,0.12273809523809524,8.147429679922405,0,0,1.1213991769547325,-0.056179775280898875,NA,NA,NA
48,Дундговь,2011,18,8200,1026,38227,NA,2.1951219512195124,455.55555555555554,0.1251219512195122,7.992202729044834,0,0,-0.004849660523763337,-0.023809523809523808,NA,NA,NA
48,Дундговь,2012,18,7700,1015,37750,NA,2.3376623376623376,427.77777777777777,0.1318181818181818,7.586206896551724,0,0,-0.010721247563352826,-0.06097560975609756,NA,NA,NA
48,Дундговь,2013,18,7600,1012,37569,NA,2.368421052631579,422.22222222222223,0.13315789473684211,7.509881422924901,0,0,-0.002955665024630542,-0.012987012987012988,NA,NA,NA
48,Дундговь,2014,18,7600,1013,40857,NA,2.368421052631579,422.22222222222223,0.1332894736842105,7.502467917077986,0,0,9.881422924901185e-4,0,NA,NA,NA
48,Дундговь,2015,19,7900,1021,44390,NA,2.4050632911392404,415.7894736842105,0.12924050632911394,7.737512242899118,-0.05555555555555555,0.05555555555555555,0.007897334649555774,0.039473684210526314,NA,NA,NA
48,Дундговь,2016,19,8100,1012,44595,NA,2.3456790123456788,426.3157894736842,0.12493827160493827,8.003952569169961,0,0,-0.00881488736532811,0.02531645569620253,NA,NA,NA
48,Дундговь,2017,19,8100,1025,45259,NA,2.3456790123456788,426.3157894736842,0.12654320987654322,7.902439024390244,0,0,0.012845849802371542,0,NA,NA,NA
48,Дундговь,2018,19,8000,1055,46191,NA,2.375,421.05263157894734,0.131875,7.5829383886255926,0,0,0.02926829268292683,-0.012345679012345678,NA,NA,NA
48,Дундговь,2019,19,8400,1090,46866,NA,2.261904761904762,442.10526315789474,0.12976190476190477,7.706422018348624,0,0,0.03317535545023697,0.05,NA,NA,NA
48,Дундговь,2020,19,8500,1125,47058,NA,2.235294117647059,447.36842105263156,0.1323529411764706,7.555555555555555,0,0,0.03211009174311927,0.011904761904761904,NA,NA,NA
48,Дундговь,2021,19,8600,531,46981,NA,2.2093023255813953,452.63157894736844,0.06174418604651163,16.195856873822976,0,0,-0.528,0.011764705882352941,NA,NA,NA
48,Дундговь,2022,19,8700,521,46684,NA,2.1839080459770113,457.89473684210526,0.059885057471264366,16.698656429942417,0,0,-0.018832391713747645,0.011627906976744186,NA,NA,NA
48,Дундговь,2023,19,8800,514,46270,NA,2.159090909090909,463.1578947368421,0.05840909090909091,17.120622568093385,0,0,-0.013435700575815739,0.011494252873563218,NA,NA,NA
48,Дундговь,2024,19,9000,525,46026,NA,2.1111111111111107,473.6842105263158,0.058333333333333334,17.142857142857142,0,0,0.021400778210116732,0.022727272727272728,NA,NA,NA
48,Дундговь,2025,19,9200,536,46254,NA,2.0652173913043477,484.2105263157895,0.058260869565217394,17.16417910447761,0,0,0.02095238095238095,0.022222222222222223,NA,NA,NA
61,Орхон,1990,NA,NA,NA,57938,NA,NA,NA,NA,NA,NA,NA,NA,NA,NA,NA,NA
61,Орхон,1991,NA,NA,NA,59365,NA,NA,NA,NA,NA,NA,NA,NA,NA,NA,NA,NA
61,Орхон,1992,NA,NA,NA,58827,NA,NA,NA,NA,NA,NA,NA,NA,NA,NA,NA,NA
61,Орхон,1993,NA,NA,NA,59771,NA,NA,NA,NA,NA,NA,NA,NA,NA,NA,NA,NA
61,Орхон,1994,NA,NA,NA,61967,NA,NA,NA,NA,NA,NA,NA,NA,NA,NA,NA,NA
61,Орхон,1995,NA,NA,NA,64126,NA,NA,NA,NA,NA,NA,NA,NA,NA,NA,NA,NA
61,Орхон,1996,NA,NA,NA,66071,NA,NA,NA,NA,NA,NA,NA,NA,NA,NA,NA,NA
61,Орхон,1997,NA,NA,NA,67862,NA,NA,NA,NA,NA,NA,NA,NA,NA,NA,NA,NA
61,Орхон,1998,NA,NA,NA,69317,NA,NA,NA,NA,NA,NA,NA,NA,NA,NA,NA,NA
61,Орхон,1999,NA,NA,NA,70692,NA,NA,NA,NA,NA,NA,NA,NA,NA,NA,NA,NA
61,Орхон,2000,19,19600,755,73995,NA,0.9693877551020409,1031.578947368421,0.0385204081632653,25.960264900662253,NA,NA,NA,NA,NA,NA,NA
61,Орхон,2001,23,21000,848,76916,NA,1.0952380952380953,913.0434782608696,0.04038095238095238,24.764150943396228,-0.21052631578947367,0.21052631578947367,0.12317880794701987,0.07142857142857142,NA,NA,NA
61,Орхон,2002,13,21200,847,78074,NA,0.6132075471698114,1630.7692307692307,0.03995283018867925,25.02951593860685,0.43478260869565216,-0.43478260869565216,-0.0011792452830188679,0.009523809523809525,NA,NA,NA
61,Орхон,2003,13,21400,833,77890,NA,0.6074766355140188,1646.1538461538462,0.038925233644859815,25.690276110444177,0,0,-0.01652892561983471,0.009433962264150943,NA,NA,NA
61,Орхон,2004,16,22300,877,78899,NA,0.7174887892376681,1393.75,0.03932735426008969,25.42759407069555,-0.23076923076923078,0.23076923076923078,0.05282112845138055,0.04205607476635514,NA,NA,NA
61,Орхон,2005,15,21500,912,81317,NA,0.6976744186046512,1433.3333333333333,0.04241860465116279,23.57456140350877,0.0625,-0.0625,0.039908779931584946,-0.03587443946188341,NA,NA,NA
61,Орхон,2006,16,20700,939,82299,NA,0.7729468599033816,1293.75,0.04536231884057971,22.044728434504794,-0.06666666666666667,0.06666666666666667,0.029605263157894735,-0.037209302325581395,NA,NA,NA
61,Орхон,2007,16,20100,967,83319,NA,0.7960199004975124,1256.25,0.048109452736318406,20.78593588417787,0,0,0.029818956336528223,-0.028985507246376812,NA,NA,NA
61,Орхон,2008,16,19700,978,85031,NA,0.8121827411167513,1231.25,0.049644670050761425,20.143149284253578,0,0,0.011375387797311272,-0.01990049751243781,NA,NA,NA
61,Орхон,2009,18,19000,989,87028,NA,0.9473684210526315,1055.5555555555557,0.05205263157894737,19.211324570273003,-0.125,0.125,0.011247443762781187,-0.03553299492385787,NA,NA,NA
61,Орхон,2010,18,18100,1306,89407,NA,0.9944751381215471,1005.5555555555555,0.07215469613259669,13.859111791730475,0,0,0.320525783619818,-0.04736842105263158,NA,NA,NA
61,Орхон,2011,18,17500,1340,91218,NA,1.0285714285714287,972.2222222222222,0.07657142857142857,13.059701492537313,0,0,0.026033690658499236,-0.03314917127071823,NA,NA,NA
61,Орхон,2012,20,16800,1370,92159,NA,1.1904761904761907,840,0.08154761904761905,12.262773722627736,-0.1111111111111111,0.1111111111111111,0.022388059701492536,-0.04,NA,NA,NA
61,Орхон,2013,20,16700,1389,93389,NA,1.1976047904191616,835,0.08317365269461077,12.023038156947445,0,0,0.013868613138686132,-0.005952380952380952,NA,NA,NA
61,Орхон,2014,21,17000,1371,94184,NA,1.2352941176470589,809.5238095238095,0.0806470588235294,12.399708242159008,-0.05,0.05,-0.012958963282937365,0.017964071856287425,NA,NA,NA
61,Орхон,2015,22,18100,1410,97576,NA,1.2154696132596685,822.7272727272727,0.07790055248618785,12.836879432624114,-0.047619047619047616,0.047619047619047616,0.028446389496717725,0.06470588235294118,NA,NA,NA
61,Орхон,2016,22,18600,1407,101260,NA,1.1827956989247312,845.4545454545455,0.07564516129032257,13.219616204690832,0,0,-0.002127659574468085,0.027624309392265192,NA,NA,NA
61,Орхон,2017,24,19100,1421,102893,NA,1.256544502617801,795.8333333333334,0.0743979057591623,13.441238564391274,-0.09090909090909091,0.09090909090909091,0.009950248756218905,0.026881720430107527,NA,NA,NA
61,Орхон,2018,24,19800,1456,104992,NA,1.2121212121212122,825,0.07353535353535354,13.598901098901099,0,0,0.024630541871921183,0.03664921465968586,NA,NA,NA
61,Орхон,2019,24,21500,1486,106810,NA,1.1162790697674418,895.8333333333334,0.06911627906976744,14.468371467025571,0,0,0.020604395604395604,0.08585858585858586,NA,NA,NA
61,Орхон,2020,24,22600,1539,107810,NA,1.0619469026548674,941.6666666666666,0.06809734513274336,14.684860298895387,0,0,0.03566621803499327,0.05116279069767442,NA,NA,NA
61,Орхон,2021,25,23500,1150,108460,NA,1.0638297872340425,940,0.04893617021276596,20.434782608695652,-0.041666666666666664,0.041666666666666664,-0.25276153346328784,0.03982300884955752,NA,NA,NA
61,Орхон,2022,24,24600,1205,109140,NA,0.975609756097561,1025,0.04898373983739837,20.414937759336098,0.04,-0.04,0.04782608695652174,0.04680851063829787,NA,NA,NA
61,Орхон,2023,25,25800,1241,110003,NA,0.9689922480620154,1032,0.04810077519379845,20.789685737308623,-0.041666666666666664,0.041666666666666664,0.02987551867219917,0.04878048780487805,NA,NA,NA
61,Орхон,2024,24,26900,1288,111386,NA,0.8921933085501859,1120.8333333333333,0.04788104089219331,20.885093167701864,0.04,-0.04,0.0378726833199033,0.04263565891472868,NA,NA,NA
61,Орхон,2025,23,27900,1302,111802,NA,0.8243727598566308,1213.0434782608695,0.04666666666666667,21.428571428571427,0.041666666666666664,-0.041666666666666664,0.010869565217391304,0.03717472118959108,NA,NA,NA
62,Өвөрхангай,1990,NA,NA,NA,99027,NA,NA,NA,NA,NA,NA,NA,NA,NA,NA,NA,NA
62,Өвөрхангай,1991,NA,NA,NA,102639,NA,NA,NA,NA,NA,NA,NA,NA,NA,NA,NA,NA
62,Өвөрхангай,1992,NA,NA,NA,104740,NA,NA,NA,NA,NA,NA,NA,NA,NA,NA,NA,NA
62,Өвөрхангай,1993,NA,NA,NA,106299,NA,NA,NA,NA,NA,NA,NA,NA,NA,NA,NA,NA
62,Өвөрхангай,1994,NA,NA,NA,107360,NA,NA,NA,NA,NA,NA,NA,NA,NA,NA,NA,NA
62,Өвөрхангай,1995,NA,NA,NA,108539,NA,NA,NA,NA,NA,NA,NA,NA,NA,NA,NA,NA
62,Өвөрхангай,1996,NA,NA,NA,109733,NA,NA,NA,NA,NA,NA,NA,NA,NA,NA,NA,NA
62,Өвөрхангай,1997,NA,NA,NA,110784,NA,NA,NA,NA,NA,NA,NA,NA,NA,NA,NA,NA
62,Өвөрхангай,1998,NA,NA,NA,111570,NA,NA,NA,NA,NA,NA,NA,NA,NA,NA,NA,NA
62,Өвөрхангай,1999,NA,NA,NA,111624,NA,NA,NA,NA,NA,NA,NA,NA,NA,NA,NA,NA
62,Өвөрхангай,2000,30,19700,780,111491,NA,1.5228426395939085,656.6666666666666,0.03959390862944162,25.256410256410255,NA,NA,NA,NA,NA,NA,NA
62,Өвөрхангай,2001,30,20200,783,111342,NA,1.4851485148514851,673.3333333333334,0.03876237623762376,25.798212005108557,0,0,0.0038461538461538464,0.025380710659898477,NA,NA,NA
62,Өвөрхангай,2002,30,21300,820,110321,NA,1.4084507042253522,710,0.038497652582159626,25.975609756097562,0,0,0.04725415070242656,0.054455445544554455,NA,NA,NA
62,Өвөрхангай,2003,28,21900,797,108431,NA,1.278538812785388,782.1428571428571,0.03639269406392694,27.478042659974907,0.06666666666666667,-0.06666666666666667,-0.02804878048780488,0.028169014084507043,NA,NA,NA
62,Өвөрхангай,2004,28,23700,830,106604,NA,1.181434599156118,846.4285714285714,0.0350210970464135,28.55421686746988,0,0,0.04140526976160602,0.0821917808219178,NA,NA,NA
62,Өвөрхангай,2005,27,24200,898,105440,NA,1.115702479338843,896.2962962962963,0.037107438016528924,26.948775055679288,0.03571428571428571,-0.03571428571428571,0.0819277108433735,0.02109704641350211,NA,NA,NA
62,Өвөрхангай,2006,28,24100,906,104843,NA,1.161825726141079,860.7142857142857,0.037593360995850623,26.600441501103752,-0.037037037037037035,0.037037037037037035,0.008908685968819599,-0.004132231404958678,NA,NA,NA
62,Өвөрхангай,2007,28,24300,956,104337,NA,1.1522633744855968,867.8571428571429,0.039341563786008234,25.418410041841003,0,0,0.05518763796909492,0.008298755186721992,NA,NA,NA
62,Өвөрхангай,2008,28,24300,1041,103723,NA,1.1522633744855968,867.8571428571429,0.042839506172839506,23.34293948126801,0,0,0.08891213389121339,0,NA,NA,NA
62,Өвөрхангай,2009,30,23700,1083,103187,NA,1.2658227848101267,790,0.04569620253164557,21.883656509695292,-0.07142857142857142,0.07142857142857142,0.040345821325648415,-0.024691358024691357,NA,NA,NA
62,Өвөрхангай,2010,30,22800,974,102153,NA,1.3157894736842104,760,0.04271929824561403,23.408624229979466,0,0,-0.10064635272391505,-0.0379746835443038,NA,NA,NA
62,Өвөрхангай,2011,29,22000,972,101293,NA,1.3181818181818181,758.6206896551724,0.04418181818181818,22.633744855967077,0.03333333333333333,-0.03333333333333333,-0.002053388090349076,-0.03508771929824561,NA,NA,NA
62,Өвөрхангай,2012,29,21200,936,101679,NA,1.3679245283018868,731.0344827586207,0.04415094339622642,22.64957264957265,0,0,-0.037037037037037035,-0.03636363636363636,NA,NA,NA
62,Өвөрхангай,2013,29,20800,944,101884,NA,1.3942307692307692,717.2413793103449,0.045384615384615384,22.033898305084747,0,0,0.008547008547008548,-0.018867924528301886,NA,NA,NA
62,Өвөрхангай,2014,29,20600,959,107306,NA,1.4077669902912622,710.3448275862069,0.046553398058252426,21.48070907194995,0,0,0.015889830508474576,-0.009615384615384616,NA,NA,NA
62,Өвөрхангай,2015,30,21200,965,112672,NA,1.4150943396226414,706.6666666666666,0.0455188679245283,21.968911917098445,-0.034482758620689655,0.034482758620689655,0.006256517205422315,0.02912621359223301,NA,NA,NA
62,Өвөрхангай,2016,30,21200,1008,112755,NA,1.4150943396226414,706.6666666666666,0.047547169811320754,21.03174603174603,0,0,0.04455958549222798,0,NA,NA,NA
62,Өвөрхангай,2017,30,21500,1018,114127,NA,1.3953488372093024,716.6666666666666,0.04734883720930232,21.11984282907662,0,0,0.00992063492063492,0.014150943396226415,NA,NA,NA
62,Өвөрхангай,2018,30,21500,1035,116105,NA,1.3953488372093024,716.6666666666666,0.04813953488372093,20.77294685990338,0,0,0.01669941060903733,0,NA,NA,NA
62,Өвөрхангай,2019,31,21600,1108,116922,NA,1.4351851851851851,696.7741935483871,0.0512962962962963,19.494584837545126,-0.03333333333333333,0.03333333333333333,0.07053140096618357,0.004651162790697674,NA,NA,NA
62,Өвөрхангай,2020,32,23300,1162,116361,NA,1.3733905579399142,728.125,0.049871244635193136,20.051635111876077,-0.03225806451612903,0.03225806451612903,0.048736462093862815,0.0787037037037037,NA,NA,NA
62,Өвөрхангай,2021,31,23900,1292,115991,NA,1.297071129707113,770.9677419354839,0.05405857740585774,18.4984520123839,0.03125,-0.03125,0.11187607573149742,0.02575107296137339,NA,NA,NA
62,Өвөрхангай,2022,32,24400,1295,115606,NA,1.3114754098360655,762.5,0.05307377049180328,18.841698841698843,-0.03225806451612903,0.03225806451612903,0.0023219814241486067,0.02092050209205021,NA,NA,NA
62,Өвөрхангай,2023,32,24700,1288,115055,NA,1.2955465587044535,771.875,0.05214574898785425,19.177018633540374,0,0,-0.005405405405405406,0.012295081967213115,NA,NA,NA
62,Өвөрхангай,2024,34,25100,1308,114749,NA,1.3545816733067728,738.2352941176471,0.052111553784860556,19.189602446483182,-0.0625,0.0625,0.015527950310559006,0.016194331983805668,NA,NA,NA
62,Өвөрхангай,2025,33,25700,1310,115122,NA,1.284046692607004,778.7878787878788,0.050972762645914396,19.61832061068702,0.029411764705882353,-0.029411764705882353,0.0015290519877675841,0.02390438247011952,NA,NA,NA
63,Булган,1990,NA,NA,NA,53545,NA,NA,NA,NA,NA,NA,NA,NA,NA,NA,NA,NA
63,Булган,1991,NA,NA,NA,55911,NA,NA,NA,NA,NA,NA,NA,NA,NA,NA,NA,NA
63,Булган,1992,NA,NA,NA,57319,NA,NA,NA,NA,NA,NA,NA,NA,NA,NA,NA,NA
63,Булган,1993,NA,NA,NA,58318,NA,NA,NA,NA,NA,NA,NA,NA,NA,NA,NA,NA
63,Булган,1994,NA,NA,NA,58956,NA,NA,NA,NA,NA,NA,NA,NA,NA,NA,NA,NA
63,Булган,1995,NA,NA,NA,59663,NA,NA,NA,NA,NA,NA,NA,NA,NA,NA,NA,NA
63,Булган,1996,NA,NA,NA,60399,NA,NA,NA,NA,NA,NA,NA,NA,NA,NA,NA,NA
63,Булган,1997,NA,NA,NA,61109,NA,NA,NA,NA,NA,NA,NA,NA,NA,NA,NA,NA
63,Булган,1998,NA,NA,NA,61834,NA,NA,NA,NA,NA,NA,NA,NA,NA,NA,NA,NA
63,Булган,1999,NA,NA,NA,61984,NA,NA,NA,NA,NA,NA,NA,NA,NA,NA,NA,NA
63,Булган,2000,23,12400,529,61804,NA,1.8548387096774195,539.1304347826087,0.04266129032258065,23.440453686200378,NA,NA,NA,NA,NA,NA,NA
63,Булган,2001,23,12400,516,61744,NA,1.8548387096774195,539.1304347826087,0.04161290322580645,24.031007751937985,0,0,-0.024574669187145556,0,NA,NA,NA
63,Булган,2002,24,12900,533,61374,NA,1.86046511627907,537.5,0.04131782945736434,24.202626641651033,-0.043478260869565216,0.043478260869565216,0.03294573643410853,0.04032258064516129,NA,NA,NA
63,Булган,2003,24,12800,522,60311,NA,1.875,533.3333333333334,0.04078125,24.521072796934867,0,0,-0.020637898686679174,-0.007751937984496124,NA,NA,NA
63,Булган,2004,24,13100,516,58128,NA,1.83206106870229,545.8333333333334,0.03938931297709924,25.387596899224807,0,0,-0.011494252873563218,0.0234375,NA,NA,NA
63,Булган,2005,24,12400,540,55854,NA,1.935483870967742,516.6666666666666,0.043548387096774194,22.962962962962962,0,0,0.046511627906976744,-0.05343511450381679,NA,NA,NA
63,Булган,2006,25,12000,540,54798,NA,2.0833333333333335,480,0.045,22.22222222222222,-0.041666666666666664,0.041666666666666664,0,-0.03225806451612903,NA,NA,NA
63,Булган,2007,25,11700,557,54322,NA,2.136752136752137,468,0.04760683760683761,21.005385996409334,0,0,0.03148148148148148,-0.025,NA,NA,NA
63,Булган,2008,24,11200,573,54070,NA,2.142857142857143,466.6666666666667,0.05116071428571429,19.54624781849913,0.04,-0.04,0.02872531418312388,-0.042735042735042736,NA,NA,NA
63,Булган,2009,24,10700,568,54161,NA,2.2429906542056073,445.8333333333333,0.05308411214953271,18.838028169014084,0,0,-0.008726003490401396,-0.044642857142857144,NA,NA,NA
63,Булган,2010,24,10400,569,53956,NA,2.307692307692308,433.3333333333333,0.054711538461538464,18.27768014059754,0,0,0.0017605633802816902,-0.028037383177570093,NA,NA,NA
63,Булган,2011,22,9900,556,53909,NA,2.2222222222222223,450,0.05616161616161616,17.805755395683452,0.08333333333333333,-0.08333333333333333,-0.022847100175746926,-0.04807692307692308,NA,NA,NA
63,Булган,2012,22,9400,572,54333,NA,2.3404255319148937,427.27272727272725,0.060851063829787236,16.433566433566433,0,0,0.02877697841726619,-0.050505050505050504,NA,NA,NA
63,Булган,2013,22,9200,561,54535,NA,2.391304347826087,418.1818181818182,0.06097826086956522,16.39928698752228,0,0,-0.019230769230769232,-0.02127659574468085,NA,NA,NA
63,Булган,2014,22,9100,539,57508,NA,2.4175824175824174,413.6363636363636,0.05923076923076923,16.883116883116884,0,0,-0.0392156862745098,-0.010869565217391304,NA,NA,NA
63,Булган,2015,22,9400,551,60254,NA,2.3404255319148937,427.27272727272725,0.058617021276595745,17.05989110707804,0,0,0.022263450834879406,0.03296703296703297,NA,NA,NA
63,Булган,2016,22,9700,573,60308,NA,2.268041237113402,440.90909090909093,0.05907216494845361,16.92844677137871,0,0,0.039927404718693285,0.031914893617021274,NA,NA,NA
63,Булган,2017,21,9900,597,60946,NA,2.1212121212121215,471.42857142857144,0.0603030303030303,16.582914572864322,0.045454545454545456,-0.045454545454545456,0.041884816753926704,0.020618556701030927,NA,NA,NA
63,Булган,2018,22,10000,582,61751,NA,2.2,454.54545454545456,0.0582,17.18213058419244,-0.047619047619047616,0.047619047619047616,-0.02512562814070352,0.010101010101010102,NA,NA,NA
63,Булган,2019,22,10700,601,62151,NA,2.05607476635514,486.3636363636364,0.05616822429906542,17.803660565723792,0,0,0.03264604810996564,0.07,NA,NA,NA
63,Булган,2020,22,11100,641,62071,NA,1.9819819819819822,504.54545454545456,0.05774774774774775,17.316692667706707,0,0,0.06655574043261231,0.037383177570093455,NA,NA,NA
63,Булган,2021,22,11300,639,62048,NA,1.9469026548672568,513.6363636363636,0.05654867256637168,17.683881064162755,0,0,-0.0031201248049922,0.018018018018018018,NA,NA,NA
63,Булган,2022,22,11400,659,61651,NA,1.9298245614035088,518.1818181818181,0.05780701754385965,17.298937784522003,0,0,0.03129890453834116,0.008849557522123894,NA,NA,NA
63,Булган,2023,22,11300,652,60947,NA,1.9469026548672568,513.6363636363636,0.05769911504424779,17.33128834355828,0,0,-0.010622154779969651,-0.008771929824561403,NA,NA,NA
63,Булган,2024,22,11500,654,60533,NA,1.9130434782608696,522.7272727272727,0.0568695652173913,17.584097859327215,0,0,0.003067484662576687,0.017699115044247787,NA,NA,NA
63,Булган,2025,22,11400,659,60531,NA,1.9298245614035088,518.1818181818181,0.05780701754385965,17.298937784522003,0,0,0.00764525993883792,-0.008695652173913044,NA,NA,NA
64,Баянхонгор,1990,NA,NA,NA,76330,NA,NA,NA,NA,NA,NA,NA,NA,NA,NA,NA,NA
64,Баянхонгор,1991,NA,NA,NA,79188,NA,NA,NA,NA,NA,NA,NA,NA,NA,NA,NA,NA
64,Баянхонгор,1992,NA,NA,NA,81013,NA,NA,NA,NA,NA,NA,NA,NA,NA,NA,NA,NA
64,Баянхонгор,1993,NA,NA,NA,81916,NA,NA,NA,NA,NA,NA,NA,NA,NA,NA,NA,NA
64,Баянхонгор,1994,NA,NA,NA,82458,NA,NA,NA,NA,NA,NA,NA,NA,NA,NA,NA,NA
64,Баянхонгор,1995,NA,NA,NA,83300,NA,NA,NA,NA,NA,NA,NA,NA,NA,NA,NA,NA
64,Баянхонгор,1996,NA,NA,NA,84175,NA,NA,NA,NA,NA,NA,NA,NA,NA,NA,NA,NA
64,Баянхонгор,1997,NA,NA,NA,84887,NA,NA,NA,NA,NA,NA,NA,NA,NA,NA,NA,NA
64,Баянхонгор,1998,NA,NA,NA,85392,NA,NA,NA,NA,NA,NA,NA,NA,NA,NA,NA,NA
64,Баянхонгор,1999,NA,NA,NA,85180,NA,NA,NA,NA,NA,NA,NA,NA,NA,NA,NA,NA
64,Баянхонгор,2000,28,17100,665,84640,NA,1.6374269005847952,610.7142857142857,0.03888888888888889,25.714285714285715,NA,NA,NA,NA,NA,NA,NA
64,Баянхонгор,2001,28,17700,706,84275,NA,1.5819209039548021,632.1428571428571,0.03988700564971751,25.070821529745043,0,0,0.061654135338345864,0.03508771929824561,NA,NA,NA
64,Баянхонгор,2002,27,18300,702,83004,NA,1.4754098360655739,677.7777777777778,0.03836065573770492,26.068376068376068,0.03571428571428571,-0.03571428571428571,-0.0056657223796034,0.03389830508474576,NA,NA,NA
64,Баянхонгор,2003,28,19100,717,80957,NA,1.4659685863874345,682.1428571428571,0.037539267015706805,26.638772663877266,-0.037037037037037035,0.037037037037037035,0.021367521367521368,0.04371584699453552,NA,NA,NA
64,Баянхонгор,2004,29,19600,724,79861,NA,1.4795918367346939,675.8620689655172,0.03693877551020408,27.07182320441989,-0.03571428571428571,0.03571428571428571,0.009762900976290097,0.02617801047120419,NA,NA,NA
64,Баянхонгор,2005,29,19300,755,79241,NA,1.5025906735751295,665.5172413793103,0.039119170984455956,25.56291390728477,0,0,0.04281767955801105,-0.015306122448979591,NA,NA,NA
64,Баянхонгор,2006,30,19200,744,78410,NA,1.5625,640,0.03875,25.806451612903224,-0.034482758620689655,0.034482758620689655,-0.01456953642384106,-0.0051813471502590676,NA,NA,NA
64,Баянхонгор,2007,29,19500,747,77908,NA,1.4871794871794872,672.4137931034483,0.038307692307692306,26.104417670682732,0.03333333333333333,-0.03333333333333333,0.004032258064516129,0.015625,NA,NA,NA
64,Баянхонгор,2008,30,18900,833,77799,NA,1.5873015873015872,630,0.04407407407407407,22.689075630252102,-0.034482758620689655,0.034482758620689655,0.11512717536813923,-0.03076923076923077,NA,NA,NA
64,Баянхонгор,2009,31,18100,839,77574,NA,1.7127071823204418,583.8709677419355,0.046353591160220996,21.573301549463647,-0.03333333333333333,0.03333333333333333,0.007202881152460984,-0.042328042328042326,NA,NA,NA
64,Баянхонгор,2010,29,17200,852,76742,NA,1.686046511627907,593.1034482758621,0.049534883720930234,20.187793427230048,0.06451612903225806,-0.06451612903225806,0.015494636471990465,-0.049723756906077346,NA,NA,NA
64,Баянхонгор,2011,29,16500,855,76436,NA,1.7575757575757576,568.9655172413793,0.05181818181818182,19.29824561403509,0,0,0.0035211267605633804,-0.040697674418604654,NA,NA,NA
64,Баянхонгор,2012,29,15900,873,77248,NA,1.8238993710691824,548.2758620689655,0.054905660377358494,18.213058419243985,0,0,0.021052631578947368,-0.03636363636363636,NA,NA,NA
64,Баянхонгор,2013,29,15200,856,78139,NA,1.907894736842105,524.1379310344828,0.05631578947368421,17.757009345794394,0,0,-0.019473081328751432,-0.0440251572327044,NA,NA,NA
64,Баянхонгор,2014,29,15400,858,80738,NA,1.8831168831168832,531.0344827586207,0.055714285714285716,17.94871794871795,0,0,0.002336448598130841,0.013157894736842105,NA,NA,NA
64,Баянхонгор,2015,29,15600,875,83490,NA,1.8589743589743588,537.9310344827586,0.05608974358974359,17.82857142857143,0,0,0.019813519813519812,0.012987012987012988,NA,NA,NA
64,Баянхонгор,2016,29,15700,870,84371,NA,1.8471337579617833,541.3793103448276,0.055414012738853505,18.04597701149425,0,0,-0.005714285714285714,0.00641025641025641,NA,NA,NA
64,Баянхонгор,2017,29,16100.000000000002,871,85700,NA,1.8012422360248446,555.1724137931035,0.05409937888198757,18.484500574052817,0,0,0.0011494252873563218,0.025477707006369543,NA,NA,NA
64,Баянхонгор,2018,30,16200,886,87475,NA,1.8518518518518519,540,0.054691358024691356,18.284424379232505,-0.034482758620689655,0.034482758620689655,0.01722158438576349,0.0062111801242234884,NA,NA,NA
64,Баянхонгор,2019,31,17500,923,88514,NA,1.7714285714285714,564.516129032258,0.05274285714285714,18.95991332611051,-0.03333333333333333,0.03333333333333333,0.0417607223476298,0.08024691358024691,NA,NA,NA
64,Баянхонгор,2020,31,18100,936,88853,NA,1.7127071823204418,583.8709677419355,0.05171270718232044,19.337606837606838,0,0,0.014084507042253521,0.03428571428571429,NA,NA,NA
64,Баянхонгор,2021,33,18500,941,89077,NA,1.7837837837837838,560.6060606060606,0.05086486486486486,19.659936238044633,-0.06451612903225806,0.06451612903225806,0.005341880341880342,0.022099447513812154,NA,NA,NA
64,Баянхонгор,2022,33,18700,989,88798,NA,1.7647058823529413,566.6666666666666,0.05288770053475936,18.90798786653185,0,0,0.05100956429330499,0.010810810810810811,NA,NA,NA
64,Баянхонгор,2023,32,19100,997,88360,NA,1.675392670157068,596.875,0.05219895287958115,19.157472417251757,0.030303030303030304,-0.030303030303030304,0.008088978766430738,0.0213903743315508,NA,NA,NA
64,Баянхонгор,2024,32,19500,1010,88176,NA,1.641025641025641,609.375,0.05179487179487179,19.306930693069308,0,0,0.013039117352056168,0.020942408376963352,NA,NA,NA
64,Баянхонгор,2025,32,20000,1013,88723,NA,1.6,625,0.05065,19.743336623889437,0,0,0.0029702970297029703,0.02564102564102564,NA,NA,NA
65,Архангай,1990,NA,NA,NA,86754,NA,NA,NA,NA,NA,NA,NA,NA,NA,NA,NA,NA
65,Архангай,1991,NA,NA,NA,90059,NA,NA,NA,NA,NA,NA,NA,NA,NA,NA,NA,NA
65,Архангай,1992,NA,NA,NA,92099,NA,NA,NA,NA,NA,NA,NA,NA,NA,NA,NA,NA
65,Архангай,1993,NA,NA,NA,93569,NA,NA,NA,NA,NA,NA,NA,NA,NA,NA,NA,NA
65,Архангай,1994,NA,NA,NA,94592,NA,NA,NA,NA,NA,NA,NA,NA,NA,NA,NA,NA
65,Архангай,1995,NA,NA,NA,95612,NA,NA,NA,NA,NA,NA,NA,NA,NA,NA,NA,NA
65,Архангай,1996,NA,NA,NA,96628,NA,NA,NA,NA,NA,NA,NA,NA,NA,NA,NA,NA
65,Архангай,1997,NA,NA,NA,97507,NA,NA,NA,NA,NA,NA,NA,NA,NA,NA,NA,NA
65,Архангай,1998,NA,NA,NA,98141,NA,NA,NA,NA,NA,NA,NA,NA,NA,NA,NA,NA
65,Архангай,1999,NA,NA,NA,97753,NA,NA,NA,NA,NA,NA,NA,NA,NA,NA,NA,NA
65,Архангай,2000,32,18800,743,96997,NA,1.702127659574468,587.5,0.039521276595744684,25.302826379542395,NA,NA,NA,NA,NA,NA,NA
65,Архангай,2001,32,19200,752,96953,NA,1.6666666666666667,600,0.03916666666666667,25.53191489361702,0,0,0.012113055181695828,0.02127659574468085,NA,NA,NA
65,Архангай,2002,35,19600,782,96265,NA,1.7857142857142856,560,0.03989795918367347,25.06393861892583,-0.09375,0.09375,0.0398936170212766,0.020833333333333332,NA,NA,NA
65,Архангай,2003,34,20000,755,94540,NA,1.7,588.2352941176471,0.03775,26.490066225165563,0.02857142857142857,-0.02857142857142857,-0.034526854219948847,0.02040816326530612,NA,NA,NA
65,Архангай,2004,35,20800,780,92631,NA,1.6826923076923077,594.2857142857143,0.0375,26.666666666666668,-0.029411764705882353,0.029411764705882353,0.033112582781456956,0.04,NA,NA,NA
65,Архангай,2005,35,21300,816,90842,NA,1.6431924882629108,608.5714285714286,0.03830985915492958,26.102941176470587,0,0,0.046153846153846156,0.02403846153846154,NA,NA,NA
65,Архангай,2006,36,20700,831,89369,NA,1.7391304347826089,575,0.04014492753623188,24.90974729241877,-0.02857142857142857,0.02857142857142857,0.01838235294117647,-0.028169014084507043,NA,NA,NA
65,Архангай,2007,36,20800,834,88225,NA,1.7307692307692308,577.7777777777778,0.040096153846153844,24.940047961630697,0,0,0.0036101083032490976,0.004830917874396135,NA,NA,NA
65,Архангай,2008,35,20600,944,87201,NA,1.6990291262135921,588.5714285714286,0.0458252427184466,21.822033898305083,0.027777777777777776,-0.027777777777777776,0.13189448441247004,-0.009615384615384616,NA,NA,NA
65,Архангай,2009,35,20200,964,86366,NA,1.7326732673267327,577.1428571428571,0.047722772277227724,20.95435684647303,0,0,0.0211864406779661,-0.019417475728155338,NA,NA,NA
65,Архангай,2010,35,19600,977,85289,NA,1.7857142857142856,560,0.049846938775510205,20.061412487205732,0,0,0.013485477178423237,-0.0297029702970297,NA,NA,NA
65,Архангай,2011,33,18800,967,84459,NA,1.7553191489361701,569.6969696969697,0.05143617021276596,19.441571871768357,0.05714285714285714,-0.05714285714285714,-0.01023541453428864,-0.04081632653061224,NA,NA,NA
65,Архангай,2012,32,17900,965,84765,NA,1.787709497206704,559.375,0.053910614525139663,18.54922279792746,0.030303030303030304,-0.030303030303030304,-0.002068252326783868,-0.047872340425531915,NA,NA,NA
65,Архангай,2013,32,17500,957,85415,NA,1.8285714285714285,546.875,0.05468571428571429,18.286311389759664,0,0,-0.008290155440414507,-0.0223463687150838,NA,NA,NA
65,Архангай,2014,32,16700,951,89370,NA,1.9161676646706587,521.875,0.05694610778443114,17.560462670872766,0,0,-0.006269592476489028,-0.045714285714285714,NA,NA,NA
65,Архангай,2015,34,17200,1001,92573,NA,1.9767441860465114,505.88235294117646,0.05819767441860465,17.182817182817182,-0.0625,0.0625,0.052576235541535225,0.029940119760479042,NA,NA,NA
65,Архангай,2016,33,17300,989,92597,NA,1.9075144508670518,524.2424242424242,0.05716763005780347,17.49241658240647,0.029411764705882353,-0.029411764705882353,-0.011988011988011988,0.005813953488372093,NA,NA,NA
65,Архангай,2017,33,17300,978,94120,NA,1.9075144508670518,524.2424242424242,0.05653179190751445,17.68916155419223,0,0,-0.011122345803842264,0,NA,NA,NA
65,Архангай,2018,33,17200,988,95913,NA,1.9186046511627908,521.2121212121212,0.057441860465116276,17.408906882591094,0,0,0.010224948875255624,-0.005780346820809248,NA,NA,NA
65,Архангай,2019,33,18200,1008,95857,NA,1.8131868131868132,551.5151515151515,0.055384615384615386,18.055555555555557,0,0,0.020242914979757085,0.05813953488372093,NA,NA,NA
65,Архангай,2020,33,18700,1030,94610,NA,1.7647058823529413,566.6666666666666,0.05508021390374331,18.155339805825243,0,0,0.021825396825396824,0.027472527472527472,NA,NA,NA
65,Архангай,2021,32,19000,1022,94283,NA,1.6842105263157896,593.75,0.053789473684210526,18.59099804305284,0.030303030303030304,-0.030303030303030304,-0.007766990291262136,0.016042780748663103,NA,NA,NA
65,Архангай,2022,30,19500,1010,93814,NA,1.5384615384615385,650,0.05179487179487179,19.306930693069308,0.0625,-0.0625,-0.011741682974559686,0.02631578947368421,NA,NA,NA
65,Архангай,2023,30,19800,1010,92883,NA,1.5151515151515151,660,0.05101010101010101,19.603960396039604,0,0,0,0.015384615384615385,NA,NA,NA
65,Архангай,2024,30,19800,1009,92088,NA,1.5151515151515151,660,0.05095959595959596,19.62338949454906,0,0,-9.900990099009901e-4,0,NA,NA,NA
65,Архангай,2025,30,19800,1030,92138,NA,1.5151515151515151,660,0.05202020202020202,19.223300970873787,0,0,0.02081268582755203,0,NA,NA,NA
67,Хөвсгөл,1990,NA,NA,NA,104681,NA,NA,NA,NA,NA,NA,NA,NA,NA,NA,NA,NA
67,Хөвсгөл,1991,NA,NA,NA,108847,NA,NA,NA,NA,NA,NA,NA,NA,NA,NA,NA,NA
67,Хөвсгөл,1992,NA,NA,NA,111342,NA,NA,NA,NA,NA,NA,NA,NA,NA,NA,NA,NA
67,Хөвсгөл,1993,NA,NA,NA,113259,NA,NA,NA,NA,NA,NA,NA,NA,NA,NA,NA,NA
67,Хөвсгөл,1994,NA,NA,NA,114717,NA,NA,NA,NA,NA,NA,NA,NA,NA,NA,NA,NA
67,Хөвсгөл,1995,NA,NA,NA,116124,NA,NA,NA,NA,NA,NA,NA,NA,NA,NA,NA,NA
67,Хөвсгөл,1996,NA,NA,NA,117310,NA,NA,NA,NA,NA,NA,NA,NA,NA,NA,NA,NA
67,Хөвсгөл,1997,NA,NA,NA,118216,NA,NA,NA,NA,NA,NA,NA,NA,NA,NA,NA,NA
67,Хөвсгөл,1998,NA,NA,NA,118982,NA,NA,NA,NA,NA,NA,NA,NA,NA,NA,NA,NA
67,Хөвсгөл,1999,NA,NA,NA,119201,NA,NA,NA,NA,NA,NA,NA,NA,NA,NA,NA,NA
67,Хөвсгөл,2000,32,22900,921,119005,NA,1.3973799126637554,715.625,0.04021834061135371,24.864277958740498,NA,NA,NA,NA,NA,NA,NA
67,Хөвсгөл,2001,33,23700,949,119056,NA,1.3924050632911393,718.1818181818181,0.040042194092827006,24.973656480505795,-0.03125,0.03125,0.03040173724212812,0.034934497816593885,NA,NA,NA
67,Хөвсгөл,2002,31,25300,995,119194,NA,1.225296442687747,816.1290322580645,0.03932806324110672,25.42713567839196,0.06060606060606061,-0.06060606060606061,0.04847207586933614,0.06751054852320675,NA,NA,NA
67,Хөвсгөл,2003,32,25800,1011,118632,NA,1.2403100775193798,806.25,0.03918604651162791,25.519287833827892,-0.03225806451612903,0.03225806451612903,0.016080402010050253,0.019762845849802372,NA,NA,NA
67,Хөвсгөл,2004,33,26700,1062,117525,NA,1.2359550561797752,809.0909090909091,0.03977528089887641,25.141242937853107,-0.03125,0.03125,0.050445103857566766,0.03488372093023256,NA,NA,NA
67,Хөвсгөл,2005,33,27100,1096,116712,NA,1.2177121771217712,821.2121212121212,0.04044280442804428,24.726277372262775,0,0,0.032015065913371,0.0149812734082397,NA,NA,NA
67,Хөвсгөл,2006,33,27300,1091,116176,NA,1.2087912087912087,827.2727272727273,0.039963369963369966,25.022914757103575,0,0,-0.004562043795620438,0.007380073800738007,NA,NA,NA
67,Хөвсгөл,2007,32,27100,1137,115655,NA,1.1808118081180812,846.875,0.04195571955719557,23.834652594547055,0.030303030303030304,-0.030303030303030304,0.04216315307057745,-0.007326007326007326,NA,NA,NA
67,Хөвсгөл,2008,32,26600,1260,115257,NA,1.2030075187969924,831.25,0.04736842105263158,21.11111111111111,0,0,0.10817941952506596,-0.01845018450184502,NA,NA,NA
67,Хөвсгөл,2009,33,26200,1279,115238,NA,1.2595419847328244,793.939393939394,0.04881679389312977,20.484753713838938,-0.03125,0.03125,0.01507936507936508,-0.015037593984962405,NA,NA,NA
67,Хөвсгөл,2010,34,25900,1079,115137,NA,1.3127413127413128,761.7647058823529,0.04166023166023166,24.003707136237256,-0.030303030303030304,0.030303030303030304,-0.1563721657544957,-0.011450381679389313,NA,NA,NA
67,Хөвсгөл,2011,35,25100,1081,115437,NA,1.3944223107569722,717.1428571428571,0.04306772908366534,23.219241443108235,-0.029411764705882353,0.029411764705882353,0.0018535681186283596,-0.03088803088803089,NA,NA,NA
67,Хөвсгөл,2012,35,24700,1089,116790,NA,1.417004048582996,705.7142857142857,0.04408906882591093,22.681359044995407,0,0,0.0074005550416281225,-0.01593625498007968,NA,NA,NA
67,Хөвсгөл,2013,35,24400,1093,118162,NA,1.4344262295081966,697.1428571428571,0.044795081967213116,22.32387923147301,0,0,0.0036730945821854912,-0.012145748987854251,NA,NA,NA
67,Хөвсгөл,2014,35,24500,1107,122361,NA,1.4285714285714286,700,0.04518367346938776,22.131887985546523,0,0,0.012808783165599268,0.004098360655737705,NA,NA,NA
67,Хөвсгөл,2015,35,24800,1145,127101,NA,1.411290322580645,708.5714285714286,0.04616935483870968,21.65938864628821,0,0,0.03432700993676603,0.012244897959183673,NA,NA,NA
67,Хөвсгөл,2016,36,25500,1110,128771,NA,1.411764705882353,708.3333333333334,0.04352941176470588,22.972972972972972,-0.02857142857142857,0.02857142857142857,-0.03056768558951965,0.028225806451612902,NA,NA,NA
67,Хөвсгөл,2017,36,26100,1145,130471,NA,1.379310344827586,725,0.04386973180076628,22.79475982532751,0,0,0.03153153153153153,0.023529411764705882,NA,NA,NA
67,Хөвсгөл,2018,36,26300,1136,132763,NA,1.3688212927756653,730.5555555555555,0.04319391634980989,23.151408450704224,0,0,-0.007860262008733625,0.007662835249042145,NA,NA,NA
67,Хөвсгөл,2019,36,27900,1122,134530,NA,1.2903225806451613,775,0.04021505376344086,24.86631016042781,0,0,-0.01232394366197183,0.060836501901140684,NA,NA,NA
67,Хөвсгөл,2020,35,29100,1245,135536,NA,1.202749140893471,831.4285714285714,0.042783505154639176,23.373493975903614,0.027777777777777776,-0.027777777777777776,0.10962566844919786,0.043010752688172046,NA,NA,NA
67,Хөвсгөл,2021,35,29700,1562,136522,NA,1.1784511784511784,848.5714285714286,0.052592592592592594,19.014084507042252,0,0,0.25461847389558234,0.020618556701030927,NA,NA,NA
67,Хөвсгөл,2022,35,30400,1574,136986,NA,1.151315789473684,868.5714285714286,0.051776315789473684,19.313850063532403,0,0,0.0076824583866837385,0.02356902356902357,NA,NA,NA
67,Хөвсгөл,2023,34,30800,1591,137012,NA,1.103896103896104,905.8823529411765,0.051655844155844156,19.35889377749843,0.02857142857142857,-0.02857142857142857,0.010800508259212199,0.013157894736842105,NA,NA,NA
67,Хөвсгөл,2024,34,31300,1618,136913,NA,1.0862619808306708,920.5882352941177,0.05169329073482428,19.34487021013597,0,0,0.01697045883092395,0.016233766233766232,NA,NA,NA
67,Хөвсгөл,2025,34,31400,1633,137293,NA,1.0828025477707006,923.5294117647059,0.05200636942675159,19.228413962033066,0,0,0.009270704573547589,0.003194888178913738,NA,NA,NA
81,Завхан,1990,NA,NA,NA,90339,NA,NA,NA,NA,NA,NA,NA,NA,NA,NA,NA,NA
81,Завхан,1991,NA,NA,NA,93211,NA,NA,NA,NA,NA,NA,NA,NA,NA,NA,NA,NA
81,Завхан,1992,NA,NA,NA,95022,NA,NA,NA,NA,NA,NA,NA,NA,NA,NA,NA,NA
81,Завхан,1993,NA,NA,NA,95720,NA,NA,NA,NA,NA,NA,NA,NA,NA,NA,NA,NA
81,Завхан,1994,NA,NA,NA,95770,NA,NA,NA,NA,NA,NA,NA,NA,NA,NA,NA,NA
81,Завхан,1995,NA,NA,NA,95879,NA,NA,NA,NA,NA,NA,NA,NA,NA,NA,NA,NA
81,Завхан,1996,NA,NA,NA,95832,NA,NA,NA,NA,NA,NA,NA,NA,NA,NA,NA,NA
81,Завхан,1997,NA,NA,NA,95453,NA,NA,NA,NA,NA,NA,NA,NA,NA,NA,NA,NA
81,Завхан,1998,NA,NA,NA,94479,NA,NA,NA,NA,NA,NA,NA,NA,NA,NA,NA,NA
81,Завхан,1999,NA,NA,NA,91919,NA,NA,NA,NA,NA,NA,NA,NA,NA,NA,NA,NA
81,Завхан,2000,34,16600,730,88088,NA,2.0481927710843375,488.2352941176471,0.04397590361445783,22.73972602739726,NA,NA,NA,NA,NA,NA,NA
81,Завхан,2001,38,17100,760,85419,NA,2.2222222222222223,450,0.044444444444444446,22.5,-0.11764705882352941,0.11764705882352941,0.0410958904109589,0.030120481927710843,NA,NA,NA
81,Завхан,2002,34,18000,777,83043,NA,1.888888888888889,529.4117647058823,0.043166666666666666,23.166023166023166,0.10526315789473684,-0.10526315789473684,0.02236842105263158,0.05263157894736842,NA,NA,NA
81,Завхан,2003,33,18000,750,80074,NA,1.8333333333333333,545.4545454545455,0.041666666666666664,24,0.029411764705882353,-0.029411764705882353,-0.03474903474903475,0,NA,NA,NA
81,Завхан,2004,33,18400,777,77084,NA,1.7934782608695652,557.5757575757576,0.042228260869565215,23.680823680823682,0,0,0.036,0.022222222222222223,NA,NA,NA
81,Завхан,2005,32,18300,791,74649,NA,1.7486338797814207,571.875,0.043224043715846996,23.13527180783818,0.030303030303030304,-0.030303030303030304,0.018018018018018018,-0.005434782608695652,NA,NA,NA
81,Завхан,2006,33,17700,798,73587,NA,1.864406779661017,536.3636363636364,0.04508474576271186,22.18045112781955,-0.03125,0.03125,0.008849557522123894,-0.03278688524590164,NA,NA,NA
81,Завхан,2007,33,17800,831,73045,NA,1.853932584269663,539.3939393939394,0.046685393258426966,21.41997593261131,0,0,0.041353383458646614,0.005649717514124294,NA,NA,NA
81,Завхан,2008,32,17500,888,71584,NA,1.8285714285714285,546.875,0.050742857142857145,19.707207207207208,0.030303030303030304,-0.030303030303030304,0.06859205776173286,-0.016853932584269662,NA,NA,NA
81,Завхан,2009,31,16900,885,69632,NA,1.834319526627219,545.1612903225806,0.052366863905325446,19.096045197740114,0.03125,-0.03125,-0.0033783783783783786,-0.03428571428571429,NA,NA,NA
81,Завхан,2010,30,15600,873,67116,NA,1.9230769230769231,520,0.05596153846153846,17.869415807560138,0.03225806451612903,-0.03225806451612903,-0.013559322033898305,-0.07692307692307693,NA,NA,NA
81,Завхан,2011,30,15100,884,64796,NA,1.9867549668874172,503.3333333333333,0.0585430463576159,17.081447963800905,0,0,0.012600229095074456,-0.03205128205128205,NA,NA,NA
81,Завхан,2012,30,14600,885,64422,NA,2.054794520547945,486.6666666666667,0.060616438356164384,16.497175141242938,0,0,0.0011312217194570137,-0.033112582781456956,NA,NA,NA
81,Завхан,2013,30,14200,868,64595,NA,2.112676056338028,473.3333333333333,0.06112676056338028,16.359447004608295,0,0,-0.0192090395480226,-0.0273972602739726,NA,NA,NA
81,Завхан,2014,30,14200,879,67151,NA,2.112676056338028,473.3333333333333,0.06190140845070422,16.1547212741752,0,0,0.012672811059907835,0,NA,NA,NA
81,Завхан,2015,30,14600,896,69824,NA,2.054794520547945,486.6666666666667,0.06136986301369863,16.294642857142858,0,0,0.019340159271899887,0.028169014084507043,NA,NA,NA
81,Завхан,2016,30,14600,893,70231,NA,2.054794520547945,486.6666666666667,0.06116438356164384,16.349384098544235,0,0,-0.0033482142857142855,0,NA,NA,NA
81,Завхан,2017,30,14700,894,71048,NA,2.0408163265306123,490,0.060816326530612246,16.44295302013423,0,0,0.0011198208286674132,0.00684931506849315,NA,NA,NA
81,Завхан,2018,30,14500,900,72165,NA,2.0689655172413794,483.3333333333333,0.06206896551724138,16.11111111111111,0,0,0.006711409395973154,-0.013605442176870748,NA,NA,NA
81,Завхан,2019,30,15200,916,72801,NA,1.973684210526316,506.6666666666667,0.060263157894736845,16.593886462882097,0,0,0.017777777777777778,0.04827586206896552,NA,NA,NA
81,Завхан,2020,30,15500,926,72836,NA,1.935483870967742,516.6666666666666,0.05974193548387097,16.73866090712743,0,0,0.010917030567685589,0.019736842105263157,NA,NA,NA
81,Завхан,2021,30,15800,928,72832,NA,1.8987341772151898,526.6666666666666,0.05873417721518987,17.025862068965516,0,0,0.0021598272138228943,0.01935483870967742,NA,NA,NA
81,Завхан,2022,30,15800,938,72349,NA,1.8987341772151898,526.6666666666666,0.05936708860759494,16.844349680170577,0,0,0.010775862068965518,0,NA,NA,NA
81,Завхан,2023,30,15700,951,71547,NA,1.910828025477707,523.3333333333334,0.06057324840764331,16.50893796004206,0,0,0.013859275053304905,-0.006329113924050633,NA,NA,NA
81,Завхан,2024,31,15700,955,71008,NA,1.9745222929936306,506.4516129032258,0.06082802547770701,16.43979057591623,-0.03333333333333333,0.03333333333333333,0.004206098843322818,0,NA,NA,NA
81,Завхан,2025,31,15600,965,70926,NA,1.9871794871794872,503.2258064516129,0.06185897435897436,16.16580310880829,0,0,0.010471204188481676,-0.006369426751592357,NA,NA,NA
82,Говь-Алтай,1990,NA,NA,NA,63758,NA,NA,NA,NA,NA,NA,NA,NA,NA,NA,NA,NA
82,Говь-Алтай,1991,NA,NA,NA,65339,NA,NA,NA,NA,NA,NA,NA,NA,NA,NA,NA,NA
82,Говь-Алтай,1992,NA,NA,NA,66232,NA,NA,NA,NA,NA,NA,NA,NA,NA,NA,NA,NA
82,Говь-Алтай,1993,NA,NA,NA,66462,NA,NA,NA,NA,NA,NA,NA,NA,NA,NA,NA,NA
82,Говь-Алтай,1994,NA,NA,NA,66404,NA,NA,NA,NA,NA,NA,NA,NA,NA,NA,NA,NA
82,Говь-Алтай,1995,NA,NA,NA,66497,NA,NA,NA,NA,NA,NA,NA,NA,NA,NA,NA,NA
82,Говь-Алтай,1996,NA,NA,NA,66591,NA,NA,NA,NA,NA,NA,NA,NA,NA,NA,NA,NA
82,Говь-Алтай,1997,NA,NA,NA,66480,NA,NA,NA,NA,NA,NA,NA,NA,NA,NA,NA,NA
82,Говь-Алтай,1998,NA,NA,NA,66018,NA,NA,NA,NA,NA,NA,NA,NA,NA,NA,NA,NA
82,Говь-Алтай,1999,NA,NA,NA,64674,NA,NA,NA,NA,NA,NA,NA,NA,NA,NA,NA,NA
82,Говь-Алтай,2000,28,12700,486,63404,NA,2.204724409448819,453.57142857142856,0.03826771653543307,26.131687242798353,NA,NA,NA,NA,NA,NA,NA
82,Говь-Алтай,2001,28,12800,491,63196,NA,2.1875,457.14285714285717,0.038359375,26.069246435845216,0,0,0.0102880658436214,0.007874015748031496,NA,NA,NA
82,Говь-Алтай,2002,29,12500,500,62303,NA,2.32,431.0344827586207,0.04,25,-0.03571428571428571,0.03571428571428571,0.018329938900203666,-0.0234375,NA,NA,NA
82,Говь-Алтай,2003,28,12500,513,60500,NA,2.2399999999999998,446.42857142857144,0.04104,24.366471734892787,0.034482758620689655,-0.034482758620689655,0.026,0,NA,NA,NA
82,Говь-Алтай,2004,27,15000,538,59206,NA,1.8,555.5555555555555,0.035866666666666665,27.881040892193308,0.03571428571428571,-0.03571428571428571,0.04873294346978557,0.2,NA,NA,NA
82,Говь-Алтай,2005,27,15100,547,58287,NA,1.7880794701986755,559.2592592592592,0.03622516556291391,27.60511882998172,0,0,0.016728624535315983,0.006666666666666667,NA,NA,NA
82,Говь-Алтай,2006,29,13100,546,57558,NA,2.213740458015267,451.7241379310345,0.0416793893129771,23.992673992673993,-0.07407407407407407,0.07407407407407407,-0.0018281535648994515,-0.13245033112582782,NA,NA,NA
82,Говь-Алтай,2007,29,12900,598,57000,NA,2.248062015503876,444.82758620689657,0.04635658914728682,21.57190635451505,0,0,0.09523809523809523,-0.015267175572519083,NA,NA,NA
82,Говь-Алтай,2008,28,12900,644,56297,NA,2.1705426356589146,460.7142857142857,0.04992248062015504,20.03105590062112,0.034482758620689655,-0.034482758620689655,0.07692307692307693,0,NA,NA,NA
82,Говь-Алтай,2009,28,12600,650,55453,NA,2.2222222222222223,450,0.051587301587301584,19.384615384615383,0,0,0.009316770186335404,-0.023255813953488372,NA,NA,NA
82,Говь-Алтай,2010,28,12300,660,54280,NA,2.2764227642276422,439.2857142857143,0.05365853658536585,18.636363636363637,0,0,0.015384615384615385,-0.023809523809523808,NA,NA,NA
82,Говь-Алтай,2011,28,12000,651,53259,NA,2.3333333333333335,428.57142857142856,0.05425,18.433179723502302,0,0,-0.013636363636363636,-0.024390243902439025,NA,NA,NA
82,Говь-Алтай,2012,28,11600,677,53335,NA,2.413793103448276,414.2857142857143,0.05836206896551724,17.134416543574595,0,0,0.039938556067588324,-0.03333333333333333,NA,NA,NA
82,Говь-Алтай,2013,28,11300,666,53514,NA,2.47787610619469,403.57142857142856,0.058938053097345136,16.966966966966968,0,0,-0.01624815361890694,-0.02586206896551724,NA,NA,NA
82,Говь-Алтай,2014,28,11100,661,55032,NA,2.5225225225225225,396.42857142857144,0.05954954954954955,16.792738275340394,0,0,-0.0075075075075075074,-0.017699115044247787,NA,NA,NA
82,Говь-Алтай,2015,28,11300,688,56472,NA,2.47787610619469,403.57142857142856,0.06088495575221239,16.424418604651162,0,0,0.04084720121028744,0.018018018018018018,NA,NA,NA
82,Говь-Алтай,2016,28,11300,697,56398,NA,2.47787610619469,403.57142857142856,0.06168141592920354,16.212338593974174,0,0,0.01308139534883721,0,NA,NA,NA
82,Говь-Алтай,2017,28,11400,703,57036,NA,2.456140350877193,407.14285714285717,0.06166666666666667,16.216216216216218,0,0,0.00860832137733142,0.008849557522123894,NA,NA,NA
82,Говь-Алтай,2018,28,11400,715,57977,NA,2.456140350877193,407.14285714285717,0.06271929824561404,15.944055944055943,0,0,0.017069701280227598,0,NA,NA,NA
82,Говь-Алтай,2019,29,11700,751,58109,NA,2.4786324786324787,403.44827586206895,0.06418803418803419,15.579227696404793,-0.03571428571428571,0.03571428571428571,0.05034965034965035,0.02631578947368421,NA,NA,NA
82,Говь-Алтай,2020,28,11900,777,57786,NA,2.352941176470588,425,0.06529411764705882,15.315315315315315,0.034482758620689655,-0.034482758620689655,0.03462050599201065,0.017094017094017096,NA,NA,NA
82,Говь-Алтай,2021,28,11800,793,57897,NA,2.3728813559322033,421.42857142857144,0.06720338983050847,14.880201765447667,0,0,0.02059202059202059,-0.008403361344537815,NA,NA,NA
82,Говь-Алтай,2022,28,11800,788,57609,NA,2.3728813559322033,421.42857142857144,0.06677966101694915,14.974619289340101,0,0,-0.006305170239596469,0,NA,NA,NA
82,Говь-Алтай,2023,28,11700,784,57076,NA,2.393162393162393,417.85714285714283,0.06700854700854701,14.923469387755102,0,0,-0.005076142131979695,-0.00847457627118644,NA,NA,NA
82,Говь-Алтай,2024,28,11800,796,56789,NA,2.3728813559322033,421.42857142857144,0.06745762711864407,14.824120603015075,0,0,0.015306122448979591,0.008547008547008548,NA,NA,NA
82,Говь-Алтай,2025,28,11800,781,56752,NA,2.3728813559322033,421.42857142857144,0.0661864406779661,15.108834827144687,0,0,-0.018844221105527637,0,NA,NA,NA
83,Баян-Өлгий,1990,NA,NA,NA,94967,NA,NA,NA,NA,NA,NA,NA,NA,NA,NA,NA,NA
83,Баян-Өлгий,1991,NA,NA,NA,99597,NA,NA,NA,NA,NA,NA,NA,NA,NA,NA,NA,NA
83,Баян-Өлгий,1992,NA,NA,NA,91902,NA,NA,NA,NA,NA,NA,NA,NA,NA,NA,NA,NA
83,Баян-Өлгий,1993,NA,NA,NA,78374,NA,NA,NA,NA,NA,NA,NA,NA,NA,NA,NA,NA
83,Баян-Өлгий,1994,NA,NA,NA,74851,NA,NA,NA,NA,NA,NA,NA,NA,NA,NA,NA,NA
83,Баян-Өлгий,1995,NA,NA,NA,78189,NA,NA,NA,NA,NA,NA,NA,NA,NA,NA,NA,NA
83,Баян-Өлгий,1996,NA,NA,NA,81184,NA,NA,NA,NA,NA,NA,NA,NA,NA,NA,NA,NA
83,Баян-Өлгий,1997,NA,NA,NA,84038,NA,NA,NA,NA,NA,NA,NA,NA,NA,NA,NA,NA
83,Баян-Өлгий,1998,NA,NA,NA,86890,NA,NA,NA,NA,NA,NA,NA,NA,NA,NA,NA,NA
83,Баян-Өлгий,1999,NA,NA,NA,89673,NA,NA,NA,NA,NA,NA,NA,NA,NA,NA,NA,NA
83,Баян-Өлгий,2000,35,18800,753,91324,NA,1.8617021276595747,537.1428571428571,0.0400531914893617,24.9667994687915,NA,NA,NA,NA,NA,NA,NA
83,Баян-Өлгий,2001,35,20200,855,90764,NA,1.7326732673267327,577.1428571428571,0.04232673267326733,23.625730994152047,0,0,0.13545816733067728,0.07446808510638298,NA,NA,NA
83,Баян-Өлгий,2002,37,21600,940,91199,NA,1.712962962962963,583.7837837837837,0.04351851851851852,22.97872340425532,-0.05714285714285714,0.05714285714285714,0.09941520467836257,0.06930693069306931,NA,NA,NA
83,Баян-Өлгий,2003,37,22400,937,93711,NA,1.6517857142857144,605.4054054054054,0.04183035714285714,23.906083244397013,0,0,-0.0031914893617021275,0.037037037037037035,NA,NA,NA
83,Баян-Өлгий,2004,37,23700,993,94352,NA,1.5611814345991561,640.5405405405405,0.04189873417721519,23.867069486404834,0,0,0.05976520811099253,0.05803571428571429,NA,NA,NA
83,Баян-Өлгий,2005,38,23400,1062,93250,NA,1.623931623931624,615.7894736842105,0.045384615384615384,22.033898305084747,-0.02702702702702703,0.02702702702702703,0.06948640483383686,-0.012658227848101266,NA,NA,NA
83,Баян-Өлгий,2006,41,23300,1092,92777,NA,1.759656652360515,568.2926829268292,0.04686695278969957,21.336996336996336,-0.07894736842105263,0.07894736842105263,0.02824858757062147,-0.004273504273504274,NA,NA,NA
83,Баян-Өлгий,2007,41,23700,1127,92083,NA,1.7299578059071732,578.0487804878048,0.047552742616033754,21.029281277728483,0,0,0.03205128205128205,0.017167381974248927,NA,NA,NA
83,Баян-Өлгий,2008,41,24000,1206,90668,NA,1.7083333333333335,585.3658536585366,0.05025,19.90049751243781,0,0,0.07009760425909495,0.012658227848101266,NA,NA,NA
83,Баян-Өлгий,2009,42,23800,1274,89614,NA,1.7647058823529413,566.6666666666666,0.05352941176470588,18.681318681318682,-0.024390243902439025,0.024390243902439025,0.05638474295190713,-0.008333333333333333,NA,NA,NA
83,Баян-Өлгий,2010,43,23200,1298,88727,NA,1.853448275862069,539.5348837209302,0.055948275862068964,17.873651771956858,-0.023809523809523808,0.023809523809523808,0.018838304552590265,-0.025210084033613446,NA,NA,NA
83,Баян-Өлгий,2011,42,23100,1341,88478,NA,1.8181818181818181,550,0.05805194805194805,17.225950782997764,0.023255813953488372,-0.023255813953488372,0.03312788906009245,-0.004310344827586207,NA,NA,NA
83,Баян-Өлгий,2012,42,22600,1365,89641,NA,1.8584070796460177,538.0952380952381,0.060398230088495576,16.55677655677656,0,0,0.017897091722595078,-0.021645021645021644,NA,NA,NA
83,Баян-Өлгий,2013,42,22300,1392,91482,NA,1.883408071748879,530.952380952381,0.06242152466367713,16.020114942528735,0,0,0.01978021978021978,-0.01327433628318584,NA,NA,NA
83,Баян-Өлгий,2014,43,21600,1395,93802,NA,1.990740740740741,502.3255813953488,0.06458333333333334,15.483870967741936,-0.023809523809523808,0.023809523809523808,0.0021551724137931034,-0.03139013452914798,NA,NA,NA
83,Баян-Өлгий,2015,43,22600,1467,97670,NA,1.902654867256637,525.5813953488372,0.06491150442477876,15.405589638718473,0,0,0.05161290322580645,0.046296296296296294,NA,NA,NA
83,Баян-Өлгий,2016,43,22600,1493,100180,NA,1.902654867256637,525.5813953488372,0.06606194690265486,15.137307434695245,0,0,0.01772324471710975,0,NA,NA,NA
83,Баян-Өлгий,2017,43,23100,1510,101388,NA,1.8614718614718615,537.2093023255813,0.06536796536796537,15.298013245033113,0,0,0.011386470194239785,0.022123893805309734,NA,NA,NA
83,Баян-Өлгий,2018,43,23200,1537,103847,NA,1.853448275862069,539.5348837209302,0.06625,15.09433962264151,0,0,0.017880794701986755,0.004329004329004329,NA,NA,NA
83,Баян-Өлгий,2019,43,23800,1600,106810,NA,1.8067226890756303,553.4883720930233,0.06722689075630252,14.875,0,0,0.04098893949251789,0.02586206896551724,NA,NA,NA
83,Баян-Өлгий,2020,44,25000,1655,109892,NA,1.76,568.1818181818181,0.0662,15.105740181268882,-0.023255813953488372,0.023255813953488372,0.034375,0.05042016806722689,NA,NA,NA
83,Баян-Өлгий,2021,44,25400,1704,112372,NA,1.7322834645669292,577.2727272727273,0.06708661417322835,14.906103286384976,0,0,0.029607250755287008,0.016,NA,NA,NA
83,Баян-Өлгий,2022,44,25900,1755,114462,NA,1.698841698841699,588.6363636363636,0.06776061776061776,14.757834757834758,0,0,0.02992957746478873,0.01968503937007874,NA,NA,NA
83,Баян-Өлгий,2023,44,26300,1776,116351,NA,1.673003802281369,597.7272727272727,0.06752851711026615,14.808558558558559,0,0,0.011965811965811967,0.015444015444015444,NA,NA,NA
83,Баян-Өлгий,2024,45,27000,1797,118101,NA,1.6666666666666667,600,0.06655555555555556,15.025041736227045,-0.022727272727272728,0.022727272727272728,0.011824324324324325,0.026615969581749048,NA,NA,NA
83,Баян-Өлгий,2025,43,27700,1831,119138,NA,1.552346570397112,644.1860465116279,0.06610108303249097,15.128345166575642,0.044444444444444446,-0.044444444444444446,0.018920422927100722,0.025925925925925925,NA,NA,NA
84,Ховд,1990,NA,NA,NA,78969,NA,NA,NA,NA,NA,NA,NA,NA,NA,NA,NA,NA
84,Ховд,1991,NA,NA,NA,82354,NA,NA,NA,NA,NA,NA,NA,NA,NA,NA,NA,NA
84,Ховд,1992,NA,NA,NA,82519,NA,NA,NA,NA,NA,NA,NA,NA,NA,NA,NA,NA
84,Ховд,1993,NA,NA,NA,81785,NA,NA,NA,NA,NA,NA,NA,NA,NA,NA,NA,NA
84,Ховд,1994,NA,NA,NA,82552,NA,NA,NA,NA,NA,NA,NA,NA,NA,NA,NA,NA
84,Ховд,1995,NA,NA,NA,84040,NA,NA,NA,NA,NA,NA,NA,NA,NA,NA,NA,NA
84,Ховд,1996,NA,NA,NA,85350,NA,NA,NA,NA,NA,NA,NA,NA,NA,NA,NA,NA
84,Ховд,1997,NA,NA,NA,86409,NA,NA,NA,NA,NA,NA,NA,NA,NA,NA,NA,NA
84,Ховд,1998,NA,NA,NA,86989,NA,NA,NA,NA,NA,NA,NA,NA,NA,NA,NA,NA
84,Ховд,1999,NA,NA,NA,86931,NA,NA,NA,NA,NA,NA,NA,NA,NA,NA,NA,NA
84,Ховд,2000,22,18300,701,86617,NA,1.2021857923497268,831.8181818181819,0.03830601092896175,26.105563480741797,NA,NA,NA,NA,NA,NA,NA
84,Ховд,2001,25,19400,748,86084,NA,1.288659793814433,776,0.038556701030927835,25.93582887700535,-0.13636363636363635,0.13636363636363635,0.06704707560627675,0.060109289617486336,NA,NA,NA
84,Ховд,2002,24,20100,781,85272,NA,1.1940298507462688,837.5,0.03885572139303482,25.736235595390525,0.04,-0.04,0.04411764705882353,0.03608247422680412,NA,NA,NA
84,Ховд,2003,23,20400,760,83914,NA,1.1274509803921569,886.9565217391304,0.03725490196078431,26.842105263157894,0.041666666666666664,-0.041666666666666664,-0.026888604353393086,0.014925373134328358,NA,NA,NA
84,Ховд,2004,23,21800,795,82634,NA,1.055045871559633,947.8260869565217,0.03646788990825688,27.42138364779874,0,0,0.046052631578947366,0.06862745098039216,NA,NA,NA
84,Ховд,2005,23,21600,830,81893,NA,1.0648148148148149,939.1304347826087,0.038425925925925926,26.02409638554217,0,0,0.0440251572327044,-0.009174311926605505,NA,NA,NA
84,Ховд,2006,24,21600,853,81409,NA,1.1111111111111112,900,0.03949074074074074,25.322391559202813,-0.043478260869565216,0.043478260869565216,0.027710843373493974,0,NA,NA,NA
84,Ховд,2007,24,21900,881,80667,NA,1.095890410958904,912.5,0.04022831050228311,24.85811577752554,0,0,0.032825322391559206,0.013888888888888888,NA,NA,NA
84,Ховд,2008,23,21400,922,79412,NA,1.074766355140187,930.4347826086956,0.04308411214953271,23.210412147505423,0.041666666666666664,-0.041666666666666664,0.046538024971623154,-0.0228310502283105,NA,NA,NA
84,Ховд,2009,23,20500,940,78260,NA,1.121951219512195,891.304347826087,0.045853658536585365,21.80851063829787,0,0,0.019522776572668113,-0.04205607476635514,NA,NA,NA
84,Ховд,2010,23,19600,944,77302,NA,1.1734693877551021,852.1739130434783,0.04816326530612245,20.76271186440678,0,0,0.00425531914893617,-0.04390243902439024,NA,NA,NA
84,Ховд,2011,24,19000,973,77023,NA,1.263157894736842,791.6666666666666,0.05121052631578947,19.527235354573484,-0.043478260869565216,0.043478260869565216,0.03072033898305085,-0.030612244897959183,NA,NA,NA
84,Ховд,2012,24,18400,994,77785,NA,1.3043478260869565,766.6666666666666,0.05402173913043478,18.51106639839034,0,0,0.02158273381294964,-0.031578947368421054,NA,NA,NA
84,Ховд,2013,24,17900,994,78664,NA,1.3407821229050279,745.8333333333334,0.05553072625698324,18.00804828973843,0,0,0,-0.02717391304347826,NA,NA,NA
84,Ховд,2014,24,17800,993,80230,NA,1.348314606741573,741.6666666666666,0.055786516853932586,17.925478348439075,0,0,-0.001006036217303823,-0.00558659217877095,NA,NA,NA
84,Ховд,2015,24,18300,1034,82498,NA,1.3114754098360655,762.5,0.056502732240437156,17.69825918762089,0,0,0.041289023162134945,0.028089887640449437,NA,NA,NA
84,Ховд,2016,25,18100,1006,84002,NA,1.3812154696132597,724,0.055580110497237566,17.992047713717692,-0.041666666666666664,0.041666666666666664,-0.027079303675048357,-0.01092896174863388,NA,NA,NA
84,Ховд,2017,25,18500,1020,85431,NA,1.3513513513513513,740,0.055135135135135134,18.137254901960784,0,0,0.013916500994035786,0.022099447513812154,NA,NA,NA
84,Ховд,2018,25,18600,1029,87353,NA,1.3440860215053765,744,0.05532258064516129,18.075801749271136,0,0,0.008823529411764706,0.005405405405405406,NA,NA,NA
84,Ховд,2019,25,19400,1022,89021,NA,1.288659793814433,776,0.05268041237113402,18.98238747553816,0,0,-0.006802721088435374,0.043010752688172046,NA,NA,NA
84,Ховд,2020,25,20200,1050,90287,NA,1.2376237623762376,808,0.05198019801980198,19.238095238095237,0,0,0.0273972602739726,0.041237113402061855,NA,NA,NA
84,Ховд,2021,25,20500,1064,91160,NA,1.2195121951219512,820,0.05190243902439024,19.26691729323308,0,0,0.013333333333333334,0.01485148514851485,NA,NA,NA
84,Ховд,2022,25,21000,1073,91429,NA,1.1904761904761907,840,0.051095238095238096,19.571295433364398,0,0,0.008458646616541353,0.024390243902439025,NA,NA,NA
84,Ховд,2023,25,21200,1054,91594,NA,1.1792452830188678,848,0.04971698113207547,20.113851992409867,0,0,-0.017707362534948742,0.009523809523809525,NA,NA,NA
84,Ховд,2024,25,21800,1064,92267,NA,1.146788990825688,872,0.048807339449541284,20.48872180451128,0,0,0.009487666034155597,0.02830188679245283,NA,NA,NA
84,Ховд,2025,25,22300,1092,93094,NA,1.1210762331838564,892,0.04896860986547085,20.42124542124542,0,0,0.02631578947368421,0.022935779816513763,NA,NA,NA
85,Увс,1990,NA,NA,NA,86384,NA,NA,NA,NA,NA,NA,NA,NA,NA,NA,NA,NA
85,Увс,1991,NA,NA,NA,90033,NA,NA,NA,NA,NA,NA,NA,NA,NA,NA,NA,NA
85,Увс,1992,NA,NA,NA,92301,NA,NA,NA,NA,NA,NA,NA,NA,NA,NA,NA,NA
85,Увс,1993,NA,NA,NA,93836,NA,NA,NA,NA,NA,NA,NA,NA,NA,NA,NA,NA
85,Увс,1994,NA,NA,NA,94875,NA,NA,NA,NA,NA,NA,NA,NA,NA,NA,NA,NA
85,Увс,1995,NA,NA,NA,95659,NA,NA,NA,NA,NA,NA,NA,NA,NA,NA,NA,NA
85,Увс,1996,NA,NA,NA,95903,NA,NA,NA,NA,NA,NA,NA,NA,NA,NA,NA,NA
85,Увс,1997,NA,NA,NA,95305,NA,NA,NA,NA,NA,NA,NA,NA,NA,NA,NA,NA
85,Увс,1998,NA,NA,NA,94230,NA,NA,NA,NA,NA,NA,NA,NA,NA,NA,NA,NA
85,Увс,1999,NA,NA,NA,91899,NA,NA,NA,NA,NA,NA,NA,NA,NA,NA,NA,NA
85,Увс,2000,26,17300,680,88198,NA,1.5028901734104045,665.3846153846154,0.03930635838150289,25.441176470588236,NA,NA,NA,NA,NA,NA,NA
85,Увс,2001,27,18100,688,85586,NA,1.4917127071823204,670.3703703703703,0.03801104972375691,26.308139534883722,-0.038461538461538464,0.038461538461538464,0.011764705882352941,0.046242774566473986,NA,NA,NA
85,Увс,2002,29,18900,736,83525,NA,1.5343915343915344,651.7241379310345,0.038941798941798944,25.679347826086957,-0.07407407407407407,0.07407407407407407,0.06976744186046512,0.04419889502762431,NA,NA,NA
85,Увс,2003,30,19600,765,81142,NA,1.530612244897959,653.3333333333334,0.03903061224489796,25.62091503267974,-0.034482758620689655,0.034482758620689655,0.03940217391304348,0.037037037037037035,NA,NA,NA
85,Увс,2004,30,20800,764,79396,NA,1.4423076923076923,693.3333333333334,0.036730769230769234,27.225130890052355,0,0,-0.00130718954248366,0.061224489795918366,NA,NA,NA
85,Увс,2005,30,21200,811,78331,NA,1.4150943396226414,706.6666666666666,0.03825471698113207,26.140567200986435,0,0,0.061518324607329845,0.019230769230769232,NA,NA,NA
85,Увс,2006,27,20800,857,77635,NA,1.2980769230769231,770.3703703703703,0.041201923076923073,24.27071178529755,0.1,-0.1,0.05672009864364982,-0.018867924528301886,NA,NA,NA
85,Увс,2007,27,20500,882,77072,NA,1.3170731707317074,759.2592592592592,0.043024390243902436,23.24263038548753,0,0,0.029171528588098017,-0.014423076923076924,NA,NA,NA
85,Увс,2008,27,20400,964,76254,NA,1.3235294117647058,755.5555555555555,0.047254901960784315,21.16182572614108,0,0,0.09297052154195011,-0.004878048780487805,NA,NA,NA
85,Увс,2009,27,19800,975,74989,NA,1.3636363636363638,733.3333333333334,0.04924242424242424,20.307692307692307,0,0,0.011410788381742738,-0.029411764705882353,NA,NA,NA
85,Увс,2010,28,19600,981,73746,NA,1.4285714285714286,700,0.05005102040816327,19.979612640163097,-0.037037037037037035,0.037037037037037035,0.006153846153846154,-0.010101010101010102,NA,NA,NA
85,Увс,2011,30,18700,980,73106,NA,1.6042780748663101,623.3333333333334,0.052406417112299465,19.081632653061224,-0.07142857142857142,0.07142857142857142,-0.0010193679918450561,-0.04591836734693878,NA,NA,NA
85,Увс,2012,31,18000,997,73404,NA,1.7222222222222223,580.6451612903226,0.05538888888888889,18.05416248746239,-0.03333333333333333,0.03333333333333333,0.017346938775510204,-0.0374331550802139,NA,NA,NA
85,Увс,2013,31,17400,996,73898,NA,1.781609195402299,561.2903225806451,0.05724137931034483,17.46987951807229,0,0,-0.0010030090270812437,-0.03333333333333333,NA,NA,NA
85,Увс,2014,30,17000,991,74882,NA,1.7647058823529413,566.6666666666666,0.05829411764705882,17.15438950554995,0.03225806451612903,-0.03225806451612903,-0.0050200803212851405,-0.022988505747126436,NA,NA,NA
85,Увс,2015,30,17400,1046,78278,NA,1.7241379310344827,580,0.06011494252873563,16.634799235181646,0,0,0.055499495459132187,0.023529411764705882,NA,NA,NA
85,Увс,2016,30,17400,1027,81020,NA,1.7241379310344827,580,0.05902298850574712,16.94255111976631,0,0,-0.018164435946462717,0,NA,NA,NA
85,Увс,2017,30,17500,982,81983,NA,1.7142857142857142,583.3333333333334,0.056114285714285714,17.820773930753564,0,0,-0.043816942551119765,0.005747126436781609,NA,NA,NA
85,Увс,2018,30,17700,1028,83499,NA,1.694915254237288,590,0.05807909604519774,17.217898832684824,0,0,0.04684317718940937,0.011428571428571429,NA,NA,NA
85,Увс,2019,30,18000,1018,83766,NA,1.6666666666666667,600,0.05655555555555555,17.68172888015717,0,0,-0.009727626459143969,0.01694915254237288,NA,NA,NA
85,Увс,2020,30,18500,1053,83466,NA,1.6216216216216215,616.6666666666666,0.05691891891891892,17.568850902184234,0,0,0.0343811394891945,0.027777777777777776,NA,NA,NA
85,Увс,2021,30,18800,1046,83994,NA,1.5957446808510638,626.6666666666666,0.055638297872340425,17.97323135755258,0,0,-0.006647673314339981,0.016216216216216217,NA,NA,NA
85,Увс,2022,29,19300,1048,84213,NA,1.5025906735751295,665.5172413793103,0.05430051813471502,18.416030534351144,0.03333333333333333,-0.03333333333333333,0.0019120458891013384,0.026595744680851064,NA,NA,NA
85,Увс,2023,29,19700,1022,84123,NA,1.4720812182741119,679.3103448275862,0.05187817258883249,19.275929549902152,0,0,-0.02480916030534351,0.02072538860103627,NA,NA,NA
85,Увс,2024,30,20000,1039,84597,NA,1.5,666.6666666666666,0.05195,19.249278152069298,-0.034482758620689655,0.034482758620689655,0.016634050880626222,0.015228426395939087,NA,NA,NA
85,Увс,2025,30,20200,1058,85245,NA,1.4851485148514851,673.3333333333334,0.052376237623762374,19.092627599243855,0,0,0.01828681424446583,0.01,NA,NA,NA
