b,gamma_boot,beta_low_boot,beta_high_boot,beta_diff_boot,N_boot,N_low_boot,N_high_boot,warning_flag,failed_flag,warning_note
1,19.114821429988513,0.0834692543045286,0.10317436353470115,0.019705109230172546,3627,638,2989,FALSE,FALSE,
2,19.806769563020094,0.10820384677025668,0.1186757628048953,0.01047191603463861,3071,1064,2007,FALSE,FALSE,
3,19.61182193062687,0.09960354050966543,0.11467678126329268,0.01507324075362726,5017,715,4302,FALSE,FALSE,
4,19.806769563020094,0.08336693732067123,0.10871837950749669,0.02535144218682546,2990,1190,1800,FALSE,FALSE,
5,18.81848932190445,0.08600290835808785,0.10388834070757481,0.01788543234948696,4063,903,3160,FALSE,FALSE,
6,19.350678307200045,0.08599028236521847,0.11256808113799492,0.026577798772776454,4091,1004,3087,FALSE,FALSE,
7,18.96672143576005,0.10030551108876096,0.11087964968134995,0.010574138592588989,2925,836,2089,FALSE,FALSE,
8,18.96672143576005,0.06400896941453142,0.09483965340192778,0.030830683987396357,2301,842,1459,FALSE,FALSE,
9,25.362555483357653,0.09979632079766329,0.126527887509019,0.02673156671135571,3284,2679,605,FALSE,FALSE,
10,19.805350829047185,0.09860008936624906,0.11107902302596923,0.012478933659720165,3283,1328,1955,FALSE,FALSE,
11,25.362555483357653,0.09908830382714308,0.14310178115627759,0.04401347732913451,2046,1842,204,FALSE,FALSE,
12,19.805350829047185,0.07478620343927847,0.1130669873584957,0.03828078391921723,3302,1327,1975,FALSE,FALSE,
13,19.12177975172682,0.06543409999055819,0.11314400073606314,0.04770990074550495,4571,647,3924,FALSE,FALSE,
14,25.19020593306931,0.10615618827364787,0.12260932655972076,0.016453138286072894,3125,2632,493,FALSE,FALSE,
15,19.114821429988513,0.07653009236929514,0.11111060722003707,0.03458051485074193,3191,831,2360,FALSE,FALSE,
16,18.96672143576005,0.08505948282018014,0.11590526524505063,0.030845782424870488,3055,810,2245,FALSE,FALSE,
17,19.61182193062687,0.0903273190353791,0.10393963781737522,0.013612318781996119,3047,914,2133,FALSE,FALSE,
18,19.870365823828326,0.07260601230999916,0.08079366657613794,0.00818765426613878,2394,1292,1102,FALSE,FALSE,
19,25.878803292112114,0.11669870136713531,0.1551341720591548,0.0384354706920195,2096,1721,375,FALSE,FALSE,
20,19.806769563020094,0.07758687468661322,0.11010383594062519,0.03251696125401196,3113,1293,1820,FALSE,FALSE,
21,19.60033787245687,0.08334643892905533,0.10984194514161208,0.026495506212556752,3186,1075,2111,FALSE,FALSE,
22,16.857084150440357,0.05407902633665651,0.10383347601503334,0.04975444967837683,2239,339,1900,FALSE,FALSE,
23,20.887892164374822,0.093780977693595,0.07759040079876006,-0.01619057689483494,2108,949,1159,FALSE,FALSE,
24,19.806769563020094,0.07677597363375314,0.11257181175314278,0.035795838119389634,4206,1623,2583,FALSE,FALSE,
25,19.27869384387977,0.07274053990449275,0.09266982856234013,0.019929288657847377,2871,864,2007,FALSE,FALSE,
26,19.61182193062687,0.09403745339051682,0.10399362343765048,0.009956170047133658,3238,1097,2141,FALSE,FALSE,
27,25.31757881017335,0.10970770615785626,0.16296374134927727,0.05325603519142101,2534,2136,398,FALSE,FALSE,
28,25.460230048124227,0.07864032626719221,0.13357043750283995,0.05493011123564774,2564,2131,433,FALSE,FALSE,
29,19.806769563020094,0.0810725533610096,0.10723885424339341,0.02616630088238381,3700,1286,2414,FALSE,FALSE,
30,18.96672143576005,0.08896470292218037,0.10913919917745067,0.020174496255270305,3224,908,2316,FALSE,FALSE,
31,19.61182193062687,0.07354288769769013,0.10213558814191863,0.0285927004442285,3010,1045,1965,FALSE,FALSE,
32,25.299559964028415,0.08770670268601324,0.14174334567087982,0.05403664298486657,2504,2134,370,FALSE,FALSE,
33,17.47327139887104,0.07811884965726672,0.09424732651269423,0.01612847685542751,3251,400,2851,FALSE,FALSE,
34,25.362555483357653,0.09067719280552186,0.12123789400648896,0.0305607012009671,2503,1989,514,FALSE,FALSE,
35,26.171389911851257,0.09081838407420262,0.1522820186448395,0.06146363457063689,2727,2415,312,FALSE,FALSE,
36,18.015636323033718,0.095277494669020385,0.11301119651191413,0.017733701842893745,5121,718,4403,FALSE,FALSE,
37,19.61182193062687,0.09128371367229246,0.11452879662971112,0.02324508295741866,3707,893,2814,FALSE,FALSE,
38,19.350678307200045,0.07638771416808517,0.10747307932274376,0.031085365154658595,3235,830,2405,FALSE,FALSE,
39,19.61182193062687,0.09267999484669955,0.11541894213335169,0.022738947286652142,3696,1045,2651,FALSE,FALSE,
40,19.805350829047185,0.10073497002322451,0.1328873056575653,0.03215233563434078,3344,1394,1950,FALSE,FALSE,
41,22.572146235469603,0.11007670247689424,0.14545061871824802,0.035373916241353776,2603,1330,1273,FALSE,FALSE,
42,19.806769563020094,0.10775268777969632,0.12182566804231294,0.014072980262616622,3620,1233,2387,FALSE,FALSE,
43,20.07440944585288,0.08551834631524688,0.1167336783068322,0.031215331991585327,2319,820,1499,FALSE,FALSE,
44,19.843845656610355,0.09763740691944887,0.1298714281297962,0.03223402121034734,2331,755,1576,FALSE,FALSE,
45,25.19020593306931,0.09026742557001913,0.13163726250359495,0.04136983693357582,2340,2031,309,FALSE,FALSE,
46,19.114821429988513,0.08968663103849266,0.10257707106995793,0.012890440031465278,3353,924,2429,FALSE,FALSE,
47,25.161314330815753,0.1130992098541235,0.12900237074159435,0.015903160887470846,2916,2391,525,FALSE,FALSE,
48,19.350678307200045,0.06807870885066764,0.11455423216825052,0.04647552331758288,4103,1031,3072,FALSE,FALSE,
49,25.088356705879416,0.07637107756612149,0.12763531413060478,0.051264236564483284,2379,2061,318,FALSE,FALSE,
50,19.870365823828326,0.06105774366544823,0.11446243247543517,0.05340468880998694,2147,923,1224,FALSE,FALSE,
51,25.299559964028415,0.0969153013655178,0.127875492360185,0.030960190994667194,3233,2692,541,FALSE,FALSE,
52,25.460230048124227,0.08798681868458673,0.11022409058654867,0.02223727190196194,3315,2955,360,FALSE,FALSE,
53,17.51152107801462,0.06566817640265478,0.11124832588719817,0.04558014948454339,3036,377,2659,FALSE,FALSE,
54,19.843845656610355,0.08353519405068358,0.09529892202792534,0.011763727977241761,1984,704,1280,FALSE,FALSE,
55,20.699485952426045,0.11042112416600672,0.1004535595573024,-0.009967564608704321,3137,1547,1590,FALSE,FALSE,
56,25.31757881017335,0.10470819576103417,0.1251825029663462,0.02047430720531203,2336,1954,382,FALSE,FALSE,
57,18.067986634480178,0.08374521934480852,0.10465036102281122,0.020905141678002698,3170,785,2385,FALSE,FALSE,
58,18.015636323033718,0.08998342780001917,0.11061214301491326,0.020628715214894094,4525,558,3967,FALSE,FALSE,
59,17.71428586604627,0.07685562855703905,0.10592465190339309,0.029069023346354042,3618,530,3088,FALSE,FALSE,
60,25.19020593306931,0.09328983018666334,0.12396276804266125,0.03067293785599791,3160,2720,440,FALSE,FALSE,
61,19.61182193062687,0.08978507107967217,0.10816277227057118,0.018377701190899015,4065,1123,2942,FALSE,FALSE,
62,19.27869384387977,0.07998016033164138,0.11870038842229956,0.038720228090658185,3926,1023,2903,FALSE,FALSE,
63,18.966049777269326,0.07966096082975721,0.11806922754790744,0.03840826671815023,4011,946,3065,FALSE,FALSE,
64,25.749170875695366,0.08581650002675996,0.09877298121909782,0.01295648119233786,2424,2130,294,FALSE,FALSE,
65,20.666171136965765,0.10238940351645998,0.09759866543353199,-0.004790738082927987,2942,1188,1754,FALSE,FALSE,
66,25.362555483357653,0.07587788321003336,0.11919666820276793,0.043318784992734574,2281,1869,412,FALSE,FALSE,
67,19.12177975172682,0.07463924227433458,0.10025679624833303,0.025617553973998453,3280,1069,2211,FALSE,FALSE,
68,19.61182193062687,0.07873660668701027,0.10459698889749922,0.025860382210488947,3729,814,2915,FALSE,FALSE,
69,19.805350829047185,0.07989725198420283,0.1261615956488351,0.04626434366463228,2963,1151,1812,FALSE,FALSE,
70,19.806769563020094,0.0955397200541376,0.1213104944852671,0.02577077443112949,3077,1221,1856,FALSE,FALSE,
71,19.61182193062687,0.09221752538180085,0.11137650847102741,0.01915898308922656,3394,1191,2203,FALSE,FALSE,
72,18.96672143576005,0.09193204888543766,0.11827846825922944,0.026346419373791785,4817,790,4027,FALSE,FALSE,
73,19.60033787245687,0.07915347311737406,0.11849166740769249,0.03933819429031843,3756,830,2926,FALSE,FALSE,
74,25.31757881017335,0.10640882842659061,0.13652276083110176,0.030113932404511157,2339,1968,371,FALSE,FALSE,
75,25.401534574090174,0.0988904873217705,0.13613200162320518,0.037241514301434686,2628,2355,273,FALSE,FALSE,
76,25.31757881017335,0.07762637298266807,0.12932014418026774,0.05169377119759967,2464,2142,322,FALSE,FALSE,
77,19.27869384387977,0.07004177424460566,0.10346823540964287,0.03342646116503721,3159,1139,2020,FALSE,FALSE,
78,25.299559964028415,0.09819422203683943,0.14617630390010042,0.047982081863260986,2546,2228,318,FALSE,FALSE,
79,21.373500259307033,0.075564850797419425,0.11533834075495633,0.039773489957536906,2432,1565,867,FALSE,FALSE,
80,19.60033787245687,0.08280334061080409,0.10751791713763376,0.024714576526829665,3611,890,2721,FALSE,FALSE,
81,19.114821429988513,0.09930189314281399,0.11439484790873175,0.015092954765917765,3203,1044,2159,FALSE,FALSE,
82,21.373500259307033,0.07988956460658847,0.11019646610404088,0.03030690149745241,2257,955,1302,FALSE,FALSE,
83,19.789645866972208,0.09458008822154958,0.10572279557658386,0.011142707355034281,2362,1050,1312,FALSE,FALSE,
84,20.152447068482374,0.10169596558298173,0.1369367293346973,0.03524076375171557,2660,1212,1448,FALSE,FALSE,
85,25.161314330815753,0.09375773955495097,0.12261112910324892,0.028853389548297956,2383,1979,404,FALSE,FALSE,
86,25.362555483357653,0.08945443517655748,0.12479874438584343,0.035344309209285954,2232,1856,376,FALSE,FALSE,
87,25.19020593306931,0.11557167975496901,0.13935428407406006,0.023782604319091044,3219,2817,402,FALSE,FALSE,
88,25.31757881017335,0.06959515293966971,0.11022911066447591,0.0406339577248062,2518,2165,353,FALSE,FALSE,
89,22.569234097728142,0.07345532205468573,0.10893236697368872,0.035477044919002984,2164,1145,1019,FALSE,FALSE,
90,19.61182193062687,0.09587907977914509,0.10383568103694762,0.007956601257802537,3533,1235,2298,FALSE,FALSE,
91,25.362555483357653,0.09413789901760938,0.11611903495231778,0.021981135934708393,3358,3031,327,FALSE,FALSE,
92,19.12177975172682,0.08346464727689164,0.1105482009189771,0.027083553642085464,3157,828,2329,FALSE,FALSE,
93,25.460230048124227,0.08768977592359209,0.11842829292563892,0.030738517002046828,2732,2432,300,FALSE,FALSE,
94,19.806769563020094,0.09853322099264057,0.11612621316111481,0.017592992168474236,4556,1326,3230,FALSE,FALSE,
95,19.805350829047185,0.08361904142809992,0.10772272616490522,0.024103684736805298,3891,1456,2435,FALSE,FALSE,
96,24.96122663557223,0.0797795388014931,0.12214228335381214,0.04236274455231903,2397,2051,346,FALSE,FALSE,
97,19.61182193062687,0.09133924963857698,0.12091114568238881,0.02957189604381183,3868,1009,2859,FALSE,FALSE,
98,19.61182193062687,0.09369289670218503,0.11052187829502529,0.016828981592840256,4545,923,3622,FALSE,FALSE,
99,17.680555244142315,0.09401300281962735,0.1139034551702193,0.019890452350591947,3007,513,2494,FALSE,FALSE,
100,25.19020593306931,0.10267286414694184,0.12183010846324457,0.019157244316302738,3047,2541,506,FALSE,FALSE,
101,19.806769563020094,0.09350569830120717,0.11952228615440831,0.026016587853201142,3119,1410,1709,FALSE,FALSE,
102,23.980983050168934,0.07823478470840077,0.13133240223177461,0.053097617523373844,2538,2081,457,FALSE,FALSE,
103,22.859305599139788,0.11198828746512265,0.10505742059803184,-0.00693086686709081,3548,2254,1294,FALSE,FALSE,
104,22.569234097728142,0.10556319196989608,0.11823932385710649,0.01267613188721041,2138,1271,867,FALSE,FALSE,
105,25.878803292112114,0.0821553892351631,0.144394637148736,0.06223924791357288,2438,2116,322,FALSE,FALSE,
106,19.806769563020094,0.08460910881535777,0.11096940878299699,0.026360299967639222,4325,1354,2971,FALSE,FALSE,
107,19.870365823828326,0.08819824156689834,0.10638786426380434,0.018189622696905994,2623,1380,1243,FALSE,FALSE,
108,16.7807649925724,0.0726932414462514,0.1095495346963058,0.03685629325005439,2361,350,2011,FALSE,FALSE,
109,19.843845656610355,0.06137052788605741,0.10237962899963629,0.04100910111357888,2462,1374,1088,FALSE,FALSE,
110,19.114821429988513,0.08473991640206373,0.10506950041754584,0.020329584015482113,3167,985,2182,FALSE,FALSE,
111,25.31757881017335,0.08925940337791308,0.11260800055280674,0.023348597174893668,2388,2073,315,FALSE,FALSE,
112,18.015636323033718,0.10983860178462004,0.11689390037878121,0.007055298594161166,4493,477,4016,FALSE,FALSE,
113,19.805350829047185,0.08937756677297161,0.12638290902764054,0.037005342254668935,3271,1219,2052,FALSE,FALSE,
114,19.350678307200045,0.09775781674852144,0.11728620684527652,0.019528390096755083,4621,804,3817,FALSE,FALSE,
115,19.806769563020094,0.10427994215403641,0.11393749022018981,0.009657548066153404,2968,1133,1835,FALSE,FALSE,
116,18.890889404169155,0.0761603707874941,0.10919223217370845,0.03303186138621435,4748,938,3810,FALSE,FALSE,
117,19.805350829047185,0.10393519163470374,0.11171904967587526,0.007783858041171515,3059,993,2066,FALSE,FALSE,
118,17.94108879626121,0.07186894650746503,0.10135098136430021,0.029482034856835176,2356,240,2116,FALSE,FALSE,
119,25.31757881017335,0.0722816048927227,0.1250005216285502,0.05271891673582749,2718,2341,377,FALSE,FALSE,
120,18.96672143576005,0.09435019258951588,0.1018128025868279,0.00746260999731202,2962,949,2013,FALSE,FALSE,
121,19.806769563020094,0.07560307611881516,0.10771747121815986,0.0321143950993447,3132,1191,1941,FALSE,FALSE,
122,19.117776582772898,0.061742449775592456,0.07606916063728818,0.014326710861695721,2409,1171,1238,FALSE,FALSE,
123,19.843845656610355,0.07246808249901324,0.10880320551024739,0.03633512301123415,2313,1118,1195,FALSE,FALSE,
124,22.572146235469603,0.11112255204973445,0.12150083076930741,0.010378278719572961,3002,1781,1221,FALSE,FALSE,
125,19.12177975172682,0.06721391435296481,0.09977479445993716,0.03256088010697235,3995,961,3034,FALSE,FALSE,
126,19.806769563020094,0.10284918134046192,0.11507392191104196,0.01222474057058004,3122,1403,1719,FALSE,FALSE,
127,25.31757881017335,0.07003545225027674,0.10940408683998595,0.03936863458970921,2931,2615,316,FALSE,FALSE,
128,19.806769563020094,0.07771248307920088,0.11084691657826727,0.03313443349906639,2818,1180,1638,FALSE,FALSE,
129,25.824594396956908,0.09465851522417806,0.10220144163854064,0.007542926414362577,2482,2142,340,FALSE,FALSE,
130,25.19020593306931,0.10524144266461137,0.11742909115106287,0.0121876484864515,2916,2447,469,FALSE,FALSE,
131,25.19020593306931,0.09478738728538585,0.1279680435725071,0.033180656287121246,2512,2149,363,FALSE,FALSE,
132,23.721299524578214,0.09625436577194768,0.13156766753405408,0.0353133017621064,2283,1755,528,FALSE,FALSE,
133,25.31757881017335,0.08250577971639986,0.14090467614426483,0.05839889642786497,2852,2547,305,FALSE,FALSE,
134,25.98315376093154,0.1340071838217011,0.16944577790163118,0.03543859407993008,2348,2088,260,FALSE,FALSE,
135,19.806769563020094,0.10227009947937223,0.10571173446712391,0.003441634987751685,3070,1420,1650,FALSE,FALSE,
136,19.27869384387977,0.07344875966608971,0.11094610520767353,0.03749734554158382,3908,734,3174,FALSE,FALSE,
137,25.401534574090174,0.07819465210161895,0.10388716317171792,0.02569251107009897,2718,2353,365,FALSE,FALSE,
138,19.870365823828326,0.09219149165158483,0.12133975704686564,0.029148265395280815,2358,1111,1247,FALSE,FALSE,
139,25.19020593306931,0.10477730964786999,0.12262338393383856,0.01784607428596857,2799,2344,455,FALSE,FALSE,
140,19.806769563020094,0.08787461691072228,0.10599934731810956,0.018124730407387282,3182,1088,2094,FALSE,FALSE,
141,19.350678307200045,0.11117391782158798,0.11726638405771293,0.006092466236124958,2945,902,2043,FALSE,FALSE,
142,19.806769563020094,0.10477472017221383,0.11818200405868085,0.013407283886467017,2984,937,2047,FALSE,FALSE,
143,19.61182193062687,0.09292032757403515,0.10715937122378784,0.014239043649752689,3924,1253,2671,FALSE,FALSE,
144,19.61182193062687,0.08569151331392866,0.11084020252993919,0.02514868921601053,3948,1151,2797,FALSE,FALSE,
145,18.131998952853298,0.09311775942929809,0.12056108640732664,0.02744332697802855,3955,544,3411,FALSE,FALSE,
146,19.60033787245687,0.08216892523556635,0.11593158992545449,0.033762664689888144,4112,1136,2976,FALSE,FALSE,
147,25.893118378518675,0.10249429694495643,0.12292534455526395,0.02043104761030752,2364,1986,378,FALSE,FALSE,
148,17.559477170361543,0.07846761354894208,0.11109035523678938,0.032622741687847304,4287,448,3839,FALSE,FALSE,
149,17.94108879626121,0.054869403525409144,0.11457889828718087,0.05970949476177173,3848,427,3421,FALSE,FALSE,
150,19.350678307200045,0.08478774356235474,0.11469142812279606,0.029903684560441318,3610,955,2655,FALSE,FALSE,
151,19.61182193062687,0.08437329757610432,0.10334369195491322,0.018970394378808902,3918,1186,2732,FALSE,FALSE,
152,19.350678307200045,0.0964315565015218,0.11510854429761819,0.01867698779609639,2999,1062,1937,FALSE,FALSE,
153,18.131998952853298,0.09792257252312818,0.13043064869660032,0.032508076173472136,3109,447,2662,FALSE,FALSE,
154,19.12177975172682,0.06839793171909883,0.0988396431967545,0.030441711477655675,3722,919,2803,FALSE,FALSE,
155,25.362555483357653,0.07570668924758445,0.11655339099229943,0.04084670174471498,2657,2305,352,FALSE,FALSE,
156,18.96672143576005,0.08755949584902227,0.10922521427754499,0.021665718428522718,3068,964,2104,FALSE,FALSE,
157,25.137091096616988,0.09459344064330386,0.1570033671428539,0.062409926499550045,2559,2302,257,FALSE,FALSE,
158,20.699485952426045,0.12311472241475599,0.10377512176520028,-0.019339600649555713,3906,1617,2289,FALSE,FALSE,
159,19.61182193062687,0.07896481964089919,0.10959501432893305,0.030630194688033865,3770,1178,2592,FALSE,FALSE,
160,16.7807649925724,0.047489518007145626,0.11392131042020018,0.06643179241305455,3119,320,2799,FALSE,FALSE,
161,25.19020593306931,0.11287020593812293,0.12109182745406726,0.008221621515944327,2596,2165,431,FALSE,FALSE,
162,20.699485952426045,0.11360810922692437,0.09691868606676642,-0.01668942316015795,3012,1447,1565,FALSE,FALSE,
163,19.789645866972208,0.08099550643133294,0.10752395855566754,0.026528452124334606,4111,1483,2628,FALSE,FALSE,
164,19.805350829047185,0.10326708017743241,0.1272774002381262,0.024010320060693785,4567,1476,3091,FALSE,FALSE,
165,25.299559964028415,0.07362795466202415,0.12015403246588803,0.04652607780386388,2801,2523,278,FALSE,FALSE,
166,22.569234097728142,0.10806417992802209,0.12027859339077354,0.012214413462751456,3909,2291,1618,FALSE,FALSE,
167,19.61182193062687,0.08749947903009664,0.1098916820384695,0.022392203008372857,3912,878,3034,FALSE,FALSE,
168,18.09913762606492,0.06331030218576572,0.12222737529659689,0.058917073110831164,3849,397,3452,FALSE,FALSE,
169,18.966049777269326,0.07072415146572893,0.11021856364659824,0.03949441218086931,3328,1140,2188,FALSE,FALSE,
170,18.148197678855947,0.079005529645848,0.11356452148306649,0.034558991837218486,4489,646,3843,FALSE,FALSE,
171,16.72804128231951,0.08346701478709527,0.10848952427391104,0.025022509486815767,3072,361,2711,FALSE,FALSE,
172,19.806769563020094,0.09973052147610284,0.10928375584857514,0.009553234372472297,2964,1047,1917,FALSE,FALSE,
173,25.362555483357653,0.10821301514033796,0.1330910057164839,0.024877990576145953,3050,2377,673,FALSE,FALSE,
174,19.806769563020094,0.0751525317778642,0.1081208412549795,0.03296830947711531,3505,1466,2039,FALSE,FALSE,
175,25.878803292112114,0.09087001426715405,0.1278066808603238,0.03693666659316974,2643,2196,447,FALSE,FALSE,
176,24.882452076685073,0.06320803456783294,0.0923030866969119,0.029095052129078952,2114,1882,232,FALSE,FALSE,
177,25.460230048124227,0.09168275545185636,0.11889458442710903,0.027211828975252664,3324,2796,528,FALSE,FALSE,
178,19.805350829047185,0.09939508083780232,0.12356090241654573,0.024165821578743404,3215,1280,1935,FALSE,FALSE,
179,19.215903415629818,0.06719706592383012,0.11204367916345381,0.04484661323962369,3888,797,3091,FALSE,FALSE,
180,18.788359353118945,0.09432344886698862,0.12014858537913958,0.02582513651215096,3344,759,2585,FALSE,FALSE,
181,19.806769563020094,0.11433854101629115,0.11418943624394072,-1.4910477235043074e-4,4253,1533,2720,FALSE,FALSE,
182,25.31757881017335,0.0642841277927984,0.09553487605921661,0.0312507482664182,2369,2047,322,FALSE,FALSE,
183,19.61182193062687,0.08649521301008967,0.10423775248228004,0.017742539472190372,3181,1247,1934,FALSE,FALSE,
184,25.137091096616988,0.10657403128586146,0.14124780947219304,0.03467377818633158,2575,1996,579,FALSE,FALSE,
185,19.805350829047185,0.0828132834954814,0.11346437640148274,0.030651092906001348,2872,1111,1761,FALSE,FALSE,
186,19.805350829047185,0.08180222060349393,0.10411608786638475,0.02231386726289082,3514,1573,1941,FALSE,FALSE,
187,19.843845656610355,0.08432561868455472,0.11522556572525662,0.030899947040701897,2200,1198,1002,FALSE,FALSE,
188,19.789645866972208,0.08426807527374713,0.1268584037302711,0.04259032845652397,2479,1267,1212,FALSE,FALSE,
189,18.015636323033718,0.1190665213153605,0.1204952954325337,0.0014287741171732093,3766,571,3195,FALSE,FALSE,
190,19.114821429988513,0.09146543734541386,0.10769223522933914,0.01622679788392528,3912,1106,2806,FALSE,FALSE,
191,20.046803246234816,0.06920012245172619,0.09356717822260913,0.02436705577088294,2666,1299,1367,FALSE,FALSE,
192,19.61182193062687,0.08039300249055625,0.11307453673074477,0.03268153424018852,4501,1034,3467,FALSE,FALSE,
193,25.401534574090174,0.10641450357590287,0.1539954679166514,0.047580964340748516,2820,2456,364,FALSE,FALSE,
194,25.878803292112114,0.06396213874084648,0.12308749230241282,0.05912535356156634,2711,2424,287,FALSE,FALSE,
195,19.502490476545496,0.07685364529069354,0.11947612130819701,0.04262247601750348,2876,931,1945,FALSE,FALSE,
196,19.350678307200045,0.07579286163187074,0.089348213084263,0.013555351452392256,2516,1279,1237,FALSE,FALSE,
197,18.96672143576005,0.07333279976792684,0.11143914514545156,0.03810634537752472,3168,623,2545,FALSE,FALSE,
198,25.401534574090174,0.08169624820632589,0.10862033020214566,0.026924081995819776,3437,3020,417,FALSE,FALSE,
199,19.843845656610355,0.07340919642819191,0.1119940257233887,0.038584829295196785,2552,1127,1425,FALSE,FALSE,
200,25.86946746455014,0.09541312997219233,0.13279971406832858,0.03738658409613625,2615,2360,255,FALSE,FALSE,
201,25.19020593306931,0.09619937064459325,0.1281382792637264,0.03193890861913315,3083,2755,328,FALSE,FALSE,
202,19.350678307200045,0.08798350543610772,0.11557338376214968,0.027589878326041956,2812,771,2041,FALSE,FALSE,
203,19.805350829047185,0.09726434236435666,0.12533514785330016,0.0280708054889435,3762,1103,2659,FALSE,FALSE,
204,25.31757881017335,0.08781865269269987,0.13385161314867183,0.046032960455971966,2381,2037,344,FALSE,FALSE,
205,19.60033787245687,0.08338155033208894,0.11262386092307705,0.029242310590988113,2872,694,2178,FALSE,FALSE,
206,19.805350829047185,0.1092856654300933,0.12212489692493304,0.012839231494839745,3528,1220,2308,FALSE,FALSE,
207,19.12177975172682,0.062385493730320526,0.10872684970919622,0.04634135597887569,3936,1005,2931,FALSE,FALSE,
208,25.617827770802275,0.09349885169752407,0.12625846131170151,0.03275960961417744,2784,2332,452,FALSE,FALSE,
209,19.806769563020094,0.10877651793319554,0.11463799481029845,0.0058614768771029085,3711,1021,2690,FALSE,FALSE,
210,19.805350829047185,0.0762221743812209,0.10260848294816016,0.026386308566939257,3072,1290,1782,FALSE,FALSE,
211,19.502490476545496,0.08537303087451849,0.09915777156855514,0.013784740694036651,2406,919,1487,FALSE,FALSE,
212,17.505667323282474,0.073724897989418,0.08209377665245496,0.008368878663036955,2245,436,1809,FALSE,FALSE,
213,18.96672143576005,0.05874744845997794,0.0949769292582881,0.03622948079831016,3606,1269,2337,FALSE,FALSE,
214,19.61182193062687,0.09676852189915786,0.11193704923102,0.01516852733186215,4279,927,3352,FALSE,FALSE,
215,25.137091096616988,0.09526291770968703,0.1396505123868694,0.04438759467718237,3284,2766,518,FALSE,FALSE,
216,19.61182193062687,0.09157354916349528,0.09954454772950065,0.007970998566005374,3042,893,2149,FALSE,FALSE,
217,19.806769563020094,0.07914074454564121,0.12354169456649654,0.044400950020855326,3137,1113,2024,FALSE,FALSE,
218,19.60033787245687,0.08009357853270149,0.11966051414183876,0.039566935609137266,4397,750,3647,FALSE,FALSE,
219,19.27869384387977,0.0751337420392177,0.10971852895237276,0.03458478691315506,3072,1014,2058,FALSE,FALSE,
220,23.76670000168204,0.07134295528283581,0.12153985308776347,0.050196897804927657,2428,1795,633,FALSE,FALSE,
221,19.61182193062687,0.08727651383248299,0.10638142480672169,0.019104910974238706,3510,1128,2382,FALSE,FALSE,
222,25.31757881017335,0.08048612917722753,0.1398052626731407,0.05931913349591317,2328,2084,244,FALSE,FALSE,
223,19.870365823828326,0.09156728092568382,0.1033998252877717,0.011832544362087874,2439,1124,1315,FALSE,FALSE,
224,19.27869384387977,0.06660558953178372,0.10561911011366779,0.039013520581884065,3012,837,2175,FALSE,FALSE,
225,16.857084150440357,0.04920240933409192,0.10009131628049395,0.050888906946402024,2248,319,1929,FALSE,FALSE,
226,19.806769563020094,0.10427720526536272,0.11639254415836973,0.012115338893007019,3003,1179,1824,FALSE,FALSE,
227,22.569234097728142,0.09659565238764431,0.1133741312319345,0.016778478844290193,3189,1947,1242,FALSE,FALSE,
228,21.102544755879357,0.10102162299222123,0.11107942784638074,0.01005780485415951,2351,1456,895,FALSE,FALSE,
229,18.966049777269326,0.09510372717559923,0.12566211154103543,0.030558384365436203,1818,492,1326,FALSE,FALSE,
230,25.12893604798126,0.10730149188614704,0.12269950667937968,0.015398014793232634,3824,3080,744,FALSE,FALSE,
231,26.175131249606352,0.10796350935736426,0.1325797514243179,0.024616242066953647,2350,1856,494,FALSE,FALSE,
232,18.96672143576005,0.06933111791033972,0.1117179144005912,0.04238679649025148,3787,743,3044,FALSE,FALSE,
233,19.12177975172682,0.061929143020735544,0.10291660242570456,0.04098745940496902,5057,1208,3849,FALSE,FALSE,
234,25.161314330815753,0.09578136790748995,0.1831873521203412,0.08740598421285126,2340,1957,383,FALSE,FALSE,
235,19.806769563020094,0.08556322490831182,0.11152931188804431,0.02596608697973249,3298,1278,2020,FALSE,FALSE,
236,19.61182193062687,0.09860840741455545,0.11702634468117237,0.01841793726661692,5332,1142,4190,FALSE,FALSE,
237,19.114821429988513,0.07092874709316511,0.0981974293425271,0.027268682249361992,3047,749,2298,FALSE,FALSE,
238,25.31757881017335,0.10348011616397068,0.14087744171636052,0.03739732555238984,2182,1788,394,FALSE,FALSE,
239,19.61182193062687,0.10122127390837489,0.11769202339163282,0.016470749483257927,3040,906,2134,FALSE,FALSE,
240,19.805350829047185,0.10187722335513295,0.11455838554535276,0.012681162190219808,2916,969,1947,FALSE,FALSE,
241,19.61182193062687,0.08658937719775067,0.11504670903287172,0.028457331835121044,5110,1093,4017,FALSE,FALSE,
242,19.61182193062687,0.08328580012378325,0.11342483346026885,0.0301390333364856,3568,830,2738,FALSE,FALSE,
243,25.19020593306931,0.08845094802921637,0.14668812187181893,0.05823717384260256,2363,2006,357,FALSE,FALSE,
244,19.12177975172682,0.07279932840635489,0.09689213854456817,0.02409281013821328,3545,1114,2431,FALSE,FALSE,
245,19.843845656610355,0.07763721179549796,0.11349128391382826,0.035854072118330305,2471,998,1473,FALSE,FALSE,
246,19.456588301228333,0.08216728846620311,0.11119283920306529,0.02902555073686218,3703,1042,2661,FALSE,FALSE,
247,19.806769563020094,0.11031902081981138,0.12384543685747335,0.01352641603766197,3506,1124,2382,FALSE,FALSE,
248,18.131998952853298,0.0992388741231474,0.11721397523867998,0.017975101115532577,3081,590,2491,FALSE,FALSE,
249,25.362555483357653,0.0633569599436443,0.12014203271512038,0.05678507277147607,2353,2100,253,FALSE,FALSE,
250,25.878803292112114,0.07948044403032431,0.10731047121383898,0.02783002718351467,2535,2265,270,FALSE,FALSE,
251,16.7807649925724,0.06650040725805144,0.11674696324322831,0.05024655598517687,2453,295,2158,FALSE,FALSE,
252,25.19020593306931,0.10577438013570496,0.13445872131497544,0.028684341179270476,2678,2290,388,FALSE,FALSE,
253,19.806769563020094,0.0996026062376955,0.11063942616975406,0.011036819932058559,3379,1452,1927,FALSE,FALSE,
254,19.789645866972208,0.11760701119238018,0.13127230553750713,0.01366529434512695,2931,1196,1735,FALSE,FALSE,
255,19.806769563020094,0.09160475722336056,0.11146955186507831,0.019864794641717753,3580,1195,2385,FALSE,FALSE,
256,16.72804128231951,0.07400049817397117,0.12688003793096572,0.052879539756994554,2789,322,2467,FALSE,FALSE,
257,19.749365497726632,0.09596226163554855,0.11410062804781773,0.01813836641226918,4171,1554,2617,FALSE,FALSE,
258,19.805350829047185,0.10312561953123166,0.1203806240901216,0.01725500455888994,3228,1292,1936,FALSE,FALSE,
259,19.806769563020094,0.08186311574126057,0.11263186430172337,0.0307687485604628,2735,1007,1728,FALSE,FALSE,
260,16.72804128231951,0.09567703063730361,0.11197059087112667,0.016293560233823057,3090,357,2733,FALSE,FALSE,
261,19.61182193062687,0.08725791931866514,0.10233950006653036,0.015081580747865225,3291,1025,2266,FALSE,FALSE,
262,19.789645866972208,0.08433579904049726,0.10791578586155903,0.02357998682106177,3339,1480,1859,FALSE,FALSE,
263,19.806769563020094,0.09380250960011263,0.11746518966084021,0.02366268006072758,3513,1232,2281,FALSE,FALSE,
264,19.805350829047185,0.09093724277950142,0.11855162217691959,0.027614379397418162,4041,1335,2706,FALSE,FALSE,
265,19.05250472281936,0.09129951976327187,0.10875467999448407,0.0174551602312122,3334,1148,2186,FALSE,FALSE,
266,19.350678307200045,0.08410322900770234,0.11781132755388131,0.03370809854617897,2970,819,2151,FALSE,FALSE,
267,19.61182193062687,0.08426660143766829,0.10498238678165574,0.02071578534398745,3072,1090,1982,FALSE,FALSE,
268,19.60033787245687,0.08693423267444166,0.11528468914205535,0.028350456467613694,3740,806,2934,FALSE,FALSE,
269,19.805350829047185,0.09689558250854208,0.11031392066209142,0.013418338153549342,3017,1313,1704,FALSE,FALSE,
270,21.493789006931475,0.0996293526706753,0.11502508558480645,0.015395732914131155,2303,1167,1136,FALSE,FALSE,
271,19.60033787245687,0.07983261016793862,0.11610913547729476,0.03627652530935614,3845,872,2973,FALSE,FALSE,
272,18.96672143576005,0.08563432113639693,0.1126625070394761,0.027028185903079163,4499,785,3714,FALSE,FALSE,
273,19.60033787245687,0.08361662254447778,0.10562999513019908,0.022013372585721294,3369,1049,2320,FALSE,FALSE,
274,19.806769563020094,0.10075643812399948,0.11352530375690222,0.012768865632902734,3187,1214,1973,FALSE,FALSE,
275,19.805350829047185,0.09056169216078397,0.11418951525362998,0.023627823092846015,2918,1137,1781,FALSE,FALSE,
276,19.350678307200045,0.09499253779352135,0.11961515541624612,0.024622617622724774,3578,763,2815,FALSE,FALSE,
277,23.76670000168204,0.1208176529996812,0.14004703876968655,0.019229385770005353,2184,1569,615,FALSE,FALSE,
278,23.76670000168204,0.07816871354518845,0.12473770647737467,0.04656899293218622,2366,1634,732,FALSE,FALSE,
279,19.05250472281936,0.08180056637397393,0.11299718304883781,0.031196616674863883,3837,766,3071,FALSE,FALSE,
280,25.766148230117075,0.07713818463724792,0.10396151730499828,0.02682333266775036,2194,1789,405,FALSE,FALSE,
281,19.806769563020094,0.08298224633590018,0.11389757692918041,0.030915330593280235,3069,1140,1929,FALSE,FALSE,
282,17.51152107801462,0.07102978137601326,0.0980442447349057,0.027014463358892432,3395,410,2985,FALSE,FALSE,
283,26.175131249606352,0.0974795086123383,0.14671585169416806,0.04923634308182977,2482,2120,362,FALSE,FALSE,
284,24.758719861626428,0.08641964499693816,0.11393103879214497,0.027511393795206812,2485,2057,428,FALSE,FALSE,
285,17.51152107801462,0.11461439239062271,0.12882220539664946,0.014207813006026748,2143,426,1717,FALSE,FALSE,
286,19.806769563020094,0.07930556369143021,0.11139289288760451,0.0320873291961743,2967,1178,1789,FALSE,FALSE,
287,19.806769563020094,0.07871531246037142,0.10870348736618733,0.029988174905815915,3301,1472,1829,FALSE,FALSE,
288,22.393504087892072,0.12305793858711186,0.11766756058163377,-0.005390378005478091,4197,2862,1335,FALSE,FALSE,
289,19.805350829047185,0.09255164160532546,0.1168832762348764,0.024331634629550944,3158,1192,1966,FALSE,FALSE,
290,19.350678307200045,0.09736848208517006,0.11315196243210614,0.01578348034693608,3143,845,2298,FALSE,FALSE,
291,25.362555483357653,0.08740523720139404,0.11536030031266986,0.027955063111275824,3491,3146,345,FALSE,FALSE,
292,19.60033787245687,0.08526366091576545,0.10884202138258837,0.02357836046682292,3758,999,2759,FALSE,FALSE,
293,19.806769563020094,0.08804806955781337,0.10588347088050407,0.017835401322690694,2539,1048,1491,FALSE,FALSE,
294,18.96672143576005,0.08756947719915587,0.10821394281576237,0.020644465616606503,2606,1033,1573,FALSE,FALSE,
295,19.61182193062687,0.10146181486987327,0.1151670900443577,0.01370527517448443,5168,579,4589,FALSE,FALSE,
296,17.801474891854223,0.06547161343019481,0.07847864373997447,0.013007030309779663,2473,458,2015,FALSE,FALSE,
297,18.131998952853298,0.09735394055922908,0.12438814341807697,0.02703420285884789,2495,419,2076,FALSE,FALSE,
298,19.806769563020094,0.08878232064158376,0.11917685004851702,0.03039452940693327,3090,1289,1801,FALSE,FALSE,
299,18.96672143576005,0.09171906983461413,0.10494968019646712,0.013230610361852996,2140,793,1347,FALSE,FALSE,
300,22.859305599139788,0.12027643253130824,0.11559345845341187,-0.0046829740778963624,4751,3145,1606,FALSE,FALSE,
301,19.27869384387977,0.07453178678308098,0.10254316209362646,0.028011375310545483,3754,989,2765,FALSE,FALSE,
302,25.749170875695366,0.05709640256173429,0.0930081539769004,0.035911751415166115,2379,2093,286,FALSE,FALSE,
303,25.878803292112114,0.09930993737659172,0.1506903928169076,0.051380455440315886,2457,2124,333,FALSE,FALSE,
304,19.870365823828326,0.06498617738577953,0.09995985985641288,0.03497368247063336,2460,1064,1396,FALSE,FALSE,
305,19.215903415629818,0.07838031528205003,0.09732628836141453,0.018945973079364506,3289,1072,2217,FALSE,FALSE,
306,25.31757881017335,0.10254695351512566,0.12089371917349609,0.01834676565837043,3139,2627,512,FALSE,FALSE,
307,19.350678307200045,0.08660905489295564,0.11172362605368488,0.025114571160729238,3365,1115,2250,FALSE,FALSE,
308,19.806769563020094,0.10252659135607332,0.11991430858135894,0.01738771722528562,4176,1330,2846,FALSE,FALSE,
309,25.19020593306931,0.10612939212898845,0.14179977829275042,0.035670386163761975,2567,2157,410,FALSE,FALSE,
310,25.878803292112114,0.08122661755172333,0.11304672189362389,0.03182010434190055,2876,2594,282,FALSE,FALSE,
311,19.60033787245687,0.10399100875662093,0.11894265023122019,0.014951641474599264,2699,1131,1568,FALSE,FALSE,
312,19.806769563020094,0.0917263686493281,0.11801615671762793,0.026289788068299833,2907,1307,1600,FALSE,FALSE,
313,25.31757881017335,0.1117475026792168,0.12716532123228597,0.01541781855306916,3239,2646,593,FALSE,FALSE,
314,25.86946746455014,0.08067044532680678,0.1136765594349509,0.03300611410814412,2264,2037,227,FALSE,FALSE,
315,21.373500259307033,0.08315228205827363,0.13582390980668585,0.05267162774841222,2397,1162,1235,FALSE,FALSE,
316,25.31757881017335,0.07943384377740573,0.11544808060052981,0.03601423682312409,2299,1952,347,FALSE,FALSE,
317,22.439071936874825,0.10560025636529845,0.11553510528356375,0.009934848918265307,3824,2477,1347,FALSE,FALSE,
318,19.806769563020094,0.10414723646614986,0.11899815606322317,0.014850919597073312,2956,1149,1807,FALSE,FALSE,
319,19.806769563020094,0.06901550128710328,0.107055970661999,0.03804046937489572,4135,1637,2498,FALSE,FALSE,
320,19.215903415629818,0.06719222688902574,0.08993503797150341,0.02274281108247768,3047,846,2201,FALSE,FALSE,
321,19.61182193062687,0.09305036840252831,0.11255224304460518,0.019501874642076866,2819,913,1906,FALSE,FALSE,
322,19.61182193062687,0.08801569033390616,0.1129028929882629,0.024887202654356747,3975,934,3041,FALSE,FALSE,
323,19.350678307200045,0.10075361804820121,0.11627608691518516,0.015522468866983954,2267,889,1378,FALSE,FALSE,
324,19.805350829047185,0.08694632303652237,0.11925314720441178,0.03230682416788941,3060,1100,1960,FALSE,FALSE,
325,25.362555483357653,0.08373822066569636,0.12666841721873068,0.04293019655303432,2463,2087,376,FALSE,FALSE,
326,25.460230048124227,0.08913549751397665,0.11991986072111088,0.030784363207134235,3678,3180,498,FALSE,FALSE,
327,19.61182193062687,0.08836591689222975,0.11179550577208326,0.02342958887985351,3716,909,2807,FALSE,FALSE,
328,23.76670000168204,0.06129721253830781,0.07300111472724473,0.011703902188936917,2546,1938,608,FALSE,FALSE,
329,25.878803292112114,0.09924332294113546,0.12563401804797902,0.026390695106843567,2386,2044,342,FALSE,FALSE,
330,19.61182193062687,0.09378967323775257,0.11476224231019458,0.020972569072442007,3180,1121,2059,FALSE,FALSE,
331,18.96672143576005,0.09426876141222637,0.11764696584824462,0.02337820443601825,4405,706,3699,FALSE,FALSE,
332,25.362555483357653,0.09881264018084476,0.13882663484068875,0.04001399465984398,2594,2125,469,FALSE,FALSE,
333,25.362555483357653,0.1195886214350484,0.16121849318331552,0.041629871748267114,2320,2079,241,FALSE,FALSE,
334,19.843845656610355,0.06829734304034507,0.09740668285244138,0.029109339812096305,2216,1057,1159,FALSE,FALSE,
335,19.60033787245687,0.08815659365900737,0.11353092754492553,0.025374333885918157,3069,751,2318,FALSE,FALSE,
336,16.600947427434352,0.08771492829559988,0.11405627317971985,0.026341344884119974,2713,280,2433,FALSE,FALSE,
337,25.362555483357653,0.09088421521584777,0.13053948791131492,0.03965527269546715,2672,2297,375,FALSE,FALSE,
338,19.61182193062687,0.091583751504089,0.110412892086431,0.018829140582342002,3441,1097,2344,FALSE,FALSE,
339,19.350678307200045,0.08509694066150966,0.10235744698170578,0.017260506320196115,2481,773,1708,FALSE,FALSE,
340,25.016477549339026,0.07640909520400524,0.08191233717041402,0.005503241966408778,2262,1927,335,FALSE,FALSE,
341,25.161314330815753,0.12503874233244172,0.15822783544721603,0.033189093114774304,2918,2568,350,FALSE,FALSE,
342,19.806769563020094,0.0773617021177813,0.09622773494298109,0.01886603282519979,3469,1445,2024,FALSE,FALSE,
343,21.827839764711047,0.08933642936479047,0.11262945478261976,0.023293025417829294,2351,1084,1267,FALSE,FALSE,
344,18.119683004706165,0.0978410812737272,0.11430625896324431,0.016465177689517108,2255,591,1664,FALSE,FALSE,
345,20.483043557998826,0.08983024439358732,0.13341567532254117,0.04358543092895385,2315,1093,1222,FALSE,FALSE,
346,25.120597008070924,0.06907321466949452,0.12630575031965788,0.057232535650163355,2723,2463,260,FALSE,FALSE,
347,18.207616455223913,0.09448132574678944,0.11158466991387396,0.01710334416708452,3743,444,3299,FALSE,FALSE,
348,19.27869384387977,0.06973968562793395,0.0929222652265797,0.023182579598645753,3524,1305,2219,FALSE,FALSE,
349,19.12177975172682,0.07086620509420659,0.10671280969227251,0.03584660459806592,3732,846,2886,FALSE,FALSE,
350,25.98315376093154,0.10451836795092095,0.1639200390564856,0.05940167110556466,2294,1996,298,FALSE,FALSE,
351,22.439071936874825,0.07197328150492027,0.09117979297626966,0.019206511471349386,2337,1604,733,FALSE,FALSE,
352,18.890889404169155,0.0790010269640373,0.1067952177858556,0.027794190821818304,3479,1169,2310,FALSE,FALSE,
353,25.31757881017335,0.10680055499484306,0.1470251110025103,0.04022455600766725,2589,2143,446,FALSE,FALSE,
354,25.31757881017335,0.1191679477271565,0.12486156454664493,0.005693616819488434,3141,2789,352,FALSE,FALSE,
355,20.152447068482374,0.0641507033192406,0.08980828173033585,0.025657578411095255,2655,1082,1573,FALSE,FALSE,
356,19.61182193062687,0.08596254752118321,0.1130092800436975,0.027046732522514286,3288,1334,1954,FALSE,FALSE,
357,25.657425626662707,0.09909316723564557,0.12121109724321527,0.022117930007569703,3144,2582,562,FALSE,FALSE,
358,19.806769563020094,0.0890285093384387,0.11765609178042209,0.028627582441983393,3954,1444,2510,FALSE,FALSE,
359,19.61182193062687,0.0700557589749977,0.09352721777549906,0.02347145880050136,3254,1226,2028,FALSE,FALSE,
360,19.350678307200045,0.08779186524737047,0.10282363497364481,0.015031769726274347,3062,1035,2027,FALSE,FALSE,
361,25.31757881017335,0.1085820745202292,0.12657070873204207,0.017988634211812876,3292,2801,491,FALSE,FALSE,
362,25.12893604798126,0.11017085805807653,0.12220485698757022,0.012033998929493694,3130,2686,444,FALSE,FALSE,
363,20.07440944585288,0.07249908440897708,0.09905658065923213,0.026557496250255053,2881,1582,1299,FALSE,FALSE,
364,25.137091096616988,0.06829413525288414,0.11785700916227244,0.04956287390938831,2374,2068,306,FALSE,FALSE,
365,19.805350829047185,0.09126381600387604,0.13818849986707674,0.0469246838632007,3159,1102,2057,FALSE,FALSE,
366,24.389899725723588,0.10775395600950838,0.11708161493607427,0.009327658926565896,2313,1752,561,FALSE,FALSE,
367,24.702201472285708,0.08724731649783014,0.098437524345038,0.011190207847207853,2476,2165,311,FALSE,FALSE,
368,19.61182193062687,0.09230056747726832,0.10781244311775084,0.015511875640482523,3284,1002,2282,FALSE,FALSE,
369,25.12893604798126,0.0929914757351683,0.14306267903188888,0.05007120329672057,2691,2433,258,FALSE,FALSE,
370,18.015636323033718,0.09134527018089256,0.11334762630070827,0.022002356119815714,3194,467,2727,FALSE,FALSE,
371,24.758719861626428,0.11212332700395311,0.11737183566253562,0.005248508658582507,3649,2735,914,FALSE,FALSE,
372,25.299559964028415,0.10658863279021524,0.12268442486251906,0.016095792072303813,3351,2898,453,FALSE,FALSE,
373,25.31757881017335,0.08304385320789,0.1130773924294693,0.03003353922157931,2314,1990,324,FALSE,FALSE,
374,18.890889404169155,0.0836365291529691,0.10404282293957605,0.020406293786606952,2914,764,2150,FALSE,FALSE,
375,18.015636323033718,0.09160673950009235,0.11151742428906306,0.019910684788970706,2801,717,2084,FALSE,FALSE,
376,16.646023369884045,0.09121415944980871,0.11375580447071135,0.02254164502090264,2445,370,2075,FALSE,FALSE,
377,19.805350829047185,0.09922053570679587,0.12917115493667264,0.029950619229876768,3139,1271,1868,FALSE,FALSE,
378,19.61182193062687,0.0848357089752886,0.10578461937483541,0.020948910399546813,3074,1151,1923,FALSE,FALSE,
379,19.806769563020094,0.09066618216632207,0.11234533269094418,0.021679150524622118,4521,1408,3113,FALSE,FALSE,
380,19.806769563020094,0.07994029608412755,0.11938586323636104,0.03944556715223349,2842,1005,1837,FALSE,FALSE,
381,17.505667323282474,0.08028389119110652,0.09043360006993506,0.010149708878828545,3514,637,2877,FALSE,FALSE,
382,19.806769563020094,0.10290327156795445,0.11477362238740005,0.011870350819445596,3468,1157,2311,FALSE,FALSE,
383,19.61182193062687,0.08828696667992714,0.12100917484269204,0.0327222081627649,3062,1066,1996,FALSE,FALSE,
384,17.505667323282474,0.08160387763209075,0.11060215499418471,0.02899827736209397,3000,413,2587,FALSE,FALSE,
385,19.870365823828326,0.08657344637876266,0.09764209016884126,0.011068643790078603,2427,1197,1230,FALSE,FALSE,
386,19.350678307200045,0.07826846496486238,0.10606605904123732,0.027797594076374943,3968,901,3067,FALSE,FALSE,
387,19.502490476545496,0.08108990772354643,0.10157670412936962,0.020486796405823182,2391,1135,1256,FALSE,FALSE,
388,25.120597008070924,0.09592246256624318,0.1204595153300302,0.024537052763787023,3172,2589,583,FALSE,FALSE,
389,25.12893604798126,0.10152850693039135,0.13549868450294889,0.03397017757255753,3304,2829,475,FALSE,FALSE,
390,25.31757881017335,0.08797156341749789,0.12349686482637345,0.03552530140887557,2337,1824,513,FALSE,FALSE,
391,23.76670000168204,0.0928419456159074,0.14103032852954786,0.04818838291364046,2449,1903,546,FALSE,FALSE,
392,25.137091096616988,0.08287105034145885,0.14583179113773517,0.06296074079627632,2202,1986,216,FALSE,FALSE,
393,19.350678307200045,0.08754174977587231,0.10866444726981715,0.02112269749394484,3241,1097,2144,FALSE,FALSE,
394,19.350678307200045,0.07428904642413733,0.11488716765840122,0.04059812123426389,3395,953,2442,FALSE,FALSE,
395,18.015636323033718,0.10591271973311467,0.10675300137522943,8.402816421147624e-4,3494,403,3091,FALSE,FALSE,
396,19.60033787245687,0.07860204146380992,0.08241533267791301,0.003813291214103093,2569,1215,1354,FALSE,FALSE,
397,19.27869384387977,0.07237594152952583,0.10909975968598142,0.03672381815645559,3498,997,2501,FALSE,FALSE,
398,19.843845656610355,0.08171931276405214,0.1265179015163174,0.04479858875226525,2170,965,1205,FALSE,FALSE,
399,19.12177975172682,0.062026087405339755,0.11063320488467546,0.0486071174793357,4052,1053,2999,FALSE,FALSE,
400,25.460230048124227,0.09394129073513686,0.11271625803567123,0.018774967300534365,3009,2448,561,FALSE,FALSE,
401,19.12177975172682,0.08254173037093125,0.10354435078623159,0.021002620415300335,3174,1023,2151,FALSE,FALSE,
402,19.27869384387977,0.07062911868436748,0.09688146262076784,0.026252343936400357,3059,860,2199,FALSE,FALSE,
403,19.806769563020094,0.09011976349099815,0.11322816648302117,0.02310840299202302,3107,1089,2018,FALSE,FALSE,
404,18.890889404169155,0.09308724352581207,0.10849665853028016,0.015409415004468088,4602,790,3812,FALSE,FALSE,
405,20.07440944585288,0.08534941753651408,0.12716205549795534,0.04181263796144126,2180,926,1254,FALSE,FALSE,
406,19.12177975172682,0.07457839765433305,0.1136553583239981,0.03907696066966505,3262,937,2325,FALSE,FALSE,
407,18.96672143576005,0.08170604955521013,0.11236063650418707,0.030654586948976936,3397,703,2694,FALSE,FALSE,
408,17.47327139887104,0.06527942521226707,0.11467487803363925,0.049395452821372185,2365,305,2060,FALSE,FALSE,
409,25.401534574090174,0.07886709532648835,0.13055492398645016,0.05168782865996181,2768,2282,486,FALSE,FALSE,
410,19.61182193062687,0.09474652729984072,0.11504356793539104,0.020297040635550323,3765,694,3071,FALSE,FALSE,
411,19.805350829047185,0.10201476305835254,0.11861317758484606,0.01659841452649352,2998,1025,1973,FALSE,FALSE,
412,23.76670000168204,0.10345720548634738,0.12447717631460657,0.021019970828259196,2131,1583,548,FALSE,FALSE,
413,19.870365823828326,0.06229821272435404,0.06684494329530488,0.004546730570950841,2671,1358,1313,FALSE,FALSE,
414,19.806769563020094,0.093911291896286,0.117206095723204,0.02329480382691801,3105,1424,1681,FALSE,FALSE,
415,25.31757881017335,0.08969497220880596,0.12525179735004108,0.03555682514123512,2057,1639,418,FALSE,FALSE,
416,19.806769563020094,0.10871284780089746,0.11741249530558055,0.008699647504683092,2935,1322,1613,FALSE,FALSE,
417,25.824594396956908,0.0605006935237133,0.0769133519039176,0.016412658380204295,2047,1798,249,FALSE,FALSE,
418,19.870365823828326,0.10784972813290991,0.11719436564912797,0.009344637516218057,2583,1142,1441,FALSE,FALSE,
419,19.806769563020094,0.11135377992634429,0.13194316336328918,0.020589383436944886,3003,1109,1894,FALSE,FALSE,
420,24.52794824130447,0.11643234131019728,0.1311405436942735,0.014708202384076219,3514,2793,721,FALSE,FALSE,
421,19.806769563020094,0.08940369117558064,0.10786020308696635,0.018456511911385712,4093,1344,2749,FALSE,FALSE,
422,19.806769563020094,0.09084538589223398,0.11799521880314133,0.02714983291090735,2961,1041,1920,FALSE,FALSE,
423,18.966049777269326,0.09141591001204322,0.1146052315318125,0.023189321519769282,4734,693,4041,FALSE,FALSE,
424,25.31757881017335,0.09323624833750334,0.13573337373958955,0.04249712540208621,2715,2319,396,FALSE,FALSE,
425,19.60033787245687,0.09118868699489409,0.11966141600516686,0.02847272901027277,3011,914,2097,FALSE,FALSE,
426,25.925990087332792,0.09464013303733418,0.13280806701988743,0.03816793398255325,2743,2311,432,FALSE,FALSE,
427,19.805350829047185,0.09656759768373471,0.1180530626329287,0.021485464949193983,3734,1089,2645,FALSE,FALSE,
428,19.806769563020094,0.0979567740942386,0.11669738532913629,0.01874061123489769,2886,1215,1671,FALSE,FALSE,
429,19.805350829047185,0.10149027407911744,0.12504454774590645,0.023554273666789013,2875,1158,1717,FALSE,FALSE,
430,25.19020593306931,0.09288175932267628,0.12517622771801756,0.03229446839534128,2277,1916,361,FALSE,FALSE,
431,25.19020593306931,0.10517572008522008,0.12557764184099074,0.020401921755770658,3075,2651,424,FALSE,FALSE,
432,19.806769563020094,0.11071966506706749,0.11818694635290183,0.0074672812858343485,4383,1164,3219,FALSE,FALSE,
433,25.460230048124227,0.08663622048397202,0.12745432853705468,0.04081810805308267,2371,2022,349,FALSE,FALSE,
434,19.805350829047185,0.08626954979596843,0.11292895907683169,0.026659409280863258,4944,1822,3122,FALSE,FALSE,
435,22.89731391183973,0.1287804580075432,0.12467242320896012,-0.004108034798583085,2963,1930,1033,FALSE,FALSE,
436,19.61182193062687,0.08810331925855039,0.1066256434622201,0.018522324203669713,2861,1005,1856,FALSE,FALSE,
437,19.60033787245687,0.06935155764239719,0.11549534399641241,0.046143786354015226,4577,885,3692,FALSE,FALSE,
438,17.71428586604627,0.07857596161001847,0.08511381056389355,0.006537848953875089,2749,558,2191,FALSE,FALSE,
439,19.350678307200045,0.08970754921348889,0.11008451966901714,0.020376970455528248,3058,786,2272,FALSE,FALSE,
440,19.60033787245687,0.09293463391539253,0.12015594733395951,0.027221313418566984,4003,1130,2873,FALSE,FALSE,
441,25.31757881017335,0.0991581380883022,0.12540720028451946,0.026249062196217254,3285,2674,611,FALSE,FALSE,
442,19.805350829047185,0.10080508211803872,0.10752691558860855,0.00672183347056983,2938,1079,1859,FALSE,FALSE,
443,19.12177975172682,0.07754688154645514,0.10975158178554373,0.032204700239088585,3666,1017,2649,FALSE,FALSE,
444,25.31757881017335,0.09934869684664352,0.11920188664655024,0.019853189799906718,3326,2681,645,FALSE,FALSE,
445,19.60033787245687,0.0850788337518681,0.11135627104498053,0.026277437293112424,3876,912,2964,FALSE,FALSE,
446,19.27869384387977,0.08629347795217826,0.12040614059865055,0.034112662646472294,3661,573,3088,FALSE,FALSE,
447,25.137091096616988,0.100490975016671,0.1554668608262938,0.0549758858096228,2423,2129,294,FALSE,FALSE,
448,21.373500259307033,0.07480580715444168,0.11122758382219235,0.03642177666775066,2404,1217,1187,FALSE,FALSE,
449,24.702201472285708,0.07524610115682664,0.1425950436183729,0.06734894246154627,2690,2375,315,FALSE,FALSE,
450,19.27869384387977,0.08253605712503846,0.11504826886063066,0.0325122117355922,3683,782,2901,FALSE,FALSE,
451,24.882452076685073,0.0938238079182888,0.14423319253545192,0.050409384617163114,2698,2313,385,FALSE,FALSE,
452,19.806769563020094,0.10000968941447506,0.11606794453217578,0.016058255117700718,4410,1423,2987,FALSE,FALSE,
453,19.27869384387977,0.0768383138013521,0.11219061348283654,0.03535229968148444,2846,828,2018,FALSE,FALSE,
454,20.07440944585288,0.09071539471669449,0.09427181358301523,0.003556418866320743,2378,1226,1152,FALSE,FALSE,
455,18.966049777269326,0.06258040432399209,0.08146505316678346,0.01888464884279137,2647,1233,1414,FALSE,FALSE,
456,19.60033787245687,0.08586925220778191,0.10662196253040651,0.0207527103226246,3367,1289,2078,FALSE,FALSE,
457,19.27869384387977,0.06984632128111357,0.10600390652876727,0.03615758524765371,3297,1020,2277,FALSE,FALSE,
458,19.61182193062687,0.08600062313667449,0.11074545008278527,0.024744826946110784,3293,1056,2237,FALSE,FALSE,
459,25.31757881017335,0.0834361593166942,0.12251979632250214,0.03908363700580794,2755,2330,425,FALSE,FALSE,
460,19.805350829047185,0.11440046766747725,0.12530586735904153,0.010905399691564288,3840,1297,2543,FALSE,FALSE,
461,20.666171136965765,0.09084525250965264,0.08035761438388031,-0.01048763812577233,3049,1467,1582,FALSE,FALSE,
462,19.870365823828326,0.0881159289608431,0.10954753859648547,0.021431609635642376,2812,1177,1635,FALSE,FALSE,
463,19.350678307200045,0.07973756991523244,0.10080303970629122,0.021065469791058777,3254,1134,2120,FALSE,FALSE,
464,16.9105799534993,0.09923903660032965,0.11207762536323962,0.01283858876290997,2816,318,2498,FALSE,FALSE,
465,25.31757881017335,0.10796233168502162,0.11911040562605454,0.011148073941032927,2661,2303,358,FALSE,FALSE,
466,25.460230048124227,0.0765485252988933,0.11915480176587512,0.04260627646698181,2631,2200,431,FALSE,FALSE,
467,25.19020593306931,0.10931960857087805,0.11577797320574884,0.006458364634870789,3087,2592,495,FALSE,FALSE,
468,18.067986634480178,0.10145278835683233,0.11761255217282064,0.016159763815988312,3220,679,2541,FALSE,FALSE,
469,19.60033787245687,0.09657027564008105,0.11366465447630898,0.017094378836227928,3549,728,2821,FALSE,FALSE,
470,19.806769563020094,0.10083035528119916,0.12932996102271924,0.02849960574152008,3139,1455,1684,FALSE,FALSE,
471,20.20844332415158,0.07174625485920395,0.08008617419017011,0.008339919330966158,2320,1138,1182,FALSE,FALSE,
472,25.19020593306931,0.11230913598690018,0.14152165212774187,0.029212516140841693,2809,2175,634,FALSE,FALSE,
473,25.362555483357653,0.09595505520227104,0.13836242119105102,0.04240736598877998,2467,2071,396,FALSE,FALSE,
474,19.60033787245687,0.08190529085403915,0.11445123678007836,0.03254594592603921,3547,1013,2534,FALSE,FALSE,
475,19.61182193062687,0.09310295950467118,0.10022303660615517,0.00712007710148399,2879,902,1977,FALSE,FALSE,
476,19.05250472281936,0.08042124209410362,0.10177578017346589,0.021354538079362273,4019,1199,2820,FALSE,FALSE,
477,17.680555244142315,0.0957762288991315,0.11066067557917732,0.01488444668004582,2810,397,2413,FALSE,FALSE,
478,19.806769563020094,0.11252363117043042,0.12232830262305901,0.009804671452628588,4266,1264,3002,FALSE,FALSE,
479,26.175131249606352,0.11094620218342476,0.15882870560567997,0.04788250342225521,2236,1982,254,FALSE,FALSE,
480,25.878803292112114,0.10824411649146343,0.12590852403167924,0.01766440754021581,2489,2199,290,FALSE,FALSE,
481,25.31757881017335,0.0912661885066331,0.12043589586687603,0.029169707360242936,3307,2862,445,FALSE,FALSE,
482,19.456588301228333,0.09576083430249675,0.11337263756857882,0.01761180326608207,3165,1076,2089,FALSE,FALSE,
483,17.505667323282474,0.07270464373003,0.10667147805635421,0.03396683432632422,2515,264,2251,FALSE,FALSE,
484,19.805350829047185,0.08236122984788534,0.11854411364591831,0.03618288379803297,3119,1231,1888,FALSE,FALSE,
485,19.61182193062687,0.09225581811722253,0.11355811512045667,0.021302297003234147,4651,1052,3599,FALSE,FALSE,
486,19.806769563020094,0.09525760727707817,0.12068052850837135,0.02542292123129318,3181,1215,1966,FALSE,FALSE,
487,19.350678307200045,0.07479797242839636,0.10791217502386649,0.03311420259547013,3269,916,2353,FALSE,FALSE,
488,18.96672143576005,0.05989556583482604,0.10994383035628963,0.05004826452146359,3185,842,2343,FALSE,FALSE,
489,19.61182193062687,0.09555041412838962,0.11520686622948192,0.019656452101092306,2972,1081,1891,FALSE,FALSE,
490,19.12177975172682,0.06611882561010257,0.10102182382871269,0.03490299821861012,3207,1084,2123,FALSE,FALSE,
491,19.806769563020094,0.09288816143092324,0.11542147609900776,0.022533314668084517,2828,805,2023,FALSE,FALSE,
492,26.175131249606352,0.11438557977883719,0.15106874726261718,0.03668316748377999,2432,2109,323,FALSE,FALSE,
493,19.805350829047185,0.10871172780324372,0.11433560749197591,0.005623879688732195,3897,1506,2391,FALSE,FALSE,
494,19.12177975172682,0.08111294513709852,0.10440786017702564,0.023294915039927117,3262,911,2351,FALSE,FALSE,
495,18.96672143576005,0.07859750883225439,0.10855568143972712,0.02995817260747273,4233,1404,2829,FALSE,FALSE,
496,19.12177975172682,0.07772092597662722,0.11605857693398329,0.03833765095735607,3313,869,2444,FALSE,FALSE,
497,22.572146235469603,0.10725931114656295,0.11788277376271225,0.010623462616149298,3859,2343,1516,FALSE,FALSE,
498,19.789645866972208,0.14206464692129858,0.1473775243058103,0.005312877384511722,2202,803,1399,FALSE,FALSE,
499,17.51152107801462,0.09596078580941159,0.11357395993488394,0.01761317412547235,3149,338,2811,FALSE,FALSE,
500,19.60033787245687,0.09131655428797222,0.10830023532126962,0.016983681033297393,3428,1133,2295,FALSE,FALSE,
501,19.27869384387977,0.08593141754863275,0.097960628621557,0.012029211072924248,3229,1025,2204,FALSE,FALSE,
502,18.96672143576005,0.07892510514083129,0.11822266383119728,0.039297558690366,3186,574,2612,FALSE,FALSE,
503,25.120597008070924,0.10738472308759878,0.1232139706223259,0.01582924753472713,3267,2767,500,FALSE,FALSE,
504,25.19020593306931,0.09528500967967657,0.16617322497641107,0.0708882152967345,2333,2073,260,FALSE,FALSE,
505,19.60033787245687,0.1078529920476897,0.11967234522254881,0.011819353174859118,2873,725,2148,FALSE,FALSE,
506,19.27869384387977,0.07496110556343039,0.11279921426431389,0.0378381087008835,2840,868,1972,FALSE,FALSE,
507,25.19020593306931,0.08847120769047033,0.1476704094942887,0.059199201803818366,2129,1841,288,FALSE,FALSE,
508,23.21484231831287,0.11462367903756544,0.11385350074876859,-7.701782887968578e-4,3468,2447,1021,FALSE,FALSE,
509,19.843845656610355,0.08479519014520204,0.1289185634893728,0.04412337334417077,2194,790,1404,FALSE,FALSE,
510,24.702201472285708,0.09045816881185413,0.12520112580248088,0.03474295699062675,2733,2013,720,FALSE,FALSE,
511,25.460230048124227,0.0854861961037337,0.13923352419329743,0.05374732808956373,2411,2165,246,FALSE,FALSE,
512,19.12177975172682,0.07413433440331382,0.09328388259703642,0.019149548193722596,3567,1463,2104,FALSE,FALSE,
513,19.12177975172682,0.06910585423555168,0.1090525506677934,0.03994669643224172,3079,1060,2019,FALSE,FALSE,
514,24.758719861626428,0.09762150087559521,0.11472336591692081,0.017101865041325603,3015,2500,515,FALSE,FALSE,
515,25.362555483357653,0.08380880971894583,0.12229298826154161,0.03848417854259578,2338,1953,385,FALSE,FALSE,
516,19.114821429988513,0.10946765376361633,0.11607855278719659,0.006610899023580252,3620,606,3014,FALSE,FALSE,
517,19.61182193062687,0.0783062795262059,0.10711816444384634,0.028811884917640432,3855,1089,2766,FALSE,FALSE,
518,17.505667323282474,0.09462283529905846,0.11090567117823662,0.016282835879178156,2328,344,1984,FALSE,FALSE,
519,19.806769563020094,0.10369349606160516,0.1128108884571009,0.009117392395495735,3502,1383,2119,FALSE,FALSE,
520,19.806769563020094,0.08170060552612451,0.10839537526560802,0.02669476973948351,3172,1181,1991,FALSE,FALSE,
521,25.31757881017335,0.07659647942917336,0.10127059986420028,0.024674120435026925,2551,2284,267,FALSE,FALSE,
522,25.31757881017335,0.09369426375112498,0.1291250211803321,0.03543075742920711,1998,1585,413,FALSE,FALSE,
523,20.483043557998826,0.06445863428627202,0.07516127661299521,0.010702642326723188,2632,1647,985,FALSE,FALSE,
524,17.71428586604627,0.07068036505431481,0.07770250901559496,0.007022143961280147,2561,542,2019,FALSE,FALSE,
525,22.393504087892072,0.11615954492448191,0.11658245709510125,4.229121706193356e-4,2522,1608,914,FALSE,FALSE,
526,19.456588301228333,0.08574649799966377,0.09663574570502775,0.01088924770536398,2964,941,2023,FALSE,FALSE,
527,19.806769563020094,0.09515159268140687,0.11422479157679097,0.0190731988953841,3089,1151,1938,FALSE,FALSE,
528,20.152447068482374,0.08349407213273431,0.10563364784340933,0.022139575710675014,2296,914,1382,FALSE,FALSE,
529,17.51152107801462,0.09944239070946248,0.11649122982855761,0.017048839119095133,2898,389,2509,FALSE,FALSE,
530,19.61182193062687,0.08716173165068672,0.11357143777334737,0.02640970612266065,3218,1252,1966,FALSE,FALSE,
531,18.201891552865302,0.11834733552561871,0.13581621753368378,0.017468882008065068,2867,371,2496,FALSE,FALSE,
532,19.806769563020094,0.11287749586563633,0.1273813574634074,0.014503861597771062,3009,1323,1686,FALSE,FALSE,
533,22.073219516580043,0.08782875547591404,0.12477898341978283,0.03695022794386879,2509,1609,900,FALSE,FALSE,
534,18.96672143576005,0.086307051031953,0.10912521663394531,0.022818165601992305,3141,1048,2093,FALSE,FALSE,
535,19.27869384387977,0.09720056211217526,0.12012905361293393,0.022928491500758666,2920,766,2154,FALSE,FALSE,
536,19.27869384387977,0.07418181234360313,0.10986987662594204,0.03568806428233891,3834,854,2980,FALSE,FALSE,
537,18.96672143576005,0.06452662802975835,0.11442666257520485,0.0499000345454465,3208,939,2269,FALSE,FALSE,
538,24.52794824130447,0.11886382587510957,0.12456925491366291,0.005705429038553339,3773,2903,870,FALSE,FALSE,
539,25.362555483357653,0.087233364959440507,0.11523185488884283,0.02799848992940232,3497,3058,439,FALSE,FALSE,
540,25.31757881017335,0.0931703241831172,0.12736525100611262,0.03419492682299542,2856,2397,459,FALSE,FALSE,
541,17.505667323282474,0.07306125836761859,0.09754535938013087,0.024484101012512277,3428,368,3060,FALSE,FALSE,
542,19.456588301228333,0.07292019666323232,0.11123217998066567,0.03831198331743335,3584,919,2665,FALSE,FALSE,
543,25.878803292112114,0.07379264819014295,0.11386171599340572,0.040069067803262776,2362,2033,329,FALSE,FALSE,
544,18.96672143576005,0.0812239077583389,0.11498711475932204,0.033763207000983134,3150,890,2260,FALSE,FALSE,
545,25.617827770802275,0.09602932899676672,0.1370151769128086,0.04098584791604187,2550,2296,254,FALSE,FALSE,
546,19.843845656610355,0.0638762338558232,0.08061229921123535,0.016736065355412152,2474,1029,1445,FALSE,FALSE,
547,19.61182193062687,0.08048688364260223,0.11476820497720872,0.034281321334606485,5171,936,4235,FALSE,FALSE,
548,19.789645866972208,0.07407134435955848,0.10713391349358117,0.033062569134022696,3048,1297,1751,FALSE,FALSE,
549,21.373500259307033,0.09122178749476312,0.10567521062316221,0.01445342312839909,2521,1194,1327,FALSE,FALSE,
550,19.806769563020094,0.09502292463307177,0.1300482379535206,0.035025313320448836,3159,1239,1920,FALSE,FALSE,
551,19.806769563020094,0.09949611547426794,0.12054194705554881,0.02104583158128087,2724,1206,1518,FALSE,FALSE,
552,19.117776582772898,0.0704601736874084,0.10828547435477194,0.037825300667363546,3958,1076,2882,FALSE,FALSE,
553,19.806769563020094,0.08438902738647457,0.12394328694606149,0.03955425955958693,2882,1085,1797,FALSE,FALSE,
554,25.31757881017335,0.09430525666604589,0.11746991736249912,0.023164660696453232,3275,2762,513,FALSE,FALSE,
555,19.79655399464085,0.08407113786131495,0.1049995188293357,0.020928380968020743,4944,1707,3237,FALSE,FALSE,
556,25.31757881017335,0.050373724036683803,0.0863231298850811,0.0359494058483973,2534,2285,249,FALSE,FALSE,
557,18.96672143576005,0.06544015702231182,0.10273289999836761,0.037292742976055795,2846,443,2403,FALSE,FALSE,
558,25.19020593306931,0.11594066230909955,0.15139118896314208,0.035450526654042525,2123,1838,285,FALSE,FALSE,
559,26.175131249606352,0.09672770220082216,0.11386488194785518,0.01713717974703302,3551,3151,400,FALSE,FALSE,
560,19.27869384387977,0.07960257504316251,0.11039085033444766,0.030788275291285153,3974,1240,2734,FALSE,FALSE,
561,19.215903415629818,0.0960398871263114,0.12642874546327992,0.030388858336968527,2503,1001,1502,FALSE,FALSE,
562,19.806769563020094,0.1005340548608378,0.12380060866506484,0.02326655380422704,3964,1374,2590,FALSE,FALSE,
563,19.12177975172682,0.07270222411213814,0.11015124825173608,0.03744902413959794,4424,914,3510,FALSE,FALSE,
564,19.805350829047185,0.09349937346185169,0.12102743111489557,0.027528057653043878,2837,1115,1722,FALSE,FALSE,
565,19.61182193062687,0.08557309730049496,0.11847773722132025,0.03290463992082529,3470,370,3100,FALSE,FALSE,
566,19.27869384387977,0.08114408344884809,0.09467583405042991,0.013531750601581821,2856,1419,1437,FALSE,FALSE,
567,24.52794824130447,0.1222033014590398,0.1452959805601428,0.023092679101103006,2218,1742,476,FALSE,FALSE,
568,25.362555483357653,0.0842467892038322,0.1172593715150151,0.0330125823111829,3539,3160,379,FALSE,FALSE,
569,19.789645866972208,0.10469086094928308,0.1381439613222874,0.03345310037300432,2135,1059,1076,FALSE,FALSE,
570,21.373500259307033,0.05415084423371898,0.1041134398100413,0.04996259557632232,2618,1371,1247,FALSE,FALSE,
571,25.31757881017335,0.07404362739166387,0.0946302384507764,0.020586611059112525,3246,2721,525,FALSE,FALSE,
572,19.215903415629818,0.08651996223960937,0.10536376789091814,0.018843805651308776,3233,827,2406,FALSE,FALSE,
573,19.61182193062687,0.08076061673936913,0.10064163468398124,0.01988101794461211,2873,1053,1820,FALSE,FALSE,
574,19.870365823828326,0.06481524095908187,0.0815493155846064,0.016734074625524537,2764,1492,1272,FALSE,FALSE,
575,25.766148230117075,0.08963046222752613,0.1269259796417188,0.03729551741419268,2150,1819,331,FALSE,FALSE,
576,17.680555244142315,0.10621785402141937,0.10894425320314916,0.0027263991817297883,3694,416,3278,FALSE,FALSE,
577,19.805350829047185,0.09246523010915392,0.11453597181330796,0.022070741704154045,5101,1534,3567,FALSE,FALSE,
578,23.76670000168204,0.10504416796306598,0.13765445031177642,0.03261028234871044,2097,1438,659,FALSE,FALSE,
579,25.749170875695366,0.09941293856046039,0.08659166393468931,-0.012821274625771081,2315,2096,219,FALSE,FALSE,
580,25.19020593306931,0.11420412117942647,0.11446597838175618,2.6185720232971277e-4,2965,2481,484,FALSE,FALSE,
581,18.966049777269326,0.06491090014103655,0.11749619130192465,0.0525852911608881,4101,994,3107,FALSE,FALSE,
582,19.806769563020094,0.0974712367994262,0.11618980257163115,0.01871856577220496,3041,1309,1732,FALSE,FALSE,
583,25.362555483357653,0.08583438276649649,0.15483902789694642,0.06900464513044993,2650,2396,254,FALSE,FALSE,
584,17.676530414483203,0.08014942828374334,0.106581073892685,0.02643164560894165,3222,352,2870,FALSE,FALSE,
585,18.00388453040844,0.09478801389969843,0.11738264490835956,0.02259463100866113,3056,382,2674,FALSE,FALSE,
586,19.789645866972208,0.07464072954485095,0.10238737958577501,0.027746650040924067,3693,1536,2157,FALSE,FALSE,
587,19.806769563020094,0.08949640218574229,0.11661216886194001,0.027115766676197722,5006,1642,3364,FALSE,FALSE,
588,18.015636323033718,0.08848874477903738,0.09132799902926823,0.0028392542502308493,2184,480,1704,FALSE,FALSE,
589,19.12177975172682,0.08845047180312438,0.11123546318964969,0.022784991386525316,3855,1024,2831,FALSE,FALSE,
590,19.870365823828326,0.06940614638345062,0.089235850128761,0.019829703745310373,2317,1208,1109,FALSE,FALSE,
591,19.806769563020094,0.08486968296239328,0.11855014474378807,0.03368046178139479,3165,1402,1763,FALSE,FALSE,
592,19.27869384387977,0.0726025974886417,0.09840347167433268,0.025800874185690978,3182,1210,1972,FALSE,FALSE,
593,19.805350829047185,0.09587554949516026,0.11811016017084813,0.02223461067568787,4433,1316,3117,FALSE,FALSE,
594,24.96122663557223,0.08486674796886073,0.1164884525243564,0.031621704555495664,1965,1498,467,FALSE,FALSE,
595,19.805350829047185,0.11124916448331776,0.11410560766632574,0.002856443183007984,2630,1037,1593,FALSE,FALSE,
596,19.12177975172682,0.07756120494239258,0.10019259301360588,0.0226313880712133,3387,1015,2372,FALSE,FALSE,
597,21.827839764711047,0.08680795692122642,0.1264979311585294,0.03968997423730297,2711,1409,1302,FALSE,FALSE,
598,25.362555483357653,0.08261847498408811,0.11287084377910035,0.03025236879501224,2281,1793,488,FALSE,FALSE,
599,19.806769563020094,0.10185795342306048,0.11359038530210969,0.01173243187904921,3074,1213,1861,FALSE,FALSE,
600,19.805350829047185,0.08394956561683467,0.12642647738069343,0.04247691176385876,3135,1040,2095,FALSE,FALSE,
601,19.806769563020094,0.0917313845580581,0.12056104017076072,0.02882965561270262,3165,1320,1845,FALSE,FALSE,
602,25.31757881017335,0.12259909539856254,0.15506537938795678,0.032466283989394246,2683,2144,539,FALSE,FALSE,
603,25.161314330815753,0.08842116440891727,0.16067403898107724,0.07225287457215997,2718,2383,335,FALSE,FALSE,
604,19.12177975172682,0.05188694806898409,0.09768187654766755,0.04579492847868346,3246,977,2269,FALSE,FALSE,
605,19.806769563020094,0.0870654879600203,0.11165225479783437,0.024586766837814078,3584,1424,2160,FALSE,FALSE,
606,19.843845656610355,0.08838234880264834,0.13444672645639888,0.04606437765375054,2095,888,1207,FALSE,FALSE,
607,19.12177975172682,0.0669447829831938,0.09953849225876982,0.03259370927557602,4055,1189,2866,FALSE,FALSE,
608,19.350678307200045,0.09535966536727433,0.12115112479831351,0.02579145943103918,3549,853,2696,FALSE,FALSE,
609,18.81848932190445,0.058734523580700665,0.06429982555347112,0.005565301972770456,2630,891,1739,FALSE,FALSE,
610,19.350678307200045,0.0817873603577096,0.1109827377210786,0.029195377363368996,3342,962,2380,FALSE,FALSE,
611,25.460230048124227,0.07987228309542559,0.09253546704124918,0.012663183945823595,2474,2224,250,FALSE,FALSE,
612,19.843845656610355,0.0932165328025231,0.14337547701740533,0.050158944214882234,2058,832,1226,FALSE,FALSE,
613,21.373500259307033,0.05434055572220071,0.07862294213778108,0.024282386415580372,2893,2033,860,FALSE,FALSE,
614,22.572146235469603,0.10200423966601738,0.1325684400689979,0.030564200402980524,2637,1559,1078,FALSE,FALSE,
615,22.439071936874825,0.0926222378512605,0.11800599088476947,0.02538375303350897,2315,1315,1000,FALSE,FALSE,
616,19.806769563020094,0.09051915475138457,0.11220727553738352,0.02168812078599895,3582,1124,2458,FALSE,FALSE,
617,18.966049777269326,0.07125030693507084,0.11003347615927672,0.03878316922420588,3938,1220,2718,FALSE,FALSE,
618,19.61182193062687,0.10782340816264291,0.12169902662595056,0.013875618463307648,3019,856,2163,FALSE,FALSE,
619,16.857084150440357,0.09170959358666023,0.12673393674209038,0.035024343155430154,2000,205,1795,FALSE,FALSE,
620,19.806769563020094,0.08933774569207083,0.10822269986881121,0.01888495417674038,4654,1310,3344,FALSE,FALSE,
621,19.61182193062687,0.08809020346180943,0.11291346430208751,0.024823260840278083,4383,776,3607,FALSE,FALSE,
622,25.19020593306931,0.1069697053016475,0.14102467124507062,0.034054965943423124,2975,2559,416,FALSE,FALSE,
623,25.299559964028415,0.09925137999927645,0.1379045510087559,0.038653171009479445,3364,2814,550,FALSE,FALSE,
624,19.12177975172682,0.07353520027778368,0.10817250617170111,0.03463730589391743,3921,1027,2894,FALSE,FALSE,
625,19.27869384387977,0.07213755738256337,0.10739785336174404,0.035260295979180664,3218,997,2221,FALSE,FALSE,
626,17.680555244142315,0.1011606571241831,0.1152016202926014,0.01404096316841831,3718,452,3266,FALSE,FALSE,
627,19.806769563020094,0.09534692331699923,0.10650439177111017,0.011157468454110933,3108,1268,1840,FALSE,FALSE,
628,19.350678307200045,0.07504864846956186,0.10113956605604513,0.02609091758648327,3268,1174,2094,FALSE,FALSE,
629,19.806769563020094,0.11341885716794725,0.12599621919571377,0.01257736202776652,3056,1128,1928,FALSE,FALSE,
630,22.439071936874825,0.11961855017899999,0.11644929548000946,-0.0031692546989905285,4353,2912,1441,FALSE,FALSE,
631,25.19020593306931,0.11298916358249379,0.12710132070812402,0.014112157125630229,2846,2441,405,FALSE,FALSE,
632,19.60033787245687,0.07111203070376626,0.11072157942243616,0.039609548718669896,4687,1230,3457,FALSE,FALSE,
633,19.806769563020094,0.1047055759660984,0.11549376309367566,0.010788187127577259,3376,1399,1977,FALSE,FALSE,
634,19.60033787245687,0.09032078662950488,0.10672167196782409,0.01640088533831921,2861,1164,1697,FALSE,FALSE,
635,18.81848932190445,0.06635534731047552,0.08898450115345494,0.02262915384297942,2414,845,1569,FALSE,FALSE,
636,19.805350829047185,0.10011876061262272,0.11338944739188117,0.013270686779258453,3001,1227,1774,FALSE,FALSE,
637,25.617827770802275,0.1016038961708588,0.13235930464030676,0.030755408469447965,2829,2473,356,FALSE,FALSE,
638,19.350678307200045,0.07427703235323391,0.1080273348515037,0.033750302498269796,3692,1098,2594,FALSE,FALSE,
639,19.350678307200045,0.09814952297924173,0.10933630558924902,0.011186782610007287,3288,1024,2264,FALSE,FALSE,
640,19.806769563020094,0.11365378834524664,0.11844282831424847,0.004789039969001832,3717,1164,2553,FALSE,FALSE,
641,24.758719861626428,0.11180552614939183,0.12276585087942543,0.010960324730033597,3048,2454,594,FALSE,FALSE,
642,25.362555483357653,0.11379996649752397,0.15367578956135752,0.039875823063833554,2214,1987,227,FALSE,FALSE,
643,23.721299524578214,0.08330850417096258,0.1067113114772031,0.023402807306240517,2469,1813,656,FALSE,FALSE,
644,21.102544755879357,0.0751136228869628,0.10551684663354806,0.03040322374658526,2415,1449,966,FALSE,FALSE,
645,20.07440944585288,0.09441521791353343,0.1260952686344614,0.031680050720927985,2499,1352,1147,FALSE,FALSE,
646,19.806769563020094,0.0794590377716513,0.12290730079977169,0.043448263028120396,3512,1189,2323,FALSE,FALSE,
647,19.61182193062687,0.08067917553879339,0.10368824790589817,0.023009072367104783,3172,917,2255,FALSE,FALSE,
648,20.152447068482374,0.11437599271401284,0.13075464507048284,0.01637865235647,2150,968,1182,FALSE,FALSE,
649,25.19020593306931,0.1162236337126716,0.12148844224413874,0.005264808531467144,3811,3165,646,FALSE,FALSE,
650,19.350678307200045,0.08066002781148876,0.11532755910156281,0.03466753129007405,4404,892,3512,FALSE,FALSE,
651,18.96672143576005,0.08608009685039006,0.11180305374817127,0.025722956897781216,3017,820,2197,FALSE,FALSE,
652,19.79655399464085,0.10125991822494661,0.12908693761921836,0.02782701939427175,2932,1138,1794,FALSE,FALSE,
653,25.137091096616988,0.10481102341702345,0.13875045085750845,0.033939427440485004,2336,2082,254,FALSE,FALSE,
654,16.857084150440357,0.028548642687166725,0.07843698069285926,0.049888338005692534,2202,271,1931,FALSE,FALSE,
655,25.31757881017335,0.08063523645295184,0.11432567979770289,0.03369044334475105,1972,1741,231,FALSE,FALSE,
656,18.96672143576005,0.07377996799969805,0.1203246751286162,0.046544707128918145,3120,854,2266,FALSE,FALSE,
657,21.866523987062436,0.0952958253552082,0.11022968534229449,0.014933859987086295,2375,1498,877,FALSE,FALSE,
658,19.60033787245687,0.09849327891621604,0.11646260500564516,0.017969326089429125,3912,975,2937,FALSE,FALSE,
659,19.61182193062687,0.07880523429223048,0.1019938352747745,0.023188600982544022,3173,1255,1918,FALSE,FALSE,
660,25.19020593306931,0.11431650227552607,0.12618576612742172,0.011869263851895642,2852,2425,427,FALSE,FALSE,
661,19.870365823828326,0.06783264647151847,0.08254109444448943,0.014708447972970953,2175,950,1225,FALSE,FALSE,
662,19.60033787245687,0.07544658005486213,0.11322960916339858,0.03778302910853645,3872,938,2934,FALSE,FALSE,
663,19.806769563020094,0.07632767627196517,0.10836750184885449,0.03203982557688932,2910,1185,1725,FALSE,FALSE,
664,19.843845656610355,0.09117232510135265,0.1325972966671352,0.041424971565782565,2165,860,1305,FALSE,FALSE,
665,19.806769563020094,0.10716147536934102,0.11916481346948424,0.012003338100143215,3533,1214,2319,FALSE,FALSE,
666,25.19020593306931,0.09200736799776583,0.11513405182138126,0.02312668382361542,1988,1588,400,FALSE,FALSE,
667,19.60033787245687,0.10127236742070919,0.11357807592844381,0.012305708507734617,3355,1122,2233,FALSE,FALSE,
668,24.758719861626428,0.10738264364820516,0.1366392062553391,0.02925656260713394,2224,1679,545,FALSE,FALSE,
669,18.96672143576005,0.06935242153454532,0.10470353646469961,0.03535111493015429,3062,943,2119,FALSE,FALSE,
670,19.61182193062687,0.0968637746850769,0.11336092759391171,0.016497152908834814,4452,965,3487,FALSE,FALSE,
671,19.61182193062687,0.09801179934664093,0.11207051396775072,0.014058714621109789,3975,1048,2927,FALSE,FALSE,
672,23.980983050168934,0.059202512162888396,0.08189108580514687,0.022688573642258472,2321,1900,421,FALSE,FALSE,
673,17.47327139887104,0.08384493611614706,0.10387511734215298,0.020030181226005916,3581,627,2954,FALSE,FALSE,
674,19.61182193062687,0.09920727871024823,0.11441918834970044,0.015211909639452209,3927,1150,2777,FALSE,FALSE,
675,25.31757881017335,0.07163500009249359,0.11595303836814222,0.04431803827564863,2639,2302,337,FALSE,FALSE,
676,21.102544755879357,0.08328574094278011,0.1142613305189162,0.03097558957613608,2115,1196,919,FALSE,FALSE,
677,19.806769563020094,0.09064212400828003,0.1151440699204351,0.02450194591215507,3275,1436,1839,FALSE,FALSE,
678,21.4425267369086,0.10319077446929396,0.10925934962355163,0.006068575154257669,2855,1573,1282,FALSE,FALSE,
679,17.71428586604627,0.07829517504583536,0.10964557613365292,0.03135040108781756,4032,521,3511,FALSE,FALSE,
680,21.373500259307033,0.08686068502617732,0.11228751655074778,0.025426831524570467,2384,1131,1253,FALSE,FALSE,
681,19.806769563020094,0.08872006573720012,0.1228096166630251,0.03408955092582498,3264,1240,2024,FALSE,FALSE,
682,19.806769563020094,0.07783252982704653,0.11019526410732704,0.03236273428028051,2784,999,1785,FALSE,FALSE,
683,18.851783549948102,0.09804034825515551,0.1159237803338582,0.017883432078702688,3855,699,3156,FALSE,FALSE,
684,25.31757881017335,0.09144186076973701,0.11118366069728336,0.01974179992754635,3299,2962,337,FALSE,FALSE,
685,19.60033787245687,0.10817033638713436,0.11952655032733174,0.011356213940197382,4222,809,3413,FALSE,FALSE,
686,19.60033787245687,0.08393265199732151,0.10025698750336519,0.016324335506043675,3421,1456,1965,FALSE,FALSE,
687,19.806769563020094,0.0744062484257503,0.10515216304823487,0.030745914622484563,3686,1420,2266,FALSE,FALSE,
688,19.61182193062687,0.07338606195882265,0.11099482413878003,0.037608762179957386,4039,571,3468,FALSE,FALSE,
689,19.805350829047185,0.094485542683575785,0.12468962935361512,0.030204086670039335,3679,985,2694,FALSE,FALSE,
690,24.758719861626428,0.10829719144730071,0.1451727452221802,0.0368755537748795,2052,1638,414,FALSE,FALSE,
691,19.870365823828326,0.09532041343903143,0.10521651507540658,0.009896101636375151,2645,1321,1324,FALSE,FALSE,
692,17.680555244142315,0.06547014692468062,0.11448950865702731,0.049019361732346695,4411,524,3887,FALSE,FALSE,
693,21.373500259307033,0.08971262630022414,0.09819121046891326,0.008478584168689116,2099,1103,996,FALSE,FALSE,
694,19.350678307200045,0.09841411490428664,0.10667369752869026,0.008259582624403614,2950,894,2056,FALSE,FALSE,
695,19.350678307200045,0.08489004887902578,0.10660158462006909,0.021711535741043314,4111,931,3180,FALSE,FALSE,
696,19.428920445869597,0.06591247050565552,0.07509134600172618,0.00917887549607066,2547,1292,1255,FALSE,FALSE,
697,18.96672143576005,0.07857163297384799,0.1003079302996536,0.021736297325805606,3138,1005,2133,FALSE,FALSE,
698,25.31757881017335,0.11232965721190435,0.14078462256823498,0.02845496535633063,2444,2124,320,FALSE,FALSE,
699,16.857084150440357,0.07052980237311358,0.110664280453083,0.04013447807996942,2313,237,2076,FALSE,FALSE,
700,25.31757881017335,0.07456219417928808,0.1254516417716232,0.05088944759233513,2584,2275,309,FALSE,FALSE,
701,19.806769563020094,0.09570603221697503,0.11850853456871423,0.022802502351739196,3028,1139,1889,FALSE,FALSE,
702,19.61182193062687,0.09152291239652269,0.11421552988743773,0.022692617490915043,3108,1038,2070,FALSE,FALSE,
703,19.870365823828326,0.09543208046019391,0.1259251137182319,0.030493033258037983,2427,1121,1306,FALSE,FALSE,
704,18.890889404169155,0.06708742559002479,0.10662349109486724,0.039536065504842455,4459,669,3790,FALSE,FALSE,
705,25.161314330815753,0.09368047612146183,0.12887663501551286,0.03519615889405103,2497,2154,343,FALSE,FALSE,
706,25.19020593306931,0.1117879799365574,0.13062650862938646,0.018838528692829065,3038,2519,519,FALSE,FALSE,
707,18.96672143576005,0.06858678798384807,0.10794775943995857,0.039360971456110505,3202,864,2338,FALSE,FALSE,
708,25.161314330815753,0.10426207753668693,0.12638269725271342,0.022120619716026496,2614,2094,520,FALSE,FALSE,
709,19.870365823828326,0.07096928642826933,0.1066807914428936,0.035711505014624265,2466,1173,1293,FALSE,FALSE,
710,22.859305599139788,0.11917556905639896,0.11174184951413084,-0.007433719542268125,5023,3405,1618,FALSE,FALSE,
711,21.466725306603188,0.07258910926973933,0.08469036819831985,0.012101258928580522,2453,1673,780,FALSE,FALSE,
712,25.19020593306931,0.09116904054562203,0.13360810404327889,0.04243906349765686,3284,2828,456,FALSE,FALSE,
713,24.702201472285708,0.0921875742101495,0.13389404404557576,0.04170646983542625,2300,1708,592,FALSE,FALSE,
714,25.362555483357653,0.08063506215397473,0.13043695869293992,0.04980189653896519,2265,1928,337,FALSE,FALSE,
715,17.94252060109979,0.10929009445313881,0.1097308608587137,4.4076640557488833e-4,3681,469,3212,FALSE,FALSE,
716,25.19020593306931,0.10525629943218628,0.15827797301327268,0.05302167358108639,2368,2027,341,FALSE,FALSE,
717,19.27869384387977,0.08324175991316758,0.11490564438217005,0.031663884469002465,3334,1017,2317,FALSE,FALSE,
718,19.870365823828326,0.0879121871741414,0.11053525736073984,0.02262307018659844,2163,1075,1088,FALSE,FALSE,
719,19.61182193062687,0.07839441430951483,0.10981701970297017,0.031422605393455344,5148,1004,4144,FALSE,FALSE,
720,24.702201472285708,0.0705162634196759,0.11009306950946673,0.039576806089790834,2407,2040,367,FALSE,FALSE,
721,24.702201472285708,0.06629337301726926,0.11358796076184963,0.04729458774458037,2283,1911,372,FALSE,FALSE,
722,19.806769563020094,0.10576969385404897,0.12709838320626585,0.02132868935221688,2118,928,1190,FALSE,FALSE,
723,19.806769563020094,0.0745598429899015,0.11344996889815603,0.03889012590825454,3158,1313,1845,FALSE,FALSE,
724,22.572146235469603,0.10686641093775111,0.12205971690807096,0.015193305970319856,3997,2478,1519,FALSE,FALSE,
725,19.456588301228333,0.09445882501368386,0.11072693358059897,0.016268108566915115,3719,698,3021,FALSE,FALSE,
726,18.96672143576005,0.08823579673303111,0.10518339149382938,0.016947594760798268,3588,703,2885,FALSE,FALSE,
727,19.27869384387977,0.06298952245968681,0.11010841857199793,0.047118896112311126,4978,623,4355,FALSE,FALSE,
728,18.96672143576005,0.07095539476719097,0.11609440458245716,0.045139009815266196,4333,669,3664,FALSE,FALSE,
729,19.806769563020094,0.08676540211921602,0.11911237133207285,0.03234696921285683,4178,1569,2609,FALSE,FALSE,
730,26.089911656637977,0.09294663557230971,0.12533339528998433,0.032386759717674615,3127,2784,343,FALSE,FALSE,
731,19.27869384387977,0.08462569355323331,0.1078223627003196,0.02319666914708629,3356,926,2430,FALSE,FALSE,
732,18.966049777269326,0.08767688819592384,0.11525932177287937,0.02758243357695553,3070,625,2445,FALSE,FALSE,
733,18.00388453040844,0.09257488721070721,0.11047919994306578,0.017904312732358568,3884,531,3353,FALSE,FALSE,
734,23.721299524578214,0.0786665568102592,0.12440135142807232,0.045734794617813115,2416,1851,565,FALSE,FALSE,
735,19.806769563020094,0.1221937219877577,0.12481431545986528,0.0026205934721075796,3638,1283,2355,FALSE,FALSE,
736,17.801474891854223,0.06958288127559409,0.11216107587629492,0.042578194600700836,2893,347,2546,FALSE,FALSE,
737,25.299559964028415,0.09788839266176767,0.12901061268030947,0.0311222200185418,3318,2635,683,FALSE,FALSE,
738,20.152447068482374,0.08960704197380398,0.10282899809830554,0.013221956124501555,2707,1381,1326,FALSE,FALSE,
739,18.96672143576005,0.06796338862175993,0.10111400422128566,0.03315061559952573,3228,981,2247,FALSE,FALSE,
740,19.60033787245687,0.08091472111327491,0.10628604133919993,0.025371320225925018,3882,1085,2797,FALSE,FALSE,
741,19.806769563020094,0.09962877906147465,0.11459773461461939,0.014968955553144744,3672,1240,2432,FALSE,FALSE,
742,19.806769563020094,0.08942236743678497,0.12321888246998125,0.03379651503319628,2864,1079,1785,FALSE,FALSE,
743,19.27869384387977,0.06681367267568417,0.11490978530572232,0.04809611263003816,3565,638,2927,FALSE,FALSE,
744,23.980983050168934,0.05267926271162332,0.09480018906923197,0.042120926357608654,2532,1900,632,FALSE,FALSE,
745,25.19020593306931,0.10159199015056997,0.12101311090317152,0.01942112075260155,2817,2424,393,FALSE,FALSE,
746,18.81848932190445,0.06261917336537534,0.10411500611993584,0.041495832754560494,4754,767,3987,FALSE,FALSE,
747,19.806769563020094,0.07303177423670978,0.10678495267908714,0.03375317844237735,4011,1431,2580,FALSE,FALSE,
748,19.843845656610355,0.09597480876252722,0.12334589607813828,0.027371087315611067,2343,998,1345,FALSE,FALSE,
749,19.350678307200045,0.07877986325040051,0.09086767905635755,0.012087815805957039,3067,1137,1930,FALSE,FALSE,
750,25.460230048124227,0.09674335204822879,0.13135681297029317,0.03461346092206438,2770,2430,340,FALSE,FALSE,
751,19.61182193062687,0.10479518083662129,0.11277231578193174,0.007977134945310452,2671,727,1944,FALSE,FALSE,
752,19.350678307200045,0.08610896462300027,0.09823161665876062,0.01212265203576035,2392,920,1472,FALSE,FALSE,
753,19.27869384387977,0.09105393910464943,0.12327810095574915,0.03222416185109972,3234,668,2566,FALSE,FALSE,
754,21.493789006931475,0.11820747269523432,0.12342154557067464,0.005214072875440318,2999,1735,1264,FALSE,FALSE,
755,17.61906245364189,0.06939939959526104,0.1011065586477283,0.031707159052467265,2451,427,2024,FALSE,FALSE,
756,25.31757881017335,0.09043267908173747,0.1464579105932583,0.056025231511520834,2405,1969,436,FALSE,FALSE,
757,22.99884887216047,0.12145502057240468,0.11414852249213785,-0.0073064980802668295,4252,2846,1406,FALSE,FALSE,
758,19.61182193062687,0.0774613709128684,0.09805914628151444,0.020597775368646043,3251,1385,1866,FALSE,FALSE,
759,17.505667323282474,0.07267156102200178,0.09574173422060961,0.023070173198607824,2596,411,2185,FALSE,FALSE,
760,17.71428586604627,0.0990080419920589,0.11252906872920865,0.01352102673714975,2708,416,2292,FALSE,FALSE,
761,18.96672143576005,0.06633936862672364,0.11121646069376082,0.044877092067037175,3964,1007,2957,FALSE,FALSE,
762,19.456588301228333,0.08953666395634938,0.11148937947488326,0.02195271551853388,3956,1166,2790,FALSE,FALSE,
763,19.61182193062687,0.1079365488577193,0.11754803593560034,0.009611487077881037,3104,1120,1984,FALSE,FALSE,
764,19.870365823828326,0.07201943083511926,0.08678264208473782,0.01476321124961856,2602,1545,1057,FALSE,FALSE,
765,19.806769563020094,0.09631413555797114,0.11028457160309924,0.013970436045128098,3948,1256,2692,FALSE,FALSE,
766,25.362555483357653,0.09452279523803096,0.15874510344281428,0.06422230820478332,2658,2280,378,FALSE,FALSE,
767,19.114821429988513,0.10753991104670665,0.11435115825506795,0.006811247208361293,3292,724,2568,FALSE,FALSE,
768,19.61182193062687,0.08279613921189183,0.10959556905490091,0.02679942984300908,3239,1213,2026,FALSE,FALSE,
769,19.61182193062687,0.09385484224329341,0.11018171192861202,0.016326869685318615,4528,1037,3491,FALSE,FALSE,
770,19.502490476545496,0.07349489625359071,0.12095386246190773,0.04745896620831702,2982,788,2194,FALSE,FALSE,
771,19.806769563020094,0.0930989745835669,0.12151703756270393,0.02841806297913703,3068,1007,2061,FALSE,FALSE,
772,19.806769563020094,0.08800015058026998,0.10626104046960352,0.01826088988933354,2730,1100,1630,FALSE,FALSE,
773,25.362555483357653,0.10262976972311275,0.1553823665746053,0.052752596851492556,2770,2513,257,FALSE,FALSE,
774,19.806769563020094,0.09749586454694215,0.11767527936487404,0.020179414817931896,3360,1214,2146,FALSE,FALSE,
775,19.27869384387977,0.06949625294125623,0.09161909993698741,0.02212284699573118,2613,1143,1470,FALSE,FALSE,
776,25.31757881017335,0.09538856188953883,0.12528762762397694,0.02989906573443811,3171,2795,376,FALSE,FALSE,
777,18.966049777269326,0.06691008312855969,0.09980312102536888,0.032893037896809196,3251,871,2380,FALSE,FALSE,
778,20.94593441066128,0.10876431512367024,0.1034782879430001,-0.005286027180670144,2443,1145,1298,FALSE,FALSE,
779,19.27869384387977,0.05934699754997219,0.08681724128165619,0.027470243731683996,3323,1161,2162,FALSE,FALSE,
780,17.505667323282474,0.0944097273674482,0.10692864489552413,0.012518917528075935,2321,277,2044,FALSE,FALSE,
781,17.505667323282474,0.08147982736479524,0.09928026673569525,0.017800439370900006,2820,419,2401,FALSE,FALSE,
782,19.350678307200045,0.08555101842024596,0.12023077471547111,0.034679756295225156,3179,888,2291,FALSE,FALSE,
783,25.925990087332792,0.1107676765392811,0.15262012279511383,0.04185244625583273,2539,2260,279,FALSE,FALSE,
784,18.96672143576005,0.09058333664316988,0.11773727232328017,0.02715393568011029,3203,852,2351,FALSE,FALSE,
785,23.721299524578214,0.08715612985479557,0.12205224031779105,0.03489611046299548,2123,1617,506,FALSE,FALSE,
786,17.47327139887104,0.0514335890435163,0.07975548795309889,0.028321898909582588,2384,334,2050,FALSE,FALSE,
787,19.215903415629818,0.07347848997283386,0.09792363947819684,0.024445149505362973,2881,695,2186,FALSE,FALSE,
788,19.61182193062687,0.10160624243789382,0.11820079969288032,0.0165945572549865,2755,853,1902,FALSE,FALSE,
789,18.96672143576005,0.08395751228362877,0.10451619983214196,0.020558687548513185,3110,1035,2075,FALSE,FALSE,
790,19.806769563020094,0.09527224652764817,0.1205334247681541,0.02526117824050593,3037,1397,1640,FALSE,FALSE,
791,25.824594396956908,0.09964703679031107,0.12004043499095683,0.020393398200645757,3287,2799,488,FALSE,FALSE,
792,21.466725306603188,0.07841984115897077,0.09289577658441664,0.014475935425445868,2388,1289,1099,FALSE,FALSE,
793,25.31757881017335,0.08548105495028056,0.1202674196581542,0.034786364707873635,2787,2470,317,FALSE,FALSE,
794,25.460230048124227,0.06966841958308123,0.11081425618714666,0.04114583660406543,2721,2276,445,FALSE,FALSE,
795,19.805350829047185,0.08886887538961932,0.11285702492487769,0.023988149535258366,4278,1292,2986,FALSE,FALSE,
796,19.806769563020094,0.08332993156859056,0.10491462154142553,0.02158468997283497,2957,1135,1822,FALSE,FALSE,
797,19.350678307200045,0.07820786423859319,0.10357568693986856,0.02536782270127537,3567,1398,2169,FALSE,FALSE,
798,19.60033787245687,0.0803963316756981,0.10463755621816845,0.024241224542470352,3205,1131,2074,FALSE,FALSE,
799,18.067986634480178,0.09085944815442379,0.10973063425106987,0.018871186096646078,2995,785,2210,FALSE,FALSE,
800,25.31757881017335,0.09083297425827751,0.11534755023381237,0.024514575975534858,3161,2725,436,FALSE,FALSE,
801,20.35975936819824,0.13732757106113738,0.10831763664572813,-0.02900993441540925,4340,2173,2167,FALSE,FALSE,
802,19.60033787245687,0.08389468991134678,0.11779682864649231,0.033902138735145526,3692,658,3034,FALSE,FALSE,
803,25.362555483357653,0.08228955551904443,0.10647223061946665,0.024182675100422213,2104,1800,304,FALSE,FALSE,
804,19.806769563020094,0.0990866688935938,0.1208455751976591,0.021758906304065295,5100,1496,3604,FALSE,FALSE,
805,19.456588301228333,0.07309283013505224,0.1153540235238951,0.04226119338884285,3514,594,2920,FALSE,FALSE,
806,20.152447068482374,0.08998085601438936,0.10445827805738715,0.01447742204299779,2371,1129,1242,FALSE,FALSE,
807,19.61182193062687,0.07514373741692414,0.09349223865737821,0.018348501240454076,3001,966,2035,FALSE,FALSE,
808,17.71428586604627,0.07505366380135678,0.11394267055088134,0.03888900674952456,3620,383,3237,FALSE,FALSE,
809,25.161314330815753,0.10138453259792836,0.12228967120802653,0.02090513861009817,3285,2773,512,FALSE,FALSE,
810,19.60033787245687,0.07670565190357245,0.09136400232484004,0.01465835042126759,3328,1372,1956,FALSE,FALSE,
811,25.12893604798126,0.10176011550780348,0.13769629935931477,0.03593618385151129,3273,2872,401,FALSE,FALSE,
812,25.362555483357653,0.1105740602570946,0.13105672354208184,0.02048266328498724,2723,2266,457,FALSE,FALSE,
813,19.61182193062687,0.08777125263238847,0.10651449295082503,0.018743240318436563,3215,1226,1989,FALSE,FALSE,
814,19.27869384387977,0.0727594537675693,0.11107171366416291,0.038312259896593606,4101,1006,3095,FALSE,FALSE,
815,25.878803292112114,0.07936144329624636,0.13324584635734318,0.05388440306109682,2763,2395,368,FALSE,FALSE,
816,25.31757881017335,0.102508716442267,0.11298395444285658,0.010475238000589582,3189,2741,448,FALSE,FALSE,
817,16.646023369884045,0.07864619237418988,0.08675194090821306,0.008105748534023183,2562,274,2288,FALSE,FALSE,
818,25.161314330815753,0.10681538438435137,0.153133632694065,0.04631824830971362,2482,2113,369,FALSE,FALSE,
819,20.755591709054208,0.1078441730604967,0.08979215907281243,-0.018052013987684273,4641,2483,2158,FALSE,FALSE,
820,19.789645866972208,0.07700889396837482,0.10850302079283312,0.031494126824458304,3041,1021,2020,FALSE,FALSE,
821,19.806769563020094,0.08527586737770389,0.11396570416660873,0.02868983678890484,2879,1253,1626,FALSE,FALSE,
822,19.805350829047185,0.0980873391336843,0.10895527634749677,0.010867937213812476,3077,1195,1882,FALSE,FALSE,
823,19.843845656610355,0.10568385729817564,0.13549311232638367,0.029809255028208026,2426,1024,1402,FALSE,FALSE,
824,17.505667323282474,0.0869191413512564,0.11799600738909755,0.03107686603784114,2194,335,1859,FALSE,FALSE,
825,23.980983050168934,0.05009154330803967,0.06798128160169173,0.017889738293652056,2687,2091,596,FALSE,FALSE,
826,19.215903415629818,0.0889926392940561,0.11358456894282812,0.02459192964877202,3289,936,2353,FALSE,FALSE,
827,19.12177975172682,0.059382803494586356,0.10306436701227698,0.04368156351769062,4029,1045,2984,FALSE,FALSE,
828,19.806769563020094,0.0996926518816679,0.11484232681436801,0.015149674932700113,2691,879,1812,FALSE,FALSE,
829,18.96672143576005,0.08116470884445616,0.10843185795882525,0.027267149114369088,2812,553,2259,FALSE,FALSE,
830,25.362555483357653,0.07829013046491787,0.11428021047691711,0.03599008001199924,2705,2280,425,FALSE,FALSE,
831,19.843845656610355,0.07398721595185075,0.1060388958206501,0.03205167986879935,2015,948,1067,FALSE,FALSE,
832,19.805350829047185,0.09011835446770954,0.11687122543983978,0.02675287097213025,3452,972,2480,FALSE,FALSE,
833,19.350678307200045,0.07273074484381592,0.09376241544475036,0.021031670600934443,3146,1078,2068,FALSE,FALSE,
834,19.350678307200045,0.08778990638080514,0.11337704930953299,0.025587142928727852,3057,1006,2051,FALSE,FALSE,
835,19.61182193062687,0.09091827919221881,0.09992157744308687,0.009003298250868055,3190,1094,2096,FALSE,FALSE,
836,19.806769563020094,0.0987452318081287,0.10687523841830585,0.00813000661017714,2243,1060,1183,FALSE,FALSE,
837,19.61182193062687,0.09218692836715656,0.11270365252957021,0.020516724162413652,4178,1078,3100,FALSE,FALSE,
838,18.131998952853298,0.08580067960561547,0.11374393621440303,0.02794325660878756,3817,460,3357,FALSE,FALSE,
839,19.61182193062687,0.09688651471146555,0.10856139056653562,0.011674875855070072,2991,1092,1899,FALSE,FALSE,
840,19.806769563020094,0.09351452300894213,0.11382381925669256,0.020309296247750436,3967,1468,2499,FALSE,FALSE,
841,24.389899725723588,0.08959054569462359,0.13453924740501289,0.0449487017103893,2444,1998,446,FALSE,FALSE,
842,25.19020593306931,0.11358980981886022,0.1185299376097226,0.004940127790862378,3676,3084,592,FALSE,FALSE,
843,19.27869384387977,0.07114616580514348,0.11186989716174428,0.040723731356600804,4509,779,3730,FALSE,FALSE,
844,19.350678307200045,0.08602878780266805,0.10338674403094117,0.017357956228273116,3299,774,2525,FALSE,FALSE,
845,19.27869384387977,0.06488325947996049,0.09063628514808728,0.02575302566812679,3436,1384,2052,FALSE,FALSE,
846,17.51152107801462,0.07194621809489343,0.1257479304440428,0.05380171234914938,2876,309,2567,FALSE,FALSE,
847,19.805350829047185,0.11611711563283371,0.12476347696563903,0.008646361332805316,2722,913,1809,FALSE,FALSE,
848,19.350678307200045,0.08952227263965784,0.12029728373424264,0.030775011094584803,3871,910,2961,FALSE,FALSE,
849,25.766148230117075,0.07265286170446364,0.11072720498728113,0.03807434328281749,2466,2149,317,FALSE,FALSE,
850,19.61182193062687,0.08512717776379285,0.10945451315643663,0.024327335392643784,3478,938,2540,FALSE,FALSE,
851,25.824594396956908,0.08458335518402504,0.11922608945795622,0.03464273427393118,2258,1970,288,FALSE,FALSE,
852,19.60033787245687,0.09770852474809445,0.11048536162589286,0.012776836877798403,2997,1071,1926,FALSE,FALSE,
853,19.806769563020094,0.11078512827888005,0.11486434473375927,0.004079216454879214,3930,1547,2383,FALSE,FALSE,
854,25.824594396956908,0.08350755451855807,0.13938361677971228,0.055876062261154213,2646,2152,494,FALSE,FALSE,
855,19.350678307200045,0.07897059592280267,0.09250015040389392,0.01352955448109125,3060,1082,1978,FALSE,FALSE,
856,18.008870656328696,0.11198139879321312,0.118069746524408,0.00608834773119489,3321,356,2965,FALSE,FALSE,
857,20.046803246234816,0.10380082808846405,0.11132316071519749,0.007522332626733436,2262,832,1430,FALSE,FALSE,
858,25.766148230117075,0.1011029688307642,0.12556203629870094,0.024459067467936746,2162,1851,311,FALSE,FALSE,
859,19.806769563020094,0.1108056161865703,0.11784093182911495,0.007035315642544657,2323,1202,1121,FALSE,FALSE,
860,19.61182193062687,0.08761417444017977,0.10998873744727572,0.02237456300709595,3173,1186,1987,FALSE,FALSE,
861,19.61182193062687,0.09754848476298118,0.10560588795726793,0.008057403194286744,4083,1415,2668,FALSE,FALSE,
862,19.806769563020094,0.1006409635552828,0.1195753161056632,0.018934352550380396,2009,1039,970,FALSE,FALSE,
863,18.96672143576005,0.08708584886556557,0.10799897866964013,0.02091312980407456,3222,1170,2052,FALSE,FALSE,
864,21.373500259307033,0.06514976296749335,0.08241373957932482,0.017263976611831475,2442,1401,1041,FALSE,FALSE,
865,18.96672143576005,0.07696762115713862,0.10284187695258215,0.02587425579544353,2626,1122,1504,FALSE,FALSE,
866,25.31757881017335,0.07442023238915325,0.11704023779594191,0.04262000540678866,2420,2186,234,FALSE,FALSE,
867,25.31757881017335,0.08002026637918189,0.12701773903579866,0.04699747265661677,2544,1964,580,FALSE,FALSE,
868,19.806769563020094,0.09015093658634872,0.11204478235685089,0.02189384577050217,3714,1252,2462,FALSE,FALSE,
869,19.806769563020094,0.10294341340237603,0.11194478188250684,0.009001368480130806,2689,1134,1555,FALSE,FALSE,
870,19.789645866972208,0.0913655596648694,0.10624860040870543,0.014883040743836035,3824,1235,2589,FALSE,FALSE,
871,24.882452076685073,0.0682231751262129,0.1050620118074205,0.036838836681207604,2210,1982,228,FALSE,FALSE,
872,19.805350829047185,0.08630783540974815,0.11075686608624738,0.024449030676499228,4341,1281,3060,FALSE,FALSE,
873,25.31757881017335,0.08202112440124006,0.10911453079245284,0.027093406391212785,2451,2158,293,FALSE,FALSE,
874,17.505667323282474,0.07918690413906435,0.10621855773115235,0.027031653592088006,3168,378,2790,FALSE,FALSE,
875,19.806769563020094,0.10379703081277246,0.11160159487958145,0.007804564066808989,2998,1176,1822,FALSE,FALSE,
876,19.456588301228333,0.06704033701423011,0.10897265316520932,0.04193231615097921,3687,901,2786,FALSE,FALSE,
877,18.966049777269326,0.06736771091517652,0.10681945469609727,0.039451743780920756,3286,870,2416,FALSE,FALSE,
878,19.61182193062687,0.08119943343229523,0.10000519850701202,0.01880576507471679,2843,1023,1820,FALSE,FALSE,
879,25.161314330815753,0.12283916092524352,0.12175616369503811,-0.0010829972302054125,2585,2124,461,FALSE,FALSE,
880,19.60033787245687,0.0861112623784057,0.11239929074580488,0.02628802836739917,3768,865,2903,FALSE,FALSE,
881,19.806769563020094,0.09760670097139329,0.12106198086899016,0.023455279897596867,3861,1197,2664,FALSE,FALSE,
882,18.96672143576005,0.05813840070219927,0.09616548087966958,0.038027080177470314,3704,792,2912,FALSE,FALSE,
883,18.96672143576005,0.061703307367107024,0.08377633775370025,0.022073030386593223,3247,1208,2039,FALSE,FALSE,
884,18.966049777269326,0.08421721631691734,0.11341296637604885,0.02919575005913151,3041,891,2150,FALSE,FALSE,
885,18.438348976664894,0.08912388667799123,0.0799340104324299,-0.009189876245561335,2327,846,1481,FALSE,FALSE,
886,25.86946746455014,0.08495071906529156,0.15542186766859845,0.07047114860330689,2182,1969,213,FALSE,FALSE,
887,19.114821429988513,0.08772663279526041,0.10073759606827362,0.01301096327301321,3096,857,2239,FALSE,FALSE,
888,25.460230048124227,0.08833156737551975,0.1134952263819399,0.025163659006420147,2562,2223,339,FALSE,FALSE,
889,25.362555483357653,0.08595009739199251,0.13428907625691647,0.04833897886492396,2362,1958,404,FALSE,FALSE,
890,19.805350829047185,0.08200487143249535,0.11711130894258093,0.035106437510085575,3284,1244,2040,FALSE,FALSE,
891,18.131998952853298,0.08458980129321969,0.1311160739770531,0.046526272683833414,2962,389,2573,FALSE,FALSE,
892,19.806769563020094,0.10512633610870854,0.11857238735585773,0.01344605124714919,2832,1122,1710,FALSE,FALSE,
893,17.47327139887104,0.08051230553120328,0.10333107320914443,0.02281876767794115,3831,392,3439,FALSE,FALSE,
894,19.12177975172682,0.07272268614163604,0.11095079458481315,0.0382281084431771,3422,1042,2380,FALSE,FALSE,
895,16.646023369884045,0.04720884546111995,0.09558172644427149,0.04837288098315154,2396,407,1989,FALSE,FALSE,
896,24.758719861626428,0.09362684007640601,0.11591679237829966,0.02228995230189365,2978,2337,641,FALSE,FALSE,
897,22.569234097728142,0.11806309544522163,0.11936326113163957,0.0013001656864179423,5031,3287,1744,FALSE,FALSE,
898,17.505667323282474,0.09605464525171431,0.120655293727498,0.024600648475783693,2381,424,1957,FALSE,FALSE,
899,23.3014358747803,0.1185551058968953,0.09761332987816812,-0.020941776018727182,2845,1918,927,FALSE,FALSE,
900,19.215903415629818,0.07079711494973404,0.09670396273628419,0.025906847786550155,3352,1275,2077,FALSE,FALSE,
901,19.805350829047185,0.10415511897497831,0.12169764765358386,0.01754252867860555,3794,1459,2335,FALSE,FALSE,
902,19.61182193062687,0.1034612137933748,0.10894698460416892,0.005485770810794113,3696,944,2752,FALSE,FALSE,
903,23.32289282092058,0.1253250604250256,0.11529986515941582,-0.010025195265609771,3533,2481,1052,FALSE,FALSE,
904,19.12177975172682,0.06042272671442586,0.10931636380671222,0.04889363709228636,4034,1172,2862,FALSE,FALSE,
905,25.460230048124227,0.0749581784474134,0.10696318513070335,0.032005006683289955,2699,2316,383,FALSE,FALSE,
906,19.806769563020094,0.0893427378680092,0.10138026465180289,0.01203752678379369,3124,1430,1694,FALSE,FALSE,
907,19.806769563020094,0.09265380223680499,0.10401721401793823,0.011363411781133245,3260,1515,1745,FALSE,FALSE,
908,18.015636323033718,0.09042909034617184,0.10585402629703762,0.015424935950865776,3016,508,2508,FALSE,FALSE,
909,19.805350829047185,0.10329000561047467,0.12354890984028381,0.020258904229809138,2743,1089,1654,FALSE,FALSE,
910,25.19020593306931,0.10641347266544962,0.12914789775666802,0.022734425091218396,2994,2691,303,FALSE,FALSE,
911,19.789645866972208,0.08302195162203059,0.12191348301657723,0.03889153139454664,3227,1333,1894,FALSE,FALSE,
912,19.502490476545496,0.07127727774358283,0.10477413875089805,0.03349686100731522,3129,1222,1907,FALSE,FALSE,
913,25.362555483357653,0.09160929146150598,0.1260036934249956,0.03439440196348961,2452,2194,258,FALSE,FALSE,
914,25.362555483357653,0.08087677074033102,0.12013990925174221,0.039263138511411194,2683,2359,324,FALSE,FALSE,
915,18.131998952853298,0.08478447046360799,0.11446241699677887,0.02967794653317088,4660,653,4007,FALSE,FALSE,
916,24.52794824130447,0.11073752393416636,0.13197233756682408,0.021234813632657723,3053,2381,672,FALSE,FALSE,
917,18.067986634480178,0.08699137587875744,0.10834746613507427,0.021356090256316837,2934,550,2384,FALSE,FALSE,
918,25.86946746455014,0.066766484322522,0.08924573946923596,0.022479255146713964,2606,2319,287,FALSE,FALSE,
919,18.96672143576005,0.07419994295251295,0.1177145753006457,0.043514632348132756,4039,957,3082,FALSE,FALSE,
920,19.502490476545496,0.0708523108463929,0.1126166548777369,0.04176434403134399,2812,788,2024,FALSE,FALSE,
921,17.47327139887104,0.09978701357897261,0.12685869127873262,0.027071677699760002,2402,304,2098,FALSE,FALSE,
922,19.61182193062687,0.09425292610967999,0.11553818714444394,0.021285261034763955,3731,615,3116,FALSE,FALSE,
923,25.31757881017335,0.08550424929506562,0.11658356010287763,0.03107931080781201,2212,1722,490,FALSE,FALSE,
924,19.806769563020094,0.09842081101989981,0.11555946721129223,0.017138656191392418,3155,1348,1807,FALSE,FALSE,
925,18.96672143576005,0.08254704568109222,0.11578762771894034,0.03324058203784812,4449,857,3592,FALSE,FALSE,
926,19.350678307200045,0.07077634268748068,0.08843104049312243,0.01765469780564176,3308,1186,2122,FALSE,FALSE,
927,19.806769563020094,0.0607869322539705,0.09014482199510375,0.02935788974113325,3364,1585,1779,FALSE,FALSE,
928,25.161314330815753,0.09762084497340083,0.15945734487387966,0.061836499900478833,2625,2252,373,FALSE,FALSE,
929,25.362555483357653,0.09394721559987874,0.1282588651725655,0.034311649572686745,2500,2257,243,FALSE,FALSE,
930,19.502490476545496,0.07132303901284043,0.10828493914553998,0.03696190013269955,3892,1179,2713,FALSE,FALSE,
931,19.12177975172682,0.09089025455638836,0.11401002809704434,0.02311977354065599,3613,663,2950,FALSE,FALSE,
932,19.805350829047185,0.08509596495711043,0.11568824888962674,0.030592283932516312,3778,1333,2445,FALSE,FALSE,
933,19.805350829047185,0.07735606373792084,0.10780797292588488,0.030451909187964046,3103,1181,1922,FALSE,FALSE,
934,25.925990087332792,0.10327643552530152,0.14248021238761205,0.039203776862310524,2212,1995,217,FALSE,FALSE,
935,19.350678307200045,0.08242365914948432,0.11045499464679683,0.0280313354973125,3779,947,2832,FALSE,FALSE,
936,19.350678307200045,0.10087352418309908,0.11803599359800916,0.017162469414910078,3215,1183,2032,FALSE,FALSE,
937,19.27869384387977,0.07256717484207692,0.09904682506563636,0.026479650223559442,3039,997,2042,FALSE,FALSE,
938,19.350678307200045,0.06663515972339158,0.08540375840263688,0.018768598679245296,3511,1297,2214,FALSE,FALSE,
939,25.31757881017335,0.1061698792457709,0.13059949613306115,0.024429616887290256,2578,2093,485,FALSE,FALSE,
940,19.350678307200045,0.079252324564948,0.09508736776357775,0.015835043198629745,3535,1295,2240,FALSE,FALSE,
941,18.966049777269326,0.06805657090604803,0.10013010106419001,0.03207353015814199,3007,737,2270,FALSE,FALSE,
942,19.350678307200045,0.08679140983895187,0.09971232130534854,0.012920911466396678,3234,1180,2054,FALSE,FALSE,
943,20.699485952426045,0.1356809923144399,0.10558532524337741,-0.030095667071062482,6067,2637,3430,FALSE,FALSE,
944,24.702201472285708,0.07686256868732833,0.12016278561421848,0.04330021692689015,2517,2185,332,FALSE,FALSE,
945,25.31757881017335,0.08747376985787775,0.1334417507815729,0.04596798092369514,2565,2263,302,FALSE,FALSE,
946,25.19020593306931,0.1007172579899482,0.1215388198700306,0.020821561880082398,3196,2799,397,FALSE,FALSE,
947,19.805350829047185,0.10172001017877536,0.11186046955421486,0.010140459375439503,3073,1312,1761,FALSE,FALSE,
948,19.12177975172682,0.07309311625510412,0.09603886362722684,0.022945747372122724,2430,823,1607,FALSE,FALSE,
949,22.439071936874825,0.09945937775915173,0.11607133541170012,0.016611957652548387,2938,1848,1090,FALSE,FALSE,
950,16.72804128231951,0.054055848050797176,0.09123079196467931,0.03717494391388214,2173,220,1953,FALSE,FALSE,
951,19.806769563020094,0.10302888086077247,0.11850644298952588,0.015477562128753411,3591,1182,2409,FALSE,FALSE,
952,26.49116456223862,0.10085949499720225,0.06940611629646895,-0.031453378700733295,2994,2723,271,FALSE,FALSE,
953,25.137091096616988,0.09057432562272244,0.1146508114469654,0.02407648582424296,2243,2014,229,FALSE,FALSE,
954,19.12177975172682,0.0753230040982728,0.09955817359243938,0.02423516949416657,3096,1142,1954,FALSE,FALSE,
955,19.27869384387977,0.07073658039506632,0.10911807735149041,0.038381496956424094,3852,744,3108,FALSE,FALSE,
956,19.805350829047185,0.1089297877966147,0.123153598152163,0.014223810355548289,2897,962,1935,FALSE,FALSE,
957,25.31757881017335,0.08320460152124307,0.1260793876305973,0.042874786109354246,2605,2212,393,FALSE,FALSE,
958,19.350678307200045,0.10349743379825369,0.11092452052200466,0.007427086723750975,3682,775,2907,FALSE,FALSE,
959,25.98315376093154,0.08050197869220412,0.14280789322724632,0.06230591453504221,2703,2447,256,FALSE,FALSE,
960,24.866648304612685,0.07381089361336039,0.12856367836705815,0.054752784753697756,2919,2492,427,FALSE,FALSE,
961,19.806769563020094,0.08891740607292585,0.10633950682376651,0.017422100750840663,3310,1176,2134,FALSE,FALSE,
962,24.702201472285708,0.09369587698463096,0.1243178677858221,0.030621990801191143,2334,1836,498,FALSE,FALSE,
963,19.114821429988513,0.07314208472566269,0.0982930355111295,0.025150950785466808,3221,949,2272,FALSE,FALSE,
964,18.00388453040844,0.10668564774847278,0.11401855265590749,0.007332904907434712,3504,489,3015,FALSE,FALSE,
965,18.96672143576005,0.07052726522178623,0.11275519942834412,0.04222793420655789,4715,811,3904,FALSE,FALSE,
966,19.843845656610355,0.08902640077357028,0.1328343090534303,0.04380790827986002,2255,1067,1188,FALSE,FALSE,
967,19.870365823828326,0.08362339511464212,0.0998602673107617,0.01623687219611958,2623,1449,1174,FALSE,FALSE,
968,24.758719861626428,0.11821490630338907,0.12274204604424155,0.004527139740852476,2940,2353,587,FALSE,FALSE,
969,18.96672143576005,0.07632331683547769,0.11187974148618511,0.03555642465070742,4065,758,3307,FALSE,FALSE,
970,25.19020593306931,0.10211084454931776,0.12437519245757707,0.022264347908259305,2218,1923,295,FALSE,FALSE,
971,25.657425626662707,0.09843645831394254,0.11147569699643688,0.013039238682494333,3203,2680,523,FALSE,FALSE,
972,25.824594396956908,0.07582149530564718,0.12092304630599697,0.04510155100034979,2724,2446,278,FALSE,FALSE,
973,19.12177975172682,0.06265023773031105,0.10298344206763474,0.040333204337323694,3286,961,2325,FALSE,FALSE,
974,19.806769563020094,0.0843231078342485,0.10291649756793461,0.018593389733686114,3325,1418,1907,FALSE,FALSE,
975,17.97292857125211,0.08752063893873896,0.1166069953510723,0.029086356412333342,3020,400,2620,FALSE,FALSE,
976,19.805350829047185,0.08563736319934698,0.11085724553787617,0.02521988233852919,4598,1439,3159,FALSE,FALSE,
977,19.843845656610355,0.10290272314637082,0.11851315803313656,0.015610434886765737,2239,806,1433,FALSE,FALSE,
978,19.12177975172682,0.07147193579261425,0.11067414465520169,0.039202208862587434,4028,952,3076,FALSE,FALSE,
979,19.350678307200045,0.07661290457632561,0.10109842320581347,0.024485518629487862,3023,1014,2009,FALSE,FALSE,
980,19.27869384387977,0.0729278977575417,0.09942203724886538,0.026494139491323676,2999,1204,1795,FALSE,FALSE,
981,25.31757881017335,0.10113219554659791,0.11917181307157002,0.0180396175249721,2460,2070,390,FALSE,FALSE,
982,17.505667323282474,0.07920374128821014,0.10859405339569064,0.0293903121074805,3284,474,2810,FALSE,FALSE,
983,19.61182193062687,0.08523731816469668,0.11337408779573864,0.02813676963104196,4460,942,3518,FALSE,FALSE,
984,18.131998952853298,0.081663759873646935,0.11764507483672827,0.03598131496308134,4096,680,3416,FALSE,FALSE,
985,19.806769563020094,0.09206875865357426,0.11785234389450984,0.025783585240935575,3248,1097,2151,FALSE,FALSE,
986,22.03838528776925,0.04832256458156761,0.09669323831675648,0.04837067373518887,2490,1148,1342,FALSE,FALSE,
987,25.460230048124227,0.0700095553462312,0.10989848690831737,0.03988893156208617,2305,1975,330,FALSE,FALSE,
988,19.117776582772898,0.06835785691084476,0.10276915791493701,0.03441130100409226,3539,1104,2435,FALSE,FALSE,
989,25.31757881017335,0.06697791339998277,0.1278519791242666,0.06087406572428383,2735,2461,274,FALSE,FALSE,
990,19.806769563020094,0.08805454218084556,0.11099486168414713,0.022940319503301568,4393,1564,2829,FALSE,FALSE,
991,26.175131249606352,0.10172451935877777,0.15743954715291544,0.05571502779413767,2472,2225,247,FALSE,FALSE,
992,18.96672143576005,0.08066558597757477,0.0997925628863855,0.019126976908810725,3248,1136,2112,FALSE,FALSE,
993,25.161314330815753,0.08793234209304701,0.13657499665325185,0.048642654560204834,2662,2347,315,FALSE,FALSE,
994,25.161314330815753,0.09915578077123964,0.16133312837631464,0.062177347605075,2483,2166,317,FALSE,FALSE,
995,18.966049777269326,0.0692644175998026,0.10055208128004638,0.03128766368024377,3210,1096,2114,FALSE,FALSE,
996,19.12177975172682,0.08641223907421687,0.11011833041213895,0.023706091337922078,3219,1010,2209,FALSE,FALSE,
997,19.60033787245687,0.07885298092237156,0.1115796243291985,0.03272664340682695,4188,1088,3100,FALSE,FALSE,
998,25.161314330815753,0.1253349833869263,0.1385354527239789,0.0132004693370526,3051,2536,515,FALSE,FALSE,
999,25.161314330815753,0.10024182685604084,0.1193243552177002,0.019082528361659357,3015,2470,545,FALSE,FALSE,
1000,25.19020593306931,0.09995566812354371,0.1322938925839283,0.032338224460384576,3297,2758,539,FALSE,FALSE,
1001,19.60033787245687,0.08451753963895424,0.10952042253171584,0.025002882892761605,2892,1065,1827,FALSE,FALSE,
1002,25.362555483357653,0.06444394946738813,0.13253328262282146,0.06808933315543333,2702,2435,267,FALSE,FALSE,
1003,25.31757881017335,0.05683645067266784,0.12257696373802833,0.0657405130653605,2585,2297,288,FALSE,FALSE,
1004,19.27869384387977,0.06508929785315082,0.09843832836955806,0.03334903051640724,3322,1183,2139,FALSE,FALSE,
1005,19.233032486836375,0.05905591589318285,0.07595804825464361,0.016902132361460764,2614,1166,1448,FALSE,FALSE,
1006,17.505667323282474,0.06474774957421962,0.10035140489981836,0.03560365532559874,2949,401,2548,FALSE,FALSE,
1007,19.350678307200045,0.07258828917753478,0.09160725797553379,0.01901896879799901,2528,1173,1355,FALSE,FALSE,
1008,25.362555483357653,0.0755467287587355,0.11851290646059139,0.04296617770185589,2657,2241,416,FALSE,FALSE,
1009,18.96672143576005,0.06297357240879048,0.11180986251433055,0.04883629010554007,4589,915,3674,FALSE,FALSE,
1010,25.19020593306931,0.08586082085829372,0.1146237525991886,0.02876293174089488,2471,2224,247,FALSE,FALSE,
1011,19.806769563020094,0.06882535235939324,0.1000553501177329,0.03122999775833965,3210,1389,1821,FALSE,FALSE,
1012,25.878803292112114,0.08148727523224199,0.11109738041223335,0.029610105179991367,2399,2138,261,FALSE,FALSE,
1013,17.71428586604627,0.07485690427192061,0.0876132293763313,0.012756325104410687,2343,293,2050,FALSE,FALSE,
1014,19.806769563020094,0.08920349509673947,0.1272847740746515,0.038081278977912025,3006,1227,1779,FALSE,FALSE,
1015,19.12177975172682,0.06759157689758481,0.10043987301857413,0.032848296120989315,3480,1233,2247,FALSE,FALSE,
1016,20.07440944585288,0.07667920311849057,0.079942317020366,0.0032631139018754335,2890,1645,1245,FALSE,FALSE,
1017,17.47327139887104,0.08898956050375717,0.09794071558086391,0.00895115507710674,4076,414,3662,FALSE,FALSE,
1018,18.966049777269326,0.08960726205374775,0.10778207923988857,0.01817481718614082,4179,1159,3020,FALSE,FALSE,
1019,25.299559964028415,0.07011033376975206,0.12445940451943752,0.05434907074968545,2526,2267,259,FALSE,FALSE,
1020,25.31757881017335,0.08258633660698975,0.11513334006992593,0.03254700346293618,3357,3004,353,FALSE,FALSE,
1021,21.466725306603188,0.06702820617078561,0.08119771618416183,0.014169510013376213,2435,1631,804,FALSE,FALSE,
1022,17.51152107801462,0.08291696469169368,0.10001630948627001,0.017099344794576324,4205,591,3614,FALSE,FALSE,
1023,22.439071936874825,0.10053900123558186,0.11916390585433358,0.018624904618751714,3080,1959,1121,FALSE,FALSE,
1024,19.805350829047185,0.0869691919380249,0.11084168885112222,0.023872496913097327,4200,1772,2428,FALSE,FALSE,
1025,18.96672143576005,0.07848028933591944,0.10230428681852768,0.023823997482608245,3101,1153,1948,FALSE,FALSE,
1026,19.806769563020094,0.09593182002274837,0.11356954725209428,0.01763772722934591,3013,1165,1848,FALSE,FALSE,
1027,19.79655399464085,0.10646046777170959,0.12156447536343493,0.015104007591725338,2930,1261,1669,FALSE,FALSE,
1028,19.60033787245687,0.08584865572785157,0.11832109964986615,0.03247244392201458,3284,960,2324,FALSE,FALSE,
1029,21.102544755879357,0.07569670607558975,0.09968005836710779,0.023983352291518045,2732,1741,991,FALSE,FALSE,
1030,19.114821429988513,0.10580986120837055,0.11462521354035503,0.00881535233198448,5136,698,4438,FALSE,FALSE,
1031,19.12177975172682,0.07247134568144639,0.10517320038491922,0.032701854703472824,4513,1272,3241,FALSE,FALSE,
1032,19.805350829047185,0.10237394558325015,0.1152153622451856,0.012841416661935445,3148,1350,1798,FALSE,FALSE,
1033,17.71428586604627,0.09502585935086348,0.11389356831782112,0.018867708966957636,2977,360,2617,FALSE,FALSE,
1034,26.175131249606352,0.08516536303778818,0.13849130652719266,0.053325943489404476,2339,2099,240,FALSE,FALSE,
1035,18.96672143576005,0.09001181764766442,0.12109901363770108,0.031087195990036662,4574,899,3675,FALSE,FALSE,
1036,19.843845656610355,0.0906072696096337,0.10660155268508135,0.01599428307544766,2167,834,1333,FALSE,FALSE,
1037,25.362555483357653,0.11551563047861473,0.1497574489073921,0.03424181842877737,2461,2074,387,FALSE,FALSE,
1038,18.067986634480178,0.09185423114030733,0.11123535373293147,0.019381122592624145,3161,431,2730,FALSE,FALSE,
1039,19.806769563020094,0.07992935170620176,0.11218894769986278,0.03225959599366102,3310,1249,2061,FALSE,FALSE,
1040,19.12177975172682,0.07515093266917003,0.10914323026771273,0.033992297598542706,3318,1013,2305,FALSE,FALSE,
1041,19.350678307200045,0.08668116039916998,0.0983371927889352,0.011656032389765217,3078,891,2187,FALSE,FALSE,
1042,20.699485952426045,0.08519921605206218,0.08536353548041764,1.6431942835545832e-4,2629,1570,1059,FALSE,FALSE,
1043,19.805350829047185,0.07713868711485812,0.11136887573712119,0.03423018862226307,3132,1302,1830,FALSE,FALSE,
1044,19.61182193062687,0.09382541485581594,0.11559446540544015,0.021769050549624205,4505,904,3601,FALSE,FALSE,
1045,25.362555483357653,0.06792830646585865,0.09834047980299351,0.030412173337134862,2504,2162,342,FALSE,FALSE,
1046,20.152447068482374,0.06172492704580091,0.11120820774729184,0.04948328070149093,1935,765,1170,FALSE,FALSE,
1047,20.07440944585288,0.09363102738139135,0.12653055675862832,0.03289952937723696,2196,924,1272,FALSE,FALSE,
1048,19.60033787245687,0.09690720731165778,0.11916255767246617,0.02225535036080839,3285,1294,1991,FALSE,FALSE,
1049,24.52794824130447,0.09305163558187458,0.15537740633441693,0.06232577075254235,2756,2377,379,FALSE,FALSE,
1050,19.806769563020094,0.0792751263960994,0.11650578750214921,0.037230661106049806,3251,1199,2052,FALSE,FALSE,
1051,19.60033787245687,0.0850461284923161,0.12137700964381247,0.036330881151496366,3316,1150,2166,FALSE,FALSE,
1052,17.51152107801462,0.12291965532497834,0.12410049346555388,0.0011808381405755408,3512,476,3036,FALSE,FALSE,
1053,25.878803292112114,0.06618328999664869,0.1263173995445185,0.060134109547869824,2521,2273,248,FALSE,FALSE,
1054,25.362555483357653,0.0841425523864343,0.10594769097058607,0.02180513858415177,3424,3069,355,FALSE,FALSE,
1055,25.137091096616988,0.07193167461099609,0.11182270477916398,0.03989103016816789,2263,2004,259,FALSE,FALSE,
1056,19.12177975172682,0.07668143921891767,0.11065975376660961,0.03397831454769194,4805,913,3892,FALSE,FALSE,
1057,19.114821429988513,0.09823899439487888,0.10962322831140697,0.011384233916528097,3631,838,2793,FALSE,FALSE,
1058,21.373500259307033,0.07448917779836431,0.10451671266762178,0.030027534869257466,2408,1242,1166,FALSE,FALSE,
1059,25.31757881017335,0.10269516809854372,0.11829469683179221,0.015599528733248491,3152,2747,405,FALSE,FALSE,
1060,16.72804128231951,0.10878639451619586,0.12511510298145068,0.016328708465254818,2880,317,2563,FALSE,FALSE,
1061,22.717222405386828,0.11377808470480241,0.10790821559294007,-0.005869869111862339,3556,2323,1233,FALSE,FALSE,
1062,19.870365823828326,0.06389817093314973,0.07186362238568332,0.007965451452533592,2658,1414,1244,FALSE,FALSE,
1063,19.27869384387977,0.060111452970641875,0.08890399555610363,0.02879254258546176,2721,1118,1603,FALSE,FALSE,
1064,23.980983050168934,0.08541154940073364,0.11652690564610907,0.031115356245375425,2341,1719,622,FALSE,FALSE,
1065,25.19020593306931,0.10079687271211549,0.13456259452391603,0.03376572181180054,2355,1991,364,FALSE,FALSE,
1066,19.805350829047185,0.08607761704600428,0.11421306559861379,0.028135448552609507,3900,1245,2655,FALSE,FALSE,
1067,24.882452076685073,0.08362458251015609,0.11737417101863402,0.03374958850847794,2343,2034,309,FALSE,FALSE,
1068,19.843845656610355,0.06950514028939958,0.09273918431142614,0.023234044022026556,2201,1070,1131,FALSE,FALSE,
1069,19.805350829047185,0.11345391233125386,0.12407330058406607,0.010619388252812209,3061,1439,1622,FALSE,FALSE,
1070,19.806769563020094,0.07337594845981975,0.11203656251415667,0.03866061405433692,3041,1243,1798,FALSE,FALSE,
1071,19.806769563020094,0.11162139335696575,0.12356708650483567,0.011945693147869918,3227,1333,1894,FALSE,FALSE,
1072,19.806769563020094,0.09882927983387146,0.11355999915859172,0.014730719324720254,4750,1396,3354,FALSE,FALSE,
1073,25.161314330815753,0.11701218231721675,0.1599537199697172,0.042941537652500444,2388,2070,318,FALSE,FALSE,
1074,19.27869384387977,0.07707083428275073,0.09539885812733422,0.018328023844583485,3269,955,2314,FALSE,FALSE,
1075,19.806769563020094,0.08808138234932787,0.11924827807905157,0.031166895729723698,2840,1036,1804,FALSE,FALSE,
1076,19.870365823828326,0.09996684887110874,0.12378436003519608,0.02381751116408734,2463,795,1668,FALSE,FALSE,
1077,19.806769563020094,0.08789804157939662,0.11212967781150873,0.024231636232112108,2840,1024,1816,FALSE,FALSE,
1078,19.27869384387977,0.05992751545572812,0.0769140788395404,0.016986563383812284,2930,1365,1565,FALSE,FALSE,
1079,19.870365823828326,0.07764797205289972,0.09482491290797292,0.017176940855073194,2677,1491,1186,FALSE,FALSE,
1080,19.805350829047185,0.09519674844495479,0.12424880700774796,0.029052058562793165,3812,1263,2549,FALSE,FALSE,
1081,18.015636323033718,0.09774024239232326,0.10882595240152126,0.011085710009198002,3435,627,2808,FALSE,FALSE,
1082,19.806769563020094,0.08664220247123061,0.10503863164994226,0.01839642917871165,2939,1158,1781,FALSE,FALSE,
1083,18.067986634480178,0.09772523817565107,0.10921338027863486,0.011488142102983795,3270,537,2733,FALSE,FALSE,
1084,19.12177975172682,0.06871203524909184,0.10242936546675718,0.03371733021766535,4087,1203,2884,FALSE,FALSE,
1085,25.460230048124227,0.07289152665843558,0.1140252127799766,0.041133686121541016,2632,2167,465,FALSE,FALSE,
1086,19.805350829047185,0.08906479239591744,0.12168174078867879,0.032616948392761344,3993,1362,2631,FALSE,FALSE,
1087,18.96672143576005,0.0903212039157123,0.09135791266957846,0.0010367087538661612,2463,1053,1410,FALSE,FALSE,
1088,19.60033787245687,0.0783515027840449,0.11525702197012214,0.036905519186077235,3093,937,2156,FALSE,FALSE,
1089,19.806769563020094,0.08666284392233761,0.1089655358323947,0.022302691910057085,3315,1214,2101,FALSE,FALSE,
1090,25.299559964028415,0.07546035169289687,0.13739830069637257,0.0619379490034757,2488,2234,254,FALSE,FALSE,
1091,24.702201472285708,0.0964843612961163,0.12590419540998504,0.02941983411386874,2033,1431,602,FALSE,FALSE,
1092,19.350678307200045,0.08920173220787633,0.10106875393527189,0.011867021727395552,3428,1211,2217,FALSE,FALSE,
1093,19.806769563020094,0.10543503347192079,0.11413528135428294,0.00870024788236215,3791,1387,2404,FALSE,FALSE,
1094,25.362555483357653,0.09208239583064147,0.12830212080417797,0.036219724973536496,2752,2441,311,FALSE,FALSE,
1095,19.61182193062687,0.10670985042127112,0.11371487854433071,0.007005028123059587,5311,943,4368,FALSE,FALSE,
1096,19.350678307200045,0.08678627266872609,0.10930457510832822,0.022518302439602136,2956,1026,1930,FALSE,FALSE,
1097,19.456588301228333,0.08145670635256054,0.10951553920001394,0.028058832847453405,3231,707,2524,FALSE,FALSE,
1098,25.362555483357653,0.08380111345524889,0.1375102006012693,0.05370908714602042,2791,2406,385,FALSE,FALSE,
1099,19.870365823828326,0.06699525116768824,0.08886694464025198,0.021871693472563736,2292,1007,1285,FALSE,FALSE,
1100,26.089911656637977,0.09900199833956055,0.1086555250283038,0.009653526688743252,4197,3686,511,FALSE,FALSE,
1101,25.19020593306931,0.11163668616058424,0.12494461839262248,0.013307932232038244,3059,2546,513,FALSE,FALSE,
1102,19.79655399464085,0.09002247540347963,0.1058662901658142,0.015843814762334568,5002,1767,3235,FALSE,FALSE,
1103,19.60033787245687,0.0777653399297501,0.10894628144541585,0.03118094151566575,3885,967,2918,FALSE,FALSE,
1104,19.805350829047185,0.09831785250352679,0.12094890044465334,0.022631047941126553,2799,1092,1707,FALSE,FALSE,
1105,19.12177975172682,0.07260559749654483,0.10915790905614615,0.03655231155960133,4010,974,3036,FALSE,FALSE,
1106,16.7807649925724,0.05277183850009051,0.11039112647743898,0.05761928797734847,2784,289,2495,FALSE,FALSE,
1107,19.806769563020094,0.09084396323354123,0.11177804703395228,0.02093408380041105,2774,1020,1754,FALSE,FALSE,
1108,19.350678307200045,0.09063633049695587,0.11040607644880106,0.01976974595184519,4147,1190,2957,FALSE,FALSE,
1109,19.61182193062687,0.08634997289358656,0.11230896872713524,0.025958995833548673,3662,954,2708,FALSE,FALSE,
1110,16.7807649925724,0.07480327157868374,0.07387738150976442,-9.258900689193272e-4,2451,252,2199,FALSE,FALSE,
1111,19.805350829047185,0.09681100579525553,0.11756775948020495,0.02075675368494942,3090,1136,1954,FALSE,FALSE,
1112,18.015636323033718,0.10323120870816718,0.1162861083181147,0.013054899609947518,4233,445,3788,FALSE,FALSE,
1113,22.439071936874825,0.1078615970570663,0.11194507397212243,0.004083476915056131,2874,1850,1024,FALSE,FALSE,
1114,25.19020593306931,0.08848916002927325,0.14681797991528617,0.05832881988601292,2278,2022,256,FALSE,FALSE,
1115,19.61182193062687,0.08490172774849723,0.10648780456516789,0.021586076816670657,3882,1041,2841,FALSE,FALSE,
1116,17.97292857125211,0.11044437776297783,0.12017439829277574,0.009730020529797906,2928,462,2466,FALSE,FALSE,
1117,25.31757881017335,0.1053441319941476,0.13027404581866484,0.02492991382451723,2736,2221,515,FALSE,FALSE,
1118,19.60033787245687,0.08366165995392028,0.11226612802869931,0.028604468074779038,4668,1228,3440,FALSE,FALSE,
1119,19.61182193062687,0.09043659498305512,0.10895985954940961,0.01852326456635449,3140,1117,2023,FALSE,FALSE,
1120,25.19020593306931,0.10514792285408904,0.14783030416116258,0.04268238130707354,2510,2179,331,FALSE,FALSE,
1121,20.07440944585288,0.07005221437241654,0.08396029116361008,0.013908076791193533,2756,1546,1210,FALSE,FALSE,
1122,26.175131249606352,0.10869001399559214,0.14130278643259891,0.032612772437006776,2773,2492,281,FALSE,FALSE,
1123,24.702201472285708,0.09419493261251077,0.1212937974187751,0.027098864806264333,1972,1682,290,FALSE,FALSE,
1124,19.789645866972208,0.08837931812696989,0.13921262382105987,0.050833305694089975,2475,1093,1382,FALSE,FALSE,
1125,23.76670000168204,0.07270578167293719,0.09976986963221529,0.027064087959278102,2180,1561,619,FALSE,FALSE,
1126,18.015636323033718,0.07968298708988084,0.11658441703821902,0.036901429948338185,3031,538,2493,FALSE,FALSE,
1127,19.805350829047185,0.10658166778016112,0.1224460524018734,0.015864384621712274,3677,1187,2490,FALSE,FALSE,
1128,19.12177975172682,0.07260864492293495,0.09849821391624755,0.0258895689933126,3069,859,2210,FALSE,FALSE,
1129,22.569234097728142,0.10793661260529297,0.11326092218726769,0.005324309581974718,3255,2062,1193,FALSE,FALSE,
1130,25.362555483357653,0.09163544743865122,0.12032624995119143,0.028690802512540206,2305,1859,446,FALSE,FALSE,
1131,19.806769563020094,0.11208895517700858,0.11856778932216651,0.00647883414515793,3669,1244,2425,FALSE,FALSE,
1132,19.350678307200045,0.09600518652940143,0.10906464537106633,0.0130594588416649,3088,890,2198,FALSE,FALSE,
1133,19.805350829047185,0.10438707253810409,0.12490912341183459,0.020522050873730505,3015,1300,1715,FALSE,FALSE,
1134,25.31757881017335,0.10605139474850667,0.14068205225301614,0.03463065750450947,2072,1630,442,FALSE,FALSE,
1135,20.07440944585288,0.05994213658891305,0.09888370964277807,0.03894157305386502,2672,1327,1345,FALSE,FALSE,
1136,24.702201472285708,0.08913850080013411,0.14250024755775836,0.05336174675762426,2723,2292,431,FALSE,FALSE,
1137,17.51152107801462,0.10658569101638282,0.13063820434259513,0.024052513326212305,2302,404,1898,FALSE,FALSE,
1138,19.806769563020094,0.10636036620331304,0.11856836957795856,0.012208003374645518,3192,1371,1821,FALSE,FALSE,
1139,25.161314330815753,0.09215738976842525,0.1414877621766934,0.04933037240826815,2512,2083,429,FALSE,FALSE,
1140,18.966049777269326,0.07335229469425925,0.09942966471261178,0.02607737001835253,3643,1441,2202,FALSE,FALSE,
1141,25.31757881017335,0.07638076777593981,0.11527277291655741,0.038892005140617594,2605,2349,256,FALSE,FALSE,
1142,25.137091096616988,0.09191674605082797,0.12074537901736246,0.028828632966534484,3422,2951,471,FALSE,FALSE,
1143,19.870365823828326,0.09497952234611622,0.1260129813039253,0.031033458957809082,2284,934,1350,FALSE,FALSE,
1144,19.60033787245687,0.09893213315827201,0.12118488555886545,0.022252752400593434,4296,864,3432,FALSE,FALSE,
1145,19.350678307200045,0.09254126167570183,0.10814186127162172,0.01560059959591989,3826,814,3012,FALSE,FALSE,
1146,20.152447068482374,0.08459710725748376,0.11133072040060382,0.02673361314312006,2546,1232,1314,FALSE,FALSE,
1147,19.456588301228333,0.07173047830662604,0.1006666627959086,0.028936184489282563,2801,862,1939,FALSE,FALSE,
1148,19.843845656610355,0.0915441912904627,0.1329017124643587,0.04135752117389599,2159,1113,1046,FALSE,FALSE,
1149,17.97292857125211,0.08784013025770787,0.1281424077162412,0.04030227745853332,3090,458,2632,FALSE,FALSE,
1150,19.806769563020094,0.0991796062367691,0.10959075841883148,0.010411152182062386,3237,1484,1753,FALSE,FALSE,
1151,22.859305599139788,0.11964014091312661,0.11253984648473725,-0.007100294428389359,4248,2736,1512,FALSE,FALSE,
1152,19.806769563020094,0.09875683723044401,0.11337191558812502,0.014615078357681013,4618,1487,3131,FALSE,FALSE,
1153,18.201891552865302,0.08974901244725042,0.11797630518018146,0.028227292732931036,3788,430,3358,FALSE,FALSE,
1154,19.870365823828326,0.10048048308343074,0.1220734063072825,0.021592923223851757,2317,1139,1178,FALSE,FALSE,
1155,25.749170875695366,0.08220403057075808,0.10992599120771161,0.027721960636953535,2670,2369,301,FALSE,FALSE,
1156,18.966049777269326,0.08361591611807405,0.11670901799750351,0.03309310187942946,3746,740,3006,FALSE,FALSE,
1157,19.12177975172682,0.05356379714680781,0.08724068431804322,0.0336768871712354,2741,1272,1469,FALSE,FALSE,
1158,18.966049777269326,0.08984568735771516,0.10831728099905082,0.01847159364133566,3312,974,2338,FALSE,FALSE,
1159,19.843845656610355,0.10503126044058132,0.13357168018030713,0.028540419739725806,2174,1089,1085,FALSE,FALSE,
1160,19.61182193062687,0.09504871658958985,0.11040624318042092,0.015357526590831061,4346,840,3506,FALSE,FALSE,
1161,19.350678307200045,0.08291491700796635,0.11216308749493036,0.029248170486964,3324,1148,2176,FALSE,FALSE,
1162,19.27869384387977,0.09942432251378516,0.10196879358488002,0.0025444710710948587,3327,1062,2265,FALSE,FALSE,
1163,25.362555483357653,0.10273563501547561,0.1522912714923123,0.049555636476836695,2189,1970,219,FALSE,FALSE,
1164,19.805350829047185,0.0991172596106901,0.1178817982341658,0.0187645386234757,6007,1666,4341,FALSE,FALSE,
1165,25.362555483357653,0.07539016160120683,0.12528460380581863,0.0498944422046118,2576,2219,357,FALSE,FALSE,
1166,25.016477549339026,0.10655070416347216,0.11366154338180906,0.007110839218336898,2865,2348,517,FALSE,FALSE,
1167,19.61182193062687,0.08505717574366556,0.10535025436930273,0.020293078625637173,3282,1141,2141,FALSE,FALSE,
1168,19.806769563020094,0.09708484692888468,0.11756578171482361,0.02048093478593893,3260,1387,1873,FALSE,FALSE,
1169,16.72804128231951,0.07860655319851462,0.11258912127583492,0.03398256807732031,2065,293,1772,FALSE,FALSE,
1170,19.61182193062687,0.09578434942344757,0.1127882745151569,0.017003925091709324,3536,756,2780,FALSE,FALSE,
1171,19.806769563020094,0.0673195037771305,0.0947326742247581,0.027413170447627602,3573,1719,1854,FALSE,FALSE,
1172,16.857084150440357,0.0721241419941835,0.12255904765435921,0.05043490566017571,2207,412,1795,FALSE,FALSE,
1173,25.824594396956908,0.0954315238563157,0.11549771578018979,0.020066191923874085,2706,2434,272,FALSE,FALSE,
1174,20.152447068482374,0.07281532819866716,0.08541382031848252,0.012598492119815355,2372,1084,1288,FALSE,FALSE,
1175,19.428920445869597,0.07830560142443832,0.0961777546440518,0.017872153219613482,2579,744,1835,FALSE,FALSE,
1176,19.789645866972208,0.10242495458929306,0.1306181204009251,0.028193165811632045,3395,1383,2012,FALSE,FALSE,
1177,19.806769563020094,0.08082932718891134,0.10304968541675573,0.022220358227844392,2526,1218,1308,FALSE,FALSE,
1178,26.175131249606352,0.14504639487676893,0.1869777182980797,0.04193132342131076,1901,1688,213,FALSE,FALSE,
1179,19.05250472281936,0.08711454333983426,0.11183549898264002,0.024720955642805756,2929,740,2189,FALSE,FALSE,
1180,21.493789006931475,0.09071690495654477,0.10864239115874545,0.017925486202200677,2244,1164,1080,FALSE,FALSE,
1181,19.12177975172682,0.0550287351196293,0.06030245608853005,0.005273720968900747,2760,1270,1490,FALSE,FALSE,
1182,19.456588301228333,0.07188908912478495,0.11822087340343979,0.046331784278654836,3026,776,2250,FALSE,FALSE,
1183,19.215903415629818,0.07121362438222856,0.11341644493392095,0.04220282055169239,3267,1144,2123,FALSE,FALSE,
1184,19.27869384387977,0.08982058837167436,0.09784007171176749,0.008019483340093128,3131,954,2177,FALSE,FALSE,
1185,20.07440944585288,0.07887937114620105,0.1263521712680353,0.04747280012183425,2426,1158,1268,FALSE,FALSE,
1186,19.806769563020094,0.1104676565497702,0.1133904347499218,0.0029227782001516045,3806,1423,2383,FALSE,FALSE,
1187,19.12177975172682,0.0663760958322406,0.10527282477763687,0.03889672894539627,3820,978,2842,FALSE,FALSE,
1188,19.843845656610355,0.07101987080441566,0.10494123177536302,0.03392136097094736,2292,864,1428,FALSE,FALSE,
1189,24.311532209791917,0.12068089350658132,0.113855874946855,-0.006825018559726309,2895,2023,872,FALSE,FALSE,
1190,19.61182193062687,0.09483489806024688,0.11451046529030856,0.019675567230061683,2910,958,1952,FALSE,FALSE,
1191,24.660081206663328,0.1130113977815202,0.11996817798114513,0.006956780199624937,3896,2959,937,FALSE,FALSE,
1192,18.96672143576005,0.06686191153491391,0.11243597712745945,0.04557406559254554,3848,725,3123,FALSE,FALSE,
1193,19.806769563020094,0.08039919229520881,0.12006491578999229,0.03966572349478348,3756,1279,2477,FALSE,FALSE,
1194,19.114821429988513,0.07403690298656353,0.10825838713012259,0.034221484143559064,4504,1083,3421,FALSE,FALSE,
1195,19.806769563020094,0.1133539779442118,0.12175953011095611,0.00840555216674431,4414,1623,2791,FALSE,FALSE,
1196,17.926973745424434,0.08681922965174664,0.06583857616602172,-0.02098065348572492,2447,630,1817,FALSE,FALSE,
1197,19.61182193062687,0.09282499262152362,0.11616938613973672,0.023344393518213102,3719,576,3143,FALSE,FALSE,
1198,19.61182193062687,0.09721614755119454,0.10741690436087051,0.01020075680967597,3879,1151,2728,FALSE,FALSE,
1199,19.805350829047185,0.11241395246919586,0.12407986937487207,0.011665916905676213,3614,1162,2452,FALSE,FALSE,
1200,19.114821429988513,0.06015812580008473,0.10892793767288661,0.04876981187280188,4598,591,4007,FALSE,FALSE,
1201,21.466725306603188,0.07485638362314206,0.08086990030916949,0.006013516686027426,2385,1717,668,FALSE,FALSE,
1202,19.60033787245687,0.08024691776613323,0.11322430995256585,0.03297739218643263,3179,1141,2038,FALSE,FALSE,
1203,19.806769563020094,0.11180000560452152,0.12442879699617101,0.012628791391649491,3035,965,2070,FALSE,FALSE,
1204,19.27869384387977,0.06972039713437433,0.11311955995011097,0.043399162815736636,4553,894,3659,FALSE,FALSE,
1205,19.806769563020094,0.10726873576803411,0.1394797375766446,0.0322110018086105,3226,1326,1900,FALSE,FALSE,
1206,19.806769563020094,0.09077987517210184,0.11378222450896168,0.023002349336859837,4520,1650,2870,FALSE,FALSE,
1207,25.362555483357653,0.10101189035717625,0.12134762267214656,0.02033573231497031,3286,2885,401,FALSE,FALSE,
1208,19.806769563020094,0.09243336644747174,0.11566594297276253,0.023232576525290788,3088,1150,1938,FALSE,FALSE,
1209,19.350678307200045,0.08304855852651727,0.1106021090401368,0.027553550513619532,3172,758,2414,FALSE,FALSE,
1210,19.27869384387977,0.0681778549497199,0.1018273751294593,0.033649520179739406,3201,1130,2071,FALSE,FALSE,
1211,19.806769563020094,0.07467790442451266,0.09871053744550351,0.024032633020990846,3890,1505,2385,FALSE,FALSE,
1212,20.152447068482374,0.07355079439255036,0.09962946910349721,0.026078674710946853,2012,1109,903,FALSE,FALSE,
1213,25.362555483357653,0.08439718404537014,0.12051997649568487,0.03612279245031473,2672,2190,482,FALSE,FALSE,
1214,19.27869384387977,0.07201608018901424,0.10868015044263488,0.03666407025362063,3234,876,2358,FALSE,FALSE,
1215,19.60033787245687,0.07613823108248528,0.10744807246988584,0.03130984138740056,3521,884,2637,FALSE,FALSE,
1216,25.362555483357653,0.07520259424667024,0.13647662157836682,0.06127402733169658,2722,2441,281,FALSE,FALSE,
1217,19.61182193062687,0.07945663055614147,0.11094468363108273,0.031488053074941263,4506,1038,3468,FALSE,FALSE,
1218,25.362555483357653,0.07857912101784456,0.12020694968415177,0.04162782866630721,2493,2123,370,FALSE,FALSE,
1219,19.12177975172682,0.06651187852742504,0.1004012652766077,0.033889386749182654,3472,1158,2314,FALSE,FALSE,
1220,24.758719861626428,0.07295172974881005,0.11816709589591949,0.04521536614710944,2365,1921,444,FALSE,FALSE,
1221,19.843845656610355,0.06842320291224527,0.09657529437881121,0.028152091466565943,2374,1344,1030,FALSE,FALSE,
1222,17.680555244142315,0.0730564449243917,0.11287776822273239,0.03982132329834069,3839,434,3405,FALSE,FALSE,
1223,19.456588301228333,0.09613564701001902,0.11631932872898414,0.02018368171896512,3638,765,2873,FALSE,FALSE,
1224,17.505667323282474,0.07831149543455809,0.10374113419428907,0.025429638759730977,3996,506,3490,FALSE,FALSE,
1225,19.60033787245687,0.08273138941901687,0.11723792610503576,0.0345065366860189,3055,842,2213,FALSE,FALSE,
1226,19.215903415629818,0.06429481009745609,0.10772287288592232,0.043428062788466226,3491,1243,2248,FALSE,FALSE,
1227,16.857084150440357,0.05848760866175856,0.0897480055152017,0.031260396853443145,2355,344,2011,FALSE,FALSE,
1228,25.878803292112114,0.07174891983809961,0.12447505281561938,0.05272613297751977,2487,2220,267,FALSE,FALSE,
1229,19.61182193062687,0.08649472127934912,0.11663321564481302,0.030138494365463897,3857,979,2878,FALSE,FALSE,
1230,19.12177975172682,0.08826325211291891,0.12057165708306879,0.032308404970149876,4109,1005,3104,FALSE,FALSE,
1231,17.680555244142315,0.0731665685823157,0.10001963209334436,0.02685306351102866,2900,466,2434,FALSE,FALSE,
1232,18.96672143576005,0.06333590415754767,0.0960158839057972,0.03267997974824953,3307,915,2392,FALSE,FALSE,
1233,19.60033787245687,0.07361136976862659,0.10479983831392282,0.031188468545296236,3851,1148,2703,FALSE,FALSE,
1234,19.61182193062687,0.10088568452656882,0.11501815389663927,0.014132469370070455,3784,1016,2768,FALSE,FALSE,
1235,18.96672143576005,0.07864066476309203,0.11263765998719043,0.033996995224098395,3865,973,2892,FALSE,FALSE,
1236,19.61182193062687,0.0992331858564309,0.11485302577290667,0.015619839916475767,4093,1074,3019,FALSE,FALSE,
1237,24.702201472285708,0.09850470570956368,0.13409988121801591,0.03559517550845223,2488,1992,496,FALSE,FALSE,
1238,25.161314330815753,0.11751948099302863,0.14134139296438358,0.023821911971354956,3024,2534,490,FALSE,FALSE,
1239,19.27869384387977,0.07984921539535642,0.10466717027109464,0.02481795487573822,3052,1015,2037,FALSE,FALSE,
1240,19.27869384387977,0.082993037243092,0.11756053900697527,0.03456750176388328,3054,638,2416,FALSE,FALSE,
1241,19.805350829047185,0.07831423139335555,0.10779873327805442,0.029484501884698866,3192,1424,1768,FALSE,FALSE,
1242,19.350678307200045,0.07789946266049412,0.10538629551360167,0.027486832853107546,3589,1068,2521,FALSE,FALSE,
1243,19.806769563020094,0.0899709242528163,0.11253624275660784,0.022565318503791537,3097,1181,1916,FALSE,FALSE,
1244,19.749365497726632,0.07557894479744484,0.08711396943945049,0.011535024642005648,3467,1457,2010,FALSE,FALSE,
1245,19.27869384387977,0.08071671439096548,0.10506147895521573,0.02434476456425025,2430,809,1621,FALSE,FALSE,
1246,19.27869384387977,0.06806333620868088,0.10723004614397842,0.03916670993529754,3913,1144,2769,FALSE,FALSE,
1247,19.27869384387977,0.076709667235809,0.1043286388570475,0.027618971621238497,3110,1107,2003,FALSE,FALSE,
1248,19.806769563020094,0.11246717536147237,0.125029397085618,0.01256222172414563,3539,1053,2486,FALSE,FALSE,
1249,19.805350829047185,0.11211463731809813,0.11737086395289462,0.005256226634796482,3933,1445,2488,FALSE,FALSE,
1250,19.805350829047185,0.07391999870480667,0.12199242318737695,0.04807242448257028,3071,1096,1975,FALSE,FALSE,
1251,19.114821429988513,0.08392846460372523,0.11242607739939293,0.028497612795667704,5273,646,4627,FALSE,FALSE,
1252,25.401534574090174,0.08928839683378549,0.13175654494904082,0.04246814811525533,2805,2366,439,FALSE,FALSE,
1253,25.362555483357653,0.07919510814527608,0.14440023651664521,0.06520512837136913,2931,2613,318,FALSE,FALSE,
1254,26.171389911851257,0.11657137392255719,0.19432563758545557,0.07775426366289838,2327,2097,230,FALSE,FALSE,
1255,19.27869384387977,0.07397447196907395,0.11477098884004326,0.040796516870969315,3679,690,2989,FALSE,FALSE,
1256,18.788359353118945,0.104646964609033,0.11721497210894072,0.012568007499907718,2922,687,2235,FALSE,FALSE,
1257,17.47327139887104,0.0793880193217494,0.09787261609771405,0.01848459677596466,4324,688,3636,FALSE,FALSE,
1258,19.60033787245687,0.08166551063432961,0.109860241045142,0.028194730410812385,3224,852,2372,FALSE,FALSE,
1259,19.806769563020094,0.08408909445042491,0.11175342944848675,0.02766433499806184,3656,1281,2375,FALSE,FALSE,
1260,20.755591709054208,0.11955900654079207,0.09510076846191357,-0.024458238078878508,5306,2795,2511,FALSE,FALSE,
1261,25.31757881017335,0.0951873683571697,0.1342434292555035,0.0390560608983338,2017,1807,210,FALSE,FALSE,
1262,25.31757881017335,0.09224932661694915,0.14615292408265568,0.053903597465706526,2349,2010,339,FALSE,FALSE,
1263,24.758719861626428,0.10067440043205719,0.13817058199667892,0.03749618156462173,2338,1872,466,FALSE,FALSE,
1264,26.175131249606352,0.10801703817760933,0.12353578925979977,0.015518751082190446,2449,2188,261,FALSE,FALSE,
1265,18.96672143576005,0.08030930748144885,0.12193711379340111,0.04162780631195226,4004,906,3098,FALSE,FALSE,
1266,25.19020593306931,0.1033489449596295,0.11093181787478881,0.007582872915159314,3600,2962,638,FALSE,FALSE,
1267,18.966049777269326,0.10843409435605222,0.12163691876880658,0.01320282441275436,3844,715,3129,FALSE,FALSE,
1268,20.20844332415158,0.1043388400410293,0.12963509703848855,0.025296256997459257,2523,1162,1361,FALSE,FALSE,
1269,19.350678307200045,0.09983974561371303,0.11073611858886376,0.010896372975150725,3077,935,2142,FALSE,FALSE,
1270,25.31757881017335,0.07727304880062605,0.12921743957971135,0.0519443907790853,2689,2400,289,FALSE,FALSE,
1271,19.843845656610355,0.06793282019307655,0.08823012576849135,0.0202973055754148,2276,1138,1138,FALSE,FALSE,
1272,19.27869384387977,0.0723497910886009,0.10503250121425348,0.032682710125652575,4211,1241,2970,FALSE,FALSE,
1273,18.96672143576005,0.08220735033767052,0.10126937459324883,0.01906202425557832,2459,844,1615,FALSE,FALSE,
1274,18.201891552865302,0.09667670508489168,0.1231618016078733,0.026485096522981616,3023,566,2457,FALSE,FALSE,
1275,19.843845656610355,0.07521119653302387,0.11158559219589716,0.03637439566287329,2333,1195,1138,FALSE,FALSE,
1276,18.96672143576005,0.05107721905363144,0.10276115140411989,0.051683932350488446,3703,1027,2676,FALSE,FALSE,
1277,25.299559964028415,0.09070266531288039,0.1355910299955141,0.0448883646826337,2598,2295,303,FALSE,FALSE,
1278,20.39030940480073,0.12999066783504426,0.1017577430981762,-0.02823292473686806,4083,2066,2017,FALSE,FALSE,
1279,18.96672143576005,0.0820492886648029,0.11058698485279697,0.028537696187994066,3073,666,2407,FALSE,FALSE,
1280,19.61182193062687,0.08773832192189834,0.11187831703497667,0.024139995113078322,3781,869,2912,FALSE,FALSE,
1281,22.572146235469603,0.0962422483337268,0.11749665233064363,0.021254403996916832,3262,2127,1135,FALSE,FALSE,
1282,19.806769563020094,0.10830426129294896,0.12601905865472593,0.017714797361776974,3689,1141,2548,FALSE,FALSE,
1283,22.475707148196232,0.10929368556637559,0.11229206306912343,0.00299837750274784,3576,2203,1373,FALSE,FALSE,
1284,16.72804128231951,0.09989418805520545,0.10881065295839573,0.008916464903190285,2915,362,2553,FALSE,FALSE,
1285,19.12177975172682,0.07648659960670756,0.10884429611272906,0.032357696506021494,3877,654,3223,FALSE,FALSE,
1286,19.12177975172682,0.06816321884204325,0.09096618758253135,0.022802968740488094,3324,1144,2180,FALSE,FALSE,
1287,19.805350829047185,0.0879118121603773,0.11314876295642341,0.025236950796046112,3028,1281,1747,FALSE,FALSE,
1288,19.61182193062687,0.07428421467975166,0.09514481815347048,0.02086060347371882,3018,1235,1783,FALSE,FALSE,
1289,19.870365823828326,0.062438780590154584,0.08128704960553218,0.018848269015377596,2806,1367,1439,FALSE,FALSE,
1290,25.161314330815753,0.08125387074336773,0.14675920474293794,0.0655053339995702,2527,2257,270,FALSE,FALSE,
1291,23.980983050168934,0.07469085501187057,0.09871317511250885,0.024022320100638275,2127,1502,625,FALSE,FALSE,
1292,19.806769563020094,0.10965001120854852,0.12006524018834044,0.010415228979791927,2907,1072,1835,FALSE,FALSE,
1293,18.96672143576005,0.08881091275927835,0.10271772986081,0.013906817101531646,3144,919,2225,FALSE,FALSE,
1294,25.12893604798126,0.11285137754626542,0.13063799805424903,0.017786620507983603,2920,2341,579,FALSE,FALSE,
1295,18.96672143576005,0.06260283724966219,0.11055503786591131,0.04795220061624912,4919,904,4015,FALSE,FALSE,
1296,24.758719861626428,0.09422600187639577,0.12076797779956758,0.026541975923171812,3242,2574,668,FALSE,FALSE,
1297,19.806769563020094,0.08146550209324538,0.1187397191636278,0.03727421707038242,2946,1202,1744,FALSE,FALSE,
1298,25.31757881017335,0.10061405942946064,0.14063434706127836,0.040020287631817725,2410,2066,344,FALSE,FALSE,
1299,17.71428586604627,0.09581760413307983,0.1164912436849802,0.02067363955190038,3385,377,3008,FALSE,FALSE,
1300,25.31757881017335,0.10271662665044712,0.11439375973486704,0.011677133084419922,3249,2848,401,FALSE,FALSE,
1301,19.114821429988513,0.08637514574023203,0.11092728891620358,0.024552143175971555,4637,790,3847,FALSE,FALSE,
1302,24.702201472285708,0.08518630941639142,0.1310985122336919,0.045912202817300476,2830,2247,583,FALSE,FALSE,
1303,25.362555483357653,0.09777220195539825,0.11987634466690845,0.022104142711510205,2155,1886,269,FALSE,FALSE,
1304,19.61182193062687,0.09301219932303162,0.10722497337568904,0.014212774052657418,4443,997,3446,FALSE,FALSE,
1305,19.27869384387977,0.07185128663898414,0.10387770838242573,0.032026421743441585,3253,926,2327,FALSE,FALSE,
1306,16.7807649925724,0.05565989084975492,0.09469364733845749,0.03903375648870257,2309,329,1980,FALSE,FALSE,
1307,19.805350829047185,0.07225681863795544,0.12693162106752542,0.054674802429569985,2950,902,2048,FALSE,FALSE,
1308,25.657425626662707,0.11251523740819601,0.11564212383750871,0.0031268864293127058,3079,2504,575,FALSE,FALSE,
1309,19.806769563020094,0.08092664161821737,0.11043808547098748,0.029511443852770103,3128,1119,2009,FALSE,FALSE,
1310,22.439071936874825,0.11488308095000674,0.11900810926237512,0.004125028312368384,2916,1879,1037,FALSE,FALSE,
1311,25.460230048124227,0.08132402126546198,0.114325465289638,0.03300144402417601,2526,2164,362,FALSE,FALSE,
1312,25.161314330815753,0.09098178128160427,0.12423630052000287,0.0332545192383986,3450,2938,512,FALSE,FALSE,
1313,24.758719861626428,0.07719153903706921,0.09646100668209166,0.01926946764502245,2247,1755,492,FALSE,FALSE,
1314,20.152447068482374,0.10156577608416585,0.11571957812800272,0.014153802043836872,2891,1614,1277,FALSE,FALSE,
1315,19.60033787245687,0.08206680830032204,0.11761569255525824,0.0355488842549362,3113,946,2167,FALSE,FALSE,
1316,18.966049777269326,0.0721922947127471,0.10559187476585222,0.033399580053105116,3230,934,2296,FALSE,FALSE,
1317,19.61182193062687,0.08461235084813702,0.10258967247064686,0.01797732162250984,3500,1101,2399,FALSE,FALSE,
1318,19.61182193062687,0.0956493129903507,0.11334800174059972,0.01769868875024902,3765,1116,2649,FALSE,FALSE,
1319,19.843845656610355,0.08697293220038442,0.10910831973645814,0.02213538753607372,2150,818,1332,FALSE,FALSE,
1320,20.666171136965765,0.06591802425571466,0.09963900913055003,0.033720984874835366,2806,1431,1375,FALSE,FALSE,
1321,19.27869384387977,0.08905753265547275,0.10467869396836135,0.015621161312888598,3049,904,2145,FALSE,FALSE,
1322,25.31757881017335,0.09172478082542335,0.13708514166196945,0.0453603608365461,2534,2274,260,FALSE,FALSE,
1323,19.350678307200045,0.08950685935502121,0.11683020846140213,0.027323349106380915,3108,976,2132,FALSE,FALSE,
1324,24.660081206663328,0.07061902240339825,0.06489728396535664,-0.005721738438041607,1996,1599,397,FALSE,FALSE,
1325,20.07440944585288,0.12107219244213369,0.13095195890714217,0.009879766465008488,1943,855,1088,FALSE,FALSE,
1326,18.890889404169155,0.08526877045887513,0.11249075136048198,0.02722198090160685,3812,770,3042,FALSE,FALSE,
1327,19.806769563020094,0.10454642623980036,0.12248289025914892,0.017936464019348564,2838,1046,1792,FALSE,FALSE,
1328,16.87953627225739,0.10312952723742225,0.0888948934446452,-0.014234633792777049,2809,334,2475,FALSE,FALSE,
1329,25.161314330815753,0.12656458208361895,0.18165572637899396,0.05509114429537501,2024,1612,412,FALSE,FALSE,
1330,19.12177975172682,0.0796433372949304,0.09375145949121683,0.014108122196286432,2564,864,1700,FALSE,FALSE,
1331,24.463639828077927,0.10724953373996149,0.1501896453084465,0.04294011156848501,2179,1680,499,FALSE,FALSE,
1332,19.12177975172682,0.08382404478124383,0.11073057229955931,0.026906527518315473,3913,1134,2779,FALSE,FALSE,
1333,25.878803292112114,0.08233049891595359,0.10677185209109724,0.02444135317514365,2546,2281,265,FALSE,FALSE,
1334,19.215903415629818,0.08941531081635128,0.12326665450311361,0.033851343686762334,2987,920,2067,FALSE,FALSE,
1335,19.843845656610355,0.08711439058082143,0.11514375514277451,0.028029364561953082,2387,897,1490,FALSE,FALSE,
1336,25.362555483357653,0.10483445629835922,0.1589299840939042,0.05409552779554497,2514,2121,393,FALSE,FALSE,
1337,19.789645866972208,0.08335912198766923,0.10928961884588152,0.02593049685821229,4225,1283,2942,FALSE,FALSE,
1338,19.806769563020094,0.07251026247107277,0.10155362181937806,0.029043359348305292,4132,1801,2331,FALSE,FALSE,
1339,18.96672143576005,0.10640736075756801,0.11260682870635698,0.006199467948788964,3643,1030,2613,FALSE,FALSE,
1340,25.19020593306931,0.12118946097236369,0.13647848580404515,0.015289024831681458,3150,2508,642,FALSE,FALSE,
1341,16.72804128231951,0.055352744778342955,0.09705586320406948,0.04170311842572652,1942,249,1693,FALSE,FALSE,
1342,19.61182193062687,0.08236076882776344,0.11210866991893287,0.029747901091169426,5284,936,4348,FALSE,FALSE,
1343,19.350678307200045,0.10073533825740544,0.11125939517270494,0.010524056915299507,2907,831,2076,FALSE,FALSE,
1344,19.789645866972208,0.10170334013065171,0.12550309857819808,0.023799758447546365,3170,1197,1973,FALSE,FALSE,
1345,25.878803292112114,0.10097138020472746,0.15111513600383286,0.050143755799105405,2784,2489,295,FALSE,FALSE,
1346,25.401534574090174,0.08833485593021682,0.13526217080697378,0.046927314876756956,2291,2039,252,FALSE,FALSE,
1347,25.31757881017335,0.06155329592603961,0.11393109268999496,0.052377796763955355,2703,2302,401,FALSE,FALSE,
1348,19.61182193062687,0.07870627385549989,0.09086315012059719,0.012156876265097302,3183,1182,2001,FALSE,FALSE,
1349,25.088356705879416,0.09614359632490331,0.14654120586760772,0.050397609542704405,2335,2063,272,FALSE,FALSE,
1350,25.362555483357653,0.06604909609363985,0.10594303619302518,0.039893940099385336,2355,2122,233,FALSE,FALSE,
1351,25.31757881017335,0.08224232687677133,0.1416170493916153,0.059374722514843964,1857,1620,237,FALSE,FALSE,
1352,19.806769563020094,0.09932126384259511,0.11755214970062491,0.018230885858029802,2816,998,1818,FALSE,FALSE,
1353,17.41189881203214,0.13116839221328602,0.10161929192819666,-0.029549100285089364,2391,279,2112,FALSE,FALSE,
1354,19.61182193062687,0.10848021910296315,0.12244639506189836,0.013966175958935206,3116,1053,2063,FALSE,FALSE,
1355,16.7807649925724,0.08040176129335477,0.11638235373559434,0.03598059244223957,2448,277,2171,FALSE,FALSE,
1356,19.806769563020094,0.09551588676636963,0.11901083886298365,0.023494952096614022,2973,897,2076,FALSE,FALSE,
1357,19.870365823828326,0.06152272017625871,0.11383982730709918,0.05231710713084047,2304,876,1428,FALSE,FALSE,
1358,17.505667323282474,0.0798691282543999,0.10705461774824984,0.02718548949384994,3623,411,3212,FALSE,FALSE,
1359,25.362555483357653,0.10181131719352285,0.12247340237029095,0.020662085176768097,3065,2668,397,FALSE,FALSE,
1360,19.805350829047185,0.10739386469154132,0.11381850011485849,0.006424635423317171,2612,1131,1481,FALSE,FALSE,
1361,25.824594396956908,0.09667913865849703,0.11591302049401704,0.01923388183552001,2594,2225,369,FALSE,FALSE,
1362,19.806769563020094,0.08719575986588457,0.11298248613807754,0.025786726272192972,3733,1394,2339,FALSE,FALSE,
1363,18.966049777269326,0.09646412591088754,0.11740688876500761,0.02094276285412007,4454,722,3732,FALSE,FALSE,
1364,19.843845656610355,0.11750487691813394,0.1216851388325976,0.004180261914463662,1905,912,993,FALSE,FALSE,
1365,20.07440944585288,0.07149210062520453,0.0974962554208012,0.026004154795596673,2289,956,1333,FALSE,FALSE,
1366,19.456588301228333,0.07604484067278278,0.0890216156479451,0.012976774975162322,2393,1083,1310,FALSE,FALSE,
1367,19.805350829047185,0.0807240027688129,0.11877392609762212,0.038049923328809215,3584,1016,2568,FALSE,FALSE,
1368,24.702201472285708,0.09314059171413687,0.13288272491710554,0.03974213320296867,2350,1876,474,FALSE,FALSE,
1369,18.966049777269326,0.07791063909600365,0.11205443172777937,0.03414379263177572,4055,852,3203,FALSE,FALSE,
1370,25.31757881017335,0.07273770809290972,0.11414473457942027,0.041407026486510554,2632,2059,573,FALSE,FALSE,
1371,20.666171136965765,0.08346123989989035,0.1054789452329753,0.022017705333084947,2765,1429,1336,FALSE,FALSE,
1372,19.806769563020094,0.09355047401085663,0.10946834885086276,0.015917874840006133,3285,1267,2018,FALSE,FALSE,
1373,25.31757881017335,0.0926092700135579,0.12809887355078153,0.035489603537223635,2395,2085,310,FALSE,FALSE,
1374,17.47327139887104,0.05354697903968177,0.091255108114538,0.03770812907485623,2294,276,2018,FALSE,FALSE,
1375,19.806769563020094,0.10555966053655548,0.12960655329701345,0.024046892760457975,2953,1108,1845,FALSE,FALSE,
1376,25.362555483357653,0.08928799131296936,0.128585373599104,0.039297382286134636,2435,2152,283,FALSE,FALSE,
1377,19.12177975172682,0.0641935788874704,0.0965216967499068,0.03232811786243639,2761,1210,1551,FALSE,FALSE,
1378,19.805350829047185,0.09239913434420817,0.12635385068573934,0.033954716341531174,3929,1404,2525,FALSE,FALSE,
1379,25.299559964028415,0.09002671518140358,0.12181004797310592,0.03178333279170234,3121,2680,441,FALSE,FALSE,
1380,19.61182193062687,0.09564646116606967,0.1150201619714874,0.019373700805417726,4182,1011,3171,FALSE,FALSE,
1381,19.806769563020094,0.09429978525205934,0.11971950458339965,0.02541971933134031,4328,1190,3138,FALSE,FALSE,
1382,25.766148230117075,0.07165631835142694,0.09897768804244053,0.02732136969101359,2411,2038,373,FALSE,FALSE,
1383,18.96672143576005,0.09593947374744966,0.11179568178669314,0.01585620803924348,3882,870,3012,FALSE,FALSE,
1384,18.96672143576005,0.07862899257946158,0.09697724367755589,0.018348251098094306,2484,1175,1309,FALSE,FALSE,
1385,19.12177975172682,0.06833627281723005,0.09788938700769853,0.02955311419046848,3318,1077,2241,FALSE,FALSE,
1386,19.843845656610355,0.06715818134084268,0.10744386128283705,0.04028567994199436,2504,1348,1156,FALSE,FALSE,
1387,18.96672143576005,0.09667782052538541,0.12342482672871609,0.026747006203330675,2874,621,2253,FALSE,FALSE,
1388,25.362555483357653,0.10945585451294004,0.17204059194727683,0.06258473743433679,2157,1851,306,FALSE,FALSE,
1389,18.96672143576005,0.07200918617147478,0.0971864605436709,0.02517727437219612,3053,917,2136,FALSE,FALSE,
1390,19.806769563020094,0.11363312982430858,0.11967975510277046,0.0060466252784618785,3715,1076,2639,FALSE,FALSE,
1391,20.39030940480073,0.1124992049737779,0.09048324641895078,-0.022015958554827117,4007,1959,2048,FALSE,FALSE,
1392,18.96672143576005,0.06618044260112424,0.10413257724600652,0.037952134644882285,3286,980,2306,FALSE,FALSE,
1393,20.152447068482374,0.08873112010100376,0.11795103080973089,0.029219910708727134,2550,1236,1314,FALSE,FALSE,
1394,25.362555483357653,0.08391584844114269,0.16431213299007508,0.08039628454893238,2265,1887,378,FALSE,FALSE,
1395,18.788359353118945,0.1167684443099418,0.12681753629377793,0.010049091983836134,2466,766,1700,FALSE,FALSE,
1396,24.866648304612685,0.06429670986531139,0.13670667576946882,0.07240996590415744,2805,2395,410,FALSE,FALSE,
1397,25.088356705879416,0.10454633688402531,0.15808083068275525,0.05353449379872993,2114,1823,291,FALSE,FALSE,
1398,26.175131249606352,0.07415699019164854,0.1267967248774619,0.05263973468581337,2449,2179,270,FALSE,FALSE,
1399,19.806769563020094,0.10165393793721793,0.11142806612236937,0.009774128185151443,2582,931,1651,FALSE,FALSE,
1400,19.806769563020094,0.08954452116671813,0.11752063864068643,0.027976117473968304,3631,1176,2455,FALSE,FALSE,
1401,19.27869384387977,0.07209168415085143,0.10133683758717227,0.029245153436320837,3316,1197,2119,FALSE,FALSE,
1402,19.61182193062687,0.09346462942103055,0.1052093234109269,0.011744693989896346,3319,981,2338,FALSE,FALSE,
1403,19.350678307200045,0.0844346845416869,0.10560397717463091,0.02116929263294401,3184,1097,2087,FALSE,FALSE,
1404,19.805350829047185,0.10128385783816941,0.1314496008950293,0.030165743056859887,3145,1278,1867,FALSE,FALSE,
1405,19.870365823828326,0.07543119139573894,0.09231629022134683,0.01688509882560789,2749,1524,1225,FALSE,FALSE,
1406,25.362555483357653,0.10047676710033226,0.16590988408691715,0.06543311698658488,2368,2092,276,FALSE,FALSE,
1407,19.215903415629818,0.0707286590025781,0.09502566634149691,0.024297007338918805,3338,1115,2223,FALSE,FALSE,
1408,19.12177975172682,0.06694743717185517,0.11110400496455781,0.04415656779270265,3933,960,2973,FALSE,FALSE,
1409,19.789645866972208,0.0856127823283332,0.1148814564113215,0.02926867408298829,4116,1390,2726,FALSE,FALSE,
1410,19.215903415629818,0.0884720807864643,0.10914036715371973,0.02066828636725543,3166,745,2421,FALSE,FALSE,
1411,22.104092799194515,0.08954667300271446,0.12208320657223032,0.03253653356951586,2294,1118,1176,FALSE,FALSE,
1412,19.806769563020094,0.10014686824335339,0.13051588025315622,0.030369012009802826,3022,1222,1800,FALSE,FALSE,
1413,19.60033787245687,0.0748559226875482,0.1135498576193788,0.0386939349318306,3251,1008,2243,FALSE,FALSE,
1414,21.102544755879357,0.0928302143350732,0.11913517427797816,0.026304959942904965,2319,1314,1005,FALSE,FALSE,
1415,25.657425626662707,0.10655023094628824,0.1083500277983789,0.0017997968520906682,2850,2434,416,FALSE,FALSE,
1416,19.350678307200045,0.08738314067416557,0.10840688038131117,0.021023739707145606,4240,813,3427,FALSE,FALSE,
1417,19.870365823828326,0.08471333801505937,0.08958658814024209,0.004873250125182721,2397,1069,1328,FALSE,FALSE,
1418,17.926973745424434,0.06954512109511884,0.06763790647120607,-0.001907214623912773,2866,1033,1833,FALSE,FALSE,
1419,19.806769563020094,0.10770065492360453,0.11352258362443016,0.005821928700825624,3089,1240,1849,FALSE,FALSE,
1420,19.61182193062687,0.07991980646908176,0.10879088738106796,0.028871080911986202,3581,766,2815,FALSE,FALSE,
1421,18.96672143576005,0.07731652274646894,0.10913782414955583,0.031821301403086893,3086,774,2312,FALSE,FALSE,
1422,19.61182193062687,0.08001959771466115,0.10290163096357821,0.022882033248917064,3217,1185,2032,FALSE,FALSE,
1423,20.046803246234816,0.07552901031241172,0.08654542130499487,0.011016410992583159,2550,1350,1200,FALSE,FALSE,
1424,19.806769563020094,0.08704861197846006,0.1146207472656941,0.02757213528723404,3249,1210,2039,FALSE,FALSE,
1425,18.015636323033718,0.08847993435476234,0.11733733464771386,0.028857400292951516,3678,570,3108,FALSE,FALSE,
1426,26.175131249606352,0.10445040167044436,0.13540695877221914,0.03095655710177478,2592,2311,281,FALSE,FALSE,
1427,17.97292857125211,0.09752771289284978,0.1346315983553033,0.03710388546245352,3219,365,2854,FALSE,FALSE,
1428,19.502490476545496,0.07853333571622188,0.09490020339876766,0.016366867682545777,2548,1255,1293,FALSE,FALSE,
1429,19.806769563020094,0.07470275699065713,0.1106746721527839,0.035971915162126764,3235,1230,2005,FALSE,FALSE,
1430,19.61182193062687,0.07819477688908667,0.10428818464794251,0.02609340775885584,3084,1185,1899,FALSE,FALSE,
1431,25.401534574090174,0.10432373672948732,0.09173279200711204,-0.012590944722375277,2669,2356,313,FALSE,FALSE,
1432,19.61182193062687,0.09567058008099066,0.1058471100139082,0.010176529932917538,3069,1069,2000,FALSE,FALSE,
1433,19.843845656610355,0.10422185687250768,0.12199522687406872,0.01777337000156104,2044,841,1203,FALSE,FALSE,
1434,19.61182193062687,0.08455048847977453,0.11444878354547218,0.029898295065697647,3721,891,2830,FALSE,FALSE,
1435,20.699485952426045,0.1347819997559343,0.10283744462030858,-0.03194455513562572,5032,2461,2571,FALSE,FALSE,
1436,19.79655399464085,0.10459617045794771,0.1175017373869568,0.012905566929009085,3310,1236,2074,FALSE,FALSE,
1437,19.870365823828326,0.09352772723166156,0.11107804994842034,0.017550322716758784,2526,1286,1240,FALSE,FALSE,
1438,19.60033787245687,0.07018717064792784,0.11137916613990835,0.04119199549198051,3743,734,3009,FALSE,FALSE,
1439,19.61182193062687,0.08620237614344063,0.09644239596931982,0.010240019825879187,3403,1297,2106,FALSE,FALSE,
1440,18.96672143576005,0.06929856042945459,0.10659777161990493,0.037299211190450335,4126,1122,3004,FALSE,FALSE,
1441,19.61182193062687,0.08953095231114502,0.10535951678857042,0.015828564477425394,3929,1175,2754,FALSE,FALSE,
1442,19.60033787245687,0.09712090357984152,0.11221912693715687,0.015098223357315352,4609,1030,3579,FALSE,FALSE,
1443,19.805350829047185,0.09794123214984714,0.12202228864414015,0.024081056494293013,3014,970,2044,FALSE,FALSE,
1444,25.460230048124227,0.08575761654773945,0.10585140722862922,0.020093790680889775,3395,2827,568,FALSE,FALSE,
1445,19.114821429988513,0.08298576631413918,0.09613075779636669,0.013144991482227517,3216,931,2285,FALSE,FALSE,
1446,19.870365823828326,0.0934872082495295,0.10986622370432533,0.016379015454795837,2315,1048,1267,FALSE,FALSE,
1447,19.805350829047185,0.0962569499932469,0.1308034916313243,0.034546541638077397,3575,1031,2544,FALSE,FALSE,
1448,19.117776582772898,0.0661793451943639,0.09945257167997347,0.03327322648560957,3490,1173,2317,FALSE,FALSE,
1449,19.12177975172682,0.07442639527134431,0.09827017381062779,0.023843778539283475,3225,1087,2138,FALSE,FALSE,
1450,19.806769563020094,0.10137123873293426,0.11681493189672269,0.015443693163788436,2921,1107,1814,FALSE,FALSE,
1451,19.805350829047185,0.10168475909501115,0.12811524428009693,0.026430485185085784,3128,1199,1929,FALSE,FALSE,
1452,20.699485952426045,0.11510357533673128,0.09462862899063959,-0.02047494634609169,4362,2200,2162,FALSE,FALSE,
1453,17.505667323282474,0.08269200229955424,0.10339265955537051,0.020700657255816268,3333,441,2892,FALSE,FALSE,
1454,19.350678307200045,0.0871594729711373,0.10885218015704583,0.02169270718590853,4553,874,3679,FALSE,FALSE,
1455,19.61182193062687,0.08609335180752081,0.10870321551208746,0.02260986370456665,3937,1174,2763,FALSE,FALSE,
1456,19.79655399464085,0.11222576200038903,0.12038403730128393,0.008158275300894899,3118,1324,1794,FALSE,FALSE,
1457,24.389899725723588,0.050712079574538174,0.09141601200503459,0.040703932430496415,2704,2431,273,FALSE,FALSE,
1458,19.27869384387977,0.0663519110297342,0.1031182213622485,0.036766310332514304,3171,1133,2038,FALSE,FALSE,
1459,19.806769563020094,0.060372762179417144,0.0842090262365805,0.023836264057163353,2889,1245,1644,FALSE,FALSE,
1460,19.61182193062687,0.08330001261370092,0.09979389576610502,0.016493883152404104,3290,1179,2111,FALSE,FALSE,
1461,26.171389911851257,0.09986435086698564,0.12790152020081683,0.028037169333831186,2254,2035,219,FALSE,FALSE,
1462,19.61182193062687,0.09098028724458647,0.11554134609128104,0.024561058846694572,3175,1213,1962,FALSE,FALSE,
1463,25.362555483357653,0.08281599410210357,0.12781762948826159,0.04500163538615802,2479,2212,267,FALSE,FALSE,
1464,21.866523987062436,0.09879074920724468,0.1127444737659516,0.013953724558706929,2552,1521,1031,FALSE,FALSE,
1465,19.215903415629818,0.06504086142497009,0.09826096523059569,0.033220103805625595,4200,1142,3058,FALSE,FALSE,
1466,19.350678307200045,0.08050753107696665,0.09953533770809919,0.019027806631132543,2954,1062,1892,FALSE,FALSE,
1467,19.61182193062687,0.09015446729706388,0.11603888214346804,0.025884414846404163,3121,824,2297,FALSE,FALSE,
1468,25.299559964028415,0.09681208051385866,0.1403214454442692,0.043509364930410535,2456,1991,465,FALSE,FALSE,
1469,19.870365823828326,0.08186639895425032,0.09242130459593585,0.010554905641685527,2499,1226,1273,FALSE,FALSE,
1470,19.350678307200045,0.08823538355778897,0.11617352161126543,0.02793813805347646,3236,1022,2214,FALSE,FALSE,
1471,19.60033787245687,0.08155214420749106,0.11092248371452826,0.0293703395070372,3046,1224,1822,FALSE,FALSE,
1472,21.373500259307033,0.0786277655037265,0.10483704215861586,0.02620927665488937,1936,929,1007,FALSE,FALSE,
1473,19.843845656610355,0.06721651241186448,0.07982204981943382,0.01260553740756934,2718,1299,1419,FALSE,FALSE,
1474,25.460230048124227,0.08077588915862612,0.12486715967383645,0.044091270515210335,2227,1989,238,FALSE,FALSE,
1475,19.215903415629818,0.056872629426326426,0.09836471013074365,0.04149208070441722,3925,1330,2595,FALSE,FALSE,
1476,19.27869384387977,0.07417478503231728,0.11022602666912056,0.036051241636803275,4514,767,3747,FALSE,FALSE,
1477,21.373500259307033,0.0755094176792806,0.1047428513381324,0.029233433658851796,2279,1039,1240,FALSE,FALSE,
1478,25.362555483357653,0.0923670884585227,0.12442058905699195,0.032053500598469245,3426,2877,549,FALSE,FALSE,
1479,20.046803246234816,0.05971103515904296,0.09136377373425993,0.031652738575216964,2591,1285,1306,FALSE,FALSE,
1480,19.60033787245687,0.09657743474323123,0.11757263773770912,0.020995202994477893,3143,1087,2056,FALSE,FALSE,
1481,17.71428586604627,0.10423109589010077,0.12834026315338395,0.024109167263283188,2310,331,1979,FALSE,FALSE,
1482,18.890889404169155,0.09080189122163161,0.10728261814088094,0.01648072691924933,3731,768,2963,FALSE,FALSE,
1483,24.516664831819245,0.11505697070026766,0.1412363202084281,0.02617934950816045,2348,1673,675,FALSE,FALSE,
1484,19.27869384387977,0.08885294453245447,0.10970819487671214,0.02085525034425767,3274,1054,2220,FALSE,FALSE,
1485,19.61182193062687,0.0726737405827878,0.09436712991846558,0.02169338933567777,3520,1425,2095,FALSE,FALSE,
1486,25.401534574090174,0.08086005508296301,0.11929879911330879,0.03843874403034578,2428,2093,335,FALSE,FALSE,
1487,23.721299524578214,0.10244599980716672,0.12298182098549655,0.020535821178329833,2170,1615,555,FALSE,FALSE,
1488,19.805350829047185,0.10280223241145596,0.11085140486496343,0.008049172453507475,3722,1154,2568,FALSE,FALSE,
1489,19.61182193062687,0.09866473671072691,0.11306377065299485,0.014399033942267936,3053,1125,1928,FALSE,FALSE,
1490,25.362555483357653,0.09440001638318414,0.1214363748048853,0.027036358421701157,2303,1980,323,FALSE,FALSE,
1491,21.102544755879357,0.06777032881759684,0.10158845839950996,0.03381812958191312,2359,1463,896,FALSE,FALSE,
1492,17.71428586604627,0.06983324913146796,0.09679236838753785,0.02695911925606989,3137,485,2652,FALSE,FALSE,
1493,23.07471162821386,0.12043474034826256,0.11397152371879068,-0.006463216629471871,5136,3483,1653,FALSE,FALSE,
1494,17.71428586604627,0.06450278206826408,0.06886776517404081,0.0043649831057767235,2629,620,2009,FALSE,FALSE,
1495,18.96672143576005,0.07079818717130468,0.1086948389057707,0.03789665173446602,3076,1064,2012,FALSE,FALSE,
1496,24.841683697144507,0.08771905649465511,0.10416117883943113,0.016442122344776017,2260,1861,399,FALSE,FALSE,
1497,19.870365823828326,0.06434274290090385,0.10326343262004498,0.03892068971914113,2424,1052,1372,FALSE,FALSE,
1498,17.94108879626121,0.07993805873739457,0.1009858906356414,0.021047831898246827,2265,453,1812,FALSE,FALSE,
1499,17.51152107801462,0.10640241787872678,0.11698435747347152,0.010581939594744738,2195,352,1843,FALSE,FALSE,
1500,21.373500259307033,0.09320290633701336,0.11468525880276648,0.021482352465753113,2168,1050,1118,FALSE,FALSE,
1501,19.61182193062687,0.07173638642427865,0.1085416301585653,0.03680524373428665,2946,803,2143,FALSE,FALSE,
1502,19.27869384387977,0.08406244221318482,0.11655437487127349,0.03249193265808867,5200,570,4630,FALSE,FALSE,
1503,19.805350829047185,0.09846211112659918,0.1216166669098494,0.023154555783250222,3547,1211,2336,FALSE,FALSE,
1504,25.31757881017335,0.09677614638281466,0.12648816469233579,0.029712018309521124,2499,2151,348,FALSE,FALSE,
1505,19.843845656610355,0.08057490223662407,0.10006046088780697,0.0194855586511829,2383,1239,1144,FALSE,FALSE,
1506,19.60033787245687,0.10252733041722216,0.11288496017054687,0.010357629753324715,3761,1002,2759,FALSE,FALSE,
1507,19.805350829047185,0.08512780188739139,0.11300464195095308,0.027876840063561698,3916,1437,2479,FALSE,FALSE,
1508,25.161314330815753,0.09683744216787274,0.12543001537906,0.028592573211187272,3496,3002,494,FALSE,FALSE,
1509,19.806769563020094,0.08090982935556923,0.10708725515160003,0.0261774257960308,3207,1276,1931,FALSE,FALSE,
1510,17.51152107801462,0.06765291218195343,0.10176342417042794,0.03411051198847451,3282,360,2922,FALSE,FALSE,
1511,25.31757881017335,0.07777339090557726,0.13222993491602275,0.05445654401044549,2424,1994,430,FALSE,FALSE,
1512,19.60033787245687,0.08538373685446421,0.10571527653901429,0.02033153968455008,3783,1491,2292,FALSE,FALSE,
1513,18.96672143576005,0.06026084284285166,0.08824182713028667,0.027980984287435007,3358,1263,2095,FALSE,FALSE,
1514,19.806769563020094,0.09315384575999731,0.10949641386345221,0.0163425681034549,4409,1476,2933,FALSE,FALSE,
1515,19.350678307200045,0.07907129933450495,0.10348089216030694,0.02440959282580199,3725,831,2894,FALSE,FALSE,
1516,25.31757881017335,0.07652847148590892,0.13646746808117136,0.05993899659526243,2478,2022,456,FALSE,FALSE,
1517,19.805350829047185,0.09121009744103316,0.12465195003996551,0.033441852598932356,2970,1008,1962,FALSE,FALSE,
1518,20.07440944585288,0.11214595232057427,0.13146650258034864,0.019320550259774374,2495,1359,1136,FALSE,FALSE,
1519,19.350678307200045,0.07982913764134515,0.10930006639286895,0.029470928751523795,4574,1212,3362,FALSE,FALSE,
1520,18.96672143576005,0.08525223351107675,0.11921630213807617,0.033964068626999425,3947,760,3187,FALSE,FALSE,
1521,24.702201472285708,0.08888096477297104,0.11965332180893161,0.030772357035960568,2705,2197,508,FALSE,FALSE,
1522,24.866648304612685,0.07080556936324925,0.1167829197379637,0.045977350374714454,2753,2173,580,FALSE,FALSE,
1523,16.7807649925724,0.06800752574275733,0.1349087516571277,0.06690122591437038,2154,243,1911,FALSE,FALSE,
1524,25.299559964028415,0.0877475747241252,0.129471373652741,0.0417237989286158,3302,2920,382,FALSE,FALSE,
1525,17.51152107801462,0.11090560067436084,0.11593026453801877,0.0050246638636579355,3036,324,2712,FALSE,FALSE,
1526,22.439071936874825,0.10944287938048704,0.1185356433527658,0.009092763972278761,3532,2290,1242,FALSE,FALSE,
1527,19.806769563020094,0.10366221240694709,0.12028397771743106,0.01662176531048397,3157,1246,1911,FALSE,FALSE,
1528,19.806769563020094,0.08285249580532736,0.1106896469033582,0.027837151098030838,3170,1390,1780,FALSE,FALSE,
1529,19.61182193062687,0.09007924453182303,0.11643464522195504,0.026355400690132008,3037,1194,1843,FALSE,FALSE,
1530,19.806769563020094,0.10752876648782503,0.11291489406734218,0.005386127579517147,3564,1151,2413,FALSE,FALSE,
1531,19.805350829047185,0.10049259334705114,0.1173546948096711,0.01686210146261996,3298,1105,2193,FALSE,FALSE,
1532,19.456588301228333,0.09665346275728855,0.11446003425690418,0.017806571499615634,3816,742,3074,FALSE,FALSE,
1533,17.51152107801462,0.07555210478390928,0.11159789013715243,0.036045785353243154,2935,306,2629,FALSE,FALSE,
1534,18.81848932190445,0.0660398164876002,0.09674551759597415,0.03070570110837395,3066,711,2355,FALSE,FALSE,
1535,19.805350829047185,0.1044222986561554,0.11904375714359912,0.014621458487443714,3441,1465,1976,FALSE,FALSE,
1536,21.373500259307033,0.08010966742416668,0.11002755327682438,0.0299178858526577,2101,1057,1044,FALSE,FALSE,
1537,19.870365823828326,0.07089394342333175,0.09003354968188475,0.019139606258553002,2265,1122,1143,FALSE,FALSE,
1538,19.806769563020094,0.09874804420677635,0.11598633281103628,0.017238288604259924,3107,1151,1956,FALSE,FALSE,
1539,25.31757881017335,0.07792983422812255,0.13177838791809907,0.053848553689976514,2463,2221,242,FALSE,FALSE,
1540,19.12177975172682,0.0606601688496161,0.10349056774199929,0.04283039889238319,4120,718,3402,FALSE,FALSE,
1541,19.61182193062687,0.09185273531822075,0.11218125836291269,0.020328523044691946,2977,896,2081,FALSE,FALSE,
1542,25.31757881017335,0.09715644455667471,0.1288798484361795,0.031723403879504786,3235,2799,436,FALSE,FALSE,
1543,21.373500259307033,0.06629468673558295,0.11057970478792314,0.0442850180523402,2191,1133,1058,FALSE,FALSE,
1544,16.72804128231951,0.0873208440351558,0.10558118407403987,0.018260340038884063,2994,320,2674,FALSE,FALSE,
1545,18.131998952853298,0.07624215304034943,0.1130852398990858,0.03684308685873637,3687,475,3212,FALSE,FALSE,
1546,19.870365823828326,0.0777867434507006,0.10284014760443372,0.025053404153733125,2672,1334,1338,FALSE,FALSE,
1547,19.61182193062687,0.10559247651247793,0.10881490835418005,0.0032224318417021225,3709,989,2720,FALSE,FALSE,
1548,25.19020593306931,0.0995082222673315,0.13009618222324965,0.030587959955918148,2220,1899,321,FALSE,FALSE,
1549,19.843845656610355,0.10537747883351935,0.13410256970833626,0.028725090874816908,2100,1035,1065,FALSE,FALSE,
1550,19.215903415629818,0.07890062277798313,0.1146164115276657,0.03571578874968258,2915,560,2355,FALSE,FALSE,
1551,19.61182193062687,0.0724601884761118,0.10886432065407936,0.03640413217796756,3061,919,2142,FALSE,FALSE,
1552,19.61182193062687,0.08869421828038124,0.09625638007386332,0.007562161793482083,3064,1286,1778,FALSE,FALSE,
1553,18.067986634480178,0.08964231550908132,0.11762853742766778,0.027986221918586462,3973,806,3167,FALSE,FALSE,
1554,19.61182193062687,0.09105893877063279,0.11031576907279544,0.01925683030216266,4375,863,3512,FALSE,FALSE,
1555,19.805350829047185,0.09548923601439319,0.12345895974922151,0.027969723734828325,3798,888,2910,FALSE,FALSE,
1556,25.362555483357653,0.09088437133628868,0.14872353410640518,0.0578391627701165,2599,2229,370,FALSE,FALSE,
1557,25.893118378518675,0.112094452632557,0.1058175503027918,-0.006276902329765202,2480,2209,271,FALSE,FALSE,
1558,19.806769563020094,0.11895206388061967,0.12475303533430043,0.005800971453680762,3516,1333,2183,FALSE,FALSE,
1559,17.71428586604627,0.06305010890926487,0.07151331984053737,0.008463210931272502,2158,502,1656,FALSE,FALSE,
1560,25.362555483357653,0.09819759016624688,0.11995662801024795,0.021759037844001072,3297,2668,629,FALSE,FALSE,
1561,18.96672143576005,0.07721411224081969,0.10974131468422371,0.03252720244340403,3901,920,2981,FALSE,FALSE,
1562,25.31757881017335,0.08746357824302055,0.12450160469673342,0.037038026453712874,2548,2270,278,FALSE,FALSE,
1563,24.758719861626428,0.10001870764336035,0.103520049360111,0.00350134171675065,2824,2090,734,FALSE,FALSE,
1564,18.966049777269326,0.05248194237749837,0.07838669450151681,0.025904752124018438,3021,1179,1842,FALSE,FALSE,
1565,19.350678307200045,0.0845924252139944,0.10664083819255846,0.022048412978564053,3894,1021,2873,FALSE,FALSE,
1566,19.806769563020094,0.09221438912252158,0.11434070243252266,0.022126313310001075,2991,1022,1969,FALSE,FALSE,
1567,19.843845656610355,0.1034899430079842,0.13536215808501162,0.03187221507702742,2184,843,1341,FALSE,FALSE,
1568,19.60033787245687,0.09325571327694826,0.11964161677906417,0.026385903502115907,3854,1025,2829,FALSE,FALSE,
1569,25.088356705879416,0.07763985734368331,0.14665904910544703,0.06901919176176372,2810,2427,383,FALSE,FALSE,
1570,19.806769563020094,0.07988610109710187,0.11513992773162912,0.03525382663452725,3128,1202,1926,FALSE,FALSE,
1571,19.805350829047185,0.09661466057294327,0.12428667503382455,0.027672014460881286,3670,1338,2332,FALSE,FALSE,
1572,19.843845656610355,0.09734944643970829,0.1360521111657866,0.03870266472607832,2523,1115,1408,FALSE,FALSE,
1573,19.806769563020094,0.09529325558191992,0.12050949491056706,0.02521623932864714,4259,1294,2965,FALSE,FALSE,
1574,18.966049777269326,0.08731375599119912,0.11780336492269677,0.030489608931497658,4385,641,3744,FALSE,FALSE,
1575,21.373500259307033,0.10938085206865353,0.12289273249849154,0.013511880429838016,2415,1071,1344,FALSE,FALSE,
1576,19.61182193062687,0.0950377192740456,0.11732149077040983,0.022283771496364235,3898,913,2985,FALSE,FALSE,
1577,17.680555244142315,0.08147678725585752,0.10020875431071762,0.01873196705486009,3095,328,2767,FALSE,FALSE,
1578,19.12177975172682,0.06845317492462509,0.10008861234269145,0.03163543741806636,3973,1195,2778,FALSE,FALSE,
1579,25.401534574090174,0.09033215821760439,0.13948375570817678,0.049151597490572393,2456,2127,329,FALSE,FALSE,
1580,19.805350829047185,0.10180498215152305,0.11428217721399478,0.012477195062471733,3650,1208,2442,FALSE,FALSE,
1581,21.466725306603188,0.08176546121147943,0.09291211575350444,0.011146654542025014,2401,1438,963,FALSE,FALSE,
1582,19.805350829047185,0.06772528208722303,0.10119485765512666,0.03346957556790363,3706,1478,2228,FALSE,FALSE,
1583,19.12177975172682,0.06893846092575101,0.11406766049331032,0.045129199567559314,3953,1285,2668,FALSE,FALSE,
1584,25.617827770802275,0.09180807278407148,0.12306354330271425,0.031255470518642775,2695,2407,288,FALSE,FALSE,
1585,22.859305599139788,0.12184461979443123,0.11330340926363774,-0.008541210530793486,5114,3568,1546,FALSE,FALSE,
1586,19.12177975172682,0.06145308369030131,0.09982499926606452,0.03837191557576321,3983,1003,2980,FALSE,FALSE,
1587,24.882452076685073,0.05756158252240122,0.11453626684579021,0.056974684323388994,2510,2198,312,FALSE,FALSE,
1588,24.702201472285708,0.07920863077120958,0.10328555984367581,0.024076929072466224,2274,1907,367,FALSE,FALSE,
1589,19.27869384387977,0.08167773629171624,0.09456174226426484,0.012884005972548601,3418,1275,2143,FALSE,FALSE,
1590,17.97292857125211,0.09282535303554057,0.11450118794849667,0.021675834912956105,3697,456,3241,FALSE,FALSE,
1591,18.96672143576005,0.09371055404342873,0.12040625289312568,0.02669569884969694,3673,716,2957,FALSE,FALSE,
1592,19.806769563020094,0.08262347922075265,0.1155205308958855,0.03289705167513285,2796,1076,1720,FALSE,FALSE,
1593,24.702201472285708,0.10052720299310475,0.1386748321840868,0.03814762919098205,2320,1709,611,FALSE,FALSE,
1594,19.806769563020094,0.10238172672822375,0.11570963955985201,0.013327912831628264,5263,1318,3945,FALSE,FALSE,
1595,19.61182193062687,0.09586617606129375,0.11009026482537615,0.014224088764082404,3946,962,2984,FALSE,FALSE,
1596,25.31757881017335,0.11288681821048496,0.16278972701322972,0.049902908802744755,2352,2000,352,FALSE,FALSE,
1597,19.114821429988513,0.07826946565382567,0.10474120965303706,0.026471743999211386,3206,858,2348,FALSE,FALSE,
1598,20.991271200978748,0.10496013898506838,0.10003040703592847,-0.004929731949139912,2302,1349,953,FALSE,FALSE,
1599,19.350678307200045,0.07927400560184464,0.09207157478071687,0.012797569178872231,3218,1012,2206,FALSE,FALSE,
1600,25.362555483357653,0.10191376844302805,0.14887603035650349,0.04696226191347544,2248,1874,374,FALSE,FALSE,
1601,25.362555483357653,0.07483412607025161,0.12912401665388773,0.05428989058363612,2479,2232,247,FALSE,FALSE,
1602,19.350678307200045,0.09415954879469493,0.10414914579650068,0.009989597001805753,4082,1332,2750,FALSE,FALSE,
1603,19.60033787245687,0.08747488000513805,0.11540352337875814,0.027928643373620096,3284,914,2370,FALSE,FALSE,
1604,22.054726675535782,0.10511211029285092,0.12601475380158048,0.020902643508729557,3205,1695,1510,FALSE,FALSE,
1605,16.857084150440357,0.046028409964837314,0.09652219032350681,0.0504937803586695,3121,439,2682,FALSE,FALSE,
1606,19.60033787245687,0.08902501718143804,0.10974569855981778,0.020720681378379735,3656,594,3062,FALSE,FALSE,
1607,19.61182193062687,0.10828666517522607,0.12069012292898157,0.012403457753755495,3843,873,2970,FALSE,FALSE,
1608,19.806769563020094,0.0571255212126448,0.08738257343492598,0.030257052222281172,3644,1586,2058,FALSE,FALSE,
1609,24.463639828077927,0.10245143247908148,0.14569731580980266,0.043245883330721185,2563,2024,539,FALSE,FALSE,
1610,25.161314330815753,0.07692647253315062,0.13993868086084152,0.0630122083276909,2526,2277,249,FALSE,FALSE,
1611,25.31757881017335,0.08362059839609691,0.12947905401712745,0.04585845562103054,2496,1886,610,FALSE,FALSE,
1612,19.12177975172682,0.05276724743013529,0.08178950942292361,0.029022261992788317,2573,1068,1505,FALSE,FALSE,
1613,16.857084150440357,0.023539955452033468,0.0970208338458539,0.07348087839382043,2990,311,2679,TRUE,FALSE,high condition number or rank warning in GMM matrices
1614,19.806769563020094,0.09801395471706631,0.11118823820608853,0.01317428348902222,3028,1137,1891,FALSE,FALSE,
1615,25.98315376093154,0.09588798453055825,0.16602426770887643,0.07013628317831819,2444,2134,310,FALSE,FALSE,
1616,19.350678307200045,0.09033618959017231,0.10505433607086914,0.014718146480696831,3881,907,2974,FALSE,FALSE,
1617,19.350678307200045,0.09429624980116191,0.11552382174867902,0.021227571947517107,3078,784,2294,FALSE,FALSE,
1618,19.806769563020094,0.07560659972885075,0.10744337048505713,0.031836770756206376,3155,1334,1821,FALSE,FALSE,
1619,25.878803292112114,0.10202405669782502,0.16096002681428445,0.05893597011645943,2171,1943,228,FALSE,FALSE,
1620,17.47327139887104,0.06534646083562393,0.0900495341782008,0.024703073342576876,2548,335,2213,FALSE,FALSE,
1621,19.27869384387977,0.06896020936424568,0.11061682098031005,0.04165661161606436,4789,858,3931,FALSE,FALSE,
1622,19.843845656610355,0.07055437917924841,0.08560787850017373,0.015053499320925326,2710,1511,1199,FALSE,FALSE,
1623,19.806769563020094,0.09323946461691332,0.1103158304645121,0.01707636584759878,3178,1298,1880,FALSE,FALSE,
1624,19.456588301228333,0.07213877764698959,0.10729255554349507,0.03515377789650548,4282,946,3336,FALSE,FALSE,
1625,19.870365823828326,0.08336975920560709,0.11822310682167561,0.03485334761606852,2528,1245,1283,FALSE,FALSE,
1626,24.702201472285708,0.07906904363433286,0.10852885112673691,0.029459807492404053,3119,2531,588,FALSE,FALSE,
1627,17.801474891854223,0.08428444596279344,0.11441026522777774,0.030125819264984297,3805,391,3414,FALSE,FALSE,
1628,19.350678307200045,0.06786181028162849,0.08738907982923813,0.019527269547609638,2365,810,1555,FALSE,FALSE,
1629,19.789645866972208,0.10418854442718586,0.13596542003419007,0.03177687560700421,2304,1066,1238,FALSE,FALSE,
1630,18.966049777269326,0.0823101046784365,0.11850203709030559,0.03619193241186909,6002,655,5347,FALSE,FALSE,
1631,25.31757881017335,0.08744915578899073,0.10599567174857624,0.018546515959585508,2280,1844,436,FALSE,FALSE,
1632,19.805350829047185,0.08765299552384725,0.11123789229351905,0.023584896769671793,3714,1163,2551,FALSE,FALSE,
1633,25.31757881017335,0.094715462340132,0.12562015560953407,0.030904693269402067,2566,2251,315,FALSE,FALSE,
1634,17.51152107801462,0.06437786933627573,0.11208667464511249,0.047708805308836755,3340,336,3004,FALSE,FALSE,
1635,24.702201472285708,0.1021327967546759,0.14131721653072465,0.03918441977604875,2504,2093,411,FALSE,FALSE,
1636,24.758719861626428,0.09473454612148935,0.14497599374862272,0.05024144762713337,2578,1981,597,FALSE,FALSE,
1637,19.12177975172682,0.0723572886811948,0.1124137620640228,0.040056473382828,3544,1032,2512,FALSE,FALSE,
1638,19.805350829047185,0.1023915833148861,0.1107483097286864,0.008356726413800308,3094,1202,1892,FALSE,FALSE,
1639,17.47327139887104,0.061183848260690066,0.08685539660177774,0.025671548341087674,2341,269,2072,FALSE,FALSE,
1640,25.31757881017335,0.09726756462350485,0.13877434573437308,0.04150678111086824,2268,1935,333,FALSE,FALSE,
1641,25.19020593306931,0.10134251244278863,0.14225703385817529,0.04091452141538665,2867,2506,361,FALSE,FALSE,
1642,25.19020593306931,0.11544554597332185,0.11530449291619758,-1.4105305712426575e-4,2655,2246,409,FALSE,FALSE,
1643,19.350678307200045,0.08088670953853722,0.1145560193904239,0.03366930985188668,4228,812,3416,FALSE,FALSE,
1644,19.350678307200045,0.08607277918821671,0.10560385250879226,0.019531073320575548,4040,1132,2908,FALSE,FALSE,
1645,19.12177975172682,0.050278887937325475,0.060431715551260375,0.010152827613934899,2579,1181,1398,FALSE,FALSE,
1646,17.218793037243728,0.11893257536134155,0.07979386839524294,-0.03913870696609861,2725,406,2319,FALSE,FALSE,
1647,26.175131249606352,0.09487184364058687,0.1231265440861984,0.028254700445611527,2436,2023,413,FALSE,FALSE,
1648,19.60033787245687,0.0913744125780678,0.10819115159868506,0.016816739020617255,3213,1114,2099,FALSE,FALSE,
1649,25.161314330815753,0.08856177596969152,0.14075990797263677,0.05219813200294525,2479,2136,343,FALSE,FALSE,
1650,19.215903415629818,0.077073770395055,0.14285758313286653,0.06578381273781153,2635,945,1690,FALSE,FALSE,
1651,18.966049777269326,0.07104577855207317,0.11350974789810316,0.04246396934602999,2993,722,2271,FALSE,FALSE,
1652,25.31757881017335,0.09867248781153139,0.13156394851630823,0.032891460704776845,2386,1985,401,FALSE,FALSE,
1653,19.61182193062687,0.09805088227765568,0.1146370731490371,0.016586190871381412,4374,999,3375,FALSE,FALSE,
1654,19.350678307200045,0.08739367215333944,0.11411975959265543,0.026726087439315982,3266,795,2471,FALSE,FALSE,
1655,22.439071936874825,0.11832771210206011,0.12638522358267779,0.008057511480617674,3713,2393,1320,FALSE,FALSE,
1656,19.12177975172682,0.0555310918366218,0.09736009117190825,0.04182899933528645,3418,1075,2343,FALSE,FALSE,
1657,25.31757881017335,0.11308957734444136,0.12052426758616003,0.007434690241718667,3080,2529,551,FALSE,FALSE,
1658,21.827839764711047,0.06843853946734574,0.09768532794401474,0.029246788476669006,2580,1591,989,FALSE,FALSE,
1659,18.96672143576005,0.08441899187628224,0.10735536801374795,0.022936376137465714,4474,1160,3314,FALSE,FALSE,
1660,16.72804128231951,0.08143155334132957,0.10577724312002605,0.024345689778696486,2428,322,2106,FALSE,FALSE,
1661,16.857084150440357,0.09216195323719467,0.13179988605327747,0.0396379328160828,2457,313,2144,FALSE,FALSE,
1662,19.350678307200045,0.06626823378815408,0.10106431780712921,0.03479608401897513,3071,1078,1993,FALSE,FALSE,
1663,19.806769563020094,0.08059346203119815,0.11667998186760636,0.03608651983640822,3116,1016,2100,FALSE,FALSE,
1664,25.299559964028415,0.08701138660091498,0.12401858694548032,0.03700720034456534,3639,3252,387,FALSE,FALSE,
1665,25.362555483357653,0.09410458477158122,0.124660827513936,0.030556242742354786,2687,2263,424,FALSE,FALSE,
1666,19.12177975172682,0.08056275221695013,0.11208365238271531,0.031520900165765184,3830,868,2962,FALSE,FALSE,
1667,18.890889404169155,0.08235448091751428,0.1043097630973553,0.021955282179841024,3165,942,2223,FALSE,FALSE,
1668,19.61182193062687,0.08424122413152343,0.11098059114240579,0.02673936701088235,3054,920,2134,FALSE,FALSE,
1669,19.806769563020094,0.10067849731329512,0.10764780192964477,0.0069693046163496475,3048,1221,1827,FALSE,FALSE,
1670,25.362555483357653,0.0671349717594386,0.1204437870024219,0.05330881524298331,2636,2376,260,FALSE,FALSE,
1671,19.60033787245687,0.09544868751456749,0.11213845891585579,0.0166897714012883,3104,1103,2001,FALSE,FALSE,
1672,26.32887104123951,0.09285469026852158,0.09490697664354274,0.0020522863750211534,3303,2975,328,FALSE,FALSE,
1673,23.76670000168204,0.05734004184292588,0.08678689738523883,0.029446855542312945,2385,1855,530,FALSE,FALSE,
1674,18.067986634480178,0.09286461482116648,0.11849542814377584,0.025630813322609358,3862,418,3444,FALSE,FALSE,
1675,19.806769563020094,0.0889619132233686,0.12021421696138045,0.03125230373801184,4000,1265,2735,FALSE,FALSE,
1676,25.161314330815753,0.0884890262993257,0.13049558730194602,0.04200656100262032,2789,2502,287,FALSE,FALSE,
1677,18.96672143576005,0.07231132520575004,0.09843921388066083,0.026127888674910796,3544,1217,2327,FALSE,FALSE,
1678,19.805350829047185,0.0877550700160644,0.11723834587303504,0.029483275856970637,3928,1144,2784,FALSE,FALSE,
1679,18.96672143576005,0.07252302669053645,0.10758735253378299,0.035064325843246535,3092,760,2332,FALSE,FALSE,
1680,19.806769563020094,0.09636876939172394,0.11133742289889087,0.014968653507166932,4602,1468,3134,FALSE,FALSE,
1681,23.980983050168934,0.07745172718496594,0.11141193269588955,0.0339602055109236,2306,1684,622,FALSE,FALSE,
1682,19.60033787245687,0.08370186358349463,0.1115648669977537,0.02786300341425907,5288,1024,4264,FALSE,FALSE,
1683,19.806769563020094,0.08455754137510771,0.11194959505324004,0.027392053678132328,2939,1055,1884,FALSE,FALSE,
1684,19.350678307200045,0.06929337199884249,0.08805459245637066,0.018761220457528177,3741,1330,2411,FALSE,FALSE,
1685,25.161314330815753,0.10288119419666383,0.12563346689331528,0.02275227269665145,2334,1959,375,FALSE,FALSE,
1686,18.966049777269326,0.0779401811692613,0.11378567173483171,0.03584549056557042,3695,677,3018,FALSE,FALSE,
1687,24.702201472285708,0.09583201992221702,0.125841895486537,0.03000987556431997,2362,1787,575,FALSE,FALSE,
1688,19.806769563020094,0.10056648310698607,0.12469896652432091,0.024132483417334843,3946,1526,2420,FALSE,FALSE,
1689,25.362555483357653,0.1072532126832051,0.15548038784925355,0.04822717516604845,2430,2174,256,FALSE,FALSE,
1690,19.215903415629818,0.06959057305292023,0.11083141922407042,0.04124084617115019,4582,884,3698,FALSE,FALSE,
1691,19.60033787245687,0.09057922815851209,0.11801873345333042,0.027439505294818325,3870,991,2879,FALSE,FALSE,
1692,25.657425626662707,0.08147036518311462,0.10844451735346927,0.02697415217035465,2159,1811,348,FALSE,FALSE,
1693,19.805350829047185,0.09486521665721191,0.12004750115453207,0.025182284497320157,3052,1289,1763,FALSE,FALSE,
1694,19.350678307200045,0.0961888737428317,0.11125162938728378,0.015062755644452086,3140,1111,2029,FALSE,FALSE,
1695,19.805350829047185,0.10773730058159184,0.12303738309379535,0.015300082512203508,2811,940,1871,FALSE,FALSE,
1696,19.350678307200045,0.07670880751100453,0.0985572925328886,0.021848485021884065,3861,1333,2528,FALSE,FALSE,
1697,16.72804128231951,0.08735753813827309,0.1064959625519462,0.01913842441367311,2273,317,1956,FALSE,FALSE,
1698,25.19020593306931,0.11721605581155706,0.13735557047740612,0.020139514665849068,2978,2401,577,FALSE,FALSE,
1699,26.171389911851257,0.07981695021948018,0.14318404777287186,0.06336709755339168,2533,2125,408,FALSE,FALSE,
1700,19.456588301228333,0.07141591702005361,0.11058041176839022,0.03916449474833661,4443,656,3787,FALSE,FALSE,
1701,19.60033787245687,0.09529238066183089,0.10735213113546473,0.012059750473633835,2957,797,2160,FALSE,FALSE,
1702,19.805350829047185,0.10639726894615187,0.1208566912875413,0.01445942234138943,3264,923,2341,FALSE,FALSE,
1703,19.215903415629818,0.061402023355712806,0.10424657636823792,0.04284455301252511,4549,874,3675,FALSE,FALSE,
1704,25.31757881017335,0.12141396423550571,0.1303358393762598,0.008921875140754099,2848,2233,615,FALSE,FALSE,
1705,19.843845656610355,0.09992163212250835,0.1407759076229618,0.04085427550045345,2439,989,1450,FALSE,FALSE,
1706,16.7807649925724,0.08431654807128197,0.13508109536127685,0.05076454728999488,2408,269,2139,FALSE,FALSE,
1707,19.806769563020094,0.0974463890661744,0.13027298529871786,0.03282659623254347,3672,1142,2530,FALSE,FALSE,
1708,23.07471162821386,0.11566750651407265,0.10500057218885336,-0.010666934325219285,2848,1961,887,FALSE,FALSE,
1709,19.61182193062687,0.09930230835033253,0.11336263238898284,0.014060324038650304,3637,868,2769,FALSE,FALSE,
1710,19.806769563020094,0.07958267341267511,0.10204287750626229,0.022460204093587177,3080,1346,1734,FALSE,FALSE,
1711,25.824594396956908,0.0839240789934833,0.1152687034638123,0.031344624470329,3597,3230,367,FALSE,FALSE,
1712,21.373500259307033,0.0579177954001837,0.08558089473338576,0.02766309933320206,2748,1729,1019,FALSE,FALSE,
1713,25.31757881017335,0.08022384153556833,0.12222742292251909,0.04200358138695076,2595,2231,364,FALSE,FALSE,
1714,19.350678307200045,0.07912074140639419,0.11024671869018854,0.031125977283794348,3711,990,2721,FALSE,FALSE,
1715,19.806769563020094,0.0893476274882231,0.1130232773207657,0.023675649832542597,5480,1863,3617,FALSE,FALSE,
1716,19.806769563020094,0.08888612854914386,0.11627656572052299,0.027390437171379123,2803,1141,1662,FALSE,FALSE,
1717,19.61182193062687,0.09928664746681284,0.11384116597483931,0.01455451850802647,3391,1164,2227,FALSE,FALSE,
1718,19.806769563020094,0.10884558400032118,0.12009858942975465,0.011253005429433471,3978,1425,2553,FALSE,FALSE,
1719,19.27869384387977,0.06912907925583615,0.10412785723816002,0.03499877798232387,4090,1272,2818,FALSE,FALSE,
1720,20.07440944585288,0.080345186970397,0.08617584347551643,0.005830656505119436,2484,1360,1124,FALSE,FALSE,
1721,20.483043557998826,0.07463280586401601,0.10591195702821574,0.03127915116419973,2488,1202,1286,FALSE,FALSE,
1722,21.827839764711047,0.07297217087080737,0.1107162808528932,0.03774410998208583,2518,1413,1105,FALSE,FALSE,
1723,19.502490476545496,0.07308255517554688,0.09616263783817064,0.023080082662623763,3089,962,2127,FALSE,FALSE,
1724,25.31757881017335,0.07308050841361644,0.11475172156911836,0.04167121315550193,2521,2217,304,FALSE,FALSE,
1725,19.27869384387977,0.08354526836692582,0.10788267792316608,0.024337409556240266,3738,750,2988,FALSE,FALSE,
1726,19.27869384387977,0.07926086535549706,0.10941224157461112,0.030151376219114054,3067,735,2332,FALSE,FALSE,
1727,21.373500259307033,0.07012787532668807,0.10809962008422694,0.03797174475753887,2464,1379,1085,FALSE,FALSE,
1728,19.27869384387977,0.06670769700283051,0.09508453452452975,0.02837683752169924,3286,1093,2193,FALSE,FALSE,
1729,25.824594396956908,0.09727402146490671,0.15435158959756407,0.05707756813265735,2549,2280,269,FALSE,FALSE,
1730,19.806769563020094,0.0772079272784781,0.1115318439576028,0.0343239166791247,2891,835,2056,FALSE,FALSE,
1731,19.789645866972208,0.08136239867239317,0.10847290722707709,0.027110508554683915,2198,1018,1180,FALSE,FALSE,
1732,19.456588301228333,0.08208319588966578,0.10531647565394354,0.02323327976427776,3393,971,2422,FALSE,FALSE,
1733,20.699485952426045,0.12546450277013743,0.09772516801080852,-0.02773933475932891,3927,1967,1960,FALSE,FALSE,
1734,19.806769563020094,0.10482381842556356,0.11403789166528361,0.009214073239720053,3161,1243,1918,FALSE,FALSE,
1735,19.806769563020094,0.1052246160677203,0.1334032221548517,0.028178606087131408,2937,1019,1918,FALSE,FALSE,
1736,19.12177975172682,0.057830216727121006,0.07612558268113505,0.018295365954014042,2459,891,1568,FALSE,FALSE,
1737,25.401534574090174,0.10596731546991262,0.1495442485544802,0.04357693308456759,2802,2474,328,FALSE,FALSE,
1738,25.19020593306931,0.10916009350850167,0.13446042947210715,0.02530033596360548,2991,2355,636,FALSE,FALSE,
1739,17.71428586604627,0.09429951381152735,0.11537728607362784,0.02107777226210049,3282,447,2835,FALSE,FALSE,
1740,24.702201472285708,0.05567118814522389,0.08677803193619438,0.031106843790970486,2208,1823,385,FALSE,FALSE,
1741,23.980983050168934,0.08669259390680792,0.11168774470161262,0.024995150794804702,2503,2054,449,FALSE,FALSE,
1742,25.137091096616988,0.09394572236299259,0.1547315067383055,0.0607857843753129,2222,1967,255,FALSE,FALSE,
1743,18.96672143576005,0.08584699614390934,0.10316536049252173,0.01731836434861239,3080,860,2220,FALSE,FALSE,
1744,19.27869384387977,0.07826514510198354,0.11577463273503287,0.03750948763304933,3774,724,3050,FALSE,FALSE,
1745,25.19020593306931,0.12195159533762398,0.13183503123366747,0.009883435896043485,3308,2901,407,FALSE,FALSE,
1746,19.806769563020094,0.0748634285051632,0.10902955082466413,0.03416612231950093,3792,1382,2410,FALSE,FALSE,
1747,19.61182193062687,0.09769846767353227,0.11522730630514047,0.0175288386316082,3036,1035,2001,FALSE,FALSE,
1748,25.362555483357653,0.09661522224966984,0.10864614315323466,0.01203092090356482,2259,1961,298,FALSE,FALSE,
1749,19.27869384387977,0.08455710967142098,0.11163967425053993,0.02708256457911895,2932,1004,1928,FALSE,FALSE,
1750,19.350678307200045,0.08443410536107192,0.1109702327675141,0.026536127406442178,3941,817,3124,FALSE,FALSE,
1751,19.806769563020094,0.0799275266670563,0.10469944568615205,0.024771919019095756,2872,1113,1759,FALSE,FALSE,
1752,18.96672143576005,0.06947816952745585,0.10814360974927337,0.03866544022181752,4008,1118,2890,FALSE,FALSE,
1753,19.27869384387977,0.07901037157395677,0.10928758545576142,0.030277213881804654,3126,1127,1999,FALSE,FALSE,
1754,24.702201472285708,0.07292742987071682,0.11787372058117537,0.04494629071045855,2351,2014,337,FALSE,FALSE,
1755,18.015636323033718,0.09001208080433498,0.10148714909484763,0.011475068290512647,2992,506,2486,FALSE,FALSE,
1756,19.61182193062687,0.09862037429499734,0.11388789447199422,0.015267520176996882,3844,1062,2782,FALSE,FALSE,
1757,19.843845656610355,0.09051194106862379,0.12506473980944383,0.03455279874082004,2302,1231,1071,FALSE,FALSE,
1758,19.806769563020094,0.0962554471801094,0.11811982359949179,0.021864376419382395,2851,1267,1584,FALSE,FALSE,
1759,25.161314330815753,0.08756025300443435,0.1384114259654978,0.05085117296106345,2197,1758,439,FALSE,FALSE,
1760,21.102544755879357,0.06843755469594738,0.08036821167666519,0.01193065698071781,2438,1543,895,FALSE,FALSE,
1761,19.806769563020094,0.08738586736517637,0.10989463538132616,0.02250876801614979,2711,943,1768,FALSE,FALSE,
1762,19.806769563020094,0.09330319545162535,0.10816245075316193,0.014859255301536575,2958,1178,1780,FALSE,FALSE,
1763,19.215903415629818,0.08285974727439102,0.09965522452879738,0.01679547725440636,2441,1059,1382,FALSE,FALSE,
1764,17.71428586604627,0.10363631085014821,0.11876147229047639,0.015125161440328175,2781,355,2426,FALSE,FALSE,
1765,18.96672143576005,0.09107112703561115,0.1146535929315792,0.023582465895968047,4270,607,3663,FALSE,FALSE,
1766,25.362555483357653,0.10100362025523761,0.1230979660380252,0.022094345782787586,3162,2722,440,FALSE,FALSE,
1767,26.175131249606352,0.11156090710170546,0.1654176856623281,0.053856778560622626,2426,2172,254,FALSE,FALSE,
1768,19.12177975172682,0.08483424519247502,0.10940079043031704,0.02456654523784202,3101,783,2318,FALSE,FALSE,
1769,19.870365823828326,0.08131764809060732,0.11577977561572181,0.03446212752511449,2477,1292,1185,FALSE,FALSE,
1770,19.806769563020094,0.09353183619656585,0.11237383440915129,0.018841998212585434,3556,1040,2516,FALSE,FALSE,
1771,21.827839764711047,0.08180561260788538,0.12147069225318612,0.039665079645300735,2192,1066,1126,FALSE,FALSE,
1772,16.72804128231951,0.07097889812342176,0.12164231012416188,0.05066341200074012,2786,304,2482,FALSE,FALSE,
1773,25.137091096616988,0.07674407827588202,0.1214220646205342,0.044677986344652185,2635,2364,271,FALSE,FALSE,
1774,25.19020593306931,0.1091939990572221,0.11666637226532034,0.0074723732080982375,3494,2874,620,FALSE,FALSE,
1775,19.61182193062687,0.07531490706207553,0.1072656480397705,0.03195074097769497,3245,1202,2043,FALSE,FALSE,
1776,17.47327139887104,0.0860554241747011,0.10177733012546934,0.015721905950768236,3245,414,2831,FALSE,FALSE,
1777,19.805350829047185,0.09283823921229997,0.11694235129843478,0.024104112086134805,3816,1443,2373,FALSE,FALSE,
1778,17.47327139887104,0.05997799772820131,0.07041300961039304,0.01043501188219173,2265,325,1940,FALSE,FALSE,
1779,24.882452076685073,0.050711913479695565,0.09931653914275707,0.0486046256630615,2786,2472,314,FALSE,FALSE,
1780,25.362555483357653,0.08902277339326857,0.14861168494745583,0.05958891155418726,2144,1705,439,FALSE,FALSE,
1781,19.60033787245687,0.11090564985864754,0.1251338170511015,0.014228167192453955,3088,1094,1994,FALSE,FALSE,
1782,25.362555483357653,0.07466050136319087,0.10640311645097057,0.0317426150877797,2649,2382,267,FALSE,FALSE,
1783,19.27869384387977,0.08410574940628725,0.11337373519801805,0.029267985791730802,3908,673,3235,FALSE,FALSE,
1784,16.72804128231951,0.10776591880238587,0.14254492273719926,0.034779003934813396,2068,304,1764,FALSE,FALSE,
1785,24.758719861626428,0.0684341497185764,0.07990197434925236,0.011467824630675957,2258,1929,329,FALSE,FALSE,
1786,19.806769563020094,0.07076080137838664,0.10286917979262836,0.03210837841424172,4218,1710,2508,FALSE,FALSE,
1787,19.806769563020094,0.09888219015801088,0.12517627729228334,0.026294087134272462,2888,1096,1792,FALSE,FALSE,
1788,19.60033787245687,0.0909454491246928,0.10351100453241106,0.012565555407718268,3460,1152,2308,FALSE,FALSE,
1789,18.966049777269326,0.05613279901138963,0.06671386925762939,0.010581070246239756,2626,1268,1358,FALSE,FALSE,
1790,23.76670000168204,0.10735123717646367,0.13459898593777875,0.027247748761315083,2154,1650,504,FALSE,FALSE,
1791,25.925990087332792,0.10357503702655982,0.13650982538627146,0.03293478835971164,2043,1728,315,FALSE,FALSE,
1792,25.31757881017335,0.09672934304172187,0.10609766130178461,0.009368318260062736,3258,2794,464,FALSE,FALSE,
1793,25.299559964028415,0.10254279963374206,0.11882546126526129,0.01628266163151923,3331,2859,472,FALSE,FALSE,
1794,19.350678307200045,0.07668169112603643,0.09343959047798117,0.016757899351944744,3350,1194,2156,FALSE,FALSE,
1795,19.27869384387977,0.08038080279472012,0.11048570105324725,0.03010489825852712,4593,659,3934,FALSE,FALSE,
1796,21.102544755879357,0.08995623432762552,0.10799007390088067,0.018033839573255148,2006,1239,767,FALSE,FALSE,
1797,19.12177975172682,0.072499804095513945,0.09860100262081471,0.026101198525300767,3084,811,2273,FALSE,FALSE,
1798,19.60033787245687,0.07701465018898562,0.11345074299491711,0.03643609280593149,3248,1294,1954,FALSE,FALSE,
1799,25.31757881017335,0.08774369203894244,0.1390661387220546,0.051322446683112144,2820,2494,326,FALSE,FALSE,
1800,24.758719861626428,0.11255279680414998,0.12819063219001134,0.01563783538586136,2698,2010,688,FALSE,FALSE,
1801,19.806769563020094,0.1082151214081601,0.11990526555587519,0.01169014414771509,3705,1235,2470,FALSE,FALSE,
1802,19.806769563020094,0.10812470019056654,0.11548541313086617,0.007360712940299635,2754,1004,1750,FALSE,FALSE,
1803,19.60033787245687,0.09165711336156093,0.10817921094483217,0.016522097583271236,3086,1308,1778,FALSE,FALSE,
1804,17.801474891854223,0.05639707068325397,0.1080720476175501,0.05167497693429613,3640,409,3231,FALSE,FALSE,
1805,25.19020593306931,0.0903948446503083,0.09824469991070912,0.007849855260400829,2147,1878,269,FALSE,FALSE,
1806,19.60033787245687,0.0831581127788346,0.104374216225988,0.021216103447153398,3355,1213,2142,FALSE,FALSE,
1807,17.801474891854223,0.07737756805688581,0.1004597215774736,0.02308215352058779,2967,458,2509,FALSE,FALSE,
1808,18.890889404169155,0.07844480114938361,0.1027215312431171,0.02427673009373349,3086,873,2213,FALSE,FALSE,
1809,25.12893604798126,0.08645485368654499,0.1173016393304709,0.030846785643925914,2541,2175,366,FALSE,FALSE,
1810,18.422771126357823,0.07365315577701095,0.05680353517761247,-0.016849620599398485,2504,872,1632,FALSE,FALSE,
1811,25.12893604798126,0.09325267285000235,0.1650379877917102,0.07178531494170784,2678,2425,253,FALSE,FALSE,
1812,19.806769563020094,0.09553869230600576,0.11752052108376038,0.02198182877775462,5393,1688,3705,FALSE,FALSE,
1813,19.350678307200045,0.0908352464753144,0.10448733640909122,0.013652089933776826,3141,781,2360,FALSE,FALSE,
1814,19.12177975172682,0.07155681112041051,0.10936465842761024,0.03780784730719973,4095,1165,2930,FALSE,FALSE,
1815,17.51152107801462,0.08188879672652002,0.1071349303849313,0.025246133658411274,3338,401,2937,FALSE,FALSE,
1816,19.350678307200045,0.07507872036605048,0.10369873813322242,0.028620017767171935,3371,1048,2323,FALSE,FALSE,
1817,19.12177975172682,0.0689820631896598,0.11360003185559192,0.04461796866593212,5231,816,4415,FALSE,FALSE,
1818,23.721299524578214,0.07095084411689588,0.09499056809645043,0.024039723979554548,2314,1674,640,FALSE,FALSE,
1819,19.806769563020094,0.09189027166107121,0.12115538581675639,0.029265114155685182,3146,1142,2004,FALSE,FALSE,
1820,19.806769563020094,0.10282448673767103,0.11687239552463055,0.014047908786959523,3083,1150,1933,FALSE,FALSE,
1821,18.96672143576005,0.06459939480787122,0.09512443321762222,0.030525038409751,3069,1093,1976,FALSE,FALSE,
1822,19.60033787245687,0.10159065310343196,0.12238251199756266,0.020791858894130696,2907,776,2131,FALSE,FALSE,
1823,19.870365823828326,0.05918852117232386,0.0906251789477454,0.03143665777542154,2370,1165,1205,FALSE,FALSE,
1824,19.805350829047185,0.08969455836518059,0.11442354000601136,0.024728981640830774,2871,1019,1852,FALSE,FALSE,
1825,25.362555483357653,0.07233879294267732,0.12358534802018575,0.05124655507750843,2526,2204,322,FALSE,FALSE,
1826,19.12177975172682,0.07778659316978305,0.1185027674553233,0.04071617428554025,3941,795,3146,FALSE,FALSE,
1827,19.114821429988513,0.0832358584736648,0.09724869394636335,0.014012835472698548,3176,1013,2163,FALSE,FALSE,
1828,25.98315376093154,0.08076708863504344,0.15039842362266986,0.06963133498762643,2668,2347,321,FALSE,FALSE,
1829,19.806769563020094,0.092863953910174,0.11880406018381905,0.02594010627364504,3759,1264,2495,FALSE,FALSE,
1830,19.12177975172682,0.05386507668916785,0.10183304769001131,0.047967971000843455,3968,1010,2958,FALSE,FALSE,
1831,19.805350829047185,0.10161976010281089,0.12106624585322695,0.019446485750416062,2665,1113,1552,FALSE,FALSE,
1832,25.12893604798126,0.09586097005222116,0.11014352409999698,0.014282554047775814,3222,2844,378,FALSE,FALSE,
1833,18.119683004706165,0.0880898904309641,0.10705247204947264,0.018962581618508542,3037,747,2290,FALSE,FALSE,
1834,18.96672143576005,0.06618808678533382,0.09725664817219072,0.031068561386856902,3274,1054,2220,FALSE,FALSE,
1835,19.350678307200045,0.08932275011845488,0.11142351080475218,0.022100760686297308,3396,1195,2201,FALSE,FALSE,
1836,25.137091096616988,0.10999599581369854,0.14789093023840996,0.037894934424711424,2394,2009,385,FALSE,FALSE,
1837,26.49116456223862,0.1035685790789812,0.09092028178794528,-0.01264829729103592,2822,2403,419,FALSE,FALSE,
1838,22.880096809760946,0.11854979921985064,0.11453138106987112,-0.004018418149979511,3520,2386,1134,FALSE,FALSE,
1839,16.72804128231951,0.08686708624663113,0.11733620756156914,0.030469121314938008,2224,232,1992,FALSE,FALSE,
1840,19.806769563020094,0.08687994117067731,0.10951546861932344,0.022635527448646137,3093,1309,1784,FALSE,FALSE,
1841,18.96672143576005,0.09686763559977912,0.11729459979765597,0.020426964197876846,3730,722,3008,FALSE,FALSE,
1842,26.089911656637977,0.11203902874619193,0.1536836476557346,0.041644618909542686,2304,2015,289,FALSE,FALSE,
1843,17.680555244142315,0.07785236212835092,0.10241908226941514,0.024566720141064216,2900,327,2573,FALSE,FALSE,
1844,19.870365823828326,0.07366124077887456,0.0976353573760249,0.023974116597150333,2282,1180,1102,FALSE,FALSE,
1845,25.19020593306931,0.10774495352661968,0.11435815322338752,0.006613199696767838,3762,3262,500,FALSE,FALSE,
1846,19.12177975172682,0.0706399924342923,0.10944602376004962,0.03880603132575733,4488,1206,3282,FALSE,FALSE,
1847,19.350678307200045,0.08760956214832553,0.1050029865957185,0.01739342444739296,3089,777,2312,FALSE,FALSE,
1848,25.362555483357653,0.07062931136167148,0.11704265799361781,0.04641334663194632,2749,2457,292,FALSE,FALSE,
1849,19.805350829047185,0.10341165419479793,0.11813243556117764,0.014720781366379707,3918,1443,2475,FALSE,FALSE,
1850,25.120597008070924,0.09329240323384606,0.1172799872355857,0.023987584001739642,3444,3100,344,FALSE,FALSE,
1851,19.60033787245687,0.091781940772897,0.11368502952695507,0.021903088754058067,3790,967,2823,FALSE,FALSE,
1852,19.806769563020094,0.084116049523422,0.11444901260619636,0.03033296308277436,3028,1152,1876,FALSE,FALSE,
1853,18.131998952853298,0.08536484760005092,0.10619080381028569,0.020825956210234767,3015,651,2364,FALSE,FALSE,
1854,25.460230048124227,0.09181864921631713,0.11828180535664301,0.026463156140325877,3479,2991,488,FALSE,FALSE,
1855,19.806769563020094,0.08942268028716535,0.11147537360270474,0.022052693315539384,3928,1408,2520,FALSE,FALSE,
1856,19.61182193062687,0.0851582748030228,0.10300314216574194,0.017844867362719147,2927,1000,1927,FALSE,FALSE,
1857,19.61182193062687,0.07801556471585748,0.10937990121018043,0.03136433649432295,3233,1124,2109,FALSE,FALSE,
1858,19.60033787245687,0.08655405416733825,0.11490555541654748,0.028351501249209238,3150,1036,2114,FALSE,FALSE,
1859,18.96672143576005,0.06580660883208925,0.11156657618629545,0.045759967354206205,4711,938,3773,FALSE,FALSE,
1860,21.373500259307033,0.07696344520296139,0.10729553705846312,0.03033209185550173,2304,1024,1280,FALSE,FALSE,
1861,21.466725306603188,0.09748274853751376,0.11682988051627176,0.019347131978757995,2447,1333,1114,FALSE,FALSE,
1862,23.721299524578214,0.08646106775242765,0.10048353978727785,0.0140224720348502,2091,1547,544,FALSE,FALSE,
1863,19.61182193062687,0.085757356749345,0.107408714335353,0.021651357586008002,3826,1134,2692,FALSE,FALSE,
1864,18.96672143576005,0.07473206110346672,0.11217283797942151,0.03744077687595479,4129,929,3200,FALSE,FALSE,
1865,19.805350829047185,0.08766950940574865,0.10351322565731026,0.015843716251561613,3407,1569,1838,FALSE,FALSE,
1866,19.27869384387977,0.05838813369133384,0.09336601787768367,0.03497788418634983,3308,1254,2054,FALSE,FALSE,
1867,22.03838528776925,0.0684805653063153,0.09204485281614888,0.02356428750983358,2183,983,1200,FALSE,FALSE,
1868,25.088356705879416,0.08028279506915219,0.12438984719476051,0.04410705212560832,2708,2348,360,FALSE,FALSE,
1869,24.882452076685073,0.06722155066075973,0.09399404957585285,0.026772498915093118,2412,1995,417,FALSE,FALSE,
1870,19.870365823828326,0.07987934833340643,0.10434021445034586,0.024460866116939428,2363,1325,1038,FALSE,FALSE,
1871,19.805350829047185,0.10970282530344266,0.11678630081352083,0.007083475510078166,3052,1156,1896,FALSE,FALSE,
1872,19.12177975172682,0.07138652052683085,0.11586374614468044,0.044477225617849586,4884,1021,3863,FALSE,FALSE,
1873,18.96672143576005,0.07617004214424447,0.10493354393259817,0.0287635017883537,3313,1029,2284,FALSE,FALSE,
1874,18.96672143576005,0.08241519670914758,0.11997643882506934,0.03756124211592175,4576,637,3939,FALSE,FALSE,
1875,25.31757881017335,0.10243708149327684,0.1244176648119882,0.02198058331871136,3181,2615,566,FALSE,FALSE,
1876,19.843845656610355,0.09305601037542183,0.106272319673616,0.013216309298194173,2244,764,1480,FALSE,FALSE,
1877,19.843845656610355,0.071135676300702,0.11151764802443927,0.04038197172373727,2704,1280,1424,FALSE,FALSE,
1878,25.12893604798126,0.11062708904998123,0.14645883601012333,0.0358317469601421,2444,2183,261,FALSE,FALSE,
1879,25.460230048124227,0.07130647012682471,0.11371149504773628,0.04240502492091157,2489,2200,289,FALSE,FALSE,
1880,19.12177975172682,0.0720767806548353,0.1094687239851043,0.03739194333026899,3605,851,2754,FALSE,FALSE,
1881,19.27869384387977,0.06952721452055398,0.08316878744237671,0.013641572921822734,2543,968,1575,FALSE,FALSE,
1882,25.19020593306931,0.11325022248022604,0.13776523481307373,0.024515012332847697,2931,2418,513,FALSE,FALSE,
1883,19.806769563020094,0.11768595038618061,0.1215947804085155,0.003908830022334886,2928,1178,1750,FALSE,FALSE,
1884,19.27869384387977,0.0796544654089657,0.10548507648219116,0.025830611073225457,3874,949,2925,FALSE,FALSE,
1885,25.460230048124227,0.0857700927386735,0.13323657380546008,0.04746648106678658,2281,1905,376,FALSE,FALSE,
1886,25.878803292112114,0.08694972466662465,0.1432730470070086,0.05632332234038395,2291,1940,351,FALSE,FALSE,
1887,25.362555483357653,0.11325234908166999,0.15815880586101785,0.04490645677934786,2348,2088,260,FALSE,FALSE,
1888,19.61182193062687,0.07893259876304504,0.10304310248049248,0.02411050371744744,3217,997,2220,FALSE,FALSE,
1889,19.61182193062687,0.09243584427164235,0.11739539936882845,0.0249595550971861,3837,1068,2769,FALSE,FALSE,
1890,25.137091096616988,0.0920963816848892,0.1585487339274486,0.06645235224255938,2603,2229,374,FALSE,FALSE,
1891,19.61182193062687,0.10674893944686825,0.11457422236363823,0.007825282916769982,3528,1337,2191,FALSE,FALSE,
1892,24.463639828077927,0.10432718364096596,0.14293149542777792,0.03860431178681195,2580,1991,589,FALSE,FALSE,
1893,19.805350829047185,0.10259473691138947,0.11637111262555185,0.013776375714162375,3851,1351,2500,FALSE,FALSE,
1894,19.806769563020094,0.08930634035721534,0.11483925433157624,0.025532913974360902,4550,1611,2939,FALSE,FALSE,
1895,18.96672143576005,0.06502208608681391,0.11123036383048662,0.04620827774367271,3238,902,2336,FALSE,FALSE,
1896,25.137091096616988,0.07643449547913694,0.12527824412372923,0.04884374864459229,2051,1785,266,FALSE,FALSE,
1897,25.31757881017335,0.08436885495397489,0.1219336639015944,0.0375648089476195,2424,2154,270,FALSE,FALSE,
1898,19.805350829047185,0.1060957177273999,0.12573372271151848,0.01963800498411858,3085,907,2178,FALSE,FALSE,
1899,21.866523987062436,0.07609915214276272,0.11006289305482814,0.033963740912065415,2361,1258,1103,FALSE,FALSE,
1900,19.12177975172682,0.08261697119137168,0.09723528243870348,0.014618311247331803,2636,752,1884,FALSE,FALSE,
1901,25.362555483357653,0.07541903788401383,0.12582217532849221,0.050403137444478385,2731,2415,316,FALSE,FALSE,
1902,25.137091096616988,0.09035423108279073,0.14753293927824773,0.057178708195457006,2437,2172,265,FALSE,FALSE,
1903,18.201891552865302,0.09832990741702849,0.110461446545185,0.01213153912815651,3018,760,2258,FALSE,FALSE,
1904,18.131998952853298,0.09164731704600237,0.13222852065632518,0.0405812036103228,3115,567,2548,FALSE,FALSE,
1905,17.680555244142315,0.06529488863077818,0.07920846746984525,0.013913578839067076,2556,535,2021,FALSE,FALSE,
1906,19.61182193062687,0.09628173628939105,0.11646770683237145,0.020185970542980408,3091,1214,1877,FALSE,FALSE,
1907,19.870365823828326,0.09892668716802054,0.11126958771400738,0.012342900545986843,2478,1397,1081,FALSE,FALSE,
1908,17.926973745424434,0.093226858011466407,0.08328983555519218,-0.00993702245627423,2654,697,1957,FALSE,FALSE,
1909,20.35975936819824,0.13858279282656516,0.11661872747713381,-0.02196406534943135,3673,1520,2153,FALSE,FALSE,
1910,19.870365823828326,0.0855277706143364,0.1040447722960683,0.0185170016817319,2390,981,1409,FALSE,FALSE,
1911,19.806769563020094,0.09063498648694066,0.12007982904381893,0.02944484255687828,3301,1279,2022,FALSE,FALSE,
1912,24.702201472285708,0.07275787001281989,0.09245320446293795,0.019695334450118063,2154,1706,448,FALSE,FALSE,
1913,19.12177975172682,0.0749565864533877,0.10738906695844982,0.03243248050506213,3275,1129,2146,FALSE,FALSE,
1914,18.131998952853298,0.09205825943282897,0.1238043201435263,0.03174606071069733,3207,504,2703,FALSE,FALSE,
1915,17.801474891854223,0.07770245027111544,0.10121846586500384,0.023516015593888398,4165,638,3527,FALSE,FALSE,
1916,25.362555483357653,0.08862176702169504,0.13264815779853328,0.044026390776838245,2448,2047,401,FALSE,FALSE,
1917,19.870365823828326,0.0976083149705897,0.1063012254862641,0.008692910515674404,2471,1153,1318,FALSE,FALSE,
1918,25.460230048124227,0.08718628935556427,0.10826574496574501,0.021079455610180736,2179,1787,392,FALSE,FALSE,
1919,19.806769563020094,0.10334874328415047,0.11472720794720123,0.011378464663050758,3175,1114,2061,FALSE,FALSE,
1920,19.806769563020094,0.10949563987376511,0.1231888603139879,0.013693220440222795,4320,1388,2932,FALSE,FALSE,
1921,20.94593441066128,0.05446714181682834,0.0969081190441373,0.04244097722730897,2614,1520,1094,FALSE,FALSE,
1922,19.806769563020094,0.10110207805419456,0.1264755839676488,0.025373505913454233,3009,1238,1771,FALSE,FALSE,
1923,19.806769563020094,0.0848902333630286,0.11185631196368713,0.026966078600658527,3111,1182,1929,FALSE,FALSE,
1924,25.460230048124227,0.07442902250164694,0.11996524927132843,0.045536226769681484,2454,2194,260,FALSE,FALSE,
1925,21.373500259307033,0.0883239057800354,0.11634026979570077,0.02801636401566536,2228,1173,1055,FALSE,FALSE,
1926,19.60033787245687,0.08246794850802813,0.11230182264391161,0.02983387413588348,3385,1438,1947,FALSE,FALSE,
1927,25.362555483357653,0.08498170320192228,0.1350480722729426,0.05006636907102033,2486,1950,536,FALSE,FALSE,
1928,25.19020593306931,0.11441676256727915,0.12212088957510699,0.007704127007827841,3846,3246,600,FALSE,FALSE,
1929,25.31757881017335,0.11722806358868988,0.1287316723377358,0.011503608749045921,3260,2574,686,FALSE,FALSE,
1930,19.456588301228333,0.07873438461674555,0.11487523910101526,0.03614085448426971,3417,769,2648,FALSE,FALSE,
1931,19.350678307200045,0.0809440221256231,0.10007261429088656,0.019128592165263456,2990,897,2093,FALSE,FALSE,
1932,20.666171136965765,0.05194887796446973,0.08898315032121515,0.03703427235674542,2607,1411,1196,FALSE,FALSE,
1933,19.350678307200045,0.07602139314246359,0.09882579922100639,0.022804406078542797,3170,1024,2146,FALSE,FALSE,
1934,19.789645866972208,0.08459494291707012,0.1138799262318797,0.02928498331480958,3991,1437,2554,FALSE,FALSE,
1935,24.882452076685073,0.06584234067071351,0.09196102512806194,0.026118684457348426,2320,1949,371,FALSE,FALSE,
1936,19.805350829047185,0.09416177435135101,0.1123203286966747,0.018158554345323694,4013,1543,2470,FALSE,FALSE,
1937,19.61182193062687,0.08792346575895993,0.11269405067269488,0.024770584913734947,4539,955,3584,FALSE,FALSE,
1938,18.015636323033718,0.10031340192736884,0.11539269563048804,0.015079293703119195,2909,466,2443,FALSE,FALSE,
1939,19.806769563020094,0.09711335608673313,0.11074331454619465,0.013629958459461522,3241,1387,1854,FALSE,FALSE,
1940,19.60033787245687,0.07066691927350137,0.11125035763691149,0.04058343836341012,4765,1141,3624,FALSE,FALSE,
1941,17.47327139887104,0.06550524977201201,0.09815365566186555,0.03264840588985354,2541,290,2251,FALSE,FALSE,
1942,19.805350829047185,0.10098973141865973,0.12370046651626052,0.022710735097600784,3172,1470,1702,FALSE,FALSE,
1943,19.114821429988513,0.05954611461759553,0.08698847288008366,0.02744235826248813,2416,815,1601,FALSE,FALSE,
1944,25.362555483357653,0.12424117715483234,0.1558516057678031,0.03161042861297077,2466,2129,337,FALSE,FALSE,
1945,19.114821429988513,0.07054642742666101,0.09138416937954331,0.020837741952882308,2793,974,1819,FALSE,FALSE,
1946,18.96672143576005,0.056612935293881055,0.07200487087403011,0.015391935580149056,2651,1130,1521,FALSE,FALSE,
1947,16.72804128231951,0.09284824070261874,0.10976544408977824,0.016917203387159505,2853,344,2509,FALSE,FALSE,
1948,25.925875984379225,0.09015462802212122,0.131699341282,0.04154471325987878,2539,2173,366,FALSE,FALSE,
1949,19.805350829047185,0.11272883600583035,0.11584453371139426,0.0031156977055639135,3052,1382,1670,FALSE,FALSE,
1950,25.19020593306931,0.08536500202339138,0.1162201196702885,0.03085511764689712,2046,1698,348,FALSE,FALSE,
1951,19.805350829047185,0.0789565526837579,0.11135012415598657,0.03239357147222867,4208,1448,2760,FALSE,FALSE,
1952,19.61182193062687,0.09764144353349336,0.1182792439973599,0.02063780046386654,2774,791,1983,FALSE,FALSE,
1953,25.362555483357653,0.09744334248857603,0.12591740350869354,0.028474061020117514,2559,2057,502,FALSE,FALSE,
1954,19.60033787245687,0.08739532148854617,0.12025265372056339,0.032857332232017214,3126,1036,2090,FALSE,FALSE,
1955,19.870365823828326,0.042334658614555765,0.07087559107505192,0.02854093246049616,2596,1423,1173,FALSE,FALSE,
1956,18.96672143576005,0.08260824532281502,0.11505663769450623,0.03244839237169121,3024,768,2256,FALSE,FALSE,
1957,19.806769563020094,0.10095558074854376,0.11549797294038905,0.01454239219184529,2856,1072,1784,FALSE,FALSE,
1958,25.362555483357653,0.0718840139672755,0.11031085172949845,0.03842683776222294,2527,2246,281,FALSE,FALSE,
1959,25.878803292112114,0.08795078501291731,0.12297450270156535,0.03502371768864804,2543,2225,318,FALSE,FALSE,
1960,19.61182193062687,0.0808237136656887,0.09723879886806334,0.01641508520237464,3432,1389,2043,FALSE,FALSE,
1961,19.806769563020094,0.08983851174658031,0.11329100950226849,0.02345249775568818,3012,1097,1915,FALSE,FALSE,
1962,18.067986634480178,0.09459598458644641,0.1345919715681711,0.039995986981724685,2265,412,1853,FALSE,FALSE,
1963,25.362555483357653,0.08088771588670175,0.12335696883419181,0.04246925294749006,2420,2175,245,FALSE,FALSE,
1964,18.131998952853298,0.08996001312711006,0.11373676572957862,0.02377675260246856,2856,319,2537,FALSE,FALSE,
1965,24.702201472285708,0.06357320407035111,0.116601494452266,0.053028290381914894,2452,1965,487,FALSE,FALSE,
1966,26.171389911851257,0.09068520179616785,0.13914167097083413,0.04845646917466628,2560,2258,302,FALSE,FALSE,
1967,17.51152107801462,0.1036033450913053,0.12366730747526423,0.02006396238395894,2768,296,2472,FALSE,FALSE,
1968,19.61182193062687,0.09106607352598411,0.11225115741358667,0.021185083887602554,3892,850,3042,FALSE,FALSE,
1969,24.702201472285708,0.09441753264219065,0.1395556280778412,0.045138095435650546,2596,2011,585,FALSE,FALSE,
1970,16.9105799534993,0.10056060126743252,0.11210140623865539,0.011540804971222868,3461,353,3108,FALSE,FALSE,
1971,19.27869384387977,0.06468146559625013,0.10520591315495682,0.0405244475587067,4567,953,3614,FALSE,FALSE,
1972,18.067986634480178,0.1000675312204791,0.11132190201215968,0.011254370791680582,3680,672,3008,FALSE,FALSE,
1973,16.72804128231951,0.1100398960340338,0.11425845468129865,0.00421855864726485,2972,357,2615,FALSE,FALSE,
1974,18.131998952853298,0.0878699910374011,0.098661963307736,0.01079197227033489,2468,480,1988,FALSE,FALSE,
1975,19.117776582772898,0.07868120892400216,0.09119010245140233,0.012508893527400172,2633,1183,1450,FALSE,FALSE,
1976,16.646023369884045,0.08299821757092238,0.11006039305430577,0.027062175483383397,2285,251,2034,FALSE,FALSE,
1977,19.806769563020094,0.10070756925501083,0.10530420654424838,0.004596637289237551,3565,984,2581,FALSE,FALSE,
1978,25.362555483357653,0.09878084662497066,0.11893646765108955,0.020155621026118883,3197,2724,473,FALSE,FALSE,
1979,25.31757881017335,0.08629890951229202,0.11083646712052272,0.024537557608230703,3206,2822,384,FALSE,FALSE,
1980,19.805350829047185,0.11361337401615565,0.11695967695805971,0.003346302941904064,3515,1271,2244,FALSE,FALSE,
1981,19.61182193062687,0.0800092885423958,0.10933915466049193,0.029329866118096126,2983,1231,1752,FALSE,FALSE,
1982,19.843845656610355,0.0693687611946934,0.10916502933532003,0.03979626814062663,2345,889,1456,FALSE,FALSE,
1983,19.117776582772898,0.06086873251783523,0.09551365090379353,0.034644918385958304,3913,1156,2757,FALSE,FALSE,
1984,25.31757881017335,0.07139464850718069,0.10675258847187186,0.035357939964691165,2545,2244,301,FALSE,FALSE,
1985,19.61182193062687,0.09365493084916027,0.10819586757293834,0.01454093672377807,3198,867,2331,FALSE,FALSE,
1986,25.31757881017335,0.08702488991700313,0.12666288555407157,0.039637995637068435,2310,1979,331,FALSE,FALSE,
1987,19.350678307200045,0.09173645986809223,0.09574572457002212,0.004009264701929888,3076,885,2191,FALSE,FALSE,
1988,19.806769563020094,0.08592069377262956,0.11045825627479913,0.02453756250216957,3026,1428,1598,FALSE,FALSE,
1989,19.805350829047185,0.09830203524988283,0.13132914404197021,0.03302710879208738,2840,1201,1639,FALSE,FALSE,
1990,25.460230048124227,0.08400093988236039,0.12035279451379748,0.036351854631437086,2520,2203,317,FALSE,FALSE,
1991,19.61182193062687,0.07535964925527666,0.10040360763125372,0.02504395837597706,3237,1188,2049,FALSE,FALSE,
1992,18.890889404169155,0.08472860392473577,0.11482100127396852,0.030092397349232747,4717,823,3894,FALSE,FALSE,
1993,26.175131249606352,0.1179525471962996,0.13036480770766,0.012412260511360407,2343,2089,254,FALSE,FALSE,
1994,25.299559964028415,0.07311358529430613,0.11401800804991,0.04090442275560387,2541,2207,334,FALSE,FALSE,
1995,19.27869384387977,0.08311927057176685,0.11007075869633058,0.02695148812456373,3221,1117,2104,FALSE,FALSE,
1996,21.827839764711047,0.07015756755136013,0.09647511238475437,0.02631754483339424,2367,1036,1331,FALSE,FALSE,
1997,19.60033787245687,0.07798362206539464,0.11432781255942773,0.03634419049403309,2952,970,1982,FALSE,FALSE,
1998,25.362555483357653,0.06787667657049214,0.11466771881027626,0.04679104223978413,2471,2181,290,FALSE,FALSE,
1999,19.60033787245687,0.08888649470293644,0.11241562324440776,0.023529128541471322,4517,1117,3400,FALSE,FALSE,
