source_file,survey_folder,file_name,variable_name,variable_label,family
C:/tsogoo/Hicheel/erdem shinjilgeenii hural/ecnometric/shine/data/НҮТС-2013/Child.sav,НҮТС-2013,Child.sav,HH1,HH1. Түүврийн нэгж,other
C:/tsogoo/Hicheel/erdem shinjilgeenii hural/ecnometric/shine/data/НҮТС-2013/Child.sav,НҮТС-2013,Child.sav,HH2,Өрхийн дугаар,wealth_assets_housing
C:/tsogoo/Hicheel/erdem shinjilgeenii hural/ecnometric/shine/data/НҮТС-2013/Child.sav,НҮТС-2013,Child.sav,UF1,Түүвэрлэгдсэн нэгжийн дугаар,demographics_geo_weights
C:/tsogoo/Hicheel/erdem shinjilgeenii hural/ecnometric/shine/data/НҮТС-2013/Child.sav,НҮТС-2013,Child.sav,UF2,Өрхийн дугаар,wealth_assets_housing
C:/tsogoo/Hicheel/erdem shinjilgeenii hural/ecnometric/shine/data/НҮТС-2013/Child.sav,НҮТС-2013,Child.sav,UF4,Хүүхдийн мөрийн дугаар,other
C:/tsogoo/Hicheel/erdem shinjilgeenii hural/ecnometric/shine/data/НҮТС-2013/Child.sav,НҮТС-2013,Child.sav,UF6,Эх/ асран хамгаалагчийн мөрийн дугаар,parents_family
C:/tsogoo/Hicheel/erdem shinjilgeenii hural/ecnometric/shine/data/НҮТС-2013/Child.sav,НҮТС-2013,Child.sav,UF7,"Судлаачийн нэр, дугаар",other
C:/tsogoo/Hicheel/erdem shinjilgeenii hural/ecnometric/shine/data/НҮТС-2013/Child.sav,НҮТС-2013,Child.sav,UF8D,Эхний Өдөр,parents_family
C:/tsogoo/Hicheel/erdem shinjilgeenii hural/ecnometric/shine/data/НҮТС-2013/Child.sav,НҮТС-2013,Child.sav,UF8M,Эхний Сар,parents_family
C:/tsogoo/Hicheel/erdem shinjilgeenii hural/ecnometric/shine/data/НҮТС-2013/Child.sav,НҮТС-2013,Child.sav,UF8Y,Эхний Он,parents_family
C:/tsogoo/Hicheel/erdem shinjilgeenii hural/ecnometric/shine/data/НҮТС-2013/Child.sav,НҮТС-2013,Child.sav,UF9,Ярилцлагын үр дүн,other
C:/tsogoo/Hicheel/erdem shinjilgeenii hural/ecnometric/shine/data/НҮТС-2013/Child.sav,НҮТС-2013,Child.sav,UF12H,Ярилцлага эхэлсэн Цаг,parents_family
C:/tsogoo/Hicheel/erdem shinjilgeenii hural/ecnometric/shine/data/НҮТС-2013/Child.sav,НҮТС-2013,Child.sav,UF12M,Ярилцлага эхэлсэн Минут,parents_family
C:/tsogoo/Hicheel/erdem shinjilgeenii hural/ecnometric/shine/data/НҮТС-2013/Child.sav,НҮТС-2013,Child.sav,UF13H,Ярилцлага дууссан Цаг,wealth_assets_housing
C:/tsogoo/Hicheel/erdem shinjilgeenii hural/ecnometric/shine/data/НҮТС-2013/Child.sav,НҮТС-2013,Child.sav,UF13M,Ярилцлага дууссан Минут,wealth_assets_housing
C:/tsogoo/Hicheel/erdem shinjilgeenii hural/ecnometric/shine/data/НҮТС-2013/Child.sav,НҮТС-2013,Child.sav,AG1Y,Он,other
C:/tsogoo/Hicheel/erdem shinjilgeenii hural/ecnometric/shine/data/НҮТС-2013/Child.sav,НҮТС-2013,Child.sav,AG1M,Сар,other
C:/tsogoo/Hicheel/erdem shinjilgeenii hural/ecnometric/shine/data/НҮТС-2013/Child.sav,НҮТС-2013,Child.sav,AG1D,Өдөр,other
C:/tsogoo/Hicheel/erdem shinjilgeenii hural/ecnometric/shine/data/НҮТС-2013/Child.sav,НҮТС-2013,Child.sav,AG2,ХЭДЭН НАСТАЙ ВЭ?,demographics_geo_weights
C:/tsogoo/Hicheel/erdem shinjilgeenii hural/ecnometric/shine/data/НҮТС-2013/Child.sav,НҮТС-2013,Child.sav,BR1,Төрсний гэрчилгээ,other
C:/tsogoo/Hicheel/erdem shinjilgeenii hural/ecnometric/shine/data/НҮТС-2013/Child.sav,НҮТС-2013,Child.sav,BR2,ТӨРСНИЙГ БАГ/ ХОРООНДОО БҮРТГҮҮЛСЭН ҮҮ?,other
C:/tsogoo/Hicheel/erdem shinjilgeenii hural/ecnometric/shine/data/НҮТС-2013/Child.sav,НҮТС-2013,Child.sav,BR3,ТӨРСНИЙГ ХЭРХЭН БҮРТГҮҮЛЭХИЙГ МЭДЭХ ҮҮ?,parents_family
C:/tsogoo/Hicheel/erdem shinjilgeenii hural/ecnometric/shine/data/НҮТС-2013/Child.sav,НҮТС-2013,Child.sav,EC1,ТАНАЙД (нэр)-Д ЗОРИУЛСАН ХҮҮХДИЙН БОЛОН ЗУРАГТАЙ НОМ ХИЧНЭЭН БАЙДАГ ВЭ?,other
C:/tsogoo/Hicheel/erdem shinjilgeenii hural/ecnometric/shine/data/НҮТС-2013/Child.sav,НҮТС-2013,Child.sav,EC2A,ГАР АРГААР ХИЙСЭН ТОГЛООМ,other
C:/tsogoo/Hicheel/erdem shinjilgeenii hural/ecnometric/shine/data/НҮТС-2013/Child.sav,НҮТС-2013,Child.sav,EC2B,ҮЙЛДВЭРИЙН АРГААР ХИЙСЭН ТОГЛООМ,other
C:/tsogoo/Hicheel/erdem shinjilgeenii hural/ecnometric/shine/data/НҮТС-2013/Child.sav,НҮТС-2013,Child.sav,EC2C,"ГЭР АХУЙН ЭД ЗҮЙЛ (АЯГА, ТАВАГ ГЭХ МЭТ), ЭСВЭЛ ГАДНАХ ОРЧНЫ ЗҮЙЛ (МОД, ЧУЛУУ ГЭХ МЭТ)",parents_family
C:/tsogoo/Hicheel/erdem shinjilgeenii hural/ecnometric/shine/data/НҮТС-2013/Child.sav,НҮТС-2013,Child.sav,EC3A,1 ЦАГААС ИЛҮҮ ХУГАЦААГААР ГАНЦААРАНГ НЬ,other
C:/tsogoo/Hicheel/erdem shinjilgeenii hural/ecnometric/shine/data/НҮТС-2013/Child.sav,НҮТС-2013,Child.sav,EC3B,1 ЦАГААС ИЛҮҮ ХУГАЦААГААР 10 ХҮРТЭЛХ НАСНЫ ХҮҮХДЭЭР ХАРУУЛЖ,demographics_geo_weights
C:/tsogoo/Hicheel/erdem shinjilgeenii hural/ecnometric/shine/data/НҮТС-2013/Child.sav,НҮТС-2013,Child.sav,EC5,"(Нэр) ЦЭЦЭРЛЭГ, ЭСВЭЛ ХУВИЛБАРТ СУРГАЛТАД ХАМРАГДАЖ БАЙГАА ЮУ?",other
C:/tsogoo/Hicheel/erdem shinjilgeenii hural/ecnometric/shine/data/НҮТС-2013/Child.sav,НҮТС-2013,Child.sav,EC7AA,"НОМ УНШИЖ ӨГЧ, ЗУРАГТАЙ НОМ ХАМТ ҮЗСЭН ҮҮ? Эх",parents_family
C:/tsogoo/Hicheel/erdem shinjilgeenii hural/ecnometric/shine/data/НҮТС-2013/Child.sav,НҮТС-2013,Child.sav,EC7AB,"НОМ УНШИЖ ӨГЧ, ЗУРАГТАЙ НОМ ХАМТ ҮЗСЭН ҮҮ? Эцэг",parents_family
C:/tsogoo/Hicheel/erdem shinjilgeenii hural/ecnometric/shine/data/НҮТС-2013/Child.sav,НҮТС-2013,Child.sav,EC7AX,"НОМ УНШИЖ ӨГЧ, ЗУРАГТАЙ НОМ ХАМТ ҮЗСЭН ҮҮ? Бусад",wealth_assets_housing
C:/tsogoo/Hicheel/erdem shinjilgeenii hural/ecnometric/shine/data/НҮТС-2013/Child.sav,НҮТС-2013,Child.sav,EC7AY,"НОМ УНШИЖ ӨГЧ, ЗУРАГТАЙ НОМ ХАМТ ҮЗСЭН ҮҮ? Хэн ч цаг гаргаагүй",other
C:/tsogoo/Hicheel/erdem shinjilgeenii hural/ecnometric/shine/data/НҮТС-2013/Child.sav,НҮТС-2013,Child.sav,EC7BA,"ҮЛГЭР, ТҮҮХ, ДОМОГ ЯРЬЖ ӨГСӨН ҮҮ? Эх",parents_family
C:/tsogoo/Hicheel/erdem shinjilgeenii hural/ecnometric/shine/data/НҮТС-2013/Child.sav,НҮТС-2013,Child.sav,EC7BB,"ҮЛГЭР, ТҮҮХ, ДОМОГ ЯРЬЖ ӨГСӨН ҮҮ? Эцэг",parents_family
C:/tsogoo/Hicheel/erdem shinjilgeenii hural/ecnometric/shine/data/НҮТС-2013/Child.sav,НҮТС-2013,Child.sav,EC7BX,"ҮЛГЭР, ТҮҮХ, ДОМОГ ЯРЬЖ ӨГСӨН ҮҮ? Бусад",wealth_assets_housing
C:/tsogoo/Hicheel/erdem shinjilgeenii hural/ecnometric/shine/data/НҮТС-2013/Child.sav,НҮТС-2013,Child.sav,EC7BY,"ҮЛГЭР, ТҮҮХ, ДОМОГ ЯРЬЖ ӨГСӨН ҮҮ? Хэн ч цаг гаргаагүй",other
C:/tsogoo/Hicheel/erdem shinjilgeenii hural/ecnometric/shine/data/НҮТС-2013/Child.sav,НҮТС-2013,Child.sav,EC7CA,"ХАМТ ДУУ ДУУЛЖ, (нэр)-ИЙГ БҮҮВЭЙЛСЭН ҮҮ? Эх",parents_family
C:/tsogoo/Hicheel/erdem shinjilgeenii hural/ecnometric/shine/data/НҮТС-2013/Child.sav,НҮТС-2013,Child.sav,EC7CB,"ХАМТ ДУУ ДУУЛЖ, (нэр)-ИЙГ БҮҮВЭЙЛСЭН ҮҮ? Эцэг",parents_family
C:/tsogoo/Hicheel/erdem shinjilgeenii hural/ecnometric/shine/data/НҮТС-2013/Child.sav,НҮТС-2013,Child.sav,EC7CX,"ХАМТ ДУУ ДУУЛЖ, (нэр)-ИЙГ БҮҮВЭЙЛСЭН ҮҮ? Бусад",wealth_assets_housing
C:/tsogoo/Hicheel/erdem shinjilgeenii hural/ecnometric/shine/data/НҮТС-2013/Child.sav,НҮТС-2013,Child.sav,EC7CY,"ХАМТ ДУУ ДУУЛЖ, (нэр)-ИЙГ БҮҮВЭЙЛСЭН ҮҮ? Хэн ч цаг гаргаагүй",other
C:/tsogoo/Hicheel/erdem shinjilgeenii hural/ecnometric/shine/data/НҮТС-2013/Child.sav,НҮТС-2013,Child.sav,EC7DA,"САЛХИНД АВЧ ГАРЧ, ХАМТДАА ЗУГААЛСАН УУ? Эх",parents_family
C:/tsogoo/Hicheel/erdem shinjilgeenii hural/ecnometric/shine/data/НҮТС-2013/Child.sav,НҮТС-2013,Child.sav,EC7DB,"САЛХИНД АВЧ ГАРЧ, ХАМТДАА ЗУГААЛСАН УУ? Эцэг",parents_family
C:/tsogoo/Hicheel/erdem shinjilgeenii hural/ecnometric/shine/data/НҮТС-2013/Child.sav,НҮТС-2013,Child.sav,EC7DX,"САЛХИНД АВЧ ГАРЧ, ХАМТДАА ЗУГААЛСАН УУ? Бусад",wealth_assets_housing
C:/tsogoo/Hicheel/erdem shinjilgeenii hural/ecnometric/shine/data/НҮТС-2013/Child.sav,НҮТС-2013,Child.sav,EC7DY,"САЛХИНД АВЧ ГАРЧ, ХАМТДАА ЗУГААЛСАН УУ? Хэн ч цаг гаргаагүй",other
C:/tsogoo/Hicheel/erdem shinjilgeenii hural/ecnometric/shine/data/НҮТС-2013/Child.sav,НҮТС-2013,Child.sav,EC7EA,ХАМТ ТОГЛОСОН УУ? Эх,parents_family
C:/tsogoo/Hicheel/erdem shinjilgeenii hural/ecnometric/shine/data/НҮТС-2013/Child.sav,НҮТС-2013,Child.sav,EC7EB,ХАМТ ТОГЛОСОН УУ? Эцэг,parents_family
C:/tsogoo/Hicheel/erdem shinjilgeenii hural/ecnometric/shine/data/НҮТС-2013/Child.sav,НҮТС-2013,Child.sav,EC7EX,ХАМТ ТОГЛОСОН УУ? Бусад,wealth_assets_housing
C:/tsogoo/Hicheel/erdem shinjilgeenii hural/ecnometric/shine/data/НҮТС-2013/Child.sav,НҮТС-2013,Child.sav,EC7EY,ХАМТ ТОГЛОСОН УУ? Хэн ч цаг гаргаагүй,other
C:/tsogoo/Hicheel/erdem shinjilgeenii hural/ecnometric/shine/data/НҮТС-2013/Child.sav,НҮТС-2013,Child.sav,EC7FA,"ХАМТ ЭД ЮМС НЭРЛЭЖ, ТОО ТООЛЖ, ЗУРАГ ЗУРСАН УУ? Эх",parents_family
C:/tsogoo/Hicheel/erdem shinjilgeenii hural/ecnometric/shine/data/НҮТС-2013/Child.sav,НҮТС-2013,Child.sav,EC7FB,"ХАМТ ЭД ЮМС НЭРЛЭЖ, ТОО ТООЛЖ, ЗУРАГ ЗУРСАН УУ? Эцэг",parents_family
C:/tsogoo/Hicheel/erdem shinjilgeenii hural/ecnometric/shine/data/НҮТС-2013/Child.sav,НҮТС-2013,Child.sav,EC7FX,"ХАМТ ЭД ЮМС НЭРЛЭЖ, ТОО ТООЛЖ, ЗУРАГ ЗУРСАН УУ? Бусад",wealth_assets_housing
C:/tsogoo/Hicheel/erdem shinjilgeenii hural/ecnometric/shine/data/НҮТС-2013/Child.sav,НҮТС-2013,Child.sav,EC7FY,"ХАМТ ЭД ЮМС НЭРЛЭЖ, ТОО ТООЛЖ, ЗУРАГ ЗУРСАН УУ? Хэн ч цаг гаргаагүй",other
C:/tsogoo/Hicheel/erdem shinjilgeenii hural/ecnometric/shine/data/НҮТС-2013/Child.sav,НҮТС-2013,Child.sav,EC7N,(Нэр) ӨНГИЙГ ТАНЬЖ ЯЛГАЖ ЧАДДАГ УУ?,other
C:/tsogoo/Hicheel/erdem shinjilgeenii hural/ecnometric/shine/data/НҮТС-2013/Child.sav,НҮТС-2013,Child.sav,EC7M,"(Нэр) ГУРВАЛЖИН, ДӨРВӨЛЖИН, ДУГУЙ ГЭХ МЭТ ЭНГИЙН ДҮРСИЙГ ТАНЬЖ ЯЛГАДАГ УУ?",parents_family
C:/tsogoo/Hicheel/erdem shinjilgeenii hural/ecnometric/shine/data/НҮТС-2013/Child.sav,НҮТС-2013,Child.sav,EC8,(Нэр) ЦАГААН ТОЛГОЙН 10 ҮСЭГ (ДООД ТАЛ НЬ) НЭРЛЭЖ МЭДДЭГ ҮҮ?,other
C:/tsogoo/Hicheel/erdem shinjilgeenii hural/ecnometric/shine/data/НҮТС-2013/Child.sav,НҮТС-2013,Child.sav,EC9,(Нэр) ЭНГИЙН 4 ҮГ (ДООД ТАЛ НЬ) УНШИЖ ЧАДДАГ УУ?,other
C:/tsogoo/Hicheel/erdem shinjilgeenii hural/ecnometric/shine/data/НҮТС-2013/Child.sav,НҮТС-2013,Child.sav,EC9A,(Нэр) ТОО ТООЛЖ ЧАДДАГ УУ?,other
C:/tsogoo/Hicheel/erdem shinjilgeenii hural/ecnometric/shine/data/НҮТС-2013/Child.sav,НҮТС-2013,Child.sav,EC10,(Нэр) 10 ХҮРТЭЛХ ТООГ ТАНЬЖ НЭРЛЭДЭГ ҮҮ?,other
C:/tsogoo/Hicheel/erdem shinjilgeenii hural/ecnometric/shine/data/НҮТС-2013/Child.sav,НҮТС-2013,Child.sav,EC11,"(Нэр) ЯМАР НЭГ ЭД ЗҮЙЛ БОЛОН МОД, ЧУЛУУГ ХОЁР ХУРУУГААРАА ЧИМХЭЖ АВЧ ЧАДДАГ УУ?",other
C:/tsogoo/Hicheel/erdem shinjilgeenii hural/ecnometric/shine/data/НҮТС-2013/Child.sav,НҮТС-2013,Child.sav,EC11A,"(Нэр) ЭРХИЙ, ДОЛООВОР, ДУНД ХУРУУГААРАА ХАЛБАГА, СЭРЭЭ, БАЛ ЗЭРГИЙГ БАРЬЖ ЧАДДАГ УУ?",other
C:/tsogoo/Hicheel/erdem shinjilgeenii hural/ecnometric/shine/data/НҮТС-2013/Child.sav,НҮТС-2013,Child.sav,EC12,"(Нэр) ТОГЛОХООС ДУРГҮЙЦЭЖ БИЕ НЬ ТАВГҮЙРХЭЖ, СУЛЬДДАГ УУ?",other
C:/tsogoo/Hicheel/erdem shinjilgeenii hural/ecnometric/shine/data/НҮТС-2013/Child.sav,НҮТС-2013,Child.sav,EC13,(Нэр)-Д АЛИВАА ЗҮЙЛИЙГ ЗӨВ ХИЙХИЙГ ЗААЖ ӨГӨХӨД ТҮҮНИЙГ ДАГАЖ ХИЙЖ ЧАДДАГ УУ?,other
C:/tsogoo/Hicheel/erdem shinjilgeenii hural/ecnometric/shine/data/НҮТС-2013/Child.sav,НҮТС-2013,Child.sav,EC14,(Нэр)-Д ЯМАР НЭГ ЭНГИЙН ЗҮЙЛ ХИЙЛГЭХЭЭР ӨГӨХӨД БИЕ ДААН ХИЙХ ЧАДВАРТАЙ ЮУ?,parents_family
C:/tsogoo/Hicheel/erdem shinjilgeenii hural/ecnometric/shine/data/НҮТС-2013/Child.sav,НҮТС-2013,Child.sav,EC15,(Нэр) БУСАД ХҮҮХЭДТЭЙ ЭВТЭЙ ТОГЛОДОГ УУ?,wealth_assets_housing
C:/tsogoo/Hicheel/erdem shinjilgeenii hural/ecnometric/shine/data/НҮТС-2013/Child.sav,НҮТС-2013,Child.sav,EC16,"(Нэр) БУСАД ХҮҮХЭД, ЭСВЭЛ ТОМЧУУДЫГ ӨШИГЛӨЖ, ХАЗАЖ, ЦОХИДОГ УУ?",wealth_assets_housing
C:/tsogoo/Hicheel/erdem shinjilgeenii hural/ecnometric/shine/data/НҮТС-2013/Child.sav,НҮТС-2013,Child.sav,EC17,(Нэр)-ИЙН АНХААРАЛ АМАРХАН САРНИДАГ УУ?,other
C:/tsogoo/Hicheel/erdem shinjilgeenii hural/ecnometric/shine/data/НҮТС-2013/Child.sav,НҮТС-2013,Child.sav,BD2,(Нэр) ЭХИЙН СҮҮГЭЭР ХООЛЛОЖ БАЙСАН УУ?,parents_family
C:/tsogoo/Hicheel/erdem shinjilgeenii hural/ecnometric/shine/data/НҮТС-2013/Child.sav,НҮТС-2013,Child.sav,BD3,(Нэр) ОДОО ЭХИЙН СҮҮГЭЭР ХООЛЛОЖ БАЙГАА ЮУ?,parents_family
C:/tsogoo/Hicheel/erdem shinjilgeenii hural/ecnometric/shine/data/НҮТС-2013/Child.sav,НҮТС-2013,Child.sav,BD4,"ӨЧИГДӨР ӨДРИЙН ТУРШ, ЭСВЭЛ УРЬД ШӨНӨ УГЖААР ЯМАР НЭГ ШИНГЭН ЗҮЙЛ УУСАН УУ?",wealth_assets_housing
C:/tsogoo/Hicheel/erdem shinjilgeenii hural/ecnometric/shine/data/НҮТС-2013/Child.sav,НҮТС-2013,Child.sav,BD5,"ӨЧИГДӨР ӨДРИЙН ТУРШ, ЭСВЭЛ УРЬД ШӨНӨ ШИНГЭН СЭЛБЭХ ДАВСНЫ УУСМАЛ УУСАН УУ?",wealth_assets_housing
C:/tsogoo/Hicheel/erdem shinjilgeenii hural/ecnometric/shine/data/НҮТС-2013/Child.sav,НҮТС-2013,Child.sav,BD6,"(Нэр) ӨЧИГДӨР ӨДРИЙН ТУРШ ЭСВЭЛ УРЬД ШӨНӨ АМИНДЭМ, ЭРДЭС БОДИС АГУУЛСАН ЯМАР НЭГ БЭЛДМЭЛ, БҮТЭЭГДЭХҮҮН, ЭСВЭЛ ЭМ УУЖ, ИД",parents_family
C:/tsogoo/Hicheel/erdem shinjilgeenii hural/ecnometric/shine/data/НҮТС-2013/Child.sav,НҮТС-2013,Child.sav,BD7A,УС УУСАН УУ?,wealth_assets_housing
C:/tsogoo/Hicheel/erdem shinjilgeenii hural/ecnometric/shine/data/НҮТС-2013/Child.sav,НҮТС-2013,Child.sav,BD7B,ЖИМСНИЙ ШҮҮС УУСАН УУ?,wealth_assets_housing
C:/tsogoo/Hicheel/erdem shinjilgeenii hural/ecnometric/shine/data/НҮТС-2013/Child.sav,НҮТС-2013,Child.sav,BD7C,ШИНГЭЛСЭН УСАН ШӨЛ УУСАН УУ?,wealth_assets_housing
C:/tsogoo/Hicheel/erdem shinjilgeenii hural/ecnometric/shine/data/НҮТС-2013/Child.sav,НҮТС-2013,Child.sav,BD7D,"МАЛЫН СҮҮ, ЛААЗАЛСАН, САВЛАСАН ЭСВЭЛ ХУУРАЙ СҮҮ УУСАН УУ?",wealth_assets_housing
C:/tsogoo/Hicheel/erdem shinjilgeenii hural/ecnometric/shine/data/НҮТС-2013/Child.sav,НҮТС-2013,Child.sav,BD7DN,"(Нэр) МАЛЫН СҮҮ, ЛААЗАЛСАН, САВЛАСАН, ХУУРАЙ СҮҮ ХЭДЭН УДАА УУСАН БЭ?",wealth_assets_housing
C:/tsogoo/Hicheel/erdem shinjilgeenii hural/ecnometric/shine/data/НҮТС-2013/Child.sav,НҮТС-2013,Child.sav,BD7E,ҮЙЛДВЭРИЙН АРГААР БОЛОВСРУУЛСАН ХҮҮХДИЙН СҮҮН ТЭЖЭЭЛ УУСАН УУ?,wealth_assets_housing
C:/tsogoo/Hicheel/erdem shinjilgeenii hural/ecnometric/shine/data/НҮТС-2013/Child.sav,НҮТС-2013,Child.sav,BD7EN,(Нэр) ҮЙЛДВЭРИЙН АРГААР БОЛОВСРУУЛСАН ХҮҮХДИЙН СҮҮН ТЭЖЭЭЛ ХЭДЭН УДАА УУСАН БЭ?,wealth_assets_housing
C:/tsogoo/Hicheel/erdem shinjilgeenii hural/ecnometric/shine/data/НҮТС-2013/Child.sav,НҮТС-2013,Child.sav,BD7G,ЦАЙ УУСАН УУ?,wealth_assets_housing
C:/tsogoo/Hicheel/erdem shinjilgeenii hural/ecnometric/shine/data/НҮТС-2013/Child.sav,НҮТС-2013,Child.sav,BD7F,ЭДГЭЭРЭЭС БУСАД ТӨРЛИЙН ШИНГЭН ЗҮЙЛ УУСАН УУ?,wealth_assets_housing
C:/tsogoo/Hicheel/erdem shinjilgeenii hural/ecnometric/shine/data/НҮТС-2013/Child.sav,НҮТС-2013,Child.sav,BD8A,ТАРАГ УУСАН УУ?,wealth_assets_housing
C:/tsogoo/Hicheel/erdem shinjilgeenii hural/ecnometric/shine/data/НҮТС-2013/Child.sav,НҮТС-2013,Child.sav,BD8AN,(Нэр) ТАРАГ ХЭДЭН УДАА УУСАН БЭ?,wealth_assets_housing
C:/tsogoo/Hicheel/erdem shinjilgeenii hural/ecnometric/shine/data/НҮТС-2013/Child.sav,НҮТС-2013,Child.sav,BD8B,"ҮЙЛДВЭРИЙН АРГААР БОЛОВСРУУЛЖ, БАЯЖУУЛСАН ХҮҮХДИЙН НЭМЭГДЭЛ БҮТЭЭГДЭХҮҮН ИДСЭН ҮҮ?",parents_family
C:/tsogoo/Hicheel/erdem shinjilgeenii hural/ecnometric/shine/data/НҮТС-2013/Child.sav,НҮТС-2013,Child.sav,BD8C,"ТАЛХ, БУДАА, КАША, ГОЙМОН БОЛОН ҮР ТАРИАГААР ХИЙСЭН БУСАД БҮТЭЭГДЭХҮҮН ИДСЭН ҮҮ?",wealth_assets_housing
C:/tsogoo/Hicheel/erdem shinjilgeenii hural/ecnometric/shine/data/НҮТС-2013/Child.sav,НҮТС-2013,Child.sav,BD8D,"ЛУУВАН, ХУЛУУ, АМТАТ ТӨМС ЗЭРЭГ ДОТРОО ШАР, УЛБАР ШАР ӨНГӨТЭЙ БҮТЭЭГДЭХҮҮН БОЛОН ШАР ӨНГИЙН НУХАШ ИДСЭН ҮҮ?",parents_family
C:/tsogoo/Hicheel/erdem shinjilgeenii hural/ecnometric/shine/data/НҮТС-2013/Child.sav,НҮТС-2013,Child.sav,BD8E,"ТӨМС, МАНЖИН, ЦАГААН ЛУУВАН ЗЭРЭГ ЦАГААН ӨНГИЙН ТӨРЛИЙН ҮНДЭСЛЭДЭГ БҮТЭЭГДЭХҮҮН ИДСЭН ҮҮ?",parents_family
C:/tsogoo/Hicheel/erdem shinjilgeenii hural/ecnometric/shine/data/НҮТС-2013/Child.sav,НҮТС-2013,Child.sav,BD8F,"ЦЭЦЭГТ БАЙЦАА, БУУЦАЙ БОЛОН ЯМАР НЭГ ТӨРЛИЙН НАВЧИТ ХҮНСНИЙ НОГОО ИДСЭН ҮҮ?",parents_family
C:/tsogoo/Hicheel/erdem shinjilgeenii hural/ecnometric/shine/data/НҮТС-2013/Child.sav,НҮТС-2013,Child.sav,BD8G,"ТООР, КИВИ, БАНАН ЗЭРЭГ А ВИТАМИНААР БАЯЛАГ ЖИМС ИДСЭН ҮҮ?",other
C:/tsogoo/Hicheel/erdem shinjilgeenii hural/ecnometric/shine/data/НҮТС-2013/Child.sav,НҮТС-2013,Child.sav,BD8H,ДЭЭР ДУРДСАНААС ӨӨР ТӨРЛИЙН ХҮНСНИЙ НОГОО БОЛОН БУСАД ЯМАР НЭГ ЖИМС ИДСЭН ҮҮ?,wealth_assets_housing
C:/tsogoo/Hicheel/erdem shinjilgeenii hural/ecnometric/shine/data/НҮТС-2013/Child.sav,НҮТС-2013,Child.sav,BD8I,"ДОТОР МАХ (ЭЛЭГ, БӨӨР, ЗҮРХ) ИДСЭН ҮҮ?",other
C:/tsogoo/Hicheel/erdem shinjilgeenii hural/ecnometric/shine/data/НҮТС-2013/Child.sav,НҮТС-2013,Child.sav,BD8J,"МАЛ, ГАХАЙ, ШУВУУНЫ МАХ ИДСЭН ҮҮ?",wealth_assets_housing
C:/tsogoo/Hicheel/erdem shinjilgeenii hural/ecnometric/shine/data/НҮТС-2013/Child.sav,НҮТС-2013,Child.sav,BD8K,ӨНДӨГ БОЛОН ӨНДГӨӨР БАЯЖУУЛСАН БҮТЭЭГДЭХҮҮН ИДСЭН ҮҮ?,parents_family
C:/tsogoo/Hicheel/erdem shinjilgeenii hural/ecnometric/shine/data/НҮТС-2013/Child.sav,НҮТС-2013,Child.sav,BD8L,ЗАГАСАН БҮТЭЭГДЭХҮҮН ИДСЭН ҮҮ?,parents_family
C:/tsogoo/Hicheel/erdem shinjilgeenii hural/ecnometric/shine/data/НҮТС-2013/Child.sav,НҮТС-2013,Child.sav,BD8M,"ЯМАР НЭГЭН БУУРЦАГНЫ БЭЛЭН БҮТЭЭГДЭХҮҮН, БҮХ ТӨРЛИЙН ВАНДУЙ, САМАР, ШОШ ИДСЭН ҮҮ?",parents_family
C:/tsogoo/Hicheel/erdem shinjilgeenii hural/ecnometric/shine/data/НҮТС-2013/Child.sav,НҮТС-2013,Child.sav,BD8N,"БЯСЛАГ, ЭЭДЭМ, СҮҮ БОЛОН БУСАД БҮХ ТӨРЛИЙН СҮҮН БҮТЭЭГДЭХҮҮН ИДСЭН ҮҮ?",wealth_assets_housing
C:/tsogoo/Hicheel/erdem shinjilgeenii hural/ecnometric/shine/data/НҮТС-2013/Child.sav,НҮТС-2013,Child.sav,BD8O,"ДЭЭР ДУРДСАН БҮТЭЭГДЭХҮҮНЭЭС ӨӨР ЯМАР НЭГ ТӨРЛИЙН ЗУТАН, БАНТАН, ЭСВЭЛ ТОМЧУУДЫН ХООЛ ЗЭРГЭЭС ИДСЭН ҮҮ?",parents_family
C:/tsogoo/Hicheel/erdem shinjilgeenii hural/ecnometric/shine/data/НҮТС-2013/Child.sav,НҮТС-2013,Child.sav,BD10,Хүүхдэд өчигдөр ямар нэг хоол идүүлсэн эсэхийг эх/ асран хамгаалагчаас дахин лавлаж асууна,parents_family
C:/tsogoo/Hicheel/erdem shinjilgeenii hural/ecnometric/shine/data/НҮТС-2013/Child.sav,НҮТС-2013,Child.sav,BD11,"СҮҮЛЧИЙН НЭГ ХОНОГТ ДЭЭР ДУРДСАН БҮТЭЭГДЭХҮҮНЭЭС ӨӨР ЯМАР НЭГ ТӨРЛИЙН ЗУТАН, БАНТАН, ЭСВЭЛ ТОМЧУУДЫН ХООЛ ЗЭРГЭЭС ХЭДЭН",parents_family
C:/tsogoo/Hicheel/erdem shinjilgeenii hural/ecnometric/shine/data/НҮТС-2013/Child.sav,НҮТС-2013,Child.sav,IM1,(Нэр) ВАКЦИНЖУУЛАЛТЫН КАРТТАЙ ЮУ?,other
C:/tsogoo/Hicheel/erdem shinjilgeenii hural/ecnometric/shine/data/НҮТС-2013/Child.sav,НҮТС-2013,Child.sav,IM2,(Нэр) ВАКЦИНЖУУЛАЛТЫН КАРТТАЙ БАЙСАН УУ?,other
C:/tsogoo/Hicheel/erdem shinjilgeenii hural/ecnometric/shine/data/НҮТС-2013/Child.sav,НҮТС-2013,Child.sav,IM2A,(Нэр) ОРШИН СУУГАА ГАЗРЫНХАА ХАРЬЯАНЫ ӨРХИЙН ЭМНЭЛЭГТ БҮРТГЭЛТЭЙ ЮҮ?,wealth_assets_housing
C:/tsogoo/Hicheel/erdem shinjilgeenii hural/ecnometric/shine/data/НҮТС-2013/Child.sav,НҮТС-2013,Child.sav,IM2B,"(Нэр) ЭХ, ХҮҮХДИЙН ЭРҮҮЛ МЭНДИЙН ДЭВТЭРТЭЙ ЮҮ?",parents_family
C:/tsogoo/Hicheel/erdem shinjilgeenii hural/ecnometric/shine/data/НҮТС-2013/Child.sav,НҮТС-2013,Child.sav,IM3BY,Сүрьеэгийн эсрэг вакцин Он,other
C:/tsogoo/Hicheel/erdem shinjilgeenii hural/ecnometric/shine/data/НҮТС-2013/Child.sav,НҮТС-2013,Child.sav,IM3BM,Сүрьеэгийн эсрэг вакцин Сар,other
C:/tsogoo/Hicheel/erdem shinjilgeenii hural/ecnometric/shine/data/НҮТС-2013/Child.sav,НҮТС-2013,Child.sav,IM3BD,Сүрьеэгийн эсрэг вакцин Өдөр,other
C:/tsogoo/Hicheel/erdem shinjilgeenii hural/ecnometric/shine/data/НҮТС-2013/Child.sav,НҮТС-2013,Child.sav,IM3P0Y,Халдварт саагийн эсрэг вакцины төрөх үеийн тун Он,other
C:/tsogoo/Hicheel/erdem shinjilgeenii hural/ecnometric/shine/data/НҮТС-2013/Child.sav,НҮТС-2013,Child.sav,IM3P0M,Халдварт саагийн эсрэг вакцины төрөх үеийн тун Сар,other
C:/tsogoo/Hicheel/erdem shinjilgeenii hural/ecnometric/shine/data/НҮТС-2013/Child.sav,НҮТС-2013,Child.sav,IM3P0D,Халдварт саагийн эсрэг вакцины төрөх үеийн тун Өдөр,other
C:/tsogoo/Hicheel/erdem shinjilgeenii hural/ecnometric/shine/data/НҮТС-2013/Child.sav,НҮТС-2013,Child.sav,IM3P1Y,Халдварт саагийн эсрэг вакцины 1-р тун Он,other
C:/tsogoo/Hicheel/erdem shinjilgeenii hural/ecnometric/shine/data/НҮТС-2013/Child.sav,НҮТС-2013,Child.sav,IM3P1M,Халдварт саагийн эсрэг вакцины 1-р тун Сар,other
C:/tsogoo/Hicheel/erdem shinjilgeenii hural/ecnometric/shine/data/НҮТС-2013/Child.sav,НҮТС-2013,Child.sav,IM3P1D,Халдварт саагийн эсрэг вакцины 1-р тун Өдөр,other
C:/tsogoo/Hicheel/erdem shinjilgeenii hural/ecnometric/shine/data/НҮТС-2013/Child.sav,НҮТС-2013,Child.sav,IM3P2Y,Халдварт саагийн эсрэг вакцины 2-р тун Он,other
C:/tsogoo/Hicheel/erdem shinjilgeenii hural/ecnometric/shine/data/НҮТС-2013/Child.sav,НҮТС-2013,Child.sav,IM3P2M,Халдварт саагийн эсрэг вакцины 2-р тун Сар,other
C:/tsogoo/Hicheel/erdem shinjilgeenii hural/ecnometric/shine/data/НҮТС-2013/Child.sav,НҮТС-2013,Child.sav,IM3P2D,Халдварт саагийн эсрэг вакцины 2-р тун Өдөр,other
C:/tsogoo/Hicheel/erdem shinjilgeenii hural/ecnometric/shine/data/НҮТС-2013/Child.sav,НҮТС-2013,Child.sav,IM3P3Y,Халдварт саагийн эсрэг вакцины 3-р тун Он,other
C:/tsogoo/Hicheel/erdem shinjilgeenii hural/ecnometric/shine/data/НҮТС-2013/Child.sav,НҮТС-2013,Child.sav,IM3P3M,Халдварт саагийн эсрэг вакцины 3-р тун Сар,other
C:/tsogoo/Hicheel/erdem shinjilgeenii hural/ecnometric/shine/data/НҮТС-2013/Child.sav,НҮТС-2013,Child.sav,IM3P3D,Халдварт саагийн эсрэг вакцины 3-р тун Өдөр,other
C:/tsogoo/Hicheel/erdem shinjilgeenii hural/ecnometric/shine/data/НҮТС-2013/Child.sav,НҮТС-2013,Child.sav,IM3PE1Y,Тавт вакцины 1-р тун Он,other
C:/tsogoo/Hicheel/erdem shinjilgeenii hural/ecnometric/shine/data/НҮТС-2013/Child.sav,НҮТС-2013,Child.sav,IM3PE1M,Тавт вакцины 1-р тун Сар,other
C:/tsogoo/Hicheel/erdem shinjilgeenii hural/ecnometric/shine/data/НҮТС-2013/Child.sav,НҮТС-2013,Child.sav,IM3PE1D,Тавт вакцины 1-р тун Өдөр,other
C:/tsogoo/Hicheel/erdem shinjilgeenii hural/ecnometric/shine/data/НҮТС-2013/Child.sav,НҮТС-2013,Child.sav,IM3PE2Y,Тавт вакцины 2-р тун Он,other
C:/tsogoo/Hicheel/erdem shinjilgeenii hural/ecnometric/shine/data/НҮТС-2013/Child.sav,НҮТС-2013,Child.sav,IM3PE2M,Тавт вакцины 2-р тун Сар,other
C:/tsogoo/Hicheel/erdem shinjilgeenii hural/ecnometric/shine/data/НҮТС-2013/Child.sav,НҮТС-2013,Child.sav,IM3PE2D,Тавт вакцины 2-р тун Өдөр,other
C:/tsogoo/Hicheel/erdem shinjilgeenii hural/ecnometric/shine/data/НҮТС-2013/Child.sav,НҮТС-2013,Child.sav,IM3PE3Y,Тавт вакцины 3-р тун Он,other
C:/tsogoo/Hicheel/erdem shinjilgeenii hural/ecnometric/shine/data/НҮТС-2013/Child.sav,НҮТС-2013,Child.sav,IM3PE3M,Тавт вакцины 3-р тун Сар,other
C:/tsogoo/Hicheel/erdem shinjilgeenii hural/ecnometric/shine/data/НҮТС-2013/Child.sav,НҮТС-2013,Child.sav,IM3PE3D,Тавт вакцины 3-р тун Өдөр,other
C:/tsogoo/Hicheel/erdem shinjilgeenii hural/ecnometric/shine/data/НҮТС-2013/Child.sav,НҮТС-2013,Child.sav,IM3HY,Б гепатитын эсрэг вакцин Он,other
C:/tsogoo/Hicheel/erdem shinjilgeenii hural/ecnometric/shine/data/НҮТС-2013/Child.sav,НҮТС-2013,Child.sav,IM3HM,Б гепатитын эсрэг вакцин Сар,other
C:/tsogoo/Hicheel/erdem shinjilgeenii hural/ecnometric/shine/data/НҮТС-2013/Child.sav,НҮТС-2013,Child.sav,IM3HD,Б гепатитын эсрэг вакцин Өдөр,other
C:/tsogoo/Hicheel/erdem shinjilgeenii hural/ecnometric/shine/data/НҮТС-2013/Child.sav,НҮТС-2013,Child.sav,IM3M1Y,"Улаан бурхан, гахайн хавдар, улаануудын эсрэг вакцины 1-р тун Он",other
C:/tsogoo/Hicheel/erdem shinjilgeenii hural/ecnometric/shine/data/НҮТС-2013/Child.sav,НҮТС-2013,Child.sav,IM3M1M,"Улаан бурхан, гахайн хавдар, улаануудын эсрэг вакцины 1-р тун Сар",other
C:/tsogoo/Hicheel/erdem shinjilgeenii hural/ecnometric/shine/data/НҮТС-2013/Child.sav,НҮТС-2013,Child.sav,IM3M1D,"Улаан бурхан, гахайн хавдар, улаануудын эсрэг вакцины 1-р тун Өдөр",other
C:/tsogoo/Hicheel/erdem shinjilgeenii hural/ecnometric/shine/data/НҮТС-2013/Child.sav,НҮТС-2013,Child.sav,IM3M2Y,"Улаан бурхан, гахайн хавдар, улаануудын эсрэг вакцины 2-р тун Он",other
C:/tsogoo/Hicheel/erdem shinjilgeenii hural/ecnometric/shine/data/НҮТС-2013/Child.sav,НҮТС-2013,Child.sav,IM3M2M,"Улаан бурхан, гахайн хавдар, улаануудын эсрэг вакцины 2-р тун Сар",other
C:/tsogoo/Hicheel/erdem shinjilgeenii hural/ecnometric/shine/data/НҮТС-2013/Child.sav,НҮТС-2013,Child.sav,IM3M2D,"Улаан бурхан, гахайн хавдар, улаануудын эсрэг вакцины 2-р тун Өдөр",other
C:/tsogoo/Hicheel/erdem shinjilgeenii hural/ecnometric/shine/data/НҮТС-2013/Child.sav,НҮТС-2013,Child.sav,IM3V1Y,А аминдэм (1-р тун) Он,other
C:/tsogoo/Hicheel/erdem shinjilgeenii hural/ecnometric/shine/data/НҮТС-2013/Child.sav,НҮТС-2013,Child.sav,IM3V1M,А аминдэм (1-р тун) Сар,other
C:/tsogoo/Hicheel/erdem shinjilgeenii hural/ecnometric/shine/data/НҮТС-2013/Child.sav,НҮТС-2013,Child.sav,IM3V1D,А аминдэм (1-р тун) Өдөр,other
C:/tsogoo/Hicheel/erdem shinjilgeenii hural/ecnometric/shine/data/НҮТС-2013/Child.sav,НҮТС-2013,Child.sav,IM3V2Y,А аминдэм (2-р тун) Он,other
C:/tsogoo/Hicheel/erdem shinjilgeenii hural/ecnometric/shine/data/НҮТС-2013/Child.sav,НҮТС-2013,Child.sav,IM3V2M,А аминдэм (2-р тун) Сар,other
C:/tsogoo/Hicheel/erdem shinjilgeenii hural/ecnometric/shine/data/НҮТС-2013/Child.sav,НҮТС-2013,Child.sav,IM3V2D,А аминдэм (2-р тун) Өдөр,other
C:/tsogoo/Hicheel/erdem shinjilgeenii hural/ecnometric/shine/data/НҮТС-2013/Child.sav,НҮТС-2013,Child.sav,IM5,"(Нэр) ВАКЦИНЖУУЛАЛТЫН КАРТ, ЭСВЭЛ ЭХ, ХҮҮХДИЙН ЭРҮҮЛ МЭНДИЙН ДЭВТЭРТ БҮРТГЭГДСЭНЭЭС ӨӨР ВАКЦИН ХИЙЛГЭЖ БАЙСАН УУ?",parents_family
C:/tsogoo/Hicheel/erdem shinjilgeenii hural/ecnometric/shine/data/НҮТС-2013/Child.sav,НҮТС-2013,Child.sav,IM5O,Other vaccinations given,health_disability_nutrition
C:/tsogoo/Hicheel/erdem shinjilgeenii hural/ecnometric/shine/data/НҮТС-2013/Child.sav,НҮТС-2013,Child.sav,IM6,(Нэр) ЯМАР НЭГ ӨВЧНӨӨС УРЬДЧИЛАН СЭРГИЙЛЭХ ЗОРИЛГООР БОЛОН КАМПАНИТ АЖЛЫН ХҮРЭЭНД ЭСВЭЛ ВАКЦИНЖУУЛАЛТЫН ӨДРӨӨР ВАКЦИН ХИ,parents_family
C:/tsogoo/Hicheel/erdem shinjilgeenii hural/ecnometric/shine/data/НҮТС-2013/Child.sav,НҮТС-2013,Child.sav,IM7,"(Нэр) СҮРЬЕЭГИЙН ЭСРЭГ ГАРЫН ШУУ ЭСВЭЛ БУЛЧИНД ТАРЬДАГ, ТАРИУЛСНЫ ДАРАА СОРВИ ҮҮСДЭГ ВАКЦИН ХИЙЛГЭЖ БАЙСАН УУ?",other
C:/tsogoo/Hicheel/erdem shinjilgeenii hural/ecnometric/shine/data/НҮТС-2013/Child.sav,НҮТС-2013,Child.sav,IM7AA,24 ЦАГИЙН ДОТОР ХИЙЛГЭСЭН ҮҮ ?,other
C:/tsogoo/Hicheel/erdem shinjilgeenii hural/ecnometric/shine/data/НҮТС-2013/Child.sav,НҮТС-2013,Child.sav,IM7AB,14 ХОНОГИЙН ДОТОР ХИЙЛГЭСЭН ҮҮ ?,other
C:/tsogoo/Hicheel/erdem shinjilgeenii hural/ecnometric/shine/data/НҮТС-2013/Child.sav,НҮТС-2013,Child.sav,IM7AC,"15, ТҮҮНЭЭС ДЭЭШ ХОНОГИЙН ХУГАЦААНД ХИЙЛГЭСЭН ҮҮ?",other
C:/tsogoo/Hicheel/erdem shinjilgeenii hural/ecnometric/shine/data/НҮТС-2013/Child.sav,НҮТС-2013,Child.sav,IM8,(Нэр) ХАЛДВАРТ СААГИЙН ЭСРЭГ АМАНД ДУСААДАГ ВАКЦИН ХИЙЛГЭЖ БАЙСАН УУ?,wealth_assets_housing
C:/tsogoo/Hicheel/erdem shinjilgeenii hural/ecnometric/shine/data/НҮТС-2013/Child.sav,НҮТС-2013,Child.sav,IM9A,24 ЦАГИЙН ДОТОР ХИЙЛГЭСЭН ҮҮ ?,other
C:/tsogoo/Hicheel/erdem shinjilgeenii hural/ecnometric/shine/data/НҮТС-2013/Child.sav,НҮТС-2013,Child.sav,IM9B,14 ХОНОГИЙН ДОТОР ХИЙЛГЭСЭН ҮҮ ?,other
C:/tsogoo/Hicheel/erdem shinjilgeenii hural/ecnometric/shine/data/НҮТС-2013/Child.sav,НҮТС-2013,Child.sav,IM9C,"15, ТҮҮНЭЭС ДЭЭШ ХОНОГИЙН ХУГАЦААНД ХИЙЛГЭСЭН ҮҮ?",other
C:/tsogoo/Hicheel/erdem shinjilgeenii hural/ecnometric/shine/data/НҮТС-2013/Child.sav,НҮТС-2013,Child.sav,IM10,(Нэр) ХАЛДВАРТ СААГИЙН ЭСРЭГ ВАКЦИНЫГ ХЭДЭН УДАА УУСАН БЭ?,wealth_assets_housing
C:/tsogoo/Hicheel/erdem shinjilgeenii hural/ecnometric/shine/data/НҮТС-2013/Child.sav,НҮТС-2013,Child.sav,IM11,(Нэр) ГУЯНД ТАРЬДАГ ТАВТ ВАКЦИН ХИЙЛГЭЖ БАЙСАН УУ?,other
C:/tsogoo/Hicheel/erdem shinjilgeenii hural/ecnometric/shine/data/НҮТС-2013/Child.sav,НҮТС-2013,Child.sav,IM12,(Нэр) ТАВТ ВАКЦИНЫГ ХЭДЭН УДАА ХИЙЛГЭСЭН БЭ?,other
C:/tsogoo/Hicheel/erdem shinjilgeenii hural/ecnometric/shine/data/НҮТС-2013/Child.sav,НҮТС-2013,Child.sav,IM13,(Нэр) Б ГЕПАТИТЫН ЭСРЭГ ГУЯНД ТАРЬДАГ ВАКЦИН ХИЙЛГЭЖ БАЙСАН УУ?,other
C:/tsogoo/Hicheel/erdem shinjilgeenii hural/ecnometric/shine/data/НҮТС-2013/Child.sav,НҮТС-2013,Child.sav,IM14A,24 ЦАГИЙН ДОТОР ХИЙЛГЭСЭН ҮҮ ?,other
C:/tsogoo/Hicheel/erdem shinjilgeenii hural/ecnometric/shine/data/НҮТС-2013/Child.sav,НҮТС-2013,Child.sav,IM14B,14 ХОНОГИЙН ДОТОР ХИЙЛГЭСЭН ҮҮ ?,other
C:/tsogoo/Hicheel/erdem shinjilgeenii hural/ecnometric/shine/data/НҮТС-2013/Child.sav,НҮТС-2013,Child.sav,IM14C,14 ХОНОГИЙН ДОТОР ХИЙЛГЭСЭН ҮҮ ?,other
C:/tsogoo/Hicheel/erdem shinjilgeenii hural/ecnometric/shine/data/НҮТС-2013/Child.sav,НҮТС-2013,Child.sav,IM16,"(Нэр) 9, ТҮҮНЭЭС ДЭЭШ САРТАЙ ХҮҮХДИЙН ГАРЫН ШУУНД ТАРЬДАГ УЛААН БУРХНЫ ЭСРЭГ ВАКЦИНЫГ ХИЙЛГЭЖ БАЙСАН УУ?",other
C:/tsogoo/Hicheel/erdem shinjilgeenii hural/ecnometric/shine/data/НҮТС-2013/Child.sav,НҮТС-2013,Child.sav,IM16A,(Нэр) УЛААН БУРХНЫ ЭСРЭГ ВАКЦИНЫГ ХЭДЭН УДАА ХИЙЛГЭСЭН БЭ?,other
C:/tsogoo/Hicheel/erdem shinjilgeenii hural/ecnometric/shine/data/НҮТС-2013/Child.sav,НҮТС-2013,Child.sav,IM18,(Нэр) СҮҮЛИЙН 12 САРД А АМИНДЭМ УУСАН УУ?,wealth_assets_housing
C:/tsogoo/Hicheel/erdem shinjilgeenii hural/ecnometric/shine/data/НҮТС-2013/Child.sav,НҮТС-2013,Child.sav,IM18A,(Нэр) А АМИНДЭМИЙГ ХЭДЭН УДАА УУСАН БЭ?,wealth_assets_housing
C:/tsogoo/Hicheel/erdem shinjilgeenii hural/ecnometric/shine/data/НҮТС-2013/Child.sav,НҮТС-2013,Child.sav,IM18B,(Нэр) ЕР НЬ Д АМИНДЭМ УУЖ БАЙСАН УУ?,other
C:/tsogoo/Hicheel/erdem shinjilgeenii hural/ecnometric/shine/data/НҮТС-2013/Child.sav,НҮТС-2013,Child.sav,IM18C,(Нэр) Д АМИНДЭМИЙГ ХАМГИЙН СҮҮЛД ХЭДЭН САРТАЙДАА УУСАН БЭ?,wealth_assets_housing
C:/tsogoo/Hicheel/erdem shinjilgeenii hural/ecnometric/shine/data/НҮТС-2013/Child.sav,НҮТС-2013,Child.sav,IM18DA,Д АМИНДЭМИЙН ЭМЭЭР УУСАН УУ?,wealth_assets_housing
C:/tsogoo/Hicheel/erdem shinjilgeenii hural/ecnometric/shine/data/НҮТС-2013/Child.sav,НҮТС-2013,Child.sav,IM18DB,Д АМИНДЭМИЙН УУСМАЛААР УУСАН УУ?,wealth_assets_housing
C:/tsogoo/Hicheel/erdem shinjilgeenii hural/ecnometric/shine/data/НҮТС-2013/Child.sav,НҮТС-2013,Child.sav,IM19A,5-Р САРЫН ВАКЦИНЖУУЛАЛТ,other
C:/tsogoo/Hicheel/erdem shinjilgeenii hural/ecnometric/shine/data/НҮТС-2013/Child.sav,НҮТС-2013,Child.sav,IM19B,10-Р САРЫН ВАКЦИНЖУУЛАЛТ,other
C:/tsogoo/Hicheel/erdem shinjilgeenii hural/ecnometric/shine/data/НҮТС-2013/Child.sav,НҮТС-2013,Child.sav,IM20,Өрхийн эмнэлэгийн асуулга шалгах,wealth_assets_housing
C:/tsogoo/Hicheel/erdem shinjilgeenii hural/ecnometric/shine/data/НҮТС-2013/Child.sav,НҮТС-2013,Child.sav,HF6,Эх/ асран хамгаалагчийн мөрийн дугаар,parents_family
C:/tsogoo/Hicheel/erdem shinjilgeenii hural/ecnometric/shine/data/НҮТС-2013/Child.sav,НҮТС-2013,Child.sav,HF7,"Судлаачийн нэр, дугаар",other
C:/tsogoo/Hicheel/erdem shinjilgeenii hural/ecnometric/shine/data/НҮТС-2013/Child.sav,НҮТС-2013,Child.sav,HF8Y,Эхний Он,parents_family
C:/tsogoo/Hicheel/erdem shinjilgeenii hural/ecnometric/shine/data/НҮТС-2013/Child.sav,НҮТС-2013,Child.sav,HF8M,Эхний Сар,parents_family
C:/tsogoo/Hicheel/erdem shinjilgeenii hural/ecnometric/shine/data/НҮТС-2013/Child.sav,НҮТС-2013,Child.sav,HF8D,Эхний Өдөр,parents_family
C:/tsogoo/Hicheel/erdem shinjilgeenii hural/ecnometric/shine/data/НҮТС-2013/Child.sav,НҮТС-2013,Child.sav,HF9Y,Он,other
C:/tsogoo/Hicheel/erdem shinjilgeenii hural/ecnometric/shine/data/НҮТС-2013/Child.sav,НҮТС-2013,Child.sav,HF9M,Сар,other
C:/tsogoo/Hicheel/erdem shinjilgeenii hural/ecnometric/shine/data/НҮТС-2013/Child.sav,НҮТС-2013,Child.sav,HF9D,Өдөр,other
C:/tsogoo/Hicheel/erdem shinjilgeenii hural/ecnometric/shine/data/НҮТС-2013/Child.sav,НҮТС-2013,Child.sav,HF11,Үр дүн,other
C:/tsogoo/Hicheel/erdem shinjilgeenii hural/ecnometric/shine/data/НҮТС-2013/Child.sav,НҮТС-2013,Child.sav,HF12Y,Вакцины карт дээр бичигдсэн төрсөн он,demographics_geo_weights
C:/tsogoo/Hicheel/erdem shinjilgeenii hural/ecnometric/shine/data/НҮТС-2013/Child.sav,НҮТС-2013,Child.sav,HF12M,Вакцины карт дээр бичигдсэн төрсөн сар,demographics_geo_weights
C:/tsogoo/Hicheel/erdem shinjilgeenii hural/ecnometric/shine/data/НҮТС-2013/Child.sav,НҮТС-2013,Child.sav,HF12D,Вакцины карт дээр бичигдсэн төрсөн өдөр,demographics_geo_weights
C:/tsogoo/Hicheel/erdem shinjilgeenii hural/ecnometric/shine/data/НҮТС-2013/Child.sav,НҮТС-2013,Child.sav,HF13BY,Сүрьеэгийн эсрэг вакцин Он,other
C:/tsogoo/Hicheel/erdem shinjilgeenii hural/ecnometric/shine/data/НҮТС-2013/Child.sav,НҮТС-2013,Child.sav,HF13BM,Сүрьеэгийн эсрэг вакцин Сар,other
C:/tsogoo/Hicheel/erdem shinjilgeenii hural/ecnometric/shine/data/НҮТС-2013/Child.sav,НҮТС-2013,Child.sav,HF13BD,Сүрьеэгийн эсрэг вакцин Өдөр,other
C:/tsogoo/Hicheel/erdem shinjilgeenii hural/ecnometric/shine/data/НҮТС-2013/Child.sav,НҮТС-2013,Child.sav,HF13P0Y,Халдварт саагийн эсрэг вакцины төрөх үеийн тун Он,other
C:/tsogoo/Hicheel/erdem shinjilgeenii hural/ecnometric/shine/data/НҮТС-2013/Child.sav,НҮТС-2013,Child.sav,HF13P0M,Халдварт саагийн эсрэг вакцины төрөх үеийн тун Сар,other
C:/tsogoo/Hicheel/erdem shinjilgeenii hural/ecnometric/shine/data/НҮТС-2013/Child.sav,НҮТС-2013,Child.sav,HF13P0D,Халдварт саагийн эсрэг вакцины төрөх үеийн тун Өдөр,other
C:/tsogoo/Hicheel/erdem shinjilgeenii hural/ecnometric/shine/data/НҮТС-2013/Child.sav,НҮТС-2013,Child.sav,HF13P1Y,Халдварт саагийн эсрэг вакцины 1-р тун Он,other
C:/tsogoo/Hicheel/erdem shinjilgeenii hural/ecnometric/shine/data/НҮТС-2013/Child.sav,НҮТС-2013,Child.sav,HF13P1M,Халдварт саагийн эсрэг вакцины 1-р тун Сар,other
C:/tsogoo/Hicheel/erdem shinjilgeenii hural/ecnometric/shine/data/НҮТС-2013/Child.sav,НҮТС-2013,Child.sav,HF13P1D,Халдварт саагийн эсрэг вакцины 1-р тун Өдөр,other
C:/tsogoo/Hicheel/erdem shinjilgeenii hural/ecnometric/shine/data/НҮТС-2013/Child.sav,НҮТС-2013,Child.sav,HF13P2Y,Халдварт саагийн эсрэг вакцины 2-р тун Он,other
C:/tsogoo/Hicheel/erdem shinjilgeenii hural/ecnometric/shine/data/НҮТС-2013/Child.sav,НҮТС-2013,Child.sav,HF13P2M,Халдварт саагийн эсрэг вакцины 2-р тун Сар,other
C:/tsogoo/Hicheel/erdem shinjilgeenii hural/ecnometric/shine/data/НҮТС-2013/Child.sav,НҮТС-2013,Child.sav,HF13P2D,Халдварт саагийн эсрэг вакцины 2-р тун Өдөр,other
C:/tsogoo/Hicheel/erdem shinjilgeenii hural/ecnometric/shine/data/НҮТС-2013/Child.sav,НҮТС-2013,Child.sav,HF13P3Y,Халдварт саагийн эсрэг вакцины 3-р тун Он,other
C:/tsogoo/Hicheel/erdem shinjilgeenii hural/ecnometric/shine/data/НҮТС-2013/Child.sav,НҮТС-2013,Child.sav,HF13P3M,Халдварт саагийн эсрэг вакцины 3-р тун Сар,other
C:/tsogoo/Hicheel/erdem shinjilgeenii hural/ecnometric/shine/data/НҮТС-2013/Child.sav,НҮТС-2013,Child.sav,HF13P3D,Халдварт саагийн эсрэг вакцины 3-р тун Өдөр,other
C:/tsogoo/Hicheel/erdem shinjilgeenii hural/ecnometric/shine/data/НҮТС-2013/Child.sav,НҮТС-2013,Child.sav,HF13PE1Y,Тавт вакцины 1-р тун Он,other
C:/tsogoo/Hicheel/erdem shinjilgeenii hural/ecnometric/shine/data/НҮТС-2013/Child.sav,НҮТС-2013,Child.sav,HF13PE1M,Тавт вакцины 1-р тун Сар,other
C:/tsogoo/Hicheel/erdem shinjilgeenii hural/ecnometric/shine/data/НҮТС-2013/Child.sav,НҮТС-2013,Child.sav,HF13PE1D,Тавт вакцины 1-р тун Өдөр,other
C:/tsogoo/Hicheel/erdem shinjilgeenii hural/ecnometric/shine/data/НҮТС-2013/Child.sav,НҮТС-2013,Child.sav,HF13PE2Y,Тавт вакцины 2-р тун Он,other
C:/tsogoo/Hicheel/erdem shinjilgeenii hural/ecnometric/shine/data/НҮТС-2013/Child.sav,НҮТС-2013,Child.sav,HF13PE2M,Тавт вакцины 2-р тун Сар,other
C:/tsogoo/Hicheel/erdem shinjilgeenii hural/ecnometric/shine/data/НҮТС-2013/Child.sav,НҮТС-2013,Child.sav,HF13PE2D,Тавт вакцины 2-р тун Өдөр,other
C:/tsogoo/Hicheel/erdem shinjilgeenii hural/ecnometric/shine/data/НҮТС-2013/Child.sav,НҮТС-2013,Child.sav,HF13PE3Y,Тавт вакцины 3-р тун Он,other
C:/tsogoo/Hicheel/erdem shinjilgeenii hural/ecnometric/shine/data/НҮТС-2013/Child.sav,НҮТС-2013,Child.sav,HF13PE3M,Тавт вакцины 3-р тун Сар,other
C:/tsogoo/Hicheel/erdem shinjilgeenii hural/ecnometric/shine/data/НҮТС-2013/Child.sav,НҮТС-2013,Child.sav,HF13PE3D,Тавт вакцины 3-р тун Өдөр,other
C:/tsogoo/Hicheel/erdem shinjilgeenii hural/ecnometric/shine/data/НҮТС-2013/Child.sav,НҮТС-2013,Child.sav,HF13HY,Б гепатитын эсрэг вакцин Он,other
C:/tsogoo/Hicheel/erdem shinjilgeenii hural/ecnometric/shine/data/НҮТС-2013/Child.sav,НҮТС-2013,Child.sav,HF13HM,Б гепатитын эсрэг вакцин Сар,other
C:/tsogoo/Hicheel/erdem shinjilgeenii hural/ecnometric/shine/data/НҮТС-2013/Child.sav,НҮТС-2013,Child.sav,HF13HD,Б гепатитын эсрэг вакцин Өдөр,other
C:/tsogoo/Hicheel/erdem shinjilgeenii hural/ecnometric/shine/data/НҮТС-2013/Child.sav,НҮТС-2013,Child.sav,HF13M1Y,"Улаан бурхан, гахайн хавдар, улаануудын эсрэг вакцины 1-р тун Он",other
C:/tsogoo/Hicheel/erdem shinjilgeenii hural/ecnometric/shine/data/НҮТС-2013/Child.sav,НҮТС-2013,Child.sav,HF13M1M,"Улаан бурхан, гахайн хавдар, улаануудын эсрэг вакцины 1-р тун Сар",other
C:/tsogoo/Hicheel/erdem shinjilgeenii hural/ecnometric/shine/data/НҮТС-2013/Child.sav,НҮТС-2013,Child.sav,HF13M1D,"Улаан бурхан, гахайн хавдар, улаануудын эсрэг вакцины 1-р тун Өдөр",other
C:/tsogoo/Hicheel/erdem shinjilgeenii hural/ecnometric/shine/data/НҮТС-2013/Child.sav,НҮТС-2013,Child.sav,HF13M2Y,"Улаан бурхан, гахайн хавдар, улаануудын эсрэг вакцины 2-р тун Он",other
C:/tsogoo/Hicheel/erdem shinjilgeenii hural/ecnometric/shine/data/НҮТС-2013/Child.sav,НҮТС-2013,Child.sav,HF13M2M,"Улаан бурхан, гахайн хавдар, улаануудын эсрэг вакцины 2-р тун Сар",other
C:/tsogoo/Hicheel/erdem shinjilgeenii hural/ecnometric/shine/data/НҮТС-2013/Child.sav,НҮТС-2013,Child.sav,HF13M2D,"Улаан бурхан, гахайн хавдар, улаануудын эсрэг вакцины 2-р тун Өдөр",other
C:/tsogoo/Hicheel/erdem shinjilgeenii hural/ecnometric/shine/data/НҮТС-2013/Child.sav,НҮТС-2013,Child.sav,HF13V1Y,А аминдэм (1-р тун) Он,other
C:/tsogoo/Hicheel/erdem shinjilgeenii hural/ecnometric/shine/data/НҮТС-2013/Child.sav,НҮТС-2013,Child.sav,HF13V1M,А аминдэм (1-р тун) Сар,other
C:/tsogoo/Hicheel/erdem shinjilgeenii hural/ecnometric/shine/data/НҮТС-2013/Child.sav,НҮТС-2013,Child.sav,HF13V1D,А аминдэм (1-р тун) Өдөр,other
C:/tsogoo/Hicheel/erdem shinjilgeenii hural/ecnometric/shine/data/НҮТС-2013/Child.sav,НҮТС-2013,Child.sav,HF13V2Y,А аминдэм (2-р тун) Он,other
C:/tsogoo/Hicheel/erdem shinjilgeenii hural/ecnometric/shine/data/НҮТС-2013/Child.sav,НҮТС-2013,Child.sav,HF13V2M,А аминдэм (2-р тун) Сар,other
C:/tsogoo/Hicheel/erdem shinjilgeenii hural/ecnometric/shine/data/НҮТС-2013/Child.sav,НҮТС-2013,Child.sav,HF13V2D,А аминдэм (2-р тун) Өдөр,other
C:/tsogoo/Hicheel/erdem shinjilgeenii hural/ecnometric/shine/data/НҮТС-2013/Child.sav,НҮТС-2013,Child.sav,CA1,"(Нэр) СҮҮЛИЙН 14 ХОНОГТ БААС НЬ ШИНГЭРЧ, ОЛШИРЧ СУУЛГАЖ, ГҮЙЛГЭСЭН ҮҮ?",other
C:/tsogoo/Hicheel/erdem shinjilgeenii hural/ecnometric/shine/data/НҮТС-2013/Child.sav,НҮТС-2013,Child.sav,CA2,"(Нэр)-ИЙГ СУУЛГАЖ, ГҮЙЛГЭХ ҮЕД НЬ ТҮҮНД ШИНГЭН ЗҮЙЛИЙГ ЕРДИЙНХӨӨС ИХ ХЭМЖЭЭТЭЙ, ЕРДИЙНХТЭЙ ИЖИЛ, ЭСВЭЛ ЕРДИЙНХӨӨС БАГА У",parents_family
C:/tsogoo/Hicheel/erdem shinjilgeenii hural/ecnometric/shine/data/НҮТС-2013/Child.sav,НҮТС-2013,Child.sav,CA3,"(Нэр)-ИЙГ СУУЛГАЖ, ГҮЙЛГЭХ ҮЕД НЬ ТҮҮНД ХООЛЫГ ЕРДИЙНХӨӨС ИХ ХЭМЖЭЭТЭЙ, ЕРДИЙНХТЭЙ ИЖИЛ, ЭСВЭЛ ЕРДИЙНХӨӨС БАГА ӨГЧ БАЙСА",parents_family
C:/tsogoo/Hicheel/erdem shinjilgeenii hural/ecnometric/shine/data/НҮТС-2013/Child.sav,НҮТС-2013,Child.sav,CA3A,"(Нэр)-ИЙГ ЭМЧЛЭХИЙН ТУЛД ХАА НЭГ ГАЗАР, ЭСВЭЛ ХЭН НЭГЭНД ХАНДСАН УУ?",parents_family
C:/tsogoo/Hicheel/erdem shinjilgeenii hural/ecnometric/shine/data/НҮТС-2013/Child.sav,НҮТС-2013,Child.sav,CA3BA,"Улсын эмнэлэг тусгай мэргэжлийн төв (Эх, нялхсын төв)",wealth_assets_housing
C:/tsogoo/Hicheel/erdem shinjilgeenii hural/ecnometric/shine/data/НҮТС-2013/Child.sav,НҮТС-2013,Child.sav,CA3BB,Нэгдсэн эмнэлэг (аймгийн төв/ дүүргийн эмнэлэг),other
C:/tsogoo/Hicheel/erdem shinjilgeenii hural/ecnometric/shine/data/НҮТС-2013/Child.sav,НҮТС-2013,Child.sav,CA3BE,Сумын/ өрхийн эмнэлэг,wealth_assets_housing
C:/tsogoo/Hicheel/erdem shinjilgeenii hural/ecnometric/shine/data/НҮТС-2013/Child.sav,НҮТС-2013,Child.sav,CA3BF,Багийн эмч,other
C:/tsogoo/Hicheel/erdem shinjilgeenii hural/ecnometric/shine/data/НҮТС-2013/Child.sav,НҮТС-2013,Child.sav,CA3BG,Хувийн эмнэлэг Улаанбаатарын ортой эмнэлэг,other
C:/tsogoo/Hicheel/erdem shinjilgeenii hural/ecnometric/shine/data/НҮТС-2013/Child.sav,НҮТС-2013,Child.sav,CA3BH,Хувийн эмнэлэг Улаанбаатарын оргүй эмнэлэг,other
C:/tsogoo/Hicheel/erdem shinjilgeenii hural/ecnometric/shine/data/НҮТС-2013/Child.sav,НҮТС-2013,Child.sav,CA3BI,Хувийн эмнэлэг Аймаг/ сумын ортой эмнэлэг,demographics_geo_weights
C:/tsogoo/Hicheel/erdem shinjilgeenii hural/ecnometric/shine/data/НҮТС-2013/Child.sav,НҮТС-2013,Child.sav,CA3BJ,Хувийн эмнэлэг Аймаг/ сумын оргүй эмнэлэг,demographics_geo_weights
C:/tsogoo/Hicheel/erdem shinjilgeenii hural/ecnometric/shine/data/НҮТС-2013/Child.sav,НҮТС-2013,Child.sav,CA3BK,Эмч,other
C:/tsogoo/Hicheel/erdem shinjilgeenii hural/ecnometric/shine/data/НҮТС-2013/Child.sav,НҮТС-2013,Child.sav,CA3BL,Эмийн сан,other
C:/tsogoo/Hicheel/erdem shinjilgeenii hural/ecnometric/shine/data/НҮТС-2013/Child.sav,НҮТС-2013,Child.sav,CA3BP,"Бусад Хамаатан, найз",wealth_assets_housing
C:/tsogoo/Hicheel/erdem shinjilgeenii hural/ecnometric/shine/data/НҮТС-2013/Child.sav,НҮТС-2013,Child.sav,CA3BR,"Бусад Бариач, засалч, уламжлалт эмчилгээний эмч",wealth_assets_housing
C:/tsogoo/Hicheel/erdem shinjilgeenii hural/ecnometric/shine/data/НҮТС-2013/Child.sav,НҮТС-2013,Child.sav,CA3BX,Бусад (бичих),wealth_assets_housing
C:/tsogoo/Hicheel/erdem shinjilgeenii hural/ecnometric/shine/data/НҮТС-2013/Child.sav,НҮТС-2013,Child.sav,CA3D,"АНХ ХААНА, ЭСВЭЛ ХЭНД ХАНДСАН БЭ?",other
C:/tsogoo/Hicheel/erdem shinjilgeenii hural/ecnometric/shine/data/НҮТС-2013/Child.sav,НҮТС-2013,Child.sav,CA4A,“ХОРОСОЛ” ШИНГЭН СЭЛБЭХ ДАВСНЫ УУСМАЛ УУЛГАСАН УУ?,wealth_assets_housing
C:/tsogoo/Hicheel/erdem shinjilgeenii hural/ecnometric/shine/data/НҮТС-2013/Child.sav,НҮТС-2013,Child.sav,CA4F,“ORALIT” ШИНГЭН СЭЛБЭХ ДАВСНЫ УУСМАЛ УУЛГАСАН УУ?,wealth_assets_housing
C:/tsogoo/Hicheel/erdem shinjilgeenii hural/ecnometric/shine/data/НҮТС-2013/Child.sav,НҮТС-2013,Child.sav,CA4G,“UNICEF” ШИНГЭН СЭЛБЭХ ДАВСНЫ УУСМАЛ УУЛГАСАН УУ?,wealth_assets_housing
C:/tsogoo/Hicheel/erdem shinjilgeenii hural/ecnometric/shine/data/НҮТС-2013/Child.sav,НҮТС-2013,Child.sav,CA4H,БУСАД ШИНГЭН СЭЛБЭХ ДАВСНЫ УУСМАЛ УУЛГАСАН УУ?,wealth_assets_housing
C:/tsogoo/Hicheel/erdem shinjilgeenii hural/ecnometric/shine/data/НҮТС-2013/Child.sav,НҮТС-2013,Child.sav,CA4BB,ҮЙЛДВЭРИЙН АРГААР БЭЛТГЭЖ САВЛАСАН ШИНГЭН СЭЛБЭХ ДАВСНЫ УУСМАЛЫГ ХААНААС АВСАН БЭ?,wealth_assets_housing
C:/tsogoo/Hicheel/erdem shinjilgeenii hural/ecnometric/shine/data/НҮТС-2013/Child.sav,НҮТС-2013,Child.sav,CA4CA,ЦАЙРЫН БЭЛДМЭЛИЙГ ЭМЭЭР УУЛГАСАН УУ?,other
C:/tsogoo/Hicheel/erdem shinjilgeenii hural/ecnometric/shine/data/НҮТС-2013/Child.sav,НҮТС-2013,Child.sav,CA4CB,ЦАЙРЫН БЭЛДМЭЛИЙГ УУСМАЛААР УУЛГАСАН УУ?,wealth_assets_housing
C:/tsogoo/Hicheel/erdem shinjilgeenii hural/ecnometric/shine/data/НҮТС-2013/Child.sav,НҮТС-2013,Child.sav,CA4E,ЦАЙРЫН БЭЛДМЭЛИЙГ ХААНААС АВСАН БЭ?,other
C:/tsogoo/Hicheel/erdem shinjilgeenii hural/ecnometric/shine/data/НҮТС-2013/Child.sav,НҮТС-2013,Child.sav,CA4FA,ГЭРИЙН НӨХЦӨЛД БЭЛТГЭСЭН ШИНГЭН СЭЛБЭХ ДАВСНЫ УУСМАЛ ӨГСӨН ҮҮ?,wealth_assets_housing
C:/tsogoo/Hicheel/erdem shinjilgeenii hural/ecnometric/shine/data/НҮТС-2013/Child.sav,НҮТС-2013,Child.sav,CA4FB,БУЦАЛСАН УС ӨГСӨН ҮҮ?,wealth_assets_housing
C:/tsogoo/Hicheel/erdem shinjilgeenii hural/ecnometric/shine/data/НҮТС-2013/Child.sav,НҮТС-2013,Child.sav,CA4FC,ШИНГЭЛСЭН УСАН ШӨЛ ӨГСӨН ҮҮ?,wealth_assets_housing
C:/tsogoo/Hicheel/erdem shinjilgeenii hural/ecnometric/shine/data/НҮТС-2013/Child.sav,НҮТС-2013,Child.sav,CA4FD,БУДААНЫ ШҮҮС ӨГСӨН ҮҮ?,other
C:/tsogoo/Hicheel/erdem shinjilgeenii hural/ecnometric/shine/data/НҮТС-2013/Child.sav,НҮТС-2013,Child.sav,CA5,"(Нэр)-ИЙГ СУУЛГАЖ, ГҮЙЛГЭЖ БАЙХАД (ӨӨР) ЯМАР НЭГ ЭМЧИЛГЭЭ ХИЙСЭН ҮҮ?",other
C:/tsogoo/Hicheel/erdem shinjilgeenii hural/ecnometric/shine/data/НҮТС-2013/Child.sav,НҮТС-2013,Child.sav,CA6A,ЯМАР ЭМЧИЛГЭЭ ХИЙСЭН БЭ? Антибиотик,other
C:/tsogoo/Hicheel/erdem shinjilgeenii hural/ecnometric/shine/data/НҮТС-2013/Child.sav,НҮТС-2013,Child.sav,CA6B,ЯМАР ЭМЧИЛГЭЭ ХИЙСЭН БЭ? Гэдэсний гүрвэлзэх хөдөлгөөн сааруулагч,parents_family
C:/tsogoo/Hicheel/erdem shinjilgeenii hural/ecnometric/shine/data/НҮТС-2013/Child.sav,НҮТС-2013,Child.sav,CA6G,"ЯМАР ЭМЧИЛГЭЭ ХИЙСЭН БЭ? Бусад эм, сироп (Антибиотик биш)",wealth_assets_housing
C:/tsogoo/Hicheel/erdem shinjilgeenii hural/ecnometric/shine/data/НҮТС-2013/Child.sav,НҮТС-2013,Child.sav,CA6H,ЯМАР ЭМЧИЛГЭЭ ХИЙСЭН БЭ? Эмний нэрийг мэдэхгүй,parents_family
C:/tsogoo/Hicheel/erdem shinjilgeenii hural/ecnometric/shine/data/НҮТС-2013/Child.sav,НҮТС-2013,Child.sav,CA6L,ЯМАР ЭМЧИЛГЭЭ ХИЙСЭН БЭ? Антибиотик,other
C:/tsogoo/Hicheel/erdem shinjilgeenii hural/ecnometric/shine/data/НҮТС-2013/Child.sav,НҮТС-2013,Child.sav,CA6M,ЯМАР ЭМЧИЛГЭЭ ХИЙСЭН БЭ? Антибиотик биш,other
C:/tsogoo/Hicheel/erdem shinjilgeenii hural/ecnometric/shine/data/НҮТС-2013/Child.sav,НҮТС-2013,Child.sav,CA6N,ЯМАР ЭМЧИЛГЭЭ ХИЙСЭН БЭ? Тарианы нэрийг мэдэхгүй,parents_family
C:/tsogoo/Hicheel/erdem shinjilgeenii hural/ecnometric/shine/data/НҮТС-2013/Child.sav,НҮТС-2013,Child.sav,CA6O,ЯМАР ЭМЧИЛГЭЭ ХИЙСЭН БЭ? Дуслын шингэн,wealth_assets_housing
C:/tsogoo/Hicheel/erdem shinjilgeenii hural/ecnometric/shine/data/НҮТС-2013/Child.sav,НҮТС-2013,Child.sav,CA6Q,"ЯМАР ЭМЧИЛГЭЭ ХИЙСЭН БЭ? Гэрийн нөхцөлд бэлтгэсэн эм, өвс ургамлын гаралтай уламжлалт эмчилгээний эм",other
C:/tsogoo/Hicheel/erdem shinjilgeenii hural/ecnometric/shine/data/НҮТС-2013/Child.sav,НҮТС-2013,Child.sav,CA6X,ЯМАР ЭМЧИЛГЭЭ ХИЙСЭН БЭ? Бусад (бичих),wealth_assets_housing
C:/tsogoo/Hicheel/erdem shinjilgeenii hural/ecnometric/shine/data/НҮТС-2013/Child.sav,НҮТС-2013,Child.sav,CA6CC,ТУХАЙН ЭМЧИЛГЭЭГ ХЭН ЗӨВЛӨСӨН БЭ?,other
C:/tsogoo/Hicheel/erdem shinjilgeenii hural/ecnometric/shine/data/НҮТС-2013/Child.sav,НҮТС-2013,Child.sav,CA6AA,(Нэр) СҮҮЛИЙН 14 ХОНОГТ ХАЛУУРСАН УУ?,other
C:/tsogoo/Hicheel/erdem shinjilgeenii hural/ecnometric/shine/data/НҮТС-2013/Child.sav,НҮТС-2013,Child.sav,CA7,(Нэр) СҮҮЛИЙН 14 ХОНОГТ ХАНИАД ХҮРСЭН ҮҮ?,other
C:/tsogoo/Hicheel/erdem shinjilgeenii hural/ecnometric/shine/data/НҮТС-2013/Child.sav,НҮТС-2013,Child.sav,CA8,"(Нэр) ХАНИАДТАЙ БАЙХДАА АМЬСГАЛ НЬ ЕРДИЙНХӨӨС ОЛШИРЧ, БОГИНОСОХ, ЭСВЭЛ СААДТАЙ БОЛЖ БАЙСАН УУ?",other
C:/tsogoo/Hicheel/erdem shinjilgeenii hural/ecnometric/shine/data/НҮТС-2013/Child.sav,НҮТС-2013,Child.sav,CA9,"(Нэр)-ИЙН АМЬСГАЛ НЬ ОЛШИРЧ, БОГИНОСОХ, ЭСВЭЛ СААДТАЙ БОЛСОН НЬ ЦЭЭЖНЭЭСЭЭ ЮҮ, ЭСВЭЛ ХАМАР БИТҮҮРСНЭЭС ҮҮ?",parents_family
C:/tsogoo/Hicheel/erdem shinjilgeenii hural/ecnometric/shine/data/НҮТС-2013/Child.sav,НҮТС-2013,Child.sav,CA9B,"(Нэр)-ИЙГ ХАНИАД ХҮРСЭН ҮЕД НЬ ТҮҮНД ШИНГЭН ЗҮЙЛИЙГ ЕРДИЙНХӨӨС ИХ ХЭМЖЭЭТЭЙ, ЕРДИЙНХТЭЙ ИЖИЛ, ЭСВЭЛ ЕРДИЙНХӨӨС БАГА УУЛГ",other
C:/tsogoo/Hicheel/erdem shinjilgeenii hural/ecnometric/shine/data/НҮТС-2013/Child.sav,НҮТС-2013,Child.sav,CA9C,"(Нэр)-ИЙГ ХАНИАД ХҮРСЭН ҮЕД ТҮҮНД ХООЛЫГ ЕРДИЙНХӨӨС ИХ ХЭМЖЭЭТЭЙ, ЕРДИЙНХТЭЙ ИЖИЛ, ЭСВЭЛ ЕРДИЙНХӨӨС БАГА ӨГЧ БАЙСАН УУ?",health_disability_nutrition
C:/tsogoo/Hicheel/erdem shinjilgeenii hural/ecnometric/shine/data/НҮТС-2013/Child.sav,НҮТС-2013,Child.sav,CA10,"(Нэр)-ИЙГ ЭМЧЛЭХИЙН ТУЛД ХАА НЭГ ГАЗАР, ЭСВЭЛ ХЭН НЭГЭНД ХАНДСАН УУ?",parents_family
C:/tsogoo/Hicheel/erdem shinjilgeenii hural/ecnometric/shine/data/НҮТС-2013/Child.sav,НҮТС-2013,Child.sav,CA11A,"Улсын эмнэлэг тусгай мэргэжлийн төв (Эх, нялхсын төв)",wealth_assets_housing
C:/tsogoo/Hicheel/erdem shinjilgeenii hural/ecnometric/shine/data/НҮТС-2013/Child.sav,НҮТС-2013,Child.sav,CA11B,Нэгдсэн эмнэлэг (аймгийн төв/ дүүргийн эмнэлэг),other
C:/tsogoo/Hicheel/erdem shinjilgeenii hural/ecnometric/shine/data/НҮТС-2013/Child.sav,НҮТС-2013,Child.sav,CA11E,Сумын/ өрхийн эмнэлэг,wealth_assets_housing
C:/tsogoo/Hicheel/erdem shinjilgeenii hural/ecnometric/shine/data/НҮТС-2013/Child.sav,НҮТС-2013,Child.sav,CA11F,Багийн эмч,other
C:/tsogoo/Hicheel/erdem shinjilgeenii hural/ecnometric/shine/data/НҮТС-2013/Child.sav,НҮТС-2013,Child.sav,CA11G,Хувийн эмнэлэг Улаанбаатарын ортой эмнэлэг,other
C:/tsogoo/Hicheel/erdem shinjilgeenii hural/ecnometric/shine/data/НҮТС-2013/Child.sav,НҮТС-2013,Child.sav,CA11H,Хувийн эмнэлэг Улаанбаатарын оргүй эмнэлэг,other
C:/tsogoo/Hicheel/erdem shinjilgeenii hural/ecnometric/shine/data/НҮТС-2013/Child.sav,НҮТС-2013,Child.sav,CA11I,Хувийн эмнэлэг Аймаг/ сумын ортой эмнэлэг,demographics_geo_weights
C:/tsogoo/Hicheel/erdem shinjilgeenii hural/ecnometric/shine/data/НҮТС-2013/Child.sav,НҮТС-2013,Child.sav,CA11J,Хувийн эмнэлэг Аймаг/ сумын оргүй эмнэлэг,demographics_geo_weights
C:/tsogoo/Hicheel/erdem shinjilgeenii hural/ecnometric/shine/data/НҮТС-2013/Child.sav,НҮТС-2013,Child.sav,CA11K,Эмч,other
C:/tsogoo/Hicheel/erdem shinjilgeenii hural/ecnometric/shine/data/НҮТС-2013/Child.sav,НҮТС-2013,Child.sav,CA11L,Эмийн сан,other
C:/tsogoo/Hicheel/erdem shinjilgeenii hural/ecnometric/shine/data/НҮТС-2013/Child.sav,НҮТС-2013,Child.sav,CA11P,"Бусад Хамаатан, найз",wealth_assets_housing
C:/tsogoo/Hicheel/erdem shinjilgeenii hural/ecnometric/shine/data/НҮТС-2013/Child.sav,НҮТС-2013,Child.sav,CA11R,"Бусад Бариач, засалч, уламжлалт эмчилгээний эмч",wealth_assets_housing
C:/tsogoo/Hicheel/erdem shinjilgeenii hural/ecnometric/shine/data/НҮТС-2013/Child.sav,НҮТС-2013,Child.sav,CA11X,Бусад (бичих),wealth_assets_housing
C:/tsogoo/Hicheel/erdem shinjilgeenii hural/ecnometric/shine/data/НҮТС-2013/Child.sav,НҮТС-2013,Child.sav,CA11BB,АНХ ХААНА ЭСВЭЛ ХЭНД ХАНДСАН БЭ?,other
C:/tsogoo/Hicheel/erdem shinjilgeenii hural/ecnometric/shine/data/НҮТС-2013/Child.sav,НҮТС-2013,Child.sav,CA12,"(Нэр)-ИЙГ ЭМЧЛЭХИЙН ТУЛД ЯМАР НЭГ ЭМ, ТАРИА ХЭРЭГЛЭСЭН ҮҮ?",parents_family
C:/tsogoo/Hicheel/erdem shinjilgeenii hural/ecnometric/shine/data/НҮТС-2013/Child.sav,НҮТС-2013,Child.sav,CA13I,"(Нэр)-ИЙГ ЭМЧЛЭХИЙН ТУЛД ЯМАР ЭМ, ТАРИА ХЭРЭГЛЭСЭН БЭ?",parents_family
C:/tsogoo/Hicheel/erdem shinjilgeenii hural/ecnometric/shine/data/НҮТС-2013/Child.sav,НҮТС-2013,Child.sav,CA13J,"(Нэр)-ИЙГ ЭМЧЛЭХИЙН ТУЛД ЯМАР ЭМ, ТАРИА ХЭРЭГЛЭСЭН БЭ?",parents_family
C:/tsogoo/Hicheel/erdem shinjilgeenii hural/ecnometric/shine/data/НҮТС-2013/Child.sav,НҮТС-2013,Child.sav,CA13P,"(Нэр)-ИЙГ ЭМЧЛЭХИЙН ТУЛД ЯМАР ЭМ, ТАРИА ХЭРЭГЛЭСЭН БЭ?",parents_family
C:/tsogoo/Hicheel/erdem shinjilgeenii hural/ecnometric/shine/data/НҮТС-2013/Child.sav,НҮТС-2013,Child.sav,CA13Q,"(Нэр)-ИЙГ ЭМЧЛЭХИЙН ТУЛД ЯМАР ЭМ, ТАРИА ХЭРЭГЛЭСЭН БЭ?",parents_family
C:/tsogoo/Hicheel/erdem shinjilgeenii hural/ecnometric/shine/data/НҮТС-2013/Child.sav,НҮТС-2013,Child.sav,CA13R,"(Нэр)-ИЙГ ЭМЧЛЭХИЙН ТУЛД ЯМАР ЭМ, ТАРИА ХЭРЭГЛЭСЭН БЭ?",parents_family
C:/tsogoo/Hicheel/erdem shinjilgeenii hural/ecnometric/shine/data/НҮТС-2013/Child.sav,НҮТС-2013,Child.sav,CA13X,"(Нэр)-ИЙГ ЭМЧЛЭХИЙН ТУЛД ЯМАР ЭМ, ТАРИА ХЭРЭГЛЭСЭН БЭ?",parents_family
C:/tsogoo/Hicheel/erdem shinjilgeenii hural/ecnometric/shine/data/НҮТС-2013/Child.sav,НҮТС-2013,Child.sav,CA13Z,"(Нэр)-ИЙГ ЭМЧЛЭХИЙН ТУЛД ЯМАР ЭМ, ТАРИА ХЭРЭГЛЭСЭН БЭ?",parents_family
C:/tsogoo/Hicheel/erdem shinjilgeenii hural/ecnometric/shine/data/НҮТС-2013/Child.sav,НҮТС-2013,Child.sav,CA13BB,АНТИБИОТИКИЙГ ХААНААС АВСАН БЭ?,other
C:/tsogoo/Hicheel/erdem shinjilgeenii hural/ecnometric/shine/data/НҮТС-2013/Child.sav,НҮТС-2013,Child.sav,CA15,(Нэр)-ИЙГ ХАМГИЙН СҮҮЛД БААХАД БААСЫГ НЬ ХААНА ХАЯСАН БЭ?,other
C:/tsogoo/Hicheel/erdem shinjilgeenii hural/ecnometric/shine/data/НҮТС-2013/Child.sav,НҮТС-2013,Child.sav,AN1,"Хэмжигчийн нэр, дугаар",other
C:/tsogoo/Hicheel/erdem shinjilgeenii hural/ecnometric/shine/data/НҮТС-2013/Child.sav,НҮТС-2013,Child.sav,AN2,Хэмжилтийн үр дүн,other
C:/tsogoo/Hicheel/erdem shinjilgeenii hural/ecnometric/shine/data/НҮТС-2013/Child.sav,НҮТС-2013,Child.sav,AN3,Хүүхдийн жин,demographics_geo_weights
C:/tsogoo/Hicheel/erdem shinjilgeenii hural/ecnometric/shine/data/НҮТС-2013/Child.sav,НҮТС-2013,Child.sav,AN3A,Хүүхдийн хувцсыг нимгэлсэн байсан уу?,other
C:/tsogoo/Hicheel/erdem shinjilgeenii hural/ecnometric/shine/data/НҮТС-2013/Child.sav,НҮТС-2013,Child.sav,AN4,Хүүхдийн биеийн урт/ өндөр,health_disability_nutrition
C:/tsogoo/Hicheel/erdem shinjilgeenii hural/ecnometric/shine/data/НҮТС-2013/Child.sav,НҮТС-2013,Child.sav,AN4A,"Хүүхдийг хэрхэн хэмжсэн бэ? Хэвтүүлж, эсвэл зогсоож байгаад хэмжсэн үү?",other
C:/tsogoo/Hicheel/erdem shinjilgeenii hural/ecnometric/shine/data/НҮТС-2013/Child.sav,НҮТС-2013,Child.sav,AN5B,"(Нэр) ЭХ, ХҮҮХДИЙН ЭРҮҮЛ МЭНДИЙН ДЭВТЭРТЭЙ ЮҮ?",parents_family
C:/tsogoo/Hicheel/erdem shinjilgeenii hural/ecnometric/shine/data/НҮТС-2013/Child.sav,НҮТС-2013,Child.sav,AN5C,"(Нэр)-ийн жинг эх, хүүхдийн эрүүл мэндийн дэвтэрт сүүлчийн 4 сард тэмдэглэсэн эсэхийг шалгаж, нөхөх.",parents_family
C:/tsogoo/Hicheel/erdem shinjilgeenii hural/ecnometric/shine/data/НҮТС-2013/Child.sav,НҮТС-2013,Child.sav,AN5D,"(Нэр)-ийн урт/ өндрийг эх, хүүхдийн эрүүл мэндийн дэвтэрт сүүлчийн 4 сард тэмдэглэсэн эсэхийг шалгаж, нөхөх.",parents_family
C:/tsogoo/Hicheel/erdem shinjilgeenii hural/ecnometric/shine/data/НҮТС-2013/Child.sav,НҮТС-2013,Child.sav,HAP,Height for age percentile NCHS,demographics_geo_weights
C:/tsogoo/Hicheel/erdem shinjilgeenii hural/ecnometric/shine/data/НҮТС-2013/Child.sav,НҮТС-2013,Child.sav,HAZ,Height for age z-score NCHS,demographics_geo_weights
C:/tsogoo/Hicheel/erdem shinjilgeenii hural/ecnometric/shine/data/НҮТС-2013/Child.sav,НҮТС-2013,Child.sav,HAM,Height for age percent of reference median NCHS,demographics_geo_weights
C:/tsogoo/Hicheel/erdem shinjilgeenii hural/ecnometric/shine/data/НҮТС-2013/Child.sav,НҮТС-2013,Child.sav,WAP,Weight for age percentile NCHS,demographics_geo_weights
C:/tsogoo/Hicheel/erdem shinjilgeenii hural/ecnometric/shine/data/НҮТС-2013/Child.sav,НҮТС-2013,Child.sav,WAZ,Weight for age z-score NCHS,demographics_geo_weights
C:/tsogoo/Hicheel/erdem shinjilgeenii hural/ecnometric/shine/data/НҮТС-2013/Child.sav,НҮТС-2013,Child.sav,WAM,Weight for age percent of reference median NCHS,demographics_geo_weights
C:/tsogoo/Hicheel/erdem shinjilgeenii hural/ecnometric/shine/data/НҮТС-2013/Child.sav,НҮТС-2013,Child.sav,WHP,Weight for height percentile NCHS,demographics_geo_weights
C:/tsogoo/Hicheel/erdem shinjilgeenii hural/ecnometric/shine/data/НҮТС-2013/Child.sav,НҮТС-2013,Child.sav,WHZ,Weight for height z-score NCHS,demographics_geo_weights
C:/tsogoo/Hicheel/erdem shinjilgeenii hural/ecnometric/shine/data/НҮТС-2013/Child.sav,НҮТС-2013,Child.sav,WHM,Weight for height percent of reference median NCHS,demographics_geo_weights
C:/tsogoo/Hicheel/erdem shinjilgeenii hural/ecnometric/shine/data/НҮТС-2013/Child.sav,НҮТС-2013,Child.sav,FLAG,Flag for anthropometric indicators,other
C:/tsogoo/Hicheel/erdem shinjilgeenii hural/ecnometric/shine/data/НҮТС-2013/Child.sav,НҮТС-2013,Child.sav,BMI,Body Mass Index WHO,other
C:/tsogoo/Hicheel/erdem shinjilgeenii hural/ecnometric/shine/data/НҮТС-2013/Child.sav,НҮТС-2013,Child.sav,ZBMI,Body Mass Index z-score WHO,other
C:/tsogoo/Hicheel/erdem shinjilgeenii hural/ecnometric/shine/data/НҮТС-2013/Child.sav,НҮТС-2013,Child.sav,HAZ2,Height for age z-score WHO,demographics_geo_weights
C:/tsogoo/Hicheel/erdem shinjilgeenii hural/ecnometric/shine/data/НҮТС-2013/Child.sav,НҮТС-2013,Child.sav,WAZ2,Weight for age z-score WHO,demographics_geo_weights
C:/tsogoo/Hicheel/erdem shinjilgeenii hural/ecnometric/shine/data/НҮТС-2013/Child.sav,НҮТС-2013,Child.sav,WHZ2,Weight for height z-score WHO,demographics_geo_weights
C:/tsogoo/Hicheel/erdem shinjilgeenii hural/ecnometric/shine/data/НҮТС-2013/Child.sav,НҮТС-2013,Child.sav,HAZFLAG,Height for age flag WHO,demographics_geo_weights
C:/tsogoo/Hicheel/erdem shinjilgeenii hural/ecnometric/shine/data/НҮТС-2013/Child.sav,НҮТС-2013,Child.sav,WAZFLAG,Weight for age flag WHO,demographics_geo_weights
C:/tsogoo/Hicheel/erdem shinjilgeenii hural/ecnometric/shine/data/НҮТС-2013/Child.sav,НҮТС-2013,Child.sav,WHZFLAG,Weight for height flag WHO,demographics_geo_weights
C:/tsogoo/Hicheel/erdem shinjilgeenii hural/ecnometric/shine/data/НҮТС-2013/Child.sav,НҮТС-2013,Child.sav,BMIFLAG,BMI flag WHO,other
C:/tsogoo/Hicheel/erdem shinjilgeenii hural/ecnometric/shine/data/НҮТС-2013/Child.sav,НҮТС-2013,Child.sav,WHZNOAGE,Weight for height - Age flag WHO,demographics_geo_weights
C:/tsogoo/Hicheel/erdem shinjilgeenii hural/ecnometric/shine/data/НҮТС-2013/Child.sav,НҮТС-2013,Child.sav,HH6A,Байршил,other
C:/tsogoo/Hicheel/erdem shinjilgeenii hural/ecnometric/shine/data/НҮТС-2013/Child.sav,НҮТС-2013,Child.sav,HH7A,"Аймаг/ нийслэлийн нэр, код",demographics_geo_weights
C:/tsogoo/Hicheel/erdem shinjilgeenii hural/ecnometric/shine/data/НҮТС-2013/Child.sav,НҮТС-2013,Child.sav,HH7B,"Сум/ дүүргийн нэр, код",other
C:/tsogoo/Hicheel/erdem shinjilgeenii hural/ecnometric/shine/data/НҮТС-2013/Child.sav,НҮТС-2013,Child.sav,HH7C,"Баг/хорооны нэр, код",other
C:/tsogoo/Hicheel/erdem shinjilgeenii hural/ecnometric/shine/data/НҮТС-2013/Child.sav,НҮТС-2013,Child.sav,HH7D,"Хэсгийн нэр, код",other
C:/tsogoo/Hicheel/erdem shinjilgeenii hural/ecnometric/shine/data/НҮТС-2013/Child.sav,НҮТС-2013,Child.sav,HH4,"Багийн ахлагчийн нэр, дугаар",other
C:/tsogoo/Hicheel/erdem shinjilgeenii hural/ecnometric/shine/data/НҮТС-2013/Child.sav,НҮТС-2013,Child.sav,HL4,Хүйс,demographics_geo_weights
C:/tsogoo/Hicheel/erdem shinjilgeenii hural/ecnometric/shine/data/НҮТС-2013/Child.sav,НҮТС-2013,Child.sav,ED3,Цэцэрлэгт хүмүүжиж/ сургуульд сурч байсан уу?,education_schooling
C:/tsogoo/Hicheel/erdem shinjilgeenii hural/ecnometric/shine/data/НҮТС-2013/Child.sav,НҮТС-2013,Child.sav,ED4A,Хамгийн дээд тал нь аль шатны сургуульд сурсан бэ?,education_schooling
C:/tsogoo/Hicheel/erdem shinjilgeenii hural/ecnometric/shine/data/НҮТС-2013/Child.sav,НҮТС-2013,Child.sav,ED4C,Суралцаж байсан хамгийн дээд шатны сургуулиа төгссөн үү?,other
C:/tsogoo/Hicheel/erdem shinjilgeenii hural/ecnometric/shine/data/НҮТС-2013/Child.sav,НҮТС-2013,Child.sav,ED4B,Хамгийн дээд тал нь хэддүгээр анги/ курсыг төгссөн бэ?,education_schooling
C:/tsogoo/Hicheel/erdem shinjilgeenii hural/ecnometric/shine/data/НҮТС-2013/Child.sav,НҮТС-2013,Child.sav,CDOI,Date of interview child (CMC),other
C:/tsogoo/Hicheel/erdem shinjilgeenii hural/ecnometric/shine/data/НҮТС-2013/Child.sav,НҮТС-2013,Child.sav,CDOB,Date of birth of child (CMC),demographics_geo_weights
C:/tsogoo/Hicheel/erdem shinjilgeenii hural/ecnometric/shine/data/НҮТС-2013/Child.sav,НҮТС-2013,Child.sav,CAGE,Age (months),demographics_geo_weights
C:/tsogoo/Hicheel/erdem shinjilgeenii hural/ecnometric/shine/data/НҮТС-2013/Child.sav,НҮТС-2013,Child.sav,CAGE_6,Age,demographics_geo_weights
C:/tsogoo/Hicheel/erdem shinjilgeenii hural/ecnometric/shine/data/НҮТС-2013/Child.sav,НҮТС-2013,Child.sav,CAGE_11,Age,demographics_geo_weights
C:/tsogoo/Hicheel/erdem shinjilgeenii hural/ecnometric/shine/data/НҮТС-2013/Child.sav,НҮТС-2013,Child.sav,CAGED,Age in days,demographics_geo_weights
C:/tsogoo/Hicheel/erdem shinjilgeenii hural/ecnometric/shine/data/НҮТС-2013/Child.sav,НҮТС-2013,Child.sav,LN,Line number,other
C:/tsogoo/Hicheel/erdem shinjilgeenii hural/ecnometric/shine/data/НҮТС-2013/Child.sav,НҮТС-2013,Child.sav,chweight,Children under-5's sample weight,demographics_geo_weights
C:/tsogoo/Hicheel/erdem shinjilgeenii hural/ecnometric/shine/data/НҮТС-2013/Child.sav,НҮТС-2013,Child.sav,wscore,REGR factor score   1 for analysis,other
C:/tsogoo/Hicheel/erdem shinjilgeenii hural/ecnometric/shine/data/НҮТС-2013/Child.sav,НҮТС-2013,Child.sav,windex5,Initial (common) wealth index quintile,wealth_assets_housing
C:/tsogoo/Hicheel/erdem shinjilgeenii hural/ecnometric/shine/data/НҮТС-2013/Child.sav,НҮТС-2013,Child.sav,melevel,Mother`s/ caretaker`s education,wealth_assets_housing
C:/tsogoo/Hicheel/erdem shinjilgeenii hural/ecnometric/shine/data/НҮТС-2013/Child.sav,НҮТС-2013,Child.sav,HH7,Region,demographics_geo_weights
C:/tsogoo/Hicheel/erdem shinjilgeenii hural/ecnometric/shine/data/НҮТС-2013/Child.sav,НҮТС-2013,Child.sav,HH6,Area,other
C:/tsogoo/Hicheel/erdem shinjilgeenii hural/ecnometric/shine/data/НҮТС-2013/Child.sav,НҮТС-2013,Child.sav,religion,Religion of household head,other
C:/tsogoo/Hicheel/erdem shinjilgeenii hural/ecnometric/shine/data/НҮТС-2013/Child.sav,НҮТС-2013,Child.sav,ethnicity,Ethnicity of household head,other
C:/tsogoo/Hicheel/erdem shinjilgeenii hural/ecnometric/shine/data/НҮТС-2013/Household list.sav,НҮТС-2013,Household list.sav,HH1,HH1. Түүврийн нэгж,other
C:/tsogoo/Hicheel/erdem shinjilgeenii hural/ecnometric/shine/data/НҮТС-2013/Household list.sav,НҮТС-2013,Household list.sav,HH2,Өрхийн дугаар,wealth_assets_housing
C:/tsogoo/Hicheel/erdem shinjilgeenii hural/ecnometric/shine/data/НҮТС-2013/Household list.sav,НҮТС-2013,Household list.sav,HH4,"Багийн ахлагчийн нэр, дугаар",other
C:/tsogoo/Hicheel/erdem shinjilgeenii hural/ecnometric/shine/data/НҮТС-2013/Household list.sav,НҮТС-2013,Household list.sav,HL1,Мөрийн дугаар,other
C:/tsogoo/Hicheel/erdem shinjilgeenii hural/ecnometric/shine/data/НҮТС-2013/Household list.sav,НҮТС-2013,Household list.sav,HL3,Өрхийн тэргүүлэгчтэй ямар хамааралтай вэ,wealth_assets_housing
C:/tsogoo/Hicheel/erdem shinjilgeenii hural/ecnometric/shine/data/НҮТС-2013/Household list.sav,НҮТС-2013,Household list.sav,HL4,Хүйс,demographics_geo_weights
C:/tsogoo/Hicheel/erdem shinjilgeenii hural/ecnometric/shine/data/НҮТС-2013/Household list.sav,НҮТС-2013,Household list.sav,HL5Y,Төрсөн он,demographics_geo_weights
C:/tsogoo/Hicheel/erdem shinjilgeenii hural/ecnometric/shine/data/НҮТС-2013/Household list.sav,НҮТС-2013,Household list.sav,HL5M,Төрсөн сар,demographics_geo_weights
C:/tsogoo/Hicheel/erdem shinjilgeenii hural/ecnometric/shine/data/НҮТС-2013/Household list.sav,НҮТС-2013,Household list.sav,HL6,Нас,demographics_geo_weights
C:/tsogoo/Hicheel/erdem shinjilgeenii hural/ecnometric/shine/data/НҮТС-2013/Household list.sav,НҮТС-2013,Household list.sav,HL7,15-49 насны эмэгтэйн мөрийн дугаарыг дугуйлна,demographics_geo_weights
C:/tsogoo/Hicheel/erdem shinjilgeenii hural/ecnometric/shine/data/НҮТС-2013/Household list.sav,НҮТС-2013,Household list.sav,HL7A,Эрэгтэйн ганцаарчилсан асуулгад сонгогдсон бол 15-54 насны эрэгтэйн мөрийн дугаарыг дугуйлна,demographics_geo_weights
C:/tsogoo/Hicheel/erdem shinjilgeenii hural/ecnometric/shine/data/НҮТС-2013/Household list.sav,НҮТС-2013,Household list.sav,HL7B,0-4 насны хүүхдийн мөрийн дугаарыг дугуйлна,demographics_geo_weights
C:/tsogoo/Hicheel/erdem shinjilgeenii hural/ecnometric/shine/data/НҮТС-2013/Household list.sav,НҮТС-2013,Household list.sav,HL11,Төрсөн эх нь амьд сэрүүн байгаа юу?,parents_family
C:/tsogoo/Hicheel/erdem shinjilgeenii hural/ecnometric/shine/data/НҮТС-2013/Household list.sav,НҮТС-2013,Household list.sav,HL12,Төрсөн эх нь хамт амьдарч байгаа юу?,parents_family
C:/tsogoo/Hicheel/erdem shinjilgeenii hural/ecnometric/shine/data/НҮТС-2013/Household list.sav,НҮТС-2013,Household list.sav,HL12A,Төрсөн эх нь хаана амьдарч байгаа вэ?,parents_family
C:/tsogoo/Hicheel/erdem shinjilgeenii hural/ecnometric/shine/data/НҮТС-2013/Household list.sav,НҮТС-2013,Household list.sav,HL13,Төрсөн эцэг нь амьд сэрүүн байгаа юу?,parents_family
C:/tsogoo/Hicheel/erdem shinjilgeenii hural/ecnometric/shine/data/НҮТС-2013/Household list.sav,НҮТС-2013,Household list.sav,HL14,Төрсөн эцэг нь хамт амьдарч байгаа юу?,parents_family
C:/tsogoo/Hicheel/erdem shinjilgeenii hural/ecnometric/shine/data/НҮТС-2013/Household list.sav,НҮТС-2013,Household list.sav,HL14A,Төрсөн эцэг нь хаана амьдарч байгаа вэ?,parents_family
C:/tsogoo/Hicheel/erdem shinjilgeenii hural/ecnometric/shine/data/НҮТС-2013/Household list.sav,НҮТС-2013,Household list.sav,HL15,Эх нь хамт амьдарч байгаа бол HL12-оос мөрийн дугаарыг бичнэ.,parents_family
C:/tsogoo/Hicheel/erdem shinjilgeenii hural/ecnometric/shine/data/НҮТС-2013/Household list.sav,НҮТС-2013,Household list.sav,HR1,Мөрийн дугаар,other
C:/tsogoo/Hicheel/erdem shinjilgeenii hural/ecnometric/shine/data/НҮТС-2013/Household list.sav,НҮТС-2013,Household list.sav,HR2B,Нас,demographics_geo_weights
C:/tsogoo/Hicheel/erdem shinjilgeenii hural/ecnometric/shine/data/НҮТС-2013/Household list.sav,НҮТС-2013,Household list.sav,HR3,"2013 оны 1 сараас хойш хурдны морь унаж, уралдаанд оролцсон уу?",other
C:/tsogoo/Hicheel/erdem shinjilgeenii hural/ecnometric/shine/data/НҮТС-2013/Household list.sav,НҮТС-2013,Household list.sav,HR4,Хэдэн удаа унасан бэ?,demographics_geo_weights
C:/tsogoo/Hicheel/erdem shinjilgeenii hural/ecnometric/shine/data/НҮТС-2013/Household list.sav,НҮТС-2013,Household list.sav,HR5,Хамгийн сүүлд ямар уралдаанд хурдны морь унаж оролцсон бэ?,other
C:/tsogoo/Hicheel/erdem shinjilgeenii hural/ecnometric/shine/data/НҮТС-2013/Household list.sav,НҮТС-2013,Household list.sav,HR6A,Малгай,wealth_assets_housing
C:/tsogoo/Hicheel/erdem shinjilgeenii hural/ecnometric/shine/data/НҮТС-2013/Household list.sav,НҮТС-2013,Household list.sav,HR6B,Хантааз,other
C:/tsogoo/Hicheel/erdem shinjilgeenii hural/ecnometric/shine/data/НҮТС-2013/Household list.sav,НҮТС-2013,Household list.sav,HR6C,Өвдгөвч,other
C:/tsogoo/Hicheel/erdem shinjilgeenii hural/ecnometric/shine/data/НҮТС-2013/Household list.sav,НҮТС-2013,Household list.sav,HR6D,Тохойвч,other
C:/tsogoo/Hicheel/erdem shinjilgeenii hural/ecnometric/shine/data/НҮТС-2013/Household list.sav,НҮТС-2013,Household list.sav,HR6E,Гутал,other
C:/tsogoo/Hicheel/erdem shinjilgeenii hural/ecnometric/shine/data/НҮТС-2013/Household list.sav,НҮТС-2013,Household list.sav,HR7,Оролцсон хамгийн сүүлчийн уралдаан аль улиралд болсон бэ?,other
C:/tsogoo/Hicheel/erdem shinjilgeenii hural/ecnometric/shine/data/НҮТС-2013/Household list.sav,НҮТС-2013,Household list.sav,HR8,Хамгийн сүүлчийн уралдаанд морио зайдан унасан уу?,demographics_geo_weights
C:/tsogoo/Hicheel/erdem shinjilgeenii hural/ecnometric/shine/data/НҮТС-2013/Household list.sav,НҮТС-2013,Household list.sav,HR9,Хамгийн сүүлчийн  уралдаанд оролцохдоо даатгуулсан уу?,other
C:/tsogoo/Hicheel/erdem shinjilgeenii hural/ecnometric/shine/data/НҮТС-2013/Household list.sav,НҮТС-2013,Household list.sav,HR10,Хамгийн сүүлчийн уралдаанд оролцохдоо гэмтсэн үү?,other
C:/tsogoo/Hicheel/erdem shinjilgeenii hural/ecnometric/shine/data/НҮТС-2013/Household list.sav,НҮТС-2013,Household list.sav,HR11,Хамгийн сүүлчийн уралдаанд оролцохдоо хэний морийг унасан бэ?,demographics_geo_weights
C:/tsogoo/Hicheel/erdem shinjilgeenii hural/ecnometric/shine/data/НҮТС-2013/Household list.sav,НҮТС-2013,Household list.sav,HR12,"Хамгийн сүүлчийн уралдаанд бэлтгэх, уралдах хугацааны туршид урамшуулал авсан уу?",parents_family
C:/tsogoo/Hicheel/erdem shinjilgeenii hural/ecnometric/shine/data/НҮТС-2013/Household list.sav,НҮТС-2013,Household list.sav,HR13,Хамгийн сүүлчийн уралдаанд оролцохдоо морины эзэнтэй гэрээ байгуулсан уу?,other
C:/tsogoo/Hicheel/erdem shinjilgeenii hural/ecnometric/shine/data/НҮТС-2013/Household list.sav,НҮТС-2013,Household list.sav,HR14,"Анх хэдэн наснаасаа эхлэн хурдны морь унаж, уралдсан бэ?",parents_family
C:/tsogoo/Hicheel/erdem shinjilgeenii hural/ecnometric/shine/data/НҮТС-2013/Household list.sav,НҮТС-2013,Household list.sav,ED1,Мөрийн дугаар,other
C:/tsogoo/Hicheel/erdem shinjilgeenii hural/ecnometric/shine/data/НҮТС-2013/Household list.sav,НҮТС-2013,Household list.sav,ED2B,Нас,demographics_geo_weights
C:/tsogoo/Hicheel/erdem shinjilgeenii hural/ecnometric/shine/data/НҮТС-2013/Household list.sav,НҮТС-2013,Household list.sav,ED3,Цэцэрлэгт хүмүүжиж/ сургуульд сурч байсан уу?,education_schooling
C:/tsogoo/Hicheel/erdem shinjilgeenii hural/ecnometric/shine/data/НҮТС-2013/Household list.sav,НҮТС-2013,Household list.sav,ED4A,Хамгийн дээд тал нь аль шатны сургуульд сурсан бэ?,education_schooling
C:/tsogoo/Hicheel/erdem shinjilgeenii hural/ecnometric/shine/data/НҮТС-2013/Household list.sav,НҮТС-2013,Household list.sav,ED4C,Суралцаж байсан хамгийн дээд шатны сургуулиа төгссөн үү?,other
C:/tsogoo/Hicheel/erdem shinjilgeenii hural/ecnometric/shine/data/НҮТС-2013/Household list.sav,НҮТС-2013,Household list.sav,ED4B,Хамгийн дээд тал нь хэддүгээр анги/ курсыг төгссөн бэ?,education_schooling
C:/tsogoo/Hicheel/erdem shinjilgeenii hural/ecnometric/shine/data/НҮТС-2013/Household list.sav,НҮТС-2013,Household list.sav,ED5,2013/2014 оны хичээлийн жилд цэцэрлэгт хүмүүжиж/ сургуульд сурч байгаа юу?,education_schooling
C:/tsogoo/Hicheel/erdem shinjilgeenii hural/ecnometric/shine/data/НҮТС-2013/Household list.sav,НҮТС-2013,Household list.sav,ED6A,2013/2014 оны хичээлийн жилд аль шатны сургуульд сурч байгаа вэ?,education_schooling
C:/tsogoo/Hicheel/erdem shinjilgeenii hural/ecnometric/shine/data/НҮТС-2013/Household list.sav,НҮТС-2013,Household list.sav,ED6B,2013/2014 оны хичээлийн жилд хэддүгээр анги/ курст сурч байгаа вэ?,education_schooling
C:/tsogoo/Hicheel/erdem shinjilgeenii hural/ecnometric/shine/data/НҮТС-2013/Household list.sav,НҮТС-2013,Household list.sav,ED7,2012/2013 оны өмнөх хичээлийн жилд цэцэрлэгт хүмүүжиж/ сургуульд сурсан уу?,education_schooling
C:/tsogoo/Hicheel/erdem shinjilgeenii hural/ecnometric/shine/data/НҮТС-2013/Household list.sav,НҮТС-2013,Household list.sav,ED8A,2012/2013 оны хичээлийн жилд аль шатны сургуульд сурч байгаа вэ?,education_schooling
C:/tsogoo/Hicheel/erdem shinjilgeenii hural/ecnometric/shine/data/НҮТС-2013/Household list.sav,НҮТС-2013,Household list.sav,ED8B,2012/2013 оны хичээлийн жилд хэддүгээр анги/ курст сурч байгаа вэ?,education_schooling
C:/tsogoo/Hicheel/erdem shinjilgeenii hural/ecnometric/shine/data/НҮТС-2013/Household list.sav,НҮТС-2013,Household list.sav,HH5D,Ярилцлага авсан өдөр,other
C:/tsogoo/Hicheel/erdem shinjilgeenii hural/ecnometric/shine/data/НҮТС-2013/Household list.sav,НҮТС-2013,Household list.sav,HH5M,Ярилцлага авсан сар,other
C:/tsogoo/Hicheel/erdem shinjilgeenii hural/ecnometric/shine/data/НҮТС-2013/Household list.sav,НҮТС-2013,Household list.sav,HH5Y,Ярилцлага авсан он,other
C:/tsogoo/Hicheel/erdem shinjilgeenii hural/ecnometric/shine/data/НҮТС-2013/Household list.sav,НҮТС-2013,Household list.sav,HH6A,Байршил,other
C:/tsogoo/Hicheel/erdem shinjilgeenii hural/ecnometric/shine/data/НҮТС-2013/Household list.sav,НҮТС-2013,Household list.sav,HH7A,"Аймаг/ нийслэлийн нэр, код",demographics_geo_weights
C:/tsogoo/Hicheel/erdem shinjilgeenii hural/ecnometric/shine/data/НҮТС-2013/Household list.sav,НҮТС-2013,Household list.sav,HH7B,"Сум/ дүүргийн нэр, код",other
C:/tsogoo/Hicheel/erdem shinjilgeenii hural/ecnometric/shine/data/НҮТС-2013/Household list.sav,НҮТС-2013,Household list.sav,HH7C,"Баг/хорооны нэр, код",other
C:/tsogoo/Hicheel/erdem shinjilgeenii hural/ecnometric/shine/data/НҮТС-2013/Household list.sav,НҮТС-2013,Household list.sav,HH7D,"Хэсгийн нэр, код",other
C:/tsogoo/Hicheel/erdem shinjilgeenii hural/ecnometric/shine/data/НҮТС-2013/Household list.sav,НҮТС-2013,Household list.sav,MLINE,Mother's line number,parents_family
C:/tsogoo/Hicheel/erdem shinjilgeenii hural/ecnometric/shine/data/НҮТС-2013/Household list.sav,НҮТС-2013,Household list.sav,FLINE,Father's line number,parents_family
C:/tsogoo/Hicheel/erdem shinjilgeenii hural/ecnometric/shine/data/НҮТС-2013/Household list.sav,НҮТС-2013,Household list.sav,hhweight,Household sample weight,demographics_geo_weights
C:/tsogoo/Hicheel/erdem shinjilgeenii hural/ecnometric/shine/data/НҮТС-2013/Household list.sav,НҮТС-2013,Household list.sav,wscore,REGR factor score   1 for analysis,other
C:/tsogoo/Hicheel/erdem shinjilgeenii hural/ecnometric/shine/data/НҮТС-2013/Household list.sav,НҮТС-2013,Household list.sav,windex5,Initial (common) wealth index quintile,wealth_assets_housing
C:/tsogoo/Hicheel/erdem shinjilgeenii hural/ecnometric/shine/data/НҮТС-2013/Household list.sav,НҮТС-2013,Household list.sav,SL1,,other
C:/tsogoo/Hicheel/erdem shinjilgeenii hural/ecnometric/shine/data/НҮТС-2013/Household list.sav,НҮТС-2013,Household list.sav,HH7,Region,demographics_geo_weights
C:/tsogoo/Hicheel/erdem shinjilgeenii hural/ecnometric/shine/data/НҮТС-2013/Household list.sav,НҮТС-2013,Household list.sav,HH6,Area,other
C:/tsogoo/Hicheel/erdem shinjilgeenii hural/ecnometric/shine/data/НҮТС-2013/Household list.sav,НҮТС-2013,Household list.sav,religion,Religion of household head,other
C:/tsogoo/Hicheel/erdem shinjilgeenii hural/ecnometric/shine/data/НҮТС-2013/Household list.sav,НҮТС-2013,Household list.sav,ethnicity,Ethnicity of household head,other
C:/tsogoo/Hicheel/erdem shinjilgeenii hural/ecnometric/shine/data/НҮТС-2013/Household list.sav,НҮТС-2013,Household list.sav,helevel,Education of household head,education_schooling
C:/tsogoo/Hicheel/erdem shinjilgeenii hural/ecnometric/shine/data/НҮТС-2013/Household list.sav,НҮТС-2013,Household list.sav,melevel,Mother`s education,education_schooling
C:/tsogoo/Hicheel/erdem shinjilgeenii hural/ecnometric/shine/data/НҮТС-2013/Household list.sav,НҮТС-2013,Household list.sav,felevel,Father`s education,education_schooling
C:/tsogoo/Hicheel/erdem shinjilgeenii hural/ecnometric/shine/data/НҮТС-2013/Household list.sav,НҮТС-2013,Household list.sav,schage,Age at beginning of school year,education_schooling
C:/tsogoo/Hicheel/erdem shinjilgeenii hural/ecnometric/shine/data/НҮТС-2013/Household.sav,НҮТС-2013,Household.sav,HH1,HH1. Түүврийн нэгж,other
C:/tsogoo/Hicheel/erdem shinjilgeenii hural/ecnometric/shine/data/НҮТС-2013/Household.sav,НҮТС-2013,Household.sav,HH2,Өрхийн дугаар,wealth_assets_housing
C:/tsogoo/Hicheel/erdem shinjilgeenii hural/ecnometric/shine/data/НҮТС-2013/Household.sav,НҮТС-2013,Household.sav,HH3,"Судлаачийн нэр, дугаар",other
C:/tsogoo/Hicheel/erdem shinjilgeenii hural/ecnometric/shine/data/НҮТС-2013/Household.sav,НҮТС-2013,Household.sav,HH4,"Багийн ахлагчийн нэр, дугаар",other
C:/tsogoo/Hicheel/erdem shinjilgeenii hural/ecnometric/shine/data/НҮТС-2013/Household.sav,НҮТС-2013,Household.sav,HH5Y,Ярилцлага авсан он,other
C:/tsogoo/Hicheel/erdem shinjilgeenii hural/ecnometric/shine/data/НҮТС-2013/Household.sav,НҮТС-2013,Household.sav,HH5M,Ярилцлага авсан сар,other
C:/tsogoo/Hicheel/erdem shinjilgeenii hural/ecnometric/shine/data/НҮТС-2013/Household.sav,НҮТС-2013,Household.sav,HH5D,Ярилцлага авсан өдөр,other
C:/tsogoo/Hicheel/erdem shinjilgeenii hural/ecnometric/shine/data/НҮТС-2013/Household.sav,НҮТС-2013,Household.sav,HH5A,Очилтын тоо,other
C:/tsogoo/Hicheel/erdem shinjilgeenii hural/ecnometric/shine/data/НҮТС-2013/Household.sav,НҮТС-2013,Household.sav,HH6A,Байршил,other
C:/tsogoo/Hicheel/erdem shinjilgeenii hural/ecnometric/shine/data/НҮТС-2013/Household.sav,НҮТС-2013,Household.sav,HH7A,"Аймаг/ нийслэлийн нэр, код",demographics_geo_weights
C:/tsogoo/Hicheel/erdem shinjilgeenii hural/ecnometric/shine/data/НҮТС-2013/Household.sav,НҮТС-2013,Household.sav,HH7B,"Сум/ дүүргийн нэр, код",other
C:/tsogoo/Hicheel/erdem shinjilgeenii hural/ecnometric/shine/data/НҮТС-2013/Household.sav,НҮТС-2013,Household.sav,HH7C,"Баг/хорооны нэр, код",other
C:/tsogoo/Hicheel/erdem shinjilgeenii hural/ecnometric/shine/data/НҮТС-2013/Household.sav,НҮТС-2013,Household.sav,HH8,Өрх эрэгтэйн ганцаарчилсан асуулгад хүн сонгогдсон уу?,wealth_assets_housing
C:/tsogoo/Hicheel/erdem shinjilgeenii hural/ecnometric/shine/data/НҮТС-2013/Household.sav,НҮТС-2013,Household.sav,CONSENT,Бид ярилцлага эхэлж болох уу?,parents_family
C:/tsogoo/Hicheel/erdem shinjilgeenii hural/ecnometric/shine/data/НҮТС-2013/Household.sav,НҮТС-2013,Household.sav,HH9,Ярилцлагын үр дүн,other
C:/tsogoo/Hicheel/erdem shinjilgeenii hural/ecnometric/shine/data/НҮТС-2013/Household.sav,НҮТС-2013,Household.sav,HH10,Ярилцлага өгөгчийн нэр,other
C:/tsogoo/Hicheel/erdem shinjilgeenii hural/ecnometric/shine/data/НҮТС-2013/Household.sav,НҮТС-2013,Household.sav,HH11,Өрхөд бүртгэгдсэн хүний тоо,wealth_assets_housing
C:/tsogoo/Hicheel/erdem shinjilgeenii hural/ecnometric/shine/data/НҮТС-2013/Household.sav,НҮТС-2013,Household.sav,HH12,Өрхийн 15-49 насны эмэгтэйчүүдийн тоо,wealth_assets_housing
C:/tsogoo/Hicheel/erdem shinjilgeenii hural/ecnometric/shine/data/НҮТС-2013/Household.sav,НҮТС-2013,Household.sav,HH13A,Өрхийн 15-54 насны эрэгтэйчүүдийн тоо,wealth_assets_housing
C:/tsogoo/Hicheel/erdem shinjilgeenii hural/ecnometric/shine/data/НҮТС-2013/Household.sav,НҮТС-2013,Household.sav,HH14,Өрхийн 5 хүртэлх насны хүүхдийн тоо,wealth_assets_housing
C:/tsogoo/Hicheel/erdem shinjilgeenii hural/ecnometric/shine/data/НҮТС-2013/Household.sav,НҮТС-2013,Household.sav,HH18H,Ярилцлага эхэлсэн цаг,parents_family
C:/tsogoo/Hicheel/erdem shinjilgeenii hural/ecnometric/shine/data/НҮТС-2013/Household.sav,НҮТС-2013,Household.sav,HH18M,Ярилцлага эхэлсэн минут,parents_family
C:/tsogoo/Hicheel/erdem shinjilgeenii hural/ecnometric/shine/data/НҮТС-2013/Household.sav,НҮТС-2013,Household.sav,HH19H,Ярилцлага дууссан цаг,wealth_assets_housing
C:/tsogoo/Hicheel/erdem shinjilgeenii hural/ecnometric/shine/data/НҮТС-2013/Household.sav,НҮТС-2013,Household.sav,HH19M,Ярилцлага дууссан минут,wealth_assets_housing
C:/tsogoo/Hicheel/erdem shinjilgeenii hural/ecnometric/shine/data/НҮТС-2013/Household.sav,НҮТС-2013,Household.sav,INTROHL,Introduction HH Listing,other
C:/tsogoo/Hicheel/erdem shinjilgeenii hural/ecnometric/shine/data/НҮТС-2013/Household.sav,НҮТС-2013,Household.sav,HHAUX,Өрхөд өөр гишүүн байна уу,wealth_assets_housing
C:/tsogoo/Hicheel/erdem shinjilgeenii hural/ecnometric/shine/data/НҮТС-2013/Household.sav,НҮТС-2013,Household.sav,QHFIN,Дуусгах,wealth_assets_housing
C:/tsogoo/Hicheel/erdem shinjilgeenii hural/ecnometric/shine/data/НҮТС-2013/Household.sav,НҮТС-2013,Household.sav,QFINSI,Давс дуусгах,wealth_assets_housing
C:/tsogoo/Hicheel/erdem shinjilgeenii hural/ecnometric/shine/data/НҮТС-2013/Household.sav,НҮТС-2013,Household.sav,SL9B,Мөрийн дугаар,other
C:/tsogoo/Hicheel/erdem shinjilgeenii hural/ecnometric/shine/data/НҮТС-2013/Household.sav,НҮТС-2013,Household.sav,SL9D,Нас,demographics_geo_weights
C:/tsogoo/Hicheel/erdem shinjilgeenii hural/ecnometric/shine/data/НҮТС-2013/Household.sav,НҮТС-2013,Household.sav,CL2A,"Өрхийнхөө МАА, газар тариалангийн ажил",wealth_assets_housing
C:/tsogoo/Hicheel/erdem shinjilgeenii hural/ecnometric/shine/data/НҮТС-2013/Household.sav,НҮТС-2013,Household.sav,CL2B,"МАА-аас бусад өрхийн болон хамаатныхаа бизнест тусалж, эсвэл өөрөө бизнес эрхэлсэн ажил",wealth_assets_housing
C:/tsogoo/Hicheel/erdem shinjilgeenii hural/ecnometric/shine/data/НҮТС-2013/Household.sav,НҮТС-2013,Household.sav,CL2C,"ХАА-н болон хүнсний бүтээгдэхүүн, хувцас,гар урлал, эд бараа үйлдвэрлэх, эсвэл худалдаалах ажил",parents_family
C:/tsogoo/Hicheel/erdem shinjilgeenii hural/ecnometric/shine/data/НҮТС-2013/Household.sav,НҮТС-2013,Household.sav,CL2D,Бусад ажил,wealth_assets_housing
C:/tsogoo/Hicheel/erdem shinjilgeenii hural/ecnometric/shine/data/НҮТС-2013/Household.sav,НҮТС-2013,Household.sav,CL4,Сүүлийн 7 хоногт дээрх ажилд нийт хэдэн цаг зарцуулсан бэ?,work_child_labour
C:/tsogoo/Hicheel/erdem shinjilgeenii hural/ecnometric/shine/data/НҮТС-2013/Household.sav,НҮТС-2013,Household.sav,CL4ACODE,Эрхэлсэн ажлын код,other
C:/tsogoo/Hicheel/erdem shinjilgeenii hural/ecnometric/shine/data/НҮТС-2013/Household.sav,НҮТС-2013,Household.sav,CL4BCODE,Үйл ажиллагааны үндсэн чиглэлийн код,work_child_labour
C:/tsogoo/Hicheel/erdem shinjilgeenii hural/ecnometric/shine/data/НҮТС-2013/Household.sav,НҮТС-2013,Household.sav,CL4C,Ажил эрхлэлтийн байдал (статус)-ыг хэлнэ үү?,wealth_assets_housing
C:/tsogoo/Hicheel/erdem shinjilgeenii hural/ecnometric/shine/data/НҮТС-2013/Household.sav,НҮТС-2013,Household.sav,CL5,"Ажил хийх үед хүнд зүйл өргөх, зөөх шаардлага гарсан уу?",work_child_labour
C:/tsogoo/Hicheel/erdem shinjilgeenii hural/ecnometric/shine/data/НҮТС-2013/Household.sav,НҮТС-2013,Household.sav,CL6,Ажил хийх үед аюултай багаж хэрэгсэл болон хүнд техник дээр ажиллах шаардлага гарсан уу?,work_child_labour
C:/tsogoo/Hicheel/erdem shinjilgeenii hural/ecnometric/shine/data/НҮТС-2013/Household.sav,НҮТС-2013,Household.sav,CL7A,"Тоос, утаа, газ байдаг уу?",other
C:/tsogoo/Hicheel/erdem shinjilgeenii hural/ecnometric/shine/data/НҮТС-2013/Household.sav,НҮТС-2013,Household.sav,CL7B,"Хэт хүйтэн, халуун, чийглэг үү?",other
C:/tsogoo/Hicheel/erdem shinjilgeenii hural/ecnometric/shine/data/НҮТС-2013/Household.sav,НҮТС-2013,Household.sav,CL7C,"Дуу чимээ, чичиргээтэй юү?",other
C:/tsogoo/Hicheel/erdem shinjilgeenii hural/ecnometric/shine/data/НҮТС-2013/Household.sav,НҮТС-2013,Household.sav,CL7D,2 метрээс дээш өндөрт ажилласан/ ажилладаг уу?,work_child_labour
C:/tsogoo/Hicheel/erdem shinjilgeenii hural/ecnometric/shine/data/НҮТС-2013/Household.sav,НҮТС-2013,Household.sav,CL7E,"Аюултай бодис, материалтай (химийн, тэсрэх бодис) харьцсан/ харьцдаг уу?",parents_family
C:/tsogoo/Hicheel/erdem shinjilgeenii hural/ecnometric/shine/data/НҮТС-2013/Household.sav,НҮТС-2013,Household.sav,CL7F,Дээр дурдсанаас бусад эрүүл мэндэд муугаар нөлөөлөх орчин нөхцөлд ажилласан/ажилладаг уу?,wealth_assets_housing
C:/tsogoo/Hicheel/erdem shinjilgeenii hural/ecnometric/shine/data/НҮТС-2013/Household.sav,НҮТС-2013,Household.sav,CL8,"Сүүлийн 7 хоногт өрхийнхөө хэрэгцээнд зориулан ус зөөх, түлээ түлш бэлтгэх ажил хийсэн үү?",wealth_assets_housing
C:/tsogoo/Hicheel/erdem shinjilgeenii hural/ecnometric/shine/data/НҮТС-2013/Household.sav,НҮТС-2013,Household.sav,CL9,Дээрх ажилд 7 хоногт нийт хэдэн цаг зарцуулсан бэ?,work_child_labour
C:/tsogoo/Hicheel/erdem shinjilgeenii hural/ecnometric/shine/data/НҮТС-2013/Household.sav,НҮТС-2013,Household.sav,CL10A,Дэлгүүр явсан уу?,other
C:/tsogoo/Hicheel/erdem shinjilgeenii hural/ecnometric/shine/data/НҮТС-2013/Household.sav,НҮТС-2013,Household.sav,CL10B,Өрхийнхөө эвдэрсэн эд зүйлийг зассан уу?,wealth_assets_housing
C:/tsogoo/Hicheel/erdem shinjilgeenii hural/ecnometric/shine/data/НҮТС-2013/Household.sav,НҮТС-2013,Household.sav,CL10C,"Хоол, цай бэлтгэх, аяга, таваг угааж, гэр цэвэрлэсэн үү?",parents_family
C:/tsogoo/Hicheel/erdem shinjilgeenii hural/ecnometric/shine/data/НҮТС-2013/Household.sav,НҮТС-2013,Household.sav,CL10D,"Хувцас, юм угаасан уу?",other
C:/tsogoo/Hicheel/erdem shinjilgeenii hural/ecnometric/shine/data/НҮТС-2013/Household.sav,НҮТС-2013,Household.sav,CL10E,Хүүхэд асарсан уу?,other
C:/tsogoo/Hicheel/erdem shinjilgeenii hural/ecnometric/shine/data/НҮТС-2013/Household.sav,НҮТС-2013,Household.sav,CL10F,"Өндөр настан, өвчтэй хүн асарсан уу?",demographics_geo_weights
C:/tsogoo/Hicheel/erdem shinjilgeenii hural/ecnometric/shine/data/НҮТС-2013/Household.sav,НҮТС-2013,Household.sav,CL10G,Өрхийн хэрэгцээнд зориулан дээрхээс бусад ямар нэгэн ажилд оролцсон уу?,wealth_assets_housing
C:/tsogoo/Hicheel/erdem shinjilgeenii hural/ecnometric/shine/data/НҮТС-2013/Household.sav,НҮТС-2013,Household.sav,CL12,Сүүлийн 7 хоногт дээрх ажилд нийт хэдэн цаг зарцуулсан бэ?,work_child_labour
C:/tsogoo/Hicheel/erdem shinjilgeenii hural/ecnometric/shine/data/НҮТС-2013/Household.sav,НҮТС-2013,Household.sav,CD3A,"Дуртай зүйлээ хийх, гэрээс гарахыг хорих",other
C:/tsogoo/Hicheel/erdem shinjilgeenii hural/ecnometric/shine/data/НҮТС-2013/Household.sav,НҮТС-2013,Household.sav,CD3B,Гаргасан зан ааш нь яагаад буруу гэдгийг тайлбарлаж хэлэх,parents_family
C:/tsogoo/Hicheel/erdem shinjilgeenii hural/ecnometric/shine/data/НҮТС-2013/Household.sav,НҮТС-2013,Household.sav,CD3C,"Дугтчиж, сэгсрэх",parents_family
C:/tsogoo/Hicheel/erdem shinjilgeenii hural/ecnometric/shine/data/НҮТС-2013/Household.sav,НҮТС-2013,Household.sav,CD3D,"Орилж, хашгирч, чарлах",other
C:/tsogoo/Hicheel/erdem shinjilgeenii hural/ecnometric/shine/data/НҮТС-2013/Household.sav,НҮТС-2013,Household.sav,CD3E,Шийтгэх зорилгоор ямар нэг юм хийлгэх,parents_family
C:/tsogoo/Hicheel/erdem shinjilgeenii hural/ecnometric/shine/data/НҮТС-2013/Household.sav,НҮТС-2013,Household.sav,CD3F,"Хонгон дээр нь алгадаж, цохиж, зодох",other
C:/tsogoo/Hicheel/erdem shinjilgeenii hural/ecnometric/shine/data/НҮТС-2013/Household.sav,НҮТС-2013,Household.sav,CD3G,"Бүс, саваа гэх мэт зүйлээр цохих",parents_family
C:/tsogoo/Hicheel/erdem shinjilgeenii hural/ecnometric/shine/data/НҮТС-2013/Household.sav,НҮТС-2013,Household.sav,CD3H,"Тэнэг, залхуу гэх мэтээр дуудах",parents_family
C:/tsogoo/Hicheel/erdem shinjilgeenii hural/ecnometric/shine/data/НҮТС-2013/Household.sav,НҮТС-2013,Household.sav,CD3I,"Хацар дээр нь алгадаж, нүүр, толгой руу нь цохиж, чихийг нь мушгих",other
C:/tsogoo/Hicheel/erdem shinjilgeenii hural/ecnometric/shine/data/НҮТС-2013/Household.sav,НҮТС-2013,Household.sav,CD3J,"Гар, тохой, хөл рүү нь алгадаж, цохих",other
C:/tsogoo/Hicheel/erdem shinjilgeenii hural/ecnometric/shine/data/НҮТС-2013/Household.sav,НҮТС-2013,Household.sav,CD3K,"Маш хүчтэй олон удаа цохиж, зодох",other
C:/tsogoo/Hicheel/erdem shinjilgeenii hural/ecnometric/shine/data/НҮТС-2013/Household.sav,НҮТС-2013,Household.sav,CD4,"Та хүүхдийг өсгөж, хүмүүжүүлэхдээ түүнд бие махбодын шийтгэл оногдуулах нь зүйтэй гэж үздэг үү?",parents_family
C:/tsogoo/Hicheel/erdem shinjilgeenii hural/ecnometric/shine/data/НҮТС-2013/Household.sav,НҮТС-2013,Household.sav,HC1C,Та өрхийн тэргүүлэгчийнхээ яс үндсийг хэлнэ үү?,wealth_assets_housing
C:/tsogoo/Hicheel/erdem shinjilgeenii hural/ecnometric/shine/data/НҮТС-2013/Household.sav,НҮТС-2013,Household.sav,HC1A,Танай өрхийн тэргүүлэгч шашин шүтдэг үү?,wealth_assets_housing
C:/tsogoo/Hicheel/erdem shinjilgeenii hural/ecnometric/shine/data/НҮТС-2013/Household.sav,НҮТС-2013,Household.sav,HC1D,Тухайн өрхийн сууцны төрөл,wealth_assets_housing
C:/tsogoo/Hicheel/erdem shinjilgeenii hural/ecnometric/shine/data/НҮТС-2013/Household.sav,НҮТС-2013,Household.sav,HC1E,Танай сууцны талбайн хэмжээ хэд вэ?,other
C:/tsogoo/Hicheel/erdem shinjilgeenii hural/ecnometric/shine/data/НҮТС-2013/Household.sav,НҮТС-2013,Household.sav,HC1F,Танай сууц нийт хэдэн өрөөтэй вэ?,other
C:/tsogoo/Hicheel/erdem shinjilgeenii hural/ecnometric/shine/data/НҮТС-2013/Household.sav,НҮТС-2013,Household.sav,HC2,Танай сууц хүн унтдаг хэдэн өрөөтэй вэ?,other
C:/tsogoo/Hicheel/erdem shinjilgeenii hural/ecnometric/shine/data/НҮТС-2013/Household.sav,НҮТС-2013,Household.sav,HC2A,Танай гэр хэдэн ханатай вэ?,other
C:/tsogoo/Hicheel/erdem shinjilgeenii hural/ecnometric/shine/data/НҮТС-2013/Household.sav,НҮТС-2013,Household.sav,HC2B,Танай гэрийн шалны материал юу вэ?,other
C:/tsogoo/Hicheel/erdem shinjilgeenii hural/ecnometric/shine/data/НҮТС-2013/Household.sav,НҮТС-2013,Household.sav,HC3,Тухайн өрхийн сууцны шалны материал.,wealth_assets_housing
C:/tsogoo/Hicheel/erdem shinjilgeenii hural/ecnometric/shine/data/НҮТС-2013/Household.sav,НҮТС-2013,Household.sav,HC4,Тухайн өрхийн сууцны дээврийн материал.,wealth_assets_housing
C:/tsogoo/Hicheel/erdem shinjilgeenii hural/ecnometric/shine/data/НҮТС-2013/Household.sav,НҮТС-2013,Household.sav,HC4A,"Танай гэрийн дээвэр дан уу, давхар уу?",other
C:/tsogoo/Hicheel/erdem shinjilgeenii hural/ecnometric/shine/data/НҮТС-2013/Household.sav,НҮТС-2013,Household.sav,HC5,Тухайн өрхийн сууцны ханын гаднах материал.,wealth_assets_housing
C:/tsogoo/Hicheel/erdem shinjilgeenii hural/ecnometric/shine/data/НҮТС-2013/Household.sav,НҮТС-2013,Household.sav,HC5A,"Танай гэрийн туурга дан уу, давхар уу?",other
C:/tsogoo/Hicheel/erdem shinjilgeenii hural/ecnometric/shine/data/НҮТС-2013/Household.sav,НҮТС-2013,Household.sav,HC5B,Танай сууцны халаалтын эх үүсвэр юу вэ?,parents_family
C:/tsogoo/Hicheel/erdem shinjilgeenii hural/ecnometric/shine/data/НҮТС-2013/Household.sav,НҮТС-2013,Household.sav,HC5C,Танайх халаалтандаа голдуу ямар түлш хэрэглэдэг вэ?,other
C:/tsogoo/Hicheel/erdem shinjilgeenii hural/ecnometric/shine/data/НҮТС-2013/Household.sav,НҮТС-2013,Household.sav,HC6,Танайх хоол ундаа ихэвчлэн юугаар болгодог вэ?,health_disability_nutrition
C:/tsogoo/Hicheel/erdem shinjilgeenii hural/ecnometric/shine/data/НҮТС-2013/Household.sav,НҮТС-2013,Household.sav,HC7,"Танайх хоолоо голдуу өөрийн сууцанд хийдэг үү, эсвэл тусдаа сууцанд хийдэг уу?",wealth_assets_housing
C:/tsogoo/Hicheel/erdem shinjilgeenii hural/ecnometric/shine/data/НҮТС-2013/Household.sav,НҮТС-2013,Household.sav,HC8A,Төвлөрсөн эрчии хүчний эх үүсвэр,parents_family
C:/tsogoo/Hicheel/erdem shinjilgeenii hural/ecnometric/shine/data/НҮТС-2013/Household.sav,НҮТС-2013,Household.sav,HC8F,"Нар, салхины эрчим хүчний үүсгүүр",other
C:/tsogoo/Hicheel/erdem shinjilgeenii hural/ecnometric/shine/data/НҮТС-2013/Household.sav,НҮТС-2013,Household.sav,HC8G,Компьютер,other
C:/tsogoo/Hicheel/erdem shinjilgeenii hural/ecnometric/shine/data/НҮТС-2013/Household.sav,НҮТС-2013,Household.sav,HC8H,"Интернетийн холболт, модем",other
C:/tsogoo/Hicheel/erdem shinjilgeenii hural/ecnometric/shine/data/НҮТС-2013/Household.sav,НҮТС-2013,Household.sav,HC8C,Телевизор,other
C:/tsogoo/Hicheel/erdem shinjilgeenii hural/ecnometric/shine/data/НҮТС-2013/Household.sav,НҮТС-2013,Household.sav,HC8B,Радио хүлээн авагч,other
C:/tsogoo/Hicheel/erdem shinjilgeenii hural/ecnometric/shine/data/НҮТС-2013/Household.sav,НҮТС-2013,Household.sav,HC8D,Суурин телефон утас,other
C:/tsogoo/Hicheel/erdem shinjilgeenii hural/ecnometric/shine/data/НҮТС-2013/Household.sav,НҮТС-2013,Household.sav,HC8E,Хөргөгч,other
C:/tsogoo/Hicheel/erdem shinjilgeenii hural/ecnometric/shine/data/НҮТС-2013/Household.sav,НҮТС-2013,Household.sav,HC8J,Угаалгын машин,other
C:/tsogoo/Hicheel/erdem shinjilgeenii hural/ecnometric/shine/data/НҮТС-2013/Household.sav,НҮТС-2013,Household.sav,HC8K,Тоос сорогч,other
C:/tsogoo/Hicheel/erdem shinjilgeenii hural/ecnometric/shine/data/НҮТС-2013/Household.sav,НҮТС-2013,Household.sav,HC8L,Номын сан,other
C:/tsogoo/Hicheel/erdem shinjilgeenii hural/ecnometric/shine/data/НҮТС-2013/Household.sav,НҮТС-2013,Household.sav,HC8M,Богино долгионы зуух,other
C:/tsogoo/Hicheel/erdem shinjilgeenii hural/ecnometric/shine/data/НҮТС-2013/Household.sav,НҮТС-2013,Household.sav,HC8N,Индүү,other
C:/tsogoo/Hicheel/erdem shinjilgeenii hural/ecnometric/shine/data/НҮТС-2013/Household.sav,НҮТС-2013,Household.sav,HC8O,Мотоцикл,other
C:/tsogoo/Hicheel/erdem shinjilgeenii hural/ecnometric/shine/data/НҮТС-2013/Household.sav,НҮТС-2013,Household.sav,HC8P,Ердийн хөсөг,other
C:/tsogoo/Hicheel/erdem shinjilgeenii hural/ecnometric/shine/data/НҮТС-2013/Household.sav,НҮТС-2013,Household.sav,HC8Q,Автомашин,other
C:/tsogoo/Hicheel/erdem shinjilgeenii hural/ecnometric/shine/data/НҮТС-2013/Household.sav,НҮТС-2013,Household.sav,HC8R,Трактор,other
C:/tsogoo/Hicheel/erdem shinjilgeenii hural/ecnometric/shine/data/НҮТС-2013/Household.sav,НҮТС-2013,Household.sav,HC9A,Бугуйн цаг,other
C:/tsogoo/Hicheel/erdem shinjilgeenii hural/ecnometric/shine/data/НҮТС-2013/Household.sav,НҮТС-2013,Household.sav,HC9B,Гар утас,other
C:/tsogoo/Hicheel/erdem shinjilgeenii hural/ecnometric/shine/data/НҮТС-2013/Household.sav,НҮТС-2013,Household.sav,HC9H,"Видео камер, зургийн аппарат",other
C:/tsogoo/Hicheel/erdem shinjilgeenii hural/ecnometric/shine/data/НҮТС-2013/Household.sav,НҮТС-2013,Household.sav,HC9C,Унадаг дугуй,other
C:/tsogoo/Hicheel/erdem shinjilgeenii hural/ecnometric/shine/data/НҮТС-2013/Household.sav,НҮТС-2013,Household.sav,HC10,Энэ сууц танай өөрийн өмч үү?,other
C:/tsogoo/Hicheel/erdem shinjilgeenii hural/ecnometric/shine/data/НҮТС-2013/Household.sav,НҮТС-2013,Household.sav,HC11,Танайх тариалангийн талбайтай юу?,education_schooling
C:/tsogoo/Hicheel/erdem shinjilgeenii hural/ecnometric/shine/data/НҮТС-2013/Household.sav,НҮТС-2013,Household.sav,HC12U,Танай тариалангийн талбайн хэмжээ хэд вэ? хэмжих нэгж,education_schooling
C:/tsogoo/Hicheel/erdem shinjilgeenii hural/ecnometric/shine/data/НҮТС-2013/Household.sav,НҮТС-2013,Household.sav,HC12N,Танай тариалангийн талбайн хэмжээ хэд вэ? хэмжээ?,education_schooling
C:/tsogoo/Hicheel/erdem shinjilgeenii hural/ecnometric/shine/data/НҮТС-2013/Household.sav,НҮТС-2013,Household.sav,HC13,"Танайх хувийн мал, тэжээвэр амьтантай юу?",wealth_assets_housing
C:/tsogoo/Hicheel/erdem shinjilgeenii hural/ecnometric/shine/data/НҮТС-2013/Household.sav,НҮТС-2013,Household.sav,HC14B,Адуу,other
C:/tsogoo/Hicheel/erdem shinjilgeenii hural/ecnometric/shine/data/НҮТС-2013/Household.sav,НҮТС-2013,Household.sav,HC14A,Үхэр,other
C:/tsogoo/Hicheel/erdem shinjilgeenii hural/ecnometric/shine/data/НҮТС-2013/Household.sav,НҮТС-2013,Household.sav,HC14G,Тэмээ,other
C:/tsogoo/Hicheel/erdem shinjilgeenii hural/ecnometric/shine/data/НҮТС-2013/Household.sav,НҮТС-2013,Household.sav,HC14D,Хонь,other
C:/tsogoo/Hicheel/erdem shinjilgeenii hural/ecnometric/shine/data/НҮТС-2013/Household.sav,НҮТС-2013,Household.sav,HC14C,Ямаа,other
C:/tsogoo/Hicheel/erdem shinjilgeenii hural/ecnometric/shine/data/НҮТС-2013/Household.sav,НҮТС-2013,Household.sav,HC14E,Тахиа,other
C:/tsogoo/Hicheel/erdem shinjilgeenii hural/ecnometric/shine/data/НҮТС-2013/Household.sav,НҮТС-2013,Household.sav,HC14F,Гахай,other
C:/tsogoo/Hicheel/erdem shinjilgeenii hural/ecnometric/shine/data/НҮТС-2013/Household.sav,НҮТС-2013,Household.sav,HC15,"Танай өрхийн хэн нэг гишүүн банкинд хадгаламжийн, картын, эсвэл харилцах данстай юу?",wealth_assets_housing
C:/tsogoo/Hicheel/erdem shinjilgeenii hural/ecnometric/shine/data/НҮТС-2013/Household.sav,НҮТС-2013,Household.sav,WS1,Танайх ундны усаа голдуу ямар эх үүсвэрээс авдаг вэ?,wealth_assets_housing
C:/tsogoo/Hicheel/erdem shinjilgeenii hural/ecnometric/shine/data/НҮТС-2013/Household.sav,НҮТС-2013,Household.sav,WS2,Танайх ахуйн хэрэглээний усаа голдуу ямар эх үүсвэрээс авдаг вэ?,wealth_assets_housing
C:/tsogoo/Hicheel/erdem shinjilgeenii hural/ecnometric/shine/data/НҮТС-2013/Household.sav,НҮТС-2013,Household.sav,WS3,Усны эх үүсвэр чинь хаана байдаг вэ?,wealth_assets_housing
C:/tsogoo/Hicheel/erdem shinjilgeenii hural/ecnometric/shine/data/НҮТС-2013/Household.sav,НҮТС-2013,Household.sav,WS4A,Усаа аваад гэртээ эргэж ирэх хүртэл хэдэн минут зарцуулдаг вэ?,wealth_assets_housing
C:/tsogoo/Hicheel/erdem shinjilgeenii hural/ecnometric/shine/data/НҮТС-2013/Household.sav,НҮТС-2013,Household.sav,WS5,Усаа голдуу хэн авдаг вэ?,wealth_assets_housing
C:/tsogoo/Hicheel/erdem shinjilgeenii hural/ecnometric/shine/data/НҮТС-2013/Household.sav,НҮТС-2013,Household.sav,WS6,Танайх усаа уухдаа цэвэршүүлж хэрэглэдэг үү?,wealth_assets_housing
C:/tsogoo/Hicheel/erdem shinjilgeenii hural/ecnometric/shine/data/НҮТС-2013/Household.sav,НҮТС-2013,Household.sav,WS7A,Буцалгах,other
C:/tsogoo/Hicheel/erdem shinjilgeenii hural/ecnometric/shine/data/НҮТС-2013/Household.sav,НҮТС-2013,Household.sav,WS7B,Ариутгалын бодис хийх,other
C:/tsogoo/Hicheel/erdem shinjilgeenii hural/ecnometric/shine/data/НҮТС-2013/Household.sav,НҮТС-2013,Household.sav,WS7C,"Даавуу, марлиар шүүх",parents_family
C:/tsogoo/Hicheel/erdem shinjilgeenii hural/ecnometric/shine/data/НҮТС-2013/Household.sav,НҮТС-2013,Household.sav,WS7D,Ус цэвэршүүлэгч хэрэглэх,wealth_assets_housing
C:/tsogoo/Hicheel/erdem shinjilgeenii hural/ecnometric/shine/data/НҮТС-2013/Household.sav,НҮТС-2013,Household.sav,WS7E,Нарны гэрлээр халдваргүйжүүлэх,parents_family
C:/tsogoo/Hicheel/erdem shinjilgeenii hural/ecnometric/shine/data/НҮТС-2013/Household.sav,НҮТС-2013,Household.sav,WS7F,Тунгаах,other
C:/tsogoo/Hicheel/erdem shinjilgeenii hural/ecnometric/shine/data/НҮТС-2013/Household.sav,НҮТС-2013,Household.sav,WS7X,Бусад,wealth_assets_housing
C:/tsogoo/Hicheel/erdem shinjilgeenii hural/ecnometric/shine/data/НҮТС-2013/Household.sav,НҮТС-2013,Household.sav,WS7Z,Мэдэхгүй,parents_family
C:/tsogoo/Hicheel/erdem shinjilgeenii hural/ecnometric/shine/data/НҮТС-2013/Household.sav,НҮТС-2013,Household.sav,WS7AA,Танайх унд болон ахуйн хэрэглээндээ хоногт дунджаар хэдэн литр ус хэрэглэдэг вэ?,wealth_assets_housing
C:/tsogoo/Hicheel/erdem shinjilgeenii hural/ecnometric/shine/data/НҮТС-2013/Household.sav,НҮТС-2013,Household.sav,WS8,Танайх ямар жорлон ашигладаг вэ?,wealth_assets_housing
C:/tsogoo/Hicheel/erdem shinjilgeenii hural/ecnometric/shine/data/НҮТС-2013/Household.sav,НҮТС-2013,Household.sav,WS9,Танайх жорлонгоо бусадтай хамтарч ашигладаг уу?,wealth_assets_housing
C:/tsogoo/Hicheel/erdem shinjilgeenii hural/ecnometric/shine/data/НҮТС-2013/Household.sav,НҮТС-2013,Household.sav,WS10,"Танайх жорлонгоо танил өрхүүдтэй хамтарч ашигладаг уу, эсвэл нийтийн жорлон уу?",wealth_assets_housing
C:/tsogoo/Hicheel/erdem shinjilgeenii hural/ecnometric/shine/data/НҮТС-2013/Household.sav,НҮТС-2013,Household.sav,WS11,Танай өрхийг оролцуулаад нийт хэдэн өрх энэ жорлонг хамтарч ашигладаг вэ?,wealth_assets_housing
C:/tsogoo/Hicheel/erdem shinjilgeenii hural/ecnometric/shine/data/НҮТС-2013/Household.sav,НҮТС-2013,Household.sav,WS13,Танайх бохир усаа яаж зайлуулдаг вэ?,wealth_assets_housing
C:/tsogoo/Hicheel/erdem shinjilgeenii hural/ecnometric/shine/data/НҮТС-2013/Household.sav,НҮТС-2013,Household.sav,HW1,"Та надад танай өрхийн гишүүдийн гар, нүүр угаадаг газрыг үзүүлнэ үү.",wealth_assets_housing
C:/tsogoo/Hicheel/erdem shinjilgeenii hural/ecnometric/shine/data/НҮТС-2013/Household.sav,НҮТС-2013,Household.sav,HW2,Гар угаах газарт ус байгаа эсэхийг ажиглана.,wealth_assets_housing
C:/tsogoo/Hicheel/erdem shinjilgeenii hural/ecnometric/shine/data/НҮТС-2013/Household.sav,НҮТС-2013,Household.sav,HW3A,"Гар угаах газарт саван, ариутгагч байгаа эсэхийг ажиглана.",parents_family
C:/tsogoo/Hicheel/erdem shinjilgeenii hural/ecnometric/shine/data/НҮТС-2013/Household.sav,НҮТС-2013,Household.sav,HW3BA,Шахмал саван,wealth_assets_housing
C:/tsogoo/Hicheel/erdem shinjilgeenii hural/ecnometric/shine/data/НҮТС-2013/Household.sav,НҮТС-2013,Household.sav,HW3BB,Ариутгагч,other
C:/tsogoo/Hicheel/erdem shinjilgeenii hural/ecnometric/shine/data/НҮТС-2013/Household.sav,НҮТС-2013,Household.sav,HW3BC,Шингэн саван,other
C:/tsogoo/Hicheel/erdem shinjilgeenii hural/ecnometric/shine/data/НҮТС-2013/Household.sav,НҮТС-2013,Household.sav,HW4,"Танайд гараа угаахдаа хэрэглэдэг ямар нэг төрлийн саван, ариутгагч байгаа юу?",other
C:/tsogoo/Hicheel/erdem shinjilgeenii hural/ecnometric/shine/data/НҮТС-2013/Household.sav,НҮТС-2013,Household.sav,HW5A,Та надад түүнийгээ үзүүлнэ үү.,other
C:/tsogoo/Hicheel/erdem shinjilgeenii hural/ecnometric/shine/data/НҮТС-2013/Household.sav,НҮТС-2013,Household.sav,HW5BA,Шахмал саван,wealth_assets_housing
C:/tsogoo/Hicheel/erdem shinjilgeenii hural/ecnometric/shine/data/НҮТС-2013/Household.sav,НҮТС-2013,Household.sav,HW5BB,Ариутгагч,other
C:/tsogoo/Hicheel/erdem shinjilgeenii hural/ecnometric/shine/data/НҮТС-2013/Household.sav,НҮТС-2013,Household.sav,HW5BC,Шингэн саван,other
C:/tsogoo/Hicheel/erdem shinjilgeenii hural/ecnometric/shine/data/НҮТС-2013/Household.sav,НҮТС-2013,Household.sav,HW5C,"Гар угаах газарт бохир ус тосох угаалтуур, хувин, түмпэн гэх мэт зүйл байгаа эсэхийг ажиглана.",wealth_assets_housing
C:/tsogoo/Hicheel/erdem shinjilgeenii hural/ecnometric/shine/data/НҮТС-2013/Household.sav,НҮТС-2013,Household.sav,SI1,Давсны иодын агууламжийг шалгаад үр дүнг тэмдэглэнэ.,other
C:/tsogoo/Hicheel/erdem shinjilgeenii hural/ecnometric/shine/data/НҮТС-2013/Household.sav,НҮТС-2013,Household.sav,SI2,Энэ хаанахын давс вэ?,other
C:/tsogoo/Hicheel/erdem shinjilgeenii hural/ecnometric/shine/data/НҮТС-2013/Household.sav,НҮТС-2013,Household.sav,SI3,Энэ ямар төрлийн давс вэ?,other
C:/tsogoo/Hicheel/erdem shinjilgeenii hural/ecnometric/shine/data/НҮТС-2013/Household.sav,НҮТС-2013,Household.sav,HHSEX,Sex of household head,demographics_geo_weights
C:/tsogoo/Hicheel/erdem shinjilgeenii hural/ecnometric/shine/data/НҮТС-2013/Household.sav,НҮТС-2013,Household.sav,HH13,Cluster: interviewed women,demographics_geo_weights
C:/tsogoo/Hicheel/erdem shinjilgeenii hural/ecnometric/shine/data/НҮТС-2013/Household.sav,НҮТС-2013,Household.sav,HH13B,Cluster: interviewed men,demographics_geo_weights
C:/tsogoo/Hicheel/erdem shinjilgeenii hural/ecnometric/shine/data/НҮТС-2013/Household.sav,НҮТС-2013,Household.sav,HH15,Cluster: interviewed children under-5,demographics_geo_weights
C:/tsogoo/Hicheel/erdem shinjilgeenii hural/ecnometric/shine/data/НҮТС-2013/Household.sav,НҮТС-2013,Household.sav,helevel,Education of household head,education_schooling
C:/tsogoo/Hicheel/erdem shinjilgeenii hural/ecnometric/shine/data/НҮТС-2013/Household.sav,НҮТС-2013,Household.sav,ethnicity,Ethnicity of household head,other
C:/tsogoo/Hicheel/erdem shinjilgeenii hural/ecnometric/shine/data/НҮТС-2013/Household.sav,НҮТС-2013,Household.sav,religion,Religion of household head,other
C:/tsogoo/Hicheel/erdem shinjilgeenii hural/ecnometric/shine/data/НҮТС-2013/Household.sav,НҮТС-2013,Household.sav,hhweight,Household sample weight,demographics_geo_weights
C:/tsogoo/Hicheel/erdem shinjilgeenii hural/ecnometric/shine/data/НҮТС-2013/Household.sav,НҮТС-2013,Household.sav,wscore,REGR factor score   1 for analysis,other
C:/tsogoo/Hicheel/erdem shinjilgeenii hural/ecnometric/shine/data/НҮТС-2013/Household.sav,НҮТС-2013,Household.sav,windex5,Initial (common) wealth index quintile,wealth_assets_housing
C:/tsogoo/Hicheel/erdem shinjilgeenii hural/ecnometric/shine/data/НҮТС-2013/Household.sav,НҮТС-2013,Household.sav,SL1,Total children aged 1-17 years,demographics_geo_weights
C:/tsogoo/Hicheel/erdem shinjilgeenii hural/ecnometric/shine/data/НҮТС-2013/Household.sav,НҮТС-2013,Household.sav,HH7,Region,demographics_geo_weights
C:/tsogoo/Hicheel/erdem shinjilgeenii hural/ecnometric/shine/data/НҮТС-2013/Household.sav,НҮТС-2013,Household.sav,HH6,Area,other
C:/tsogoo/Hicheel/erdem shinjilgeenii hural/ecnometric/shine/data/НҮТС-2013/Men.sav,НҮТС-2013,Men.sav,HH1,HH1. Түүврийн нэгж,other
C:/tsogoo/Hicheel/erdem shinjilgeenii hural/ecnometric/shine/data/НҮТС-2013/Men.sav,НҮТС-2013,Men.sav,HH2,Өрхийн дугаар,wealth_assets_housing
C:/tsogoo/Hicheel/erdem shinjilgeenii hural/ecnometric/shine/data/НҮТС-2013/Men.sav,НҮТС-2013,Men.sav,MWM1,Түүвэрлэгдсэн нэгжийн дугаар,demographics_geo_weights
C:/tsogoo/Hicheel/erdem shinjilgeenii hural/ecnometric/shine/data/НҮТС-2013/Men.sav,НҮТС-2013,Men.sav,MWM2,Өрхийн дугаар,wealth_assets_housing
C:/tsogoo/Hicheel/erdem shinjilgeenii hural/ecnometric/shine/data/НҮТС-2013/Men.sav,НҮТС-2013,Men.sav,MWM4,Эрэгтэйн мөрийн дугаар,other
C:/tsogoo/Hicheel/erdem shinjilgeenii hural/ecnometric/shine/data/НҮТС-2013/Men.sav,НҮТС-2013,Men.sav,CON,БИД ЯРИЛЦЛАГАА ЭХЭЛЖ БОЛОХ УУ?,parents_family
C:/tsogoo/Hicheel/erdem shinjilgeenii hural/ecnometric/shine/data/НҮТС-2013/Men.sav,НҮТС-2013,Men.sav,MWM5,"Судлаачийн нэр, дугаар",other
C:/tsogoo/Hicheel/erdem shinjilgeenii hural/ecnometric/shine/data/НҮТС-2013/Men.sav,НҮТС-2013,Men.sav,MWM6D,Эхний удаа Өдөр,parents_family
C:/tsogoo/Hicheel/erdem shinjilgeenii hural/ecnometric/shine/data/НҮТС-2013/Men.sav,НҮТС-2013,Men.sav,MWM6M,Эхний удаа Сар,parents_family
C:/tsogoo/Hicheel/erdem shinjilgeenii hural/ecnometric/shine/data/НҮТС-2013/Men.sav,НҮТС-2013,Men.sav,MWM6Y,Эхний удаа Он,parents_family
C:/tsogoo/Hicheel/erdem shinjilgeenii hural/ecnometric/shine/data/НҮТС-2013/Men.sav,НҮТС-2013,Men.sav,MWM7,Ярилцлагын үр дүн,other
C:/tsogoo/Hicheel/erdem shinjilgeenii hural/ecnometric/shine/data/НҮТС-2013/Men.sav,НҮТС-2013,Men.sav,MWM10H,Ярилцлага эхэлсэн Цаг,parents_family
C:/tsogoo/Hicheel/erdem shinjilgeenii hural/ecnometric/shine/data/НҮТС-2013/Men.sav,НҮТС-2013,Men.sav,MWM10M,Ярилцлага эхэлсэн Минут,parents_family
C:/tsogoo/Hicheel/erdem shinjilgeenii hural/ecnometric/shine/data/НҮТС-2013/Men.sav,НҮТС-2013,Men.sav,MWM11H,Ярилцлага дууссан Цаг,wealth_assets_housing
C:/tsogoo/Hicheel/erdem shinjilgeenii hural/ecnometric/shine/data/НҮТС-2013/Men.sav,НҮТС-2013,Men.sav,MWM11M,Ярилцлага дууссан Минут,wealth_assets_housing
C:/tsogoo/Hicheel/erdem shinjilgeenii hural/ecnometric/shine/data/НҮТС-2013/Men.sav,НҮТС-2013,Men.sav,MWB1Y,"ТА ТӨРСӨН ОН, САРАА ХЭЛНЭ ҮҮ? Он",demographics_geo_weights
C:/tsogoo/Hicheel/erdem shinjilgeenii hural/ecnometric/shine/data/НҮТС-2013/Men.sav,НҮТС-2013,Men.sav,MWB1M,"ТА ТӨРСӨН ОН, САРАА ХЭЛНЭ ҮҮ? Сар",demographics_geo_weights
C:/tsogoo/Hicheel/erdem shinjilgeenii hural/ecnometric/shine/data/НҮТС-2013/Men.sav,НҮТС-2013,Men.sav,MWB2,ТА ХЭДЭН НАСТАЙ ВЭ?,demographics_geo_weights
C:/tsogoo/Hicheel/erdem shinjilgeenii hural/ecnometric/shine/data/НҮТС-2013/Men.sav,НҮТС-2013,Men.sav,MWB3,ТА СУРГУУЛЬД СУРЧ БАЙСАН УУ?,education_schooling
C:/tsogoo/Hicheel/erdem shinjilgeenii hural/ecnometric/shine/data/НҮТС-2013/Men.sav,НҮТС-2013,Men.sav,MWB4,ТА СУРЧ БАЙСАН ХАМГИЙН ДЭЭД ШАТНЫ СУРГУУЛИА ХЭЛНЭ ҮҮ?,other
C:/tsogoo/Hicheel/erdem shinjilgeenii hural/ecnometric/shine/data/НҮТС-2013/Men.sav,НҮТС-2013,Men.sav,MWB4A,ТА СУРАЛЦАЖ БАЙСАН ХАМГИЙН ДЭЭД ТҮВШНИЙ СУРГУУЛИА ТӨГССӨН ҮҮ?,other
C:/tsogoo/Hicheel/erdem shinjilgeenii hural/ecnometric/shine/data/НҮТС-2013/Men.sav,НҮТС-2013,Men.sav,MWB5,ТА СУРЧ БАЙСАН СУРГУУЛИЙНХАА ХАМГИЙН ДЭЭД ТАЛ НЬ ХЭДДҮГЭЭР АНГИ/ КУРСЫГ ТӨГССӨН БЭ?,education_schooling
C:/tsogoo/Hicheel/erdem shinjilgeenii hural/ecnometric/shine/data/НҮТС-2013/Men.sav,НҮТС-2013,Men.sav,MWB7,ТА НАДАД ЭНЭ ӨГҮҮЛБЭРИЙГ УНШИЖ ӨГНӨ ҮҮ.,other
C:/tsogoo/Hicheel/erdem shinjilgeenii hural/ecnometric/shine/data/НҮТС-2013/Men.sav,НҮТС-2013,Men.sav,MWB7A,ТА НАДАД МИНИЙ УНШИХ ӨГҮҮЛБЭРИЙГ БИЧИЖ ӨГНӨ ҮҮ.,education_schooling
C:/tsogoo/Hicheel/erdem shinjilgeenii hural/ecnometric/shine/data/НҮТС-2013/Men.sav,НҮТС-2013,Men.sav,MWB8,ТА СҮҮЛЧИЙН 7 ХОНОГТ ЯМАР НЭГ АЖИЛ ЭРХЭЛСЭН ҮҮ?,work_child_labour
C:/tsogoo/Hicheel/erdem shinjilgeenii hural/ecnometric/shine/data/НҮТС-2013/Men.sav,НҮТС-2013,Men.sav,MWB10,"ХЭДИЙГЭЭР ТА СҮҮЛЧИЙН 7 ХОНОГТ АЖИЛ ЭРХЛЭЭГҮЙ БОЛОВЧ ЯМАР НЭГ БИЗНЕС ЭРХЭЛДЭГ ҮҮ, ЭСВЭЛ АМРАЛТАА АВСАН БАЙГАА ЮУ, ЭСВЭЛ",work_child_labour
C:/tsogoo/Hicheel/erdem shinjilgeenii hural/ecnometric/shine/data/НҮТС-2013/Men.sav,НҮТС-2013,Men.sav,MWB11,ТА СҮҮЛЧИЙН 12 САРД ЯМАР НЭГ АЖИЛ ЭРХЭЛСЭН ҮҮ?,work_child_labour
C:/tsogoo/Hicheel/erdem shinjilgeenii hural/ecnometric/shine/data/НҮТС-2013/Men.sav,НҮТС-2013,Men.sav,MWB12CODE,Occupation: Code,work_child_labour
C:/tsogoo/Hicheel/erdem shinjilgeenii hural/ecnometric/shine/data/НҮТС-2013/Men.sav,НҮТС-2013,Men.sav,MWB14,"ТА БАЙНГЫН АЖИЛ ЭРХЭЛДЭГ ҮҮ, ЭСВЭЛ УЛИРАЛЫН АЖИЛ ЭРХЭЛДЭГ ҮҮ, ЦАГИЙН АЖИЛ ЭРХЭЛДЭГ ҮҮ, ЭСВЭЛ ТҮР АЖИЛ ЭРХЭЛДЭГ ҮҮ?",work_child_labour
C:/tsogoo/Hicheel/erdem shinjilgeenii hural/ecnometric/shine/data/НҮТС-2013/Men.sav,НҮТС-2013,Men.sav,MMT2,"ТА СОНИН, ХЭВЛЭЛ ХЭР ИХ УНШДАГ ВЭ? ӨДӨР БҮР ҮҮ, ДОЛОО ХОНОГТ НААД ЗАХ НЬ 1 УДАА ЮУ, САРД НААД ЗАХ НЬ 1 УДАА ЮУ, ЭСВЭЛ ОГ",other
C:/tsogoo/Hicheel/erdem shinjilgeenii hural/ecnometric/shine/data/НҮТС-2013/Men.sav,НҮТС-2013,Men.sav,MMT3,"ТА РАДИО ХЭР ИХ СОНСДОГ ВЭ? ӨДӨР БҮР ҮҮ, ДОЛОО ХОНОГТ НААД ЗАХ НЬ 1 УДАА ЮУ, САРД НААД ЗАХ НЬ 1 УДАА ЮУ, ЭСВЭЛ ОГТ СОНСД",other
C:/tsogoo/Hicheel/erdem shinjilgeenii hural/ecnometric/shine/data/НҮТС-2013/Men.sav,НҮТС-2013,Men.sav,MMT4,"ТА ТЕЛЕВИЗ ХЭР ИХ ҮЗДЭГ ВЭ? ӨДӨР БҮР ҮҮ, ДОЛОО ХОНОГТ НААД ЗАХ НЬ 1 УДАА ЮУ, САРД НААД ЗАХ НЬ 1 УДАА ЮУ, ЭСВЭЛ ОГТ ҮЗДЭГ",other
C:/tsogoo/Hicheel/erdem shinjilgeenii hural/ecnometric/shine/data/НҮТС-2013/Men.sav,НҮТС-2013,Men.sav,MMT6,ТА КОМПЬЮТЕР ХЭРЭГЛЭЖ ҮЗСЭН ҮҮ?,other
C:/tsogoo/Hicheel/erdem shinjilgeenii hural/ecnometric/shine/data/НҮТС-2013/Men.sav,НҮТС-2013,Men.sav,MMT7,ТА СҮҮЛЧИЙН 12 САРЫН ХУГАЦААНД КОМПЬЮТЕР ХЭРЭГЛЭСЭН ҮҮ?,other
C:/tsogoo/Hicheel/erdem shinjilgeenii hural/ecnometric/shine/data/НҮТС-2013/Men.sav,НҮТС-2013,Men.sav,MMT8,"ТА СҮҮЛЧИЙН 1 САРЫН ХУГАЦААНД КОМПЬЮТЕР ХЭР ИХ ХЭРЭГЛЭСЭН БЭ? ӨДӨР БҮР ҮҮ, ДОЛОО ХОНОГТ НААД ЗАХ НЬ 1 УДАА ЮУ, САРД НААД",other
C:/tsogoo/Hicheel/erdem shinjilgeenii hural/ecnometric/shine/data/НҮТС-2013/Men.sav,НҮТС-2013,Men.sav,MMT9,ТА ИНТЕРНЭТ ХЭРЭГЛЭЖ ҮЗСЭН ҮҮ?,other
C:/tsogoo/Hicheel/erdem shinjilgeenii hural/ecnometric/shine/data/НҮТС-2013/Men.sav,НҮТС-2013,Men.sav,MMT10,ТА СҮҮЛЧИЙН 12 САРЫН ХУГАЦААНД ИНТЕРНЕТ ХЭРЭГЛЭСЭН ҮҮ?,other
C:/tsogoo/Hicheel/erdem shinjilgeenii hural/ecnometric/shine/data/НҮТС-2013/Men.sav,НҮТС-2013,Men.sav,MMT11,"ТА СҮҮЛЧИЙН 1 САРД КОМПЬЮТЕР ХЭР ИХ ХЭРЭГЛЭСЭН БЭ? ӨДӨР БҮР ҮҮ, ДОЛОО ХОНОГТ НААД ЗАХ НЬ 1 УДАА ЮУ, САРД НААД ЗАХ НЬ 1 У",other
C:/tsogoo/Hicheel/erdem shinjilgeenii hural/ecnometric/shine/data/НҮТС-2013/Men.sav,НҮТС-2013,Men.sav,MMT12,ТА ГАР УТАСТАЙ ЮУ?,other
C:/tsogoo/Hicheel/erdem shinjilgeenii hural/ecnometric/shine/data/НҮТС-2013/Men.sav,НҮТС-2013,Men.sav,MCM1,ТА ТӨРСӨН ХҮҮХЭДТЭЙ ЮУ?,demographics_geo_weights
C:/tsogoo/Hicheel/erdem shinjilgeenii hural/ecnometric/shine/data/НҮТС-2013/Men.sav,НҮТС-2013,Men.sav,MCM3,ТАНЫГ ХЭДЭН НАСТАЙ БАЙХАД ХАМГИЙН ТОМ ХҮҮХЭД ЧИНЬ ТӨРСӨН БЭ?,demographics_geo_weights
C:/tsogoo/Hicheel/erdem shinjilgeenii hural/ecnometric/shine/data/НҮТС-2013/Men.sav,НҮТС-2013,Men.sav,MCM5A,ХЭД НЬ ХҮҮ ВЭ?,other
C:/tsogoo/Hicheel/erdem shinjilgeenii hural/ecnometric/shine/data/НҮТС-2013/Men.sav,НҮТС-2013,Men.sav,MCM5B,ХЭД НЬ ОХИН БЭ?,other
C:/tsogoo/Hicheel/erdem shinjilgeenii hural/ecnometric/shine/data/НҮТС-2013/Men.sav,НҮТС-2013,Men.sav,MCM6,ТАНЫ ТӨРСӨН ХҮҮХДҮҮДЭЭС ОДОО АМЬД СЭРҮҮН ХЭДИЙ Ч ТАНТАЙ ХАМТ АМЬДАРДАГГҮЙ ХҮҮХЭД БАЙГАА ЮУ?,demographics_geo_weights
C:/tsogoo/Hicheel/erdem shinjilgeenii hural/ecnometric/shine/data/НҮТС-2013/Men.sav,НҮТС-2013,Men.sav,MCM7A,ХЭД НЬ ХҮҮ ВЭ?,other
C:/tsogoo/Hicheel/erdem shinjilgeenii hural/ecnometric/shine/data/НҮТС-2013/Men.sav,НҮТС-2013,Men.sav,MCM7B,ХЭД НЬ ОХИН БЭ?,other
C:/tsogoo/Hicheel/erdem shinjilgeenii hural/ecnometric/shine/data/НҮТС-2013/Men.sav,НҮТС-2013,Men.sav,MCM8,АМЬД ТӨРӨӨД ЭНДСЭН ХҮҮХЭД БАЙГАА ЮУ?,other
C:/tsogoo/Hicheel/erdem shinjilgeenii hural/ecnometric/shine/data/НҮТС-2013/Men.sav,НҮТС-2013,Men.sav,MCM9A,ХЭД НЬ ХҮҮ БАЙСАН БЭ?,other
C:/tsogoo/Hicheel/erdem shinjilgeenii hural/ecnometric/shine/data/НҮТС-2013/Men.sav,НҮТС-2013,Men.sav,MCM9B,ХЭД НЬ ОХИН БАЙСАН БЭ?,other
C:/tsogoo/Hicheel/erdem shinjilgeenii hural/ecnometric/shine/data/НҮТС-2013/Men.sav,НҮТС-2013,Men.sav,MCM10,Нийт төрсөн хүүхдийн тоо,demographics_geo_weights
C:/tsogoo/Hicheel/erdem shinjilgeenii hural/ecnometric/shine/data/НҮТС-2013/Men.sav,НҮТС-2013,Men.sav,CTOT,Check for total number of children,other
C:/tsogoo/Hicheel/erdem shinjilgeenii hural/ecnometric/shine/data/НҮТС-2013/Men.sav,НҮТС-2013,Men.sav,MCM11A,ТАНЫ ТӨРСӨН ХҮҮХДҮҮД БҮГД НЭГ ЭЭЖТЭЙ ЮУ?,parents_family
C:/tsogoo/Hicheel/erdem shinjilgeenii hural/ecnometric/shine/data/НҮТС-2013/Men.sav,НҮТС-2013,Men.sav,MCM11B,ТАНЫ ТӨРСӨН ХҮҮХДИЙГ ТӨРҮҮЛСЭН ХЭДЭН ЭМЭГТЭЙ БАЙДАГ ВЭ?,demographics_geo_weights
C:/tsogoo/Hicheel/erdem shinjilgeenii hural/ecnometric/shine/data/НҮТС-2013/Men.sav,НҮТС-2013,Men.sav,MMA1,"ТА ОДООГООР ГЭРЛЭСЭН ҮҮ, ЭСВЭЛ ХАМТРАН АМЬДАРЧ БАЙГАА ЮУ?",other
C:/tsogoo/Hicheel/erdem shinjilgeenii hural/ecnometric/shine/data/НҮТС-2013/Men.sav,НҮТС-2013,Men.sav,MMA5,"ТА ЕР НЬ/ӨМНӨ НЬ ГЭРЛЭЖ, ЭСВЭЛ ХАМТРАН АМЬДАРЧ БАЙСАН УУ?",other
C:/tsogoo/Hicheel/erdem shinjilgeenii hural/ecnometric/shine/data/НҮТС-2013/Men.sav,НҮТС-2013,Men.sav,MMA6,"ТА ОДООГООР БЭЛБЭСЭН ҮҮ, САЛСАН УУ, ЭСВЭЛ ТУСГААРЛАСАН УУ?",wealth_assets_housing
C:/tsogoo/Hicheel/erdem shinjilgeenii hural/ecnometric/shine/data/НҮТС-2013/Men.sav,НҮТС-2013,Men.sav,MMA7,"ТА НЭГ УДАА ГЭРЛЭЖ/ ХАМТРАН АМЬДАРЧ БАЙСАН УУ, ЭСВЭЛ НЭГЭЭС ОЛОН УДАА ГЭРЛЭЖ/ХАМТРАН АМЬДАРЧ БАЙСАН УУ?",other
C:/tsogoo/Hicheel/erdem shinjilgeenii hural/ecnometric/shine/data/НҮТС-2013/Men.sav,НҮТС-2013,Men.sav,MMA8Y,"ТА ХЭДЭН ОНЫ ХЭДЭН САРД АНХ ГЭРЛЭСЭН, ЭСВЭЛ ХАМТРАН АМЬДАРЧ ЭХЭЛСЭН БЭ? Он",parents_family
C:/tsogoo/Hicheel/erdem shinjilgeenii hural/ecnometric/shine/data/НҮТС-2013/Men.sav,НҮТС-2013,Men.sav,MMA8M,"ТА ХЭДЭН ОНЫ ХЭДЭН САРД АНХ ГЭРЛЭСЭН, ЭСВЭЛ ХАМТРАН АМЬДАРЧ ЭХЭЛСЭН БЭ? Сар",parents_family
C:/tsogoo/Hicheel/erdem shinjilgeenii hural/ecnometric/shine/data/НҮТС-2013/Men.sav,НҮТС-2013,Men.sav,MMA8AY,"ТА ХЭДЭН ОНЫ ХЭДЭН САРД АНХ ГЭРЛЭСЭН, ЭСВЭЛ ХАМТРАН АМЬДАРЧ ЭХЭЛСЭН БЭ? Он",parents_family
C:/tsogoo/Hicheel/erdem shinjilgeenii hural/ecnometric/shine/data/НҮТС-2013/Men.sav,НҮТС-2013,Men.sav,MMA8AM,"ТА ХЭДЭН ОНЫ ХЭДЭН САРД АНХ ГЭРЛЭСЭН, ЭСВЭЛ ХАМТРАН АМЬДАРЧ ЭХЭЛСЭН БЭ? Сар",parents_family
C:/tsogoo/Hicheel/erdem shinjilgeenii hural/ecnometric/shine/data/НҮТС-2013/Men.sav,НҮТС-2013,Men.sav,MMA9,ТА АНХНЫ ЭХНЭР/ ХАМТРАН АМЬДРАГЧТАЙГАА ХЭДЭН НАСТАЙГААСАА АМЬДАРЧ ЭХЭЛСЭН БЭ?,parents_family
C:/tsogoo/Hicheel/erdem shinjilgeenii hural/ecnometric/shine/data/НҮТС-2013/Men.sav,НҮТС-2013,Men.sav,MCP0AA,УМАЙН 2 ТАЛЫН ГУУРСАН ХООЛОЙГ БООХ,health_disability_nutrition
C:/tsogoo/Hicheel/erdem shinjilgeenii hural/ecnometric/shine/data/НҮТС-2013/Men.sav,НҮТС-2013,Men.sav,MCP0AB,ЭРЭГТЭЙ ҮРИЙН СУВГИЙГ БООХ,other
C:/tsogoo/Hicheel/erdem shinjilgeenii hural/ecnometric/shine/data/НҮТС-2013/Men.sav,НҮТС-2013,Men.sav,MCP0AC,ЕРӨНДӨГ,other
C:/tsogoo/Hicheel/erdem shinjilgeenii hural/ecnometric/shine/data/НҮТС-2013/Men.sav,НҮТС-2013,Men.sav,MCP0AD,ТАРИА,other
C:/tsogoo/Hicheel/erdem shinjilgeenii hural/ecnometric/shine/data/НҮТС-2013/Men.sav,НҮТС-2013,Men.sav,MCP0AE,СУУЛГАЦ,other
C:/tsogoo/Hicheel/erdem shinjilgeenii hural/ecnometric/shine/data/НҮТС-2013/Men.sav,НҮТС-2013,Men.sav,MCP0AF,ЭМ УУХ,other
C:/tsogoo/Hicheel/erdem shinjilgeenii hural/ecnometric/shine/data/НҮТС-2013/Men.sav,НҮТС-2013,Men.sav,MCP0AG,ЭРЭГТЭЙ БЭЛГЭВЧ,other
C:/tsogoo/Hicheel/erdem shinjilgeenii hural/ecnometric/shine/data/НҮТС-2013/Men.sav,НҮТС-2013,Men.sav,MCP0AH,ЭМЭГТЭЙ БЭЛГЭВЧ,other
C:/tsogoo/Hicheel/erdem shinjilgeenii hural/ecnometric/shine/data/НҮТС-2013/Men.sav,НҮТС-2013,Men.sav,MCP0AI,ДИАФРАГМ,other
C:/tsogoo/Hicheel/erdem shinjilgeenii hural/ecnometric/shine/data/НҮТС-2013/Men.sav,НҮТС-2013,Men.sav,MCP0AJ,"ЛАА, ЦАРЦМАГ",other
C:/tsogoo/Hicheel/erdem shinjilgeenii hural/ecnometric/shine/data/НҮТС-2013/Men.sav,НҮТС-2013,Men.sav,MCP0AL,ХУАНЛИЙН ДАГУУ ТҮР ТЭВЧИХ,other
C:/tsogoo/Hicheel/erdem shinjilgeenii hural/ecnometric/shine/data/НҮТС-2013/Men.sav,НҮТС-2013,Men.sav,MCP0AM,ГАДУУР ТАВИХ,other
C:/tsogoo/Hicheel/erdem shinjilgeenii hural/ecnometric/shine/data/НҮТС-2013/Men.sav,НҮТС-2013,Men.sav,MCP0AN,ЯАРАЛТАЙ УУЖ ХАМГААЛАХ ЭМ,other
C:/tsogoo/Hicheel/erdem shinjilgeenii hural/ecnometric/shine/data/НҮТС-2013/Men.sav,НҮТС-2013,Men.sav,MCP0AX,"ЖИРЭМСЛЭХЭЭС СЭРГИЙЛЭХ ӨӨР АРГЫН ТАЛААР СОНСОЖ, УНШИЖ БАЙСАН УУ?",parents_family
C:/tsogoo/Hicheel/erdem shinjilgeenii hural/ecnometric/shine/data/НҮТС-2013/Men.sav,НҮТС-2013,Men.sav,MCP0AZ,МЭДЭХГҮЙ,parents_family
C:/tsogoo/Hicheel/erdem shinjilgeenii hural/ecnometric/shine/data/НҮТС-2013/Men.sav,НҮТС-2013,Men.sav,MCP0BA,УМАЙН 2 ТАЛЫН ГУУРСАН ХООЛОЙГ БООХ,health_disability_nutrition
C:/tsogoo/Hicheel/erdem shinjilgeenii hural/ecnometric/shine/data/НҮТС-2013/Men.sav,НҮТС-2013,Men.sav,MCP0BB,ЭРЭГТЭЙ ҮРИЙН СУВГИЙГ БООХ,other
C:/tsogoo/Hicheel/erdem shinjilgeenii hural/ecnometric/shine/data/НҮТС-2013/Men.sav,НҮТС-2013,Men.sav,MCP0BC,ЕРӨНДӨГ,other
C:/tsogoo/Hicheel/erdem shinjilgeenii hural/ecnometric/shine/data/НҮТС-2013/Men.sav,НҮТС-2013,Men.sav,MCP0BD,ТАРИА,other
C:/tsogoo/Hicheel/erdem shinjilgeenii hural/ecnometric/shine/data/НҮТС-2013/Men.sav,НҮТС-2013,Men.sav,MCP0BE,СУУЛГАЦ,other
C:/tsogoo/Hicheel/erdem shinjilgeenii hural/ecnometric/shine/data/НҮТС-2013/Men.sav,НҮТС-2013,Men.sav,MCP0BF,ЭМ УУХ,other
C:/tsogoo/Hicheel/erdem shinjilgeenii hural/ecnometric/shine/data/НҮТС-2013/Men.sav,НҮТС-2013,Men.sav,MCP0BG,ЭРЭГТЭЙ БЭЛГЭВЧ,other
C:/tsogoo/Hicheel/erdem shinjilgeenii hural/ecnometric/shine/data/НҮТС-2013/Men.sav,НҮТС-2013,Men.sav,MCP0BH,ЭМЭГТЭЙ БЭЛГЭВЧ,other
C:/tsogoo/Hicheel/erdem shinjilgeenii hural/ecnometric/shine/data/НҮТС-2013/Men.sav,НҮТС-2013,Men.sav,MCP0BI,ДИАФРАГМ,other
C:/tsogoo/Hicheel/erdem shinjilgeenii hural/ecnometric/shine/data/НҮТС-2013/Men.sav,НҮТС-2013,Men.sav,MCP0BJ,"ЛАА, ЦАРЦМАГ",other
C:/tsogoo/Hicheel/erdem shinjilgeenii hural/ecnometric/shine/data/НҮТС-2013/Men.sav,НҮТС-2013,Men.sav,MCP0BL,ХУАНЛИЙН ДАГУУ ТҮР ТЭВЧИХ,other
C:/tsogoo/Hicheel/erdem shinjilgeenii hural/ecnometric/shine/data/НҮТС-2013/Men.sav,НҮТС-2013,Men.sav,MCP0BM,ГАДУУР ТАВИХ,other
C:/tsogoo/Hicheel/erdem shinjilgeenii hural/ecnometric/shine/data/НҮТС-2013/Men.sav,НҮТС-2013,Men.sav,MCP0BN,ЯАРАЛТАЙ УУЖ ХАМГААЛАХ ЭМ,other
C:/tsogoo/Hicheel/erdem shinjilgeenii hural/ecnometric/shine/data/НҮТС-2013/Men.sav,НҮТС-2013,Men.sav,MCP0BX,Бусад аргын талаар мэдэх үү,wealth_assets_housing
C:/tsogoo/Hicheel/erdem shinjilgeenii hural/ecnometric/shine/data/НҮТС-2013/Men.sav,НҮТС-2013,Men.sav,MCP25,"ТА ЖИРЭМСЛЭХЭЭС СЭРГИЙЛЭХ ОРЧИН ҮЕИЙН АРГЫГ ҮНЭ ТӨЛБӨРГҮЙГЭЭР ТАРААДАГ, ҮЙЛЧИЛДЭГ ГЭДГИЙГ МЭДЭХ ҮҮ?",parents_family
C:/tsogoo/Hicheel/erdem shinjilgeenii hural/ecnometric/shine/data/НҮТС-2013/Men.sav,НҮТС-2013,Men.sav,MCP26A,РАДИО?,other
C:/tsogoo/Hicheel/erdem shinjilgeenii hural/ecnometric/shine/data/НҮТС-2013/Men.sav,НҮТС-2013,Men.sav,MCP26B,ТЕЛЕВИЗ?,other
C:/tsogoo/Hicheel/erdem shinjilgeenii hural/ecnometric/shine/data/НҮТС-2013/Men.sav,НҮТС-2013,Men.sav,MCP26C,ИНТЕРНЕТ?,other
C:/tsogoo/Hicheel/erdem shinjilgeenii hural/ecnometric/shine/data/НҮТС-2013/Men.sav,НҮТС-2013,Men.sav,MCP26D,"ХЭВЛЭМЭЛ СОНИН, СЭТГҮҮЛ, НОМ?",other
C:/tsogoo/Hicheel/erdem shinjilgeenii hural/ecnometric/shine/data/НҮТС-2013/Men.sav,НҮТС-2013,Men.sav,MCP26E,ЗУРАГТ ХУУДАС?,other
C:/tsogoo/Hicheel/erdem shinjilgeenii hural/ecnometric/shine/data/НҮТС-2013/Men.sav,НҮТС-2013,Men.sav,MCP28A,ГЭР БҮЛ ТӨЛӨВЛӨЛТ?,other
C:/tsogoo/Hicheel/erdem shinjilgeenii hural/ecnometric/shine/data/НҮТС-2013/Men.sav,НҮТС-2013,Men.sav,MCP28B,ЖСАХ?,other
C:/tsogoo/Hicheel/erdem shinjilgeenii hural/ecnometric/shine/data/НҮТС-2013/Men.sav,НҮТС-2013,Men.sav,MCP28C,"БЗДХ, ХДХВ/ДОХ?",other
C:/tsogoo/Hicheel/erdem shinjilgeenii hural/ecnometric/shine/data/НҮТС-2013/Men.sav,НҮТС-2013,Men.sav,MCP28D,"ЖИРЭМСЛЭЛТ, ТӨРӨЛТ?",other
C:/tsogoo/Hicheel/erdem shinjilgeenii hural/ecnometric/shine/data/НҮТС-2013/Men.sav,НҮТС-2013,Men.sav,MCP29,"ТАНЫ ЭХНЭР/ ХАМТРАН АМЬДРАГЧ ХЭДЭН ХҮҮХЭДТЭЙ БОЛОХЫГ ХҮСДЭГ ВЭ? ТАНТАЙ ИЖИЛ, ТАНЫХААС ОЛОН, ЭСВЭЛ ЦӨӨН ТООНЫ ХҮҮХЭД ХҮСД",parents_family
C:/tsogoo/Hicheel/erdem shinjilgeenii hural/ecnometric/shine/data/НҮТС-2013/Men.sav,НҮТС-2013,Men.sav,MCP30,ТА ЭМЭГТЭЙЧҮҮДИЙН САРЫН ТЭМДЭГ ИРЭХ ХУГАЦААНЫ ХООРОНД ЖИРЭМСЛЭХ БОЛОМЖ ӨНДӨРТЭЙ ӨДРҮҮД БАЙДАГ ГЭДГИЙГ МЭДЭХ ҮҮ?,parents_family
C:/tsogoo/Hicheel/erdem shinjilgeenii hural/ecnometric/shine/data/НҮТС-2013/Men.sav,НҮТС-2013,Men.sav,MCP31,ТА ЭМЭГТЭЙЧҮҮДИЙН САРЫН ТЭМДЭГ ИРЭХ ХУГАЦААНЫ ХООРОНД АЛЬ ҮЕД НЬ ЖИРЭМСЛЭХ БОЛОМЖ ИХТЭЙ БАЙДАГ ГЭЖ БОДДОГ ВЭ?,parents_family
C:/tsogoo/Hicheel/erdem shinjilgeenii hural/ecnometric/shine/data/НҮТС-2013/Men.sav,НҮТС-2013,Men.sav,MCP32,ЖСАХ БОЛ ЭРЭГТЭЙЧҮҮДИЙНХ БИШ ЗӨВХӨН ЭМЭГТЭЙЧҮҮДИЙН САНАА ТАВИХ АСУУДАЛ МӨН ҮҮ?,other
C:/tsogoo/Hicheel/erdem shinjilgeenii hural/ecnometric/shine/data/НҮТС-2013/Men.sav,НҮТС-2013,Men.sav,MUN2A,ТАНЫ ЭХНЭР/ ХАМТРАН АМЬДРАГЧ ЖИРЭМСЭН ҮҮ?,parents_family
C:/tsogoo/Hicheel/erdem shinjilgeenii hural/ecnometric/shine/data/НҮТС-2013/Men.sav,НҮТС-2013,Men.sav,MUN4,ТА ХҮЛЭЭЖ БУЙ ХҮҮХДЭЭ ТӨРСНИЙ ДАРАА ДАХИН ХҮҮХЭДТЭЙ БОЛОХЫГ ХҮСЧ БАЙГАА ЮУ?,parents_family
C:/tsogoo/Hicheel/erdem shinjilgeenii hural/ecnometric/shine/data/НҮТС-2013/Men.sav,НҮТС-2013,Men.sav,MUN4A,ТА ЕР НЬ/ ДАХИН ХҮҮХЭД НЭМЖ ТӨРҮҮЛЭХИЙГ ХҮСЧ БАЙГАА ЮУ?,parents_family
C:/tsogoo/Hicheel/erdem shinjilgeenii hural/ecnometric/shine/data/НҮТС-2013/Men.sav,НҮТС-2013,Men.sav,MUN6C,ТА ЯАГААД НЭМЖ ХҮҮХЭДТЭЙ БОЛЬЁ ГЭЖ БОДОЖ БАЙНА ВЭ?,other
C:/tsogoo/Hicheel/erdem shinjilgeenii hural/ecnometric/shine/data/НҮТС-2013/Men.sav,НҮТС-2013,Men.sav,MUN7U,нэгж,other
C:/tsogoo/Hicheel/erdem shinjilgeenii hural/ecnometric/shine/data/НҮТС-2013/Men.sav,НҮТС-2013,Men.sav,MUN7N,тоо,other
C:/tsogoo/Hicheel/erdem shinjilgeenii hural/ecnometric/shine/data/НҮТС-2013/Men.sav,НҮТС-2013,Men.sav,MUN11B,ХЭРЭВ ТАНД ХҮҮХЭДГҮЙ БАЙХ ҮЕДЭЭ ОЧИХ БОЛОМЖ ТОХИОВОЛ АМЬДРАЛЫНХАА ТУРШ ХЭДЭН ХҮҮХЭДТЭЙ БОЛОХЫГ ХҮСЭХ БАЙСАН БЭ?,parents_family
C:/tsogoo/Hicheel/erdem shinjilgeenii hural/ecnometric/shine/data/НҮТС-2013/Men.sav,НҮТС-2013,Men.sav,MUN11C,ТА АМЬДРАЛЫНХАА ТУРШ ХЭДЭН ХҮҮХЭДТЭЙ БОЛОХЫГ ХҮСДЭГ ВЭ?,other
C:/tsogoo/Hicheel/erdem shinjilgeenii hural/ecnometric/shine/data/НҮТС-2013/Men.sav,НҮТС-2013,Men.sav,MSB1,ТА БЭЛГИЙН ХАВЬТАЛД ОРЖ БАЙСАН УУ?,other
C:/tsogoo/Hicheel/erdem shinjilgeenii hural/ecnometric/shine/data/НҮТС-2013/Men.sav,НҮТС-2013,Men.sav,MSB2,ТА ХАМГИЙН АНХ БЭЛГИЙН ХАВЬТАЛД ОРОХДОО БЭЛГЭВЧ ХЭРЭГЛЭСЭН ҮҮ?,other
C:/tsogoo/Hicheel/erdem shinjilgeenii hural/ecnometric/shine/data/НҮТС-2013/Men.sav,НҮТС-2013,Men.sav,MSB3U,нэгж,other
C:/tsogoo/Hicheel/erdem shinjilgeenii hural/ecnometric/shine/data/НҮТС-2013/Men.sav,НҮТС-2013,Men.sav,MSB3N,тоо,other
C:/tsogoo/Hicheel/erdem shinjilgeenii hural/ecnometric/shine/data/НҮТС-2013/Men.sav,НҮТС-2013,Men.sav,MSB4,ТА ХАМГИЙН СҮҮЛЧИЙН БЭЛГИЙН ХАВЬТАЛД ОРОХДОО БЭЛГЭВЧ ХЭРЭГЛЭСЭН ҮҮ?,other
C:/tsogoo/Hicheel/erdem shinjilgeenii hural/ecnometric/shine/data/НҮТС-2013/Men.sav,НҮТС-2013,Men.sav,MSB5,ТА ХАМГИЙН СҮҮЛЧИЙН БЭЛГИЙН ХАВЬТАГЧТАЙГАА ЯМАР ХОЛБООТОЙ БАЙСАН БЭ?,other
C:/tsogoo/Hicheel/erdem shinjilgeenii hural/ecnometric/shine/data/НҮТС-2013/Men.sav,НҮТС-2013,Men.sav,MSB8,ТА СҮҮЛЧИЙН 12 САРЫН ХУГАЦААНД ӨӨР ХҮНТЭЙ БЭЛГИЙН ХАВЬТАЛД ОРСОН УУ?,other
C:/tsogoo/Hicheel/erdem shinjilgeenii hural/ecnometric/shine/data/НҮТС-2013/Men.sav,НҮТС-2013,Men.sav,MSB9,ТА ТЭР ХҮНТЭЙГЭЭ ХАМГИЙН СҮҮЛД БЭЛГИЙН ХАВЬТАЛД ОРОХДОО БЭЛГЭВЧ ХЭРЭГЛЭСЭН ҮҮ?,other
C:/tsogoo/Hicheel/erdem shinjilgeenii hural/ecnometric/shine/data/НҮТС-2013/Men.sav,НҮТС-2013,Men.sav,MSB10,ТА ТЭР ХҮНТЭЙГЭЭ ЯМАР ХОЛБООТОЙ БАЙСАН БЭ?,other
C:/tsogoo/Hicheel/erdem shinjilgeenii hural/ecnometric/shine/data/НҮТС-2013/Men.sav,НҮТС-2013,Men.sav,MSB13,ТА СҮҮЛЧИЙН 12 САРЫН ХУГАЦААНД ЭНЭ ХОЁР ХҮНЭЭС ӨӨР ХҮНТЭЙ БЭЛГИЙН ХАВЬТАЛД ОРСОН УУ?,other
C:/tsogoo/Hicheel/erdem shinjilgeenii hural/ecnometric/shine/data/НҮТС-2013/Men.sav,НҮТС-2013,Men.sav,MSB14,ТА СҮҮЛЧИЙН 12 САРЫН ХУГАЦААНД ХЭДЭН ХҮНТЭЙ БЭЛГИЙН ХАВЬТАЛД ОРСОН БЭ?,other
C:/tsogoo/Hicheel/erdem shinjilgeenii hural/ecnometric/shine/data/НҮТС-2013/Men.sav,НҮТС-2013,Men.sav,MSB15,ТА АМЬДРАЛЫНХАА ТУРШ ХЭДЭН ХҮНТЭЙ БЭЛГИЙН ХАВЬТАЛД ОРСОН БЭ?,other
C:/tsogoo/Hicheel/erdem shinjilgeenii hural/ecnometric/shine/data/НҮТС-2013/Men.sav,НҮТС-2013,Men.sav,MHA1,"ТА ДОХ ӨВЧНИЙ ТАЛААР СОНСОЖ, ЭСВЭЛ УНШИЖ БАЙСАН УУ?",other
C:/tsogoo/Hicheel/erdem shinjilgeenii hural/ecnometric/shine/data/НҮТС-2013/Men.sav,НҮТС-2013,Men.sav,MHA2,"ДОХ-ЫН ХАЛДВАРГҮЙ, БЭЛГИЙН НЭГ ҮНЭНЧ ХАВЬТАГЧТАЙ БАЙСНААР ДОХ-ЫН ВИРҮС АВАХ ЭРСДЭЛИЙГ БУУРУУЛЖ ЧАДАХ УУ?",other
C:/tsogoo/Hicheel/erdem shinjilgeenii hural/ecnometric/shine/data/НҮТС-2013/Men.sav,НҮТС-2013,Men.sav,MHA4,БЭЛГИЙН ХАВЬТАЛД ОРОХ БҮРТЭЭ БЭЛГЭВЧ ХЭРЭГЛЭСНЭЭР ДОХ-ЫН ВИРҮС АВАХ ЭРСДЭЛИЙГ БУУРУУЛЖ ЧАДАХ УУ?,other
C:/tsogoo/Hicheel/erdem shinjilgeenii hural/ecnometric/shine/data/НҮТС-2013/Men.sav,НҮТС-2013,Men.sav,MHA5,ШУМУУЛАНД ХАЗУУЛСНААР ДОХ-ЫН ВИРҮС АВЧ БОЛОХ УУ?,other
C:/tsogoo/Hicheel/erdem shinjilgeenii hural/ecnometric/shine/data/НҮТС-2013/Men.sav,НҮТС-2013,Men.sav,MHA6,ДОХ-ЫН ХАЛДВАРТАЙ ХҮНТЭЙ ХООЛ ХҮНСЭЭ ХУВААЖ ИДЭХЭД ДОХ-ЫН ВИРҮС ДАМЖИХ БОЛОМЖТОЙ ЮУ?,parents_family
C:/tsogoo/Hicheel/erdem shinjilgeenii hural/ecnometric/shine/data/НҮТС-2013/Men.sav,НҮТС-2013,Men.sav,MHA7,ГАДНААС НЬ ХАРАХАД ЭРҮҮЛ ХҮН ДОХ-ЫН ВИРҮСТЭЙ БАЙЖ БОЛОХ УУ?,health_disability_nutrition
C:/tsogoo/Hicheel/erdem shinjilgeenii hural/ecnometric/shine/data/НҮТС-2013/Men.sav,НҮТС-2013,Men.sav,MHA7A,"ӨӨР ХҮНИЙ ХЭРЭГЛЭСЭН ЗҮҮ, ТАРИУРААР ДОХ-ЫН ВИРҮС ДАМЖИХ БОЛОМЖТОЙ ЮУ?",other
C:/tsogoo/Hicheel/erdem shinjilgeenii hural/ecnometric/shine/data/НҮТС-2013/Men.sav,НҮТС-2013,Men.sav,MHA8A,ЖИРЭМСНИЙ ҮЕД?,other
C:/tsogoo/Hicheel/erdem shinjilgeenii hural/ecnometric/shine/data/НҮТС-2013/Men.sav,НҮТС-2013,Men.sav,MHA8B,ТӨРӨХ ҮЕД?,other
C:/tsogoo/Hicheel/erdem shinjilgeenii hural/ecnometric/shine/data/НҮТС-2013/Men.sav,НҮТС-2013,Men.sav,MHA8C,ХҮҮХЭД ХӨХҮҮЛЭХ ҮЕД?,parents_family
C:/tsogoo/Hicheel/erdem shinjilgeenii hural/ecnometric/shine/data/НҮТС-2013/Men.sav,НҮТС-2013,Men.sav,MHA9,ТАНЫ БОДЛООР ДОХ-ООР ӨВЧЛӨӨГҮЙ БОЛОВЧ ДОХ-ЫН ВИРҮС АВСАН ЭМЭГТЭЙ БАГШ СУРГУУЛЬДАА АЖИЛЛАЖ БОЛОХ УУ?,education_schooling
C:/tsogoo/Hicheel/erdem shinjilgeenii hural/ecnometric/shine/data/НҮТС-2013/Men.sav,НҮТС-2013,Men.sav,MHA10,"ХЭРЭВ МАХ, НОГООНЫ ХУДАЛДАГЧИЙГ ДОХ-ЫН ВИРҮСТЭЙ ГЭЖ МЭДВЭЛ ТА ТҮҮНЭЭС МАХ, НОГОО ХУДАЛДАЖ АВАХ УУ?",other
C:/tsogoo/Hicheel/erdem shinjilgeenii hural/ecnometric/shine/data/НҮТС-2013/Men.sav,НҮТС-2013,Men.sav,MHA11,ХЭРЭВ ТАНАЙ ГЭР БҮЛИЙН ГИШҮҮДИЙН ХЭН НЭГ ДОХ-ЫН ВИРҮС АВСАН НЬ МЭДЭГДВЭЛ ТА ҮҮНИЙГ НУУЦЛАХЫГ ХҮСЭХ ҮҮ?,parents_family
C:/tsogoo/Hicheel/erdem shinjilgeenii hural/ecnometric/shine/data/НҮТС-2013/Men.sav,НҮТС-2013,Men.sav,MHA12,"ХЭРЭВ ТАНАЙ ГЭР БҮЛИЙН ГИШҮҮДИЙН ХЭН НЭГ НЬ ДОХ-ООР ӨВЧИЛБӨЛ ТА ТҮҮНИЙГ ГЭРТЭЭ АСАРЧ, СУВИЛАХАД БЭЛЭН БАЙНА УУ?",other
C:/tsogoo/Hicheel/erdem shinjilgeenii hural/ecnometric/shine/data/НҮТС-2013/Men.sav,НҮТС-2013,Men.sav,MHA24,ТА ЕР НЬ ДОХ-ЫН ШИНЖИЛГЭЭ ӨГЧ БАЙСАН УУ?,other
C:/tsogoo/Hicheel/erdem shinjilgeenii hural/ecnometric/shine/data/НҮТС-2013/Men.sav,НҮТС-2013,Men.sav,MHA25,ТА ХАМГИЙН СҮҮЛД ХЭЗЭЭ ДОХ-ЫН ШИНЖИЛГЭЭ ӨГСӨН БЭ?,other
C:/tsogoo/Hicheel/erdem shinjilgeenii hural/ecnometric/shine/data/НҮТС-2013/Men.sav,НҮТС-2013,Men.sav,MHA26,ТА ШИНЖИЛГЭЭНИЙХЭЭ ХАРИУГ АВСАН УУ?,other
C:/tsogoo/Hicheel/erdem shinjilgeenii hural/ecnometric/shine/data/НҮТС-2013/Men.sav,НҮТС-2013,Men.sav,MHA27,ТА ДОХ-ЫН ШИНЖИЛГЭЭ ӨГЧ БОЛОХ ГАЗРЫГ МЭДЭХ ҮҮ?,parents_family
C:/tsogoo/Hicheel/erdem shinjilgeenii hural/ecnometric/shine/data/НҮТС-2013/Men.sav,НҮТС-2013,Men.sav,MHA30,ТА ЕР НЬ ДОХ-ООС ӨӨР БЭЛГИЙН ЗАМААР ДАМЖИХ ХАЛДВАРЫН ТАЛААР СОНССОН УУ?,other
C:/tsogoo/Hicheel/erdem shinjilgeenii hural/ecnometric/shine/data/НҮТС-2013/Men.sav,НҮТС-2013,Men.sav,MHA31A,"Эцэг, эх/ төрөл садан",parents_family
C:/tsogoo/Hicheel/erdem shinjilgeenii hural/ecnometric/shine/data/НҮТС-2013/Men.sav,НҮТС-2013,Men.sav,MHA31B,Эхнэр/ хамтран амьдрагч,parents_family
C:/tsogoo/Hicheel/erdem shinjilgeenii hural/ecnometric/shine/data/НҮТС-2013/Men.sav,НҮТС-2013,Men.sav,MHA31C,Найз / үе тэнгийхэн,other
C:/tsogoo/Hicheel/erdem shinjilgeenii hural/ecnometric/shine/data/НҮТС-2013/Men.sav,НҮТС-2013,Men.sav,MHA31D,Хамт ажиллагчид,work_child_labour
C:/tsogoo/Hicheel/erdem shinjilgeenii hural/ecnometric/shine/data/НҮТС-2013/Men.sav,НҮТС-2013,Men.sav,MHA31E,Арьс өнгөний эмч,other
C:/tsogoo/Hicheel/erdem shinjilgeenii hural/ecnometric/shine/data/НҮТС-2013/Men.sav,НҮТС-2013,Men.sav,MHA31F,Эрүүл мэндийн ажилтан,work_child_labour
C:/tsogoo/Hicheel/erdem shinjilgeenii hural/ecnometric/shine/data/НҮТС-2013/Men.sav,НҮТС-2013,Men.sav,MHA31G,Шашны байгууллага,other
C:/tsogoo/Hicheel/erdem shinjilgeenii hural/ecnometric/shine/data/НҮТС-2013/Men.sav,НҮТС-2013,Men.sav,MHA31H,Багш,other
C:/tsogoo/Hicheel/erdem shinjilgeenii hural/ecnometric/shine/data/НҮТС-2013/Men.sav,НҮТС-2013,Men.sav,MHA31I,"Нийгмийн ажилтан, сайн дурынхан",work_child_labour
C:/tsogoo/Hicheel/erdem shinjilgeenii hural/ecnometric/shine/data/НҮТС-2013/Men.sav,НҮТС-2013,Men.sav,MHA31J,"Зурагт хуудас, мэдээллийн самбар",other
C:/tsogoo/Hicheel/erdem shinjilgeenii hural/ecnometric/shine/data/НҮТС-2013/Men.sav,НҮТС-2013,Men.sav,MHA31K,"Сонин, сэтгүүл, ном",other
C:/tsogoo/Hicheel/erdem shinjilgeenii hural/ecnometric/shine/data/НҮТС-2013/Men.sav,НҮТС-2013,Men.sav,MHA31L,Радио,other
C:/tsogoo/Hicheel/erdem shinjilgeenii hural/ecnometric/shine/data/НҮТС-2013/Men.sav,НҮТС-2013,Men.sav,MHA31M,Телевиз,other
C:/tsogoo/Hicheel/erdem shinjilgeenii hural/ecnometric/shine/data/НҮТС-2013/Men.sav,НҮТС-2013,Men.sav,MHA31N,Интернет/ цахим хуудас,other
C:/tsogoo/Hicheel/erdem shinjilgeenii hural/ecnometric/shine/data/НҮТС-2013/Men.sav,НҮТС-2013,Men.sav,MHA31X,Бусад (бичих),wealth_assets_housing
C:/tsogoo/Hicheel/erdem shinjilgeenii hural/ecnometric/shine/data/НҮТС-2013/Men.sav,НҮТС-2013,Men.sav,MHA34,"СҮҮЛЧИЙН 12 САРЫН ХУГАЦААНД БЭЛГИЙН ЗАМААР ДАМЖДАГ ЯМАР НЭГЭН ӨВЧИН, ХАЛДВАР АВСАН УУ?",other
C:/tsogoo/Hicheel/erdem shinjilgeenii hural/ecnometric/shine/data/НҮТС-2013/Men.sav,НҮТС-2013,Men.sav,MHA35,"СҮҮЛЧИЙН 12 САРЫН ХУГАЦААНД ТАНЫ БЭЛЭГ ЭРХТНЭЭС ЭВГҮЙ ҮНЭРТЭЙ, ХЭВИЙН БУС ЯЛГАДАС ГАРСАН УУ?",wealth_assets_housing
C:/tsogoo/Hicheel/erdem shinjilgeenii hural/ecnometric/shine/data/НҮТС-2013/Men.sav,НҮТС-2013,Men.sav,MHA36,"СҮҮЛЧИЙН 12 САРЫН ХУГАЦААНД ТАНЫ БЭЛЭГ ЭРХТЭН ДЭЭР ЦЭВРҮҮ, ЯР, ШАРХ, ҮҮ ГАРСАН УУ?",other
C:/tsogoo/Hicheel/erdem shinjilgeenii hural/ecnometric/shine/data/НҮТС-2013/Men.sav,НҮТС-2013,Men.sav,MHA38,ТА ЕР НЬ БЭЛГИЙН ЗАМААР ДАМЖИХ ХАЛДВАРЫН ШИНЖИЛГЭЭ ӨГЧ БАЙСАН УУ?,other
C:/tsogoo/Hicheel/erdem shinjilgeenii hural/ecnometric/shine/data/НҮТС-2013/Men.sav,НҮТС-2013,Men.sav,MHA39,ТА СҮҮЛЧИЙН 12 САРЫН ХУГАЦААНД БЭЛГИЙН ЗАМААР ДАМЖИХ ХАЛДВАРЫН ШИНЖИЛГЭЭ ӨГСӨН ҮҮ?,other
C:/tsogoo/Hicheel/erdem shinjilgeenii hural/ecnometric/shine/data/НҮТС-2013/Men.sav,НҮТС-2013,Men.sav,MHA40,ТА БЭЛГИЙН ЗАМААР ДАМЖИХ ХАЛДВАРЫН ЭМЧИЛГЭЭ ХИЙЛГЭЖ БАЙСАН УУ?,other
C:/tsogoo/Hicheel/erdem shinjilgeenii hural/ecnometric/shine/data/НҮТС-2013/Men.sav,НҮТС-2013,Men.sav,MHA41,ТА СҮҮЛЧИЙН 12 САРЫН ХУГАЦААНД БЭЛГИЙН ЗАМААР ДАМЖИХ ХАЛДВАРЫН ЭМЧИЛГЭЭ ХИЙЛГЭСЭН УУ?,other
C:/tsogoo/Hicheel/erdem shinjilgeenii hural/ecnometric/shine/data/НҮТС-2013/Men.sav,НҮТС-2013,Men.sav,MHA42A,"Төрөлжсөн нарийн мэргэжлийн төв (Халдвартын эмнэлэг, Эх, нялхсын төв)",parents_family
C:/tsogoo/Hicheel/erdem shinjilgeenii hural/ecnometric/shine/data/НҮТС-2013/Men.sav,НҮТС-2013,Men.sav,MHA42B,Нэгдсэн эмнэлэг (Аймгийн төв/ Дүүргийн эмнэлэг),other
C:/tsogoo/Hicheel/erdem shinjilgeenii hural/ecnometric/shine/data/НҮТС-2013/Men.sav,НҮТС-2013,Men.sav,MHA42C,Амаржих газар,other
C:/tsogoo/Hicheel/erdem shinjilgeenii hural/ecnometric/shine/data/НҮТС-2013/Men.sav,НҮТС-2013,Men.sav,MHA42D,"Сайн дурын зөвлөгөө, шинжилгээний төв",other
C:/tsogoo/Hicheel/erdem shinjilgeenii hural/ecnometric/shine/data/НҮТС-2013/Men.sav,НҮТС-2013,Men.sav,MHA42E,Сумын/ Өрхийн эмнэлэг,wealth_assets_housing
C:/tsogoo/Hicheel/erdem shinjilgeenii hural/ecnometric/shine/data/НҮТС-2013/Men.sav,НҮТС-2013,Men.sav,MHA42F,Багийн эмч,other
C:/tsogoo/Hicheel/erdem shinjilgeenii hural/ecnometric/shine/data/НҮТС-2013/Men.sav,НҮТС-2013,Men.sav,MHA42G,Улаанбаатарын ортой эмнэлэг,other
C:/tsogoo/Hicheel/erdem shinjilgeenii hural/ecnometric/shine/data/НҮТС-2013/Men.sav,НҮТС-2013,Men.sav,MHA42H,Улаанбаатарын оргүй эмнэлэг,other
C:/tsogoo/Hicheel/erdem shinjilgeenii hural/ecnometric/shine/data/НҮТС-2013/Men.sav,НҮТС-2013,Men.sav,MHA42I,Аймаг/ Сумын ортой эмнэлэг,demographics_geo_weights
C:/tsogoo/Hicheel/erdem shinjilgeenii hural/ecnometric/shine/data/НҮТС-2013/Men.sav,НҮТС-2013,Men.sav,MHA42J,Аймаг/ Сумын оргүй эмнэлэг,demographics_geo_weights
C:/tsogoo/Hicheel/erdem shinjilgeenii hural/ecnometric/shine/data/НҮТС-2013/Men.sav,НҮТС-2013,Men.sav,MHA42K,Эмч,other
C:/tsogoo/Hicheel/erdem shinjilgeenii hural/ecnometric/shine/data/НҮТС-2013/Men.sav,НҮТС-2013,Men.sav,MHA42L,Эмийн сан,other
C:/tsogoo/Hicheel/erdem shinjilgeenii hural/ecnometric/shine/data/НҮТС-2013/Men.sav,НҮТС-2013,Men.sav,MHA42N,Төрийн бус байгууллагын эмнэлэг,wealth_assets_housing
C:/tsogoo/Hicheel/erdem shinjilgeenii hural/ecnometric/shine/data/НҮТС-2013/Men.sav,НҮТС-2013,Men.sav,MHA42P,"Хамаатан, найз",other
C:/tsogoo/Hicheel/erdem shinjilgeenii hural/ecnometric/shine/data/НҮТС-2013/Men.sav,НҮТС-2013,Men.sav,MHA42X,Бусад (бичих),wealth_assets_housing
C:/tsogoo/Hicheel/erdem shinjilgeenii hural/ecnometric/shine/data/НҮТС-2013/Men.sav,НҮТС-2013,Men.sav,MHA43,ТАНЫ БОДЛООР БЭЛГИЙН ЗАМААР ДАМЖИХ ХАЛДВАРААС СЭРГИЙЛЭХ БОЛОМЖТОЙ ЮУ?,parents_family
C:/tsogoo/Hicheel/erdem shinjilgeenii hural/ecnometric/shine/data/НҮТС-2013/Men.sav,НҮТС-2013,Men.sav,MHA44A,Бэлгийн хавьтлыг тэвчих,other
C:/tsogoo/Hicheel/erdem shinjilgeenii hural/ecnometric/shine/data/НҮТС-2013/Men.sav,НҮТС-2013,Men.sav,MHA44B,Бэлгийн хавьталд орох бүртээ бэлгэвч хэрэглэх,parents_family
C:/tsogoo/Hicheel/erdem shinjilgeenii hural/ecnometric/shine/data/НҮТС-2013/Men.sav,НҮТС-2013,Men.sav,MHA44C,Халдваргүй зөвхөн нэг хавьтагчтай байх,other
C:/tsogoo/Hicheel/erdem shinjilgeenii hural/ecnometric/shine/data/НҮТС-2013/Men.sav,НҮТС-2013,Men.sav,MHA44D,Биеэ үнэлэгчтэй бэлгийн хавьталд орохоос татгалзах,other
C:/tsogoo/Hicheel/erdem shinjilgeenii hural/ecnometric/shine/data/НҮТС-2013/Men.sav,НҮТС-2013,Men.sav,MHA44E,Цус сэлбүүлэхээс татгалзах,wealth_assets_housing
C:/tsogoo/Hicheel/erdem shinjilgeenii hural/ecnometric/shine/data/НҮТС-2013/Men.sav,НҮТС-2013,Men.sav,MHA44F,"Зөвхөн нэг удаагийн зүү, тариур хэрэглэх",parents_family
C:/tsogoo/Hicheel/erdem shinjilgeenii hural/ecnometric/shine/data/НҮТС-2013/Men.sav,НҮТС-2013,Men.sav,MHA44X,Бусад (бичих),wealth_assets_housing
C:/tsogoo/Hicheel/erdem shinjilgeenii hural/ecnometric/shine/data/НҮТС-2013/Men.sav,НҮТС-2013,Men.sav,MHA44Z,Мэдэхгүй,parents_family
C:/tsogoo/Hicheel/erdem shinjilgeenii hural/ecnometric/shine/data/НҮТС-2013/Men.sav,НҮТС-2013,Men.sav,MTA1,"ТА ТАМХИ ТАТАЖ, ЭСВЭЛ НААД ЗАХ НЬ НЭГ, ХОЁР УДАА СОРЖ ҮЗСЭН ҮҮ?",other
C:/tsogoo/Hicheel/erdem shinjilgeenii hural/ecnometric/shine/data/НҮТС-2013/Men.sav,НҮТС-2013,Men.sav,MTA2,ТА ШИРХЭГ ТАМХИЙГ АНХ ХЭДЭН НАСТАЙДАА БҮТНЭЭР НЬ ТАТСАН БЭ?,demographics_geo_weights
C:/tsogoo/Hicheel/erdem shinjilgeenii hural/ecnometric/shine/data/НҮТС-2013/Men.sav,НҮТС-2013,Men.sav,MTA3,ТА ОДОО ТАМХИ ТАТДАГ УУ?,other
C:/tsogoo/Hicheel/erdem shinjilgeenii hural/ecnometric/shine/data/НҮТС-2013/Men.sav,НҮТС-2013,Men.sav,MTA4,ТА СҮҮЛЧИЙН 24 ЦАГТ ХЭДЭН ШИРХЭГ ТАМХИ ТАТСАН БЭ?,other
C:/tsogoo/Hicheel/erdem shinjilgeenii hural/ecnometric/shine/data/НҮТС-2013/Men.sav,НҮТС-2013,Men.sav,MTA5,ТА СҮҮЛЧИЙН 1 САРЫН ХЭДЭН ӨДӨРТ ТАМХИ ТАТСАН БЭ?,other
C:/tsogoo/Hicheel/erdem shinjilgeenii hural/ecnometric/shine/data/НҮТС-2013/Men.sav,НҮТС-2013,Men.sav,MTA6,"ТА НАВЧИН ТАМХИ, ДҮНСЭН ТАМХИ ГЭХ МЭТ БУСАД ТӨРЛИЙН ТАМХИ ТАТАЖ БАЙСАН УУ?",wealth_assets_housing
C:/tsogoo/Hicheel/erdem shinjilgeenii hural/ecnometric/shine/data/НҮТС-2013/Men.sav,НҮТС-2013,Men.sav,MTA7,"ТА СҮҮЛЧИЙН 1 САРЫН ХУГАЦААНД НАВЧИН ТАМХИ, ДҮНСЭН ТАМХИ ГЭХ МЭТ БУСАД ТӨРЛИЙН ТАМХИ ТАТСАН УУ?",wealth_assets_housing
C:/tsogoo/Hicheel/erdem shinjilgeenii hural/ecnometric/shine/data/НҮТС-2013/Men.sav,НҮТС-2013,Men.sav,MTA8A,Навчин тамхи,other
C:/tsogoo/Hicheel/erdem shinjilgeenii hural/ecnometric/shine/data/НҮТС-2013/Men.sav,НҮТС-2013,Men.sav,MTA8D,Дүнсэн тамхи (гаансаар),other
C:/tsogoo/Hicheel/erdem shinjilgeenii hural/ecnometric/shine/data/НҮТС-2013/Men.sav,НҮТС-2013,Men.sav,MTA8E,Дүнсэн тамхи (ороодог),other
C:/tsogoo/Hicheel/erdem shinjilgeenii hural/ecnometric/shine/data/НҮТС-2013/Men.sav,НҮТС-2013,Men.sav,MTA8X,Бусад (бичих),wealth_assets_housing
C:/tsogoo/Hicheel/erdem shinjilgeenii hural/ecnometric/shine/data/НҮТС-2013/Men.sav,НҮТС-2013,Men.sav,MTA9,"ТА СҮҮЛЧИЙН 1 САРЫН ХЭДЭН ӨДӨРТ НАВЧИН ТАМХИ, ДҮНСЭН ТАМХИ ГЭХ МЭТ БУСАД ТӨРЛИЙН ТАМХИ ТАТСАН БЭ?",wealth_assets_housing
C:/tsogoo/Hicheel/erdem shinjilgeenii hural/ecnometric/shine/data/НҮТС-2013/Men.sav,НҮТС-2013,Men.sav,MTA10,"ТА УТААГҮЙ ТӨРЛИЙН ТАМХИ ХЭРЭГЛЭЖ БАЙСАН УУ? ТУХАЙЛБАЛ, ХАМРЫН ТАМХИ, ЭСВЭЛ ӨӨР БУСАД ТӨРЛИЙН ТАМХИ ХЭРЭГЛЭЖ БАЙСАН УУ?",wealth_assets_housing
C:/tsogoo/Hicheel/erdem shinjilgeenii hural/ecnometric/shine/data/НҮТС-2013/Men.sav,НҮТС-2013,Men.sav,MTA11,ТА СҮҮЛЧИЙН 1 САРЫН ХУГАЦААНД ХЭРЭГЛЭСЭН ҮҮ?,other
C:/tsogoo/Hicheel/erdem shinjilgeenii hural/ecnometric/shine/data/НҮТС-2013/Men.sav,НҮТС-2013,Men.sav,MTA12A,Зажилдаг тамхи,work_child_labour
C:/tsogoo/Hicheel/erdem shinjilgeenii hural/ecnometric/shine/data/НҮТС-2013/Men.sav,НҮТС-2013,Men.sav,MTA12B,Хамрын тамхи,other
C:/tsogoo/Hicheel/erdem shinjilgeenii hural/ecnometric/shine/data/НҮТС-2013/Men.sav,НҮТС-2013,Men.sav,MTA12X,Бусад (бичих),wealth_assets_housing
C:/tsogoo/Hicheel/erdem shinjilgeenii hural/ecnometric/shine/data/НҮТС-2013/Men.sav,НҮТС-2013,Men.sav,MTA13,ТА СҮҮЛЧИЙН 1 САРЫН  ХЭДЭН ӨДӨРТ НЬ УТААГҮЙ ТӨРЛИЙН ТАМХИ ХЭРЭГЛЭСЭН БЭ?,other
C:/tsogoo/Hicheel/erdem shinjilgeenii hural/ecnometric/shine/data/НҮТС-2013/Men.sav,НҮТС-2013,Men.sav,MTA14,"ТА АРХИ, СОГТУУРУУЛАХ УНДАА УУЖ ҮЗСЭН ҮҮ?",other
C:/tsogoo/Hicheel/erdem shinjilgeenii hural/ecnometric/shine/data/НҮТС-2013/Men.sav,НҮТС-2013,Men.sav,MTA15,"ТА ДЭЭР ТОДОРХОЙЛСОН АЛЬ НЭГ ХЭМЖЭЭНИЙ АРХИ, СОГТУУРУУЛАХ УНДААГ АНХ ХЭДЭН НАСТАЙДАА УУСАН БЭ?",wealth_assets_housing
C:/tsogoo/Hicheel/erdem shinjilgeenii hural/ecnometric/shine/data/НҮТС-2013/Men.sav,НҮТС-2013,Men.sav,MTA16,"ТА СҮҮЛЧИЙН 1 САРЫН ХЭДЭН ӨДӨРТ ДЭЭР ТОДОРХОЙЛСНООС ИЛҮҮ ХЭМЖЭЭНИЙ АРХИ, СОГТУУРУУЛАХ УНДАА УУСАН БЭ?",wealth_assets_housing
C:/tsogoo/Hicheel/erdem shinjilgeenii hural/ecnometric/shine/data/НҮТС-2013/Men.sav,НҮТС-2013,Men.sav,HH4,"Багийн ахлагчийн нэр, дугаар",other
C:/tsogoo/Hicheel/erdem shinjilgeenii hural/ecnometric/shine/data/НҮТС-2013/Men.sav,НҮТС-2013,Men.sav,HH6A,Байршил,other
C:/tsogoo/Hicheel/erdem shinjilgeenii hural/ecnometric/shine/data/НҮТС-2013/Men.sav,НҮТС-2013,Men.sav,HH7A,"Аймаг/ нийслэлийн нэр, код",demographics_geo_weights
C:/tsogoo/Hicheel/erdem shinjilgeenii hural/ecnometric/shine/data/НҮТС-2013/Men.sav,НҮТС-2013,Men.sav,HH7B,"Сум/ дүүргийн нэр, код",other
C:/tsogoo/Hicheel/erdem shinjilgeenii hural/ecnometric/shine/data/НҮТС-2013/Men.sav,НҮТС-2013,Men.sav,HH7C,"Баг/хорооны нэр, код",other
C:/tsogoo/Hicheel/erdem shinjilgeenii hural/ecnometric/shine/data/НҮТС-2013/Men.sav,НҮТС-2013,Men.sav,MWDOI,Date of interview men (CMC),other
C:/tsogoo/Hicheel/erdem shinjilgeenii hural/ecnometric/shine/data/НҮТС-2013/Men.sav,НҮТС-2013,Men.sav,MWDOB,Date of birth of man (CMC),demographics_geo_weights
C:/tsogoo/Hicheel/erdem shinjilgeenii hural/ecnometric/shine/data/НҮТС-2013/Men.sav,НҮТС-2013,Men.sav,MWAGE,Age of man,demographics_geo_weights
C:/tsogoo/Hicheel/erdem shinjilgeenii hural/ecnometric/shine/data/НҮТС-2013/Men.sav,НҮТС-2013,Men.sav,MWDOM,Date of marriage of man (CMC),demographics_geo_weights
C:/tsogoo/Hicheel/erdem shinjilgeenii hural/ecnometric/shine/data/НҮТС-2013/Men.sav,НҮТС-2013,Men.sav,MWAGEM,Age at first marriage/union of man,demographics_geo_weights
C:/tsogoo/Hicheel/erdem shinjilgeenii hural/ecnometric/shine/data/НҮТС-2013/Men.sav,НҮТС-2013,Men.sav,MMSTATUS,Marital/Union status of man,other
C:/tsogoo/Hicheel/erdem shinjilgeenii hural/ecnometric/shine/data/НҮТС-2013/Men.sav,НҮТС-2013,Men.sav,MCEB,Children ever born of man,other
C:/tsogoo/Hicheel/erdem shinjilgeenii hural/ecnometric/shine/data/НҮТС-2013/Men.sav,НҮТС-2013,Men.sav,MCSURV,Children surviving of man,other
C:/tsogoo/Hicheel/erdem shinjilgeenii hural/ecnometric/shine/data/НҮТС-2013/Men.sav,НҮТС-2013,Men.sav,MCDEAD,Children dead of man,other
C:/tsogoo/Hicheel/erdem shinjilgeenii hural/ecnometric/shine/data/НҮТС-2013/Men.sav,НҮТС-2013,Men.sav,MCM4,,other
C:/tsogoo/Hicheel/erdem shinjilgeenii hural/ecnometric/shine/data/НҮТС-2013/Men.sav,НҮТС-2013,Men.sav,MCM5,,other
C:/tsogoo/Hicheel/erdem shinjilgeenii hural/ecnometric/shine/data/НҮТС-2013/Men.sav,НҮТС-2013,Men.sav,MCM7,,other
C:/tsogoo/Hicheel/erdem shinjilgeenii hural/ecnometric/shine/data/НҮТС-2013/Men.sav,НҮТС-2013,Men.sav,LN,Line number,other
C:/tsogoo/Hicheel/erdem shinjilgeenii hural/ecnometric/shine/data/НҮТС-2013/Men.sav,НҮТС-2013,Men.sav,mnweight,Men's sample weight,demographics_geo_weights
C:/tsogoo/Hicheel/erdem shinjilgeenii hural/ecnometric/shine/data/НҮТС-2013/Men.sav,НҮТС-2013,Men.sav,wscore,REGR factor score   1 for analysis,other
C:/tsogoo/Hicheel/erdem shinjilgeenii hural/ecnometric/shine/data/НҮТС-2013/Men.sav,НҮТС-2013,Men.sav,windex5,Initial (common) wealth index quintile,wealth_assets_housing
C:/tsogoo/Hicheel/erdem shinjilgeenii hural/ecnometric/shine/data/НҮТС-2013/Men.sav,НҮТС-2013,Men.sav,mwelevel,Education,education_schooling
C:/tsogoo/Hicheel/erdem shinjilgeenii hural/ecnometric/shine/data/НҮТС-2013/Men.sav,НҮТС-2013,Men.sav,HH7,Region,demographics_geo_weights
C:/tsogoo/Hicheel/erdem shinjilgeenii hural/ecnometric/shine/data/НҮТС-2013/Men.sav,НҮТС-2013,Men.sav,HH6,Area,other
C:/tsogoo/Hicheel/erdem shinjilgeenii hural/ecnometric/shine/data/НҮТС-2013/Men.sav,НҮТС-2013,Men.sav,religion,Religion of household head,other
C:/tsogoo/Hicheel/erdem shinjilgeenii hural/ecnometric/shine/data/НҮТС-2013/Men.sav,НҮТС-2013,Men.sav,ethnicity,Ethnicity of household head,other
C:/tsogoo/Hicheel/erdem shinjilgeenii hural/ecnometric/shine/data/НҮТС-2013/Women.sav,НҮТС-2013,Women.sav,HH1,HH1. Түүврийн нэгж,other
C:/tsogoo/Hicheel/erdem shinjilgeenii hural/ecnometric/shine/data/НҮТС-2013/Women.sav,НҮТС-2013,Women.sav,HH2,Өрхийн дугаар,wealth_assets_housing
C:/tsogoo/Hicheel/erdem shinjilgeenii hural/ecnometric/shine/data/НҮТС-2013/Women.sav,НҮТС-2013,Women.sav,WM1,Түүвэрлэгдсэн нэгжийн дугаар,demographics_geo_weights
C:/tsogoo/Hicheel/erdem shinjilgeenii hural/ecnometric/shine/data/НҮТС-2013/Women.sav,НҮТС-2013,Women.sav,WM2,Өрхийн дугаар,wealth_assets_housing
C:/tsogoo/Hicheel/erdem shinjilgeenii hural/ecnometric/shine/data/НҮТС-2013/Women.sav,НҮТС-2013,Women.sav,WM4,Эмэгтэйн мөрийн дугаар,other
C:/tsogoo/Hicheel/erdem shinjilgeenii hural/ecnometric/shine/data/НҮТС-2013/Women.sav,НҮТС-2013,Women.sav,CON,БИД ЯРИЛЦЛАГАА ЭХЭЛЖ БОЛОХ УУ?,parents_family
C:/tsogoo/Hicheel/erdem shinjilgeenii hural/ecnometric/shine/data/НҮТС-2013/Women.sav,НҮТС-2013,Women.sav,WM5,"Судлаачийн нэр, дугаар",other
C:/tsogoo/Hicheel/erdem shinjilgeenii hural/ecnometric/shine/data/НҮТС-2013/Women.sav,НҮТС-2013,Women.sav,WM6D,Эхний удаа Өдөр,parents_family
C:/tsogoo/Hicheel/erdem shinjilgeenii hural/ecnometric/shine/data/НҮТС-2013/Women.sav,НҮТС-2013,Women.sav,WM6M,Эхний удаа Сар,parents_family
C:/tsogoo/Hicheel/erdem shinjilgeenii hural/ecnometric/shine/data/НҮТС-2013/Women.sav,НҮТС-2013,Women.sav,WM6Y,Эхний удаа Он,parents_family
C:/tsogoo/Hicheel/erdem shinjilgeenii hural/ecnometric/shine/data/НҮТС-2013/Women.sav,НҮТС-2013,Women.sav,WM7,Ярилцлагын үр дүн,other
C:/tsogoo/Hicheel/erdem shinjilgeenii hural/ecnometric/shine/data/НҮТС-2013/Women.sav,НҮТС-2013,Women.sav,WM10H,Ярилцлага эхэлсэн Цаг,parents_family
C:/tsogoo/Hicheel/erdem shinjilgeenii hural/ecnometric/shine/data/НҮТС-2013/Women.sav,НҮТС-2013,Women.sav,WM10M,Ярилцлага эхэлсэн Минут,parents_family
C:/tsogoo/Hicheel/erdem shinjilgeenii hural/ecnometric/shine/data/НҮТС-2013/Women.sav,НҮТС-2013,Women.sav,WM11H,Ярилцлага дууссан Цаг,wealth_assets_housing
C:/tsogoo/Hicheel/erdem shinjilgeenii hural/ecnometric/shine/data/НҮТС-2013/Women.sav,НҮТС-2013,Women.sav,WM11M,Ярилцлага дууссан Минут,wealth_assets_housing
C:/tsogoo/Hicheel/erdem shinjilgeenii hural/ecnometric/shine/data/НҮТС-2013/Women.sav,НҮТС-2013,Women.sav,WB1Y,"ТА ТӨРСӨН ОН, САРАА ХЭЛНЭ ҮҮ? Он",demographics_geo_weights
C:/tsogoo/Hicheel/erdem shinjilgeenii hural/ecnometric/shine/data/НҮТС-2013/Women.sav,НҮТС-2013,Women.sav,WB1M,"ТА ТӨРСӨН ОН, САРАА ХЭЛНЭ ҮҮ? Сар",demographics_geo_weights
C:/tsogoo/Hicheel/erdem shinjilgeenii hural/ecnometric/shine/data/НҮТС-2013/Women.sav,НҮТС-2013,Women.sav,WB2,ТА ХЭДЭН НАСТАЙ ВЭ?,demographics_geo_weights
C:/tsogoo/Hicheel/erdem shinjilgeenii hural/ecnometric/shine/data/НҮТС-2013/Women.sav,НҮТС-2013,Women.sav,WB3,ТА СУРГУУЛЬД СУРЧ БАЙСАН УУ?,education_schooling
C:/tsogoo/Hicheel/erdem shinjilgeenii hural/ecnometric/shine/data/НҮТС-2013/Women.sav,НҮТС-2013,Women.sav,WB4,ТА СУРЧ БАЙСАН ХАМГИЙН ДЭЭД ШАТНЫ СУРГУУЛИА ХЭЛНЭ ҮҮ?,other
C:/tsogoo/Hicheel/erdem shinjilgeenii hural/ecnometric/shine/data/НҮТС-2013/Women.sav,НҮТС-2013,Women.sav,WB4A,ТА СУРАЛЦСАН СУРГУУЛИЙНХАА ХАМГИЙН ДЭЭД ШАТЛАЛЫГ ХЭЛНЭ ҮҮ,other
C:/tsogoo/Hicheel/erdem shinjilgeenii hural/ecnometric/shine/data/НҮТС-2013/Women.sav,НҮТС-2013,Women.sav,WB5,ТА СУРЧ БАЙСАН СУРГУУЛИЙНХАА ХАМГИЙН ДЭЭД ТАЛ НЬ ХЭДДҮГЭЭР АНГИ/ КУРСЫГ ТӨГССӨН БЭ?,education_schooling
C:/tsogoo/Hicheel/erdem shinjilgeenii hural/ecnometric/shine/data/НҮТС-2013/Women.sav,НҮТС-2013,Women.sav,WB7,ТА НАДАД ЭНЭ ӨГҮҮЛБЭРИЙГ УНШИЖ ӨГНӨ ҮҮ,other
C:/tsogoo/Hicheel/erdem shinjilgeenii hural/ecnometric/shine/data/НҮТС-2013/Women.sav,НҮТС-2013,Women.sav,WB7A,ТА МИНИЙ УНШИХ ӨГҮҮЛБЭРИЙГ НАДАД БИЧИЖ ӨГНӨ ҮҮ,education_schooling
C:/tsogoo/Hicheel/erdem shinjilgeenii hural/ecnometric/shine/data/НҮТС-2013/Women.sav,НҮТС-2013,Women.sav,WB8,ТА СҮҮЛЧИЙН 7 ХОНОГТ ЯМАР НЭГ АЖИЛ ЭРХЭЛСЭН ҮҮ?,work_child_labour
C:/tsogoo/Hicheel/erdem shinjilgeenii hural/ecnometric/shine/data/НҮТС-2013/Women.sav,НҮТС-2013,Women.sav,WB9,"ЭМЭГТЭЙЧҮҮДИЙН ХУВЬД ЗАРИМ НЬ АЖИЛ ЭРХЭЛЖ ЦАЛИН, МӨНГӨ АВДАГ, ЗАРИМ НЬ ХУДАЛДАА ЭРХЛЭХ,  ЖИЖИГ БИЗНЕС ЭРХЭЛДЭГ,  ЭСВЭЛ Ө",parents_family
C:/tsogoo/Hicheel/erdem shinjilgeenii hural/ecnometric/shine/data/НҮТС-2013/Women.sav,НҮТС-2013,Women.sav,WB10,"ХЭДИЙГЭЭР ТА СҮҮЛЧИЙН 7 ХОНОГТ АЖИЛ ЭРХЛЭЭГҮЙ БОЛОВЧ ЯМАР НЭГ БИЗНЕС ЭРХЭЛДЭГ ҮҮ, ЭСВЭЛ АМРАЛТАА АВСАН БАЙГАА ЮУ, ЭСВЭЛ",work_child_labour
C:/tsogoo/Hicheel/erdem shinjilgeenii hural/ecnometric/shine/data/НҮТС-2013/Women.sav,НҮТС-2013,Women.sav,WB11,ТА СҮҮЛЧИЙН 12 САРД ЯМАР НЭГ АЖИЛ ЭРХЭЛСЭН ҮҮ?,work_child_labour
C:/tsogoo/Hicheel/erdem shinjilgeenii hural/ecnometric/shine/data/НҮТС-2013/Women.sav,НҮТС-2013,Women.sav,WB12CODE,ТА ЯМАР АЖИЛ ЭРХЭЛДЭГ ВЭ? Код,work_child_labour
C:/tsogoo/Hicheel/erdem shinjilgeenii hural/ecnometric/shine/data/НҮТС-2013/Women.sav,НҮТС-2013,Women.sav,WB13,"ТАНЫ АЖИЛ ТАНАЙ ГЭР БҮЛИЙН ХЭН НЭГ ГИШҮҮНИЙХ ҮҮ, ЭСВЭЛ ӨӨР ХЭН НЭГЭНИЙХ ҮҮ, ЭСВЭЛ ТАНЫ ӨӨРИЙН ЭРХЭЛДЭГ АЖИЛ УУ?",work_child_labour
C:/tsogoo/Hicheel/erdem shinjilgeenii hural/ecnometric/shine/data/НҮТС-2013/Women.sav,НҮТС-2013,Women.sav,WB14,"ТА БАЙНГЫН АЖИЛ ЭРХЭЛДЭГ ҮҮ, ЭСВЭЛ УЛИРАЛЫН АЖИЛ ЭРХЭЛДЭГ ҮҮ, ЦАГИЙН АЖИЛ ЭРХЭЛДЭГ ҮҮ, ЭСВЭЛ ТҮР АЖИЛ ЭРХЭЛДЭГ ҮҮ?",work_child_labour
C:/tsogoo/Hicheel/erdem shinjilgeenii hural/ecnometric/shine/data/НҮТС-2013/Women.sav,НҮТС-2013,Women.sav,MT2,"ТА СОНИН, ХЭВЛЭЛ ХЭР ИХ УНШДАГ ВЭ? ӨДӨР БҮР ҮҮ, ДОЛОО ХОНОГТ НААД ЗАХ НЬ 1 УДАА ЮУ, САРД НААД ЗАХ НЬ 1 УДАА ЮУ, ЭСВЭЛ ОГ",other
C:/tsogoo/Hicheel/erdem shinjilgeenii hural/ecnometric/shine/data/НҮТС-2013/Women.sav,НҮТС-2013,Women.sav,MT3,"ТА РАДИО ХЭР ИХ СОНСДОГ ВЭ? ӨДӨР БҮР ҮҮ, ДОЛОО ХОНОГТ НААД ЗАХ НЬ 1 УДАА ЮУ, САРД НААД ЗАХ НЬ 1 УДАА ЮУ, ЭСВЭЛ ОГТ СОНСД",other
C:/tsogoo/Hicheel/erdem shinjilgeenii hural/ecnometric/shine/data/НҮТС-2013/Women.sav,НҮТС-2013,Women.sav,MT4,"ТА ТЕЛЕВИЗ ХЭР ИХ ҮЗДЭГ ВЭ? ӨДӨР БҮР ҮҮ, ДОЛОО ХОНОГТ НААД ЗАХ НЬ 1 УДАА ЮУ, САРД НААД ЗАХ НЬ 1 УДАА ЮУ, ЭСВЭЛ ОГТ ҮЗДЭГ",other
C:/tsogoo/Hicheel/erdem shinjilgeenii hural/ecnometric/shine/data/НҮТС-2013/Women.sav,НҮТС-2013,Women.sav,MT6,ТА  ЕР НЬ КОМПЬЮТЕР ХЭРЭГЛЭДЭГ ҮҮ?,other
C:/tsogoo/Hicheel/erdem shinjilgeenii hural/ecnometric/shine/data/НҮТС-2013/Women.sav,НҮТС-2013,Women.sav,MT7,ТА СҮҮЛЧИЙН 12 САРЫН ХУГАЦААНД КОМПЬЮТЕР ХЭРЭГЛЭСЭН ҮҮ?,other
C:/tsogoo/Hicheel/erdem shinjilgeenii hural/ecnometric/shine/data/НҮТС-2013/Women.sav,НҮТС-2013,Women.sav,MT8,"ТА СҮҮЛЧИЙН 1 САРЫН ХУГАЦААНД КОМПЬЮТЕР ХЭР ИХ ХЭРЭГЛЭСЭН БЭ? ӨДӨР БҮР ҮҮ, ДОЛОО ХОНОГТ НААД ЗАХ НЬ 1 УДАА ЮУ, САРД НААД",other
C:/tsogoo/Hicheel/erdem shinjilgeenii hural/ecnometric/shine/data/НҮТС-2013/Women.sav,НҮТС-2013,Women.sav,MT9,ТА ЕР НЬ ИНТЕРНЕТ ХЭРЭГЛЭДЭГ ҮҮ?,other
C:/tsogoo/Hicheel/erdem shinjilgeenii hural/ecnometric/shine/data/НҮТС-2013/Women.sav,НҮТС-2013,Women.sav,MT10,ТА СҮҮЛЧИЙН 12 САРЫН ХУГАЦААНД ИНТЕРНЕТ ХЭРЭГЛЭСЭН ҮҮ?,other
C:/tsogoo/Hicheel/erdem shinjilgeenii hural/ecnometric/shine/data/НҮТС-2013/Women.sav,НҮТС-2013,Women.sav,MT11,"ТА СҮҮЛЧИЙН 1 САРД ИНТЕРНЕТ ХЭР ИХ ХЭРЭГЛЭСЭН БЭ? ӨДӨР БҮР ҮҮ, ДОЛОО ХОНОГТ НААД ЗАХ НЬ 1 УДАА ЮУ, САРД НААД ЗАХ НЬ 1 УД",other
C:/tsogoo/Hicheel/erdem shinjilgeenii hural/ecnometric/shine/data/НҮТС-2013/Women.sav,НҮТС-2013,Women.sav,MT12,ТА ГАР УТАСТАЙ ЮУ?,other
C:/tsogoo/Hicheel/erdem shinjilgeenii hural/ecnometric/shine/data/НҮТС-2013/Women.sav,НҮТС-2013,Women.sav,MA1,"ТА ОДООГООР ГЭРЛЭСЭН ҮҮ, ЭСВЭЛ ХАМТРАН АМЬДАРЧ БАЙГАА ЮУ?",other
C:/tsogoo/Hicheel/erdem shinjilgeenii hural/ecnometric/shine/data/НҮТС-2013/Women.sav,НҮТС-2013,Women.sav,MA2,ТАНЫ НӨХӨР/ ХАМТРАН АМЬДРАГЧ ХЭДЭН НАСТАЙ ВЭ?,demographics_geo_weights
C:/tsogoo/Hicheel/erdem shinjilgeenii hural/ecnometric/shine/data/НҮТС-2013/Women.sav,НҮТС-2013,Women.sav,MA5,"ТА ЕР НЬ/ӨМНӨ НЬ ГЭРЛЭЖ, ЭСВЭЛ ХАМТРАН АМЬДАРЧ БАЙСАН УУ?",other
C:/tsogoo/Hicheel/erdem shinjilgeenii hural/ecnometric/shine/data/НҮТС-2013/Women.sav,НҮТС-2013,Women.sav,MA6,"ТА ОДООГООР БЭЛБЭСЭН ҮҮ, САЛСАН УУ, ЭСВЭЛ ТУСГААРЛАСАН УУ?",wealth_assets_housing
C:/tsogoo/Hicheel/erdem shinjilgeenii hural/ecnometric/shine/data/НҮТС-2013/Women.sav,НҮТС-2013,Women.sav,MA7,"ТА НЭГ УДАА ГЭРЛЭЖ/ ХАМТРАН АМЬДАРЧ БАЙСАН УУ, ЭСВЭЛ НЭГЭЭС ОЛОН УДАА ГЭРЛЭЖ/ХАМТРАН АМЬДАРЧ БАЙСАН УУ?",other
C:/tsogoo/Hicheel/erdem shinjilgeenii hural/ecnometric/shine/data/НҮТС-2013/Women.sav,НҮТС-2013,Women.sav,MA8Y,"ТА ХЭДЭН ОНЫ ХЭДЭН САРД АНХ ГЭРЛЭСЭН, ЭСВЭЛ ХАМТРАН АМЬДАРЧ ЭХЭЛСЭН БЭ? Он",parents_family
C:/tsogoo/Hicheel/erdem shinjilgeenii hural/ecnometric/shine/data/НҮТС-2013/Women.sav,НҮТС-2013,Women.sav,MA8M,"ТА ХЭДЭН ОНЫ ХЭДЭН САРД АНХ ГЭРЛЭСЭН, ЭСВЭЛ ХАМТРАН АМЬДАРЧ ЭХЭЛСЭН БЭ? Сар",parents_family
C:/tsogoo/Hicheel/erdem shinjilgeenii hural/ecnometric/shine/data/НҮТС-2013/Women.sav,НҮТС-2013,Women.sav,MA8AY,"ТА ХЭДЭН ОНЫ ХЭДЭН САРД АНХ ГЭРЛЭСЭН, ЭСВЭЛ ХАМТРАН АМЬДАРЧ ЭХЭЛСЭН БЭ? Он",parents_family
C:/tsogoo/Hicheel/erdem shinjilgeenii hural/ecnometric/shine/data/НҮТС-2013/Women.sav,НҮТС-2013,Women.sav,MA8AM,"ТА ХЭДЭН ОНЫ ХЭДЭН САРД АНХ ГЭРЛЭСЭН, ЭСВЭЛ ХАМТРАН АМЬДАРЧ ЭХЭЛСЭН БЭ? Сар",parents_family
C:/tsogoo/Hicheel/erdem shinjilgeenii hural/ecnometric/shine/data/НҮТС-2013/Women.sav,НҮТС-2013,Women.sav,MA9,ТА АНХНЫ НӨХӨР/ ХАМТРАН АМЬДРАГЧТАЙГАА ХЭДЭН НАСТАЙГААСАА АМЬДАРЧ ЭХЭЛСЭН  БЭ?,parents_family
C:/tsogoo/Hicheel/erdem shinjilgeenii hural/ecnometric/shine/data/НҮТС-2013/Women.sav,НҮТС-2013,Women.sav,HB2,ОДООГООР ТАНЫ НӨХӨР/ ХАМТРАН АМЬДРАГЧ ТАНЬ ГЭРТЭЭ ХАМТ АМЬДАРЧ БАЙНА УУ?,other
C:/tsogoo/Hicheel/erdem shinjilgeenii hural/ecnometric/shine/data/НҮТС-2013/Women.sav,НҮТС-2013,Women.sav,HB3,ХЭДИЙ ХУГАЦААГААР ХОЛ АМЬДАРЧ БАЙНА ВЭ?,other
C:/tsogoo/Hicheel/erdem shinjilgeenii hural/ecnometric/shine/data/НҮТС-2013/Women.sav,НҮТС-2013,Women.sav,HB4,ТАНЫ НӨХӨР/ ХАМТРАН АМЬДРАГЧ ЕР НЬ СУРГУУЛЬД СУРЧ БАЙСАН УУ?,education_schooling
C:/tsogoo/Hicheel/erdem shinjilgeenii hural/ecnometric/shine/data/НҮТС-2013/Women.sav,НҮТС-2013,Women.sav,HB5,ТҮҮНИЙ СУРЧ БАЙСАН ХАМГИЙН ДЭЭД ШАТНЫ СУРГУУЛИЙГ ХЭЛНЭ ҮҮ?,other
C:/tsogoo/Hicheel/erdem shinjilgeenii hural/ecnometric/shine/data/НҮТС-2013/Women.sav,НҮТС-2013,Women.sav,HB6,ТАНЫ НӨХӨР/ ХАМТРАН АМЬДРАГЧ СУРАЛЦАЖ БАЙСАН ХАМГИЙН ДЭЭД ШАТНЫ СУРГУУЛИА ТӨГССӨН ҮҮ?,other
C:/tsogoo/Hicheel/erdem shinjilgeenii hural/ecnometric/shine/data/НҮТС-2013/Women.sav,НҮТС-2013,Women.sav,HB7,ТАНЫ НӨХӨР/ ХАМТРАН АМЬДРАГЧ СУРЧ БАЙСАН ХАМГИЙН ДЭЭД ШАТНЫ СУРГУУЛИЙНХАА ХЭДДҮГЭЭР АНГИ/ КУРСЫГ ТӨГССӨН БЭ?,education_schooling
C:/tsogoo/Hicheel/erdem shinjilgeenii hural/ecnometric/shine/data/НҮТС-2013/Women.sav,НҮТС-2013,Women.sav,CM1,ТА ХҮҮХЭД ТӨРҮҮЛЖ БАЙСАН УУ?,other
C:/tsogoo/Hicheel/erdem shinjilgeenii hural/ecnometric/shine/data/НҮТС-2013/Women.sav,НҮТС-2013,Women.sav,CM4,ТАНЫ ТӨРҮҮЛСЭН ХҮҮХДҮҮДЭЭС ОДОО ТАНТАЙ ХАМТ АМЬДАРДАГ ХҮҮХЭД БАЙГАА ЮУ?,other
C:/tsogoo/Hicheel/erdem shinjilgeenii hural/ecnometric/shine/data/НҮТС-2013/Women.sav,НҮТС-2013,Women.sav,CM5A,ХЭД НЬ ХҮҮ ВЭ?,other
C:/tsogoo/Hicheel/erdem shinjilgeenii hural/ecnometric/shine/data/НҮТС-2013/Women.sav,НҮТС-2013,Women.sav,CM5B,ХЭД НЬ ОХИН БЭ?,other
C:/tsogoo/Hicheel/erdem shinjilgeenii hural/ecnometric/shine/data/НҮТС-2013/Women.sav,НҮТС-2013,Women.sav,CM6,ТАНЫ ТӨРҮҮЛСЭН ХҮҮХДҮҮДЭЭС АМЬД СЭРҮҮН ХЭДИЙ Ч ТАНТАЙ ХАМТ АМЬДАРДАГГҮЙ ХҮҮХЭД БАЙГАА ЮУ?,other
C:/tsogoo/Hicheel/erdem shinjilgeenii hural/ecnometric/shine/data/НҮТС-2013/Women.sav,НҮТС-2013,Women.sav,CM7A,ХЭД НЬ ХҮҮ ВЭ?,other
C:/tsogoo/Hicheel/erdem shinjilgeenii hural/ecnometric/shine/data/НҮТС-2013/Women.sav,НҮТС-2013,Women.sav,CM7B,ХЭД НЬ ОХИН БЭ?,other
C:/tsogoo/Hicheel/erdem shinjilgeenii hural/ecnometric/shine/data/НҮТС-2013/Women.sav,НҮТС-2013,Women.sav,CM8,АМЬД ТӨРӨӨД ЭНДСЭН ХҮҮХЭД БАЙГАА ЮУ?,other
C:/tsogoo/Hicheel/erdem shinjilgeenii hural/ecnometric/shine/data/НҮТС-2013/Women.sav,НҮТС-2013,Women.sav,CM9A,ХЭД НЬ ХҮҮ БАЙСАН БЭ?,other
C:/tsogoo/Hicheel/erdem shinjilgeenii hural/ecnometric/shine/data/НҮТС-2013/Women.sav,НҮТС-2013,Women.sav,CM9B,ХЭД НЬ ОХИН БАЙСАН БЭ?,other
C:/tsogoo/Hicheel/erdem shinjilgeenii hural/ecnometric/shine/data/НҮТС-2013/Women.sav,НҮТС-2013,Women.sav,CM10,Нийт төрөлтийн тоо,other
C:/tsogoo/Hicheel/erdem shinjilgeenii hural/ecnometric/shine/data/НҮТС-2013/Women.sav,НҮТС-2013,Women.sav,CTOT,Check total number of children ever born,other
C:/tsogoo/Hicheel/erdem shinjilgeenii hural/ecnometric/shine/data/НҮТС-2013/Women.sav,НҮТС-2013,Women.sav,BHAUX,Other births,demographics_geo_weights
C:/tsogoo/Hicheel/erdem shinjilgeenii hural/ecnometric/shine/data/НҮТС-2013/Women.sav,НҮТС-2013,Women.sav,INTROBH,Introduction BH Listing,other
C:/tsogoo/Hicheel/erdem shinjilgeenii hural/ecnometric/shine/data/НҮТС-2013/Women.sav,НҮТС-2013,Women.sav,CM13,Сүүлийн 2 жилийн төрөлт,other
C:/tsogoo/Hicheel/erdem shinjilgeenii hural/ecnometric/shine/data/НҮТС-2013/Women.sav,НҮТС-2013,Women.sav,CP1,ТА ОДОО ЖИРЭМСЭН ҮҮ?,other
C:/tsogoo/Hicheel/erdem shinjilgeenii hural/ecnometric/shine/data/НҮТС-2013/Women.sav,НҮТС-2013,Women.sav,AB2,ЖИРЭМСЛЭЭД ХЭДЭН 7 ХОНОГ БОЛЖ БАЙНА ВЭ?,other
C:/tsogoo/Hicheel/erdem shinjilgeenii hural/ecnometric/shine/data/НҮТС-2013/Women.sav,НҮТС-2013,Women.sav,AB3,Miscarriage birth in last 5 years,wealth_assets_housing
C:/tsogoo/Hicheel/erdem shinjilgeenii hural/ecnometric/shine/data/НҮТС-2013/Women.sav,НҮТС-2013,Women.sav,AB4Y,"ХАМГИЙН СҮҮЛД ХЭЗЭЭ ЖИРЭМСЛЭЛТ ТАНЬ ЗУЛБАЛТ, АМЬГҮЙ ТӨРӨЛТ, ҮР ХӨНДӨЛТӨӨР ТӨГССӨН БЭ? Он",other
C:/tsogoo/Hicheel/erdem shinjilgeenii hural/ecnometric/shine/data/НҮТС-2013/Women.sav,НҮТС-2013,Women.sav,AB4M,"ХАМГИЙН СҮҮЛД ХЭЗЭЭ ЖИРЭМСЛЭЛТ ТАНЬ ЗУЛБАЛТ, АМЬГҮЙ ТӨРӨЛТ, ҮР ХӨНДӨЛТӨӨР ТӨГССӨН БЭ? Сар",other
C:/tsogoo/Hicheel/erdem shinjilgeenii hural/ecnometric/shine/data/НҮТС-2013/Women.sav,НҮТС-2013,Women.sav,AB6,Үр хөндөлтийн тоо,other
C:/tsogoo/Hicheel/erdem shinjilgeenii hural/ecnometric/shine/data/НҮТС-2013/Women.sav,НҮТС-2013,Women.sav,AB11,ТА СҮҮЛЧИЙН ҮР ХӨНДӨЛТЫГ ЯМАР ШАЛТГААНЫ УЛМААС ХИЙЛГЭСЭН БЭ?,other
C:/tsogoo/Hicheel/erdem shinjilgeenii hural/ecnometric/shine/data/НҮТС-2013/Women.sav,НҮТС-2013,Women.sav,AB12,"CҮҮЛЧИЙН ҮР ХӨНДӨЛТ ХИЙЛГЭХ ШИЙДВЭРИЙГ ХЭН ГАРГАСАН БЭ? ТА ӨӨРӨӨ ЮУ, ЭСВЭЛ ӨӨР ХЭН НЭГЭН ҮҮ, ЭСВЭЛ ХЭН НЭГЭНТЭЙ ХАМТРАН",parents_family
C:/tsogoo/Hicheel/erdem shinjilgeenii hural/ecnometric/shine/data/НҮТС-2013/Women.sav,НҮТС-2013,Women.sav,AB13,CҮҮЛЧИЙН ҮР ХӨНДӨЛТИЙГ ХААНА ХИЙЛГЭСЭН БЭ?,other
C:/tsogoo/Hicheel/erdem shinjilgeenii hural/ecnometric/shine/data/НҮТС-2013/Women.sav,НҮТС-2013,Women.sav,AB14,CҮҮЛЧИЙН ҮР ХӨНДӨЛТИЙГ ХЭН ХИЙСЭН БЭ?,other
C:/tsogoo/Hicheel/erdem shinjilgeenii hural/ecnometric/shine/data/НҮТС-2013/Women.sav,НҮТС-2013,Women.sav,AB15,CҮҮЛЧИЙН ҮР ХӨНДӨЛТИЙГ ЯМАР АРГААР ХИЙЛГЭСЭН БЭ?,other
C:/tsogoo/Hicheel/erdem shinjilgeenii hural/ecnometric/shine/data/НҮТС-2013/Women.sav,НҮТС-2013,Women.sav,AB16A,Үр хөндүүлэх шийдвэрийн талаар,parents_family
C:/tsogoo/Hicheel/erdem shinjilgeenii hural/ecnometric/shine/data/НҮТС-2013/Women.sav,НҮТС-2013,Women.sav,AB16B,Үр хөндөлтийн шалтгаан,other
C:/tsogoo/Hicheel/erdem shinjilgeenii hural/ecnometric/shine/data/НҮТС-2013/Women.sav,НҮТС-2013,Women.sav,AB16C,Тэтгэмжийн талаар,other
C:/tsogoo/Hicheel/erdem shinjilgeenii hural/ecnometric/shine/data/НҮТС-2013/Women.sav,НҮТС-2013,Women.sav,AB16D,Үр хөндөлтийн арга,other
C:/tsogoo/Hicheel/erdem shinjilgeenii hural/ecnometric/shine/data/НҮТС-2013/Women.sav,НҮТС-2013,Women.sav,AB16E,ЖСАХ-ийн талаар,other
C:/tsogoo/Hicheel/erdem shinjilgeenii hural/ecnometric/shine/data/НҮТС-2013/Women.sav,НҮТС-2013,Women.sav,AB16X,ЖСАХ-ийн талаар,other
C:/tsogoo/Hicheel/erdem shinjilgeenii hural/ecnometric/shine/data/НҮТС-2013/Women.sav,НҮТС-2013,Women.sav,AB17A,Аюултай шинжийн талаар,other
C:/tsogoo/Hicheel/erdem shinjilgeenii hural/ecnometric/shine/data/НҮТС-2013/Women.sav,НҮТС-2013,Women.sav,AB17B,ЭХО-ны талаар,parents_family
C:/tsogoo/Hicheel/erdem shinjilgeenii hural/ecnometric/shine/data/НҮТС-2013/Women.sav,НҮТС-2013,Women.sav,AB17C,ЖСАХ-ийн талаар,other
C:/tsogoo/Hicheel/erdem shinjilgeenii hural/ecnometric/shine/data/НҮТС-2013/Women.sav,НҮТС-2013,Women.sav,AB17X,Санамж бичиг,other
C:/tsogoo/Hicheel/erdem shinjilgeenii hural/ecnometric/shine/data/НҮТС-2013/Women.sav,НҮТС-2013,Women.sav,AB18,ҮР ХӨНДҮҮЛСНИЙ ДАРАА ТОДОРХОЙ ХУГАЦААНД ХЭВТЭЖ АМАРСАН УУ?,other
C:/tsogoo/Hicheel/erdem shinjilgeenii hural/ecnometric/shine/data/НҮТС-2013/Women.sav,НҮТС-2013,Women.sav,AB19,ҮР ХӨНДҮҮЛСНИЙ ДАРАА ЯМАР НЭГ ХҮНДРЭЛ ТОХИОЛДСОН УУ?,other
C:/tsogoo/Hicheel/erdem shinjilgeenii hural/ecnometric/shine/data/НҮТС-2013/Women.sav,НҮТС-2013,Women.sav,AB20A,Цус алдсан,wealth_assets_housing
C:/tsogoo/Hicheel/erdem shinjilgeenii hural/ecnometric/shine/data/НҮТС-2013/Women.sav,НҮТС-2013,Women.sav,AB20B,Өвдөлт их байсан,other
C:/tsogoo/Hicheel/erdem shinjilgeenii hural/ecnometric/shine/data/НҮТС-2013/Women.sav,НҮТС-2013,Women.sav,AB20C,Халуурсан,other
C:/tsogoo/Hicheel/erdem shinjilgeenii hural/ecnometric/shine/data/НҮТС-2013/Women.sav,НҮТС-2013,Women.sav,AB20D,Дахин цэвэрлэгээ хийлгэсэн,other
C:/tsogoo/Hicheel/erdem shinjilgeenii hural/ecnometric/shine/data/НҮТС-2013/Women.sav,НҮТС-2013,Women.sav,AB20X,Бусад (бичих),wealth_assets_housing
C:/tsogoo/Hicheel/erdem shinjilgeenii hural/ecnometric/shine/data/НҮТС-2013/Women.sav,НҮТС-2013,Women.sav,AB21,ТА СҮҮЛЧИЙН ҮР ХӨНДӨЛТӨӨС ХОЙШ ЖСАХ-ИЙН АЛЬ НЭГИЙГ ХЭРЭГЛЭЖ ЭХЭЛСЭН ҮҮ?,parents_family
C:/tsogoo/Hicheel/erdem shinjilgeenii hural/ecnometric/shine/data/НҮТС-2013/Women.sav,НҮТС-2013,Women.sav,DB1,ТА (нэр)-ИЙГ ХҮСЧ БАЙЖ ТӨРҮҮЛСЭН ҮҮ?,other
C:/tsogoo/Hicheel/erdem shinjilgeenii hural/ecnometric/shine/data/НҮТС-2013/Women.sav,НҮТС-2013,Women.sav,DB2,ТА ХОЖИМ ХҮҮХЭД ТӨРҮҮЛЭХИЙГ ХҮСЧ БАЙСАН УУ ЭСВЭЛ ЕР НЬ/ ДАХИН ХҮҮХЭД ТӨРҮҮЛЭХ ХҮСЭЛГҮЙ БАЙСАН УУ?,parents_family
C:/tsogoo/Hicheel/erdem shinjilgeenii hural/ecnometric/shine/data/НҮТС-2013/Women.sav,НҮТС-2013,Women.sav,DB3U,ТА ЯМАР ХУГАЦААНЫ ДАРАА ХҮҮХЭД ТӨРҮҮЛЭХ БОДОЛТОЙ БАЙСАН БЭ? Жил,parents_family
C:/tsogoo/Hicheel/erdem shinjilgeenii hural/ecnometric/shine/data/НҮТС-2013/Women.sav,НҮТС-2013,Women.sav,DB3N,ТА ЯМАР ХУГАЦААНЫ ДАРАА ХҮҮХЭД ТӨРҮҮЛЭХ БОДОЛТОЙ БАЙСАН БЭ? Сар,parents_family
C:/tsogoo/Hicheel/erdem shinjilgeenii hural/ecnometric/shine/data/НҮТС-2013/Women.sav,НҮТС-2013,Women.sav,MN1,ТА (нэр)-ИЙГ ТЭЭЖ БАЙХДАА ЖИРЭМСНИЙ ХЯНАЛТАД ОРСОН УУ?,parents_family
C:/tsogoo/Hicheel/erdem shinjilgeenii hural/ecnometric/shine/data/НҮТС-2013/Women.sav,НҮТС-2013,Women.sav,MN2D,Эх барих эмэгтэйчүүдийн эмч,parents_family
C:/tsogoo/Hicheel/erdem shinjilgeenii hural/ecnometric/shine/data/НҮТС-2013/Women.sav,НҮТС-2013,Women.sav,MN2E,Бусад их эмч,wealth_assets_housing
C:/tsogoo/Hicheel/erdem shinjilgeenii hural/ecnometric/shine/data/НҮТС-2013/Women.sav,НҮТС-2013,Women.sav,MN2I,Өрх/ сумын эмч,wealth_assets_housing
C:/tsogoo/Hicheel/erdem shinjilgeenii hural/ecnometric/shine/data/НҮТС-2013/Women.sav,НҮТС-2013,Women.sav,MN2J,Эх баригч,parents_family
C:/tsogoo/Hicheel/erdem shinjilgeenii hural/ecnometric/shine/data/НҮТС-2013/Women.sav,НҮТС-2013,Women.sav,MN2C,Бага эмч,other
C:/tsogoo/Hicheel/erdem shinjilgeenii hural/ecnometric/shine/data/НҮТС-2013/Women.sav,НҮТС-2013,Women.sav,MN2K,Сувилагч,other
C:/tsogoo/Hicheel/erdem shinjilgeenii hural/ecnometric/shine/data/НҮТС-2013/Women.sav,НҮТС-2013,Women.sav,MN2F,Бариач/ засалч,other
C:/tsogoo/Hicheel/erdem shinjilgeenii hural/ecnometric/shine/data/НҮТС-2013/Women.sav,НҮТС-2013,Women.sav,MN2X,Бусад (бичих),wealth_assets_housing
C:/tsogoo/Hicheel/erdem shinjilgeenii hural/ecnometric/shine/data/НҮТС-2013/Women.sav,НҮТС-2013,Women.sav,MN2AA,ТА (нэр)-ИЙГ ТЭЭХ ҮЕДЭЭ ХЭДЭН 7 ХОНОГТОЙ БАЙХДАА ЖИРЭМСНИЙ ХЯНАЛТАД ОРСОН БЭ?,parents_family
C:/tsogoo/Hicheel/erdem shinjilgeenii hural/ecnometric/shine/data/НҮТС-2013/Women.sav,НҮТС-2013,Women.sav,MN2BA,"Төрөлжсөн нарийн мэргэжлийн төв (Эх, нялхсын төв)",parents_family
C:/tsogoo/Hicheel/erdem shinjilgeenii hural/ecnometric/shine/data/НҮТС-2013/Women.sav,НҮТС-2013,Women.sav,MN2BB,Нэгдсэн эмнэлэг (Аймгийн төв/ Дүүргийн эмнэлэг),other
C:/tsogoo/Hicheel/erdem shinjilgeenii hural/ecnometric/shine/data/НҮТС-2013/Women.sav,НҮТС-2013,Women.sav,MN2BC,Амаржих газар,other
C:/tsogoo/Hicheel/erdem shinjilgeenii hural/ecnometric/shine/data/НҮТС-2013/Women.sav,НҮТС-2013,Women.sav,MN2BE,Сумын/ Өрхийн эмнэлэг,wealth_assets_housing
C:/tsogoo/Hicheel/erdem shinjilgeenii hural/ecnometric/shine/data/НҮТС-2013/Women.sav,НҮТС-2013,Women.sav,MN2BG,Улаанбаатарын ортой эмнэлэг,other
C:/tsogoo/Hicheel/erdem shinjilgeenii hural/ecnometric/shine/data/НҮТС-2013/Women.sav,НҮТС-2013,Women.sav,MN2BH,Улаанбаатарын оргүй эмнэлэг,other
C:/tsogoo/Hicheel/erdem shinjilgeenii hural/ecnometric/shine/data/НҮТС-2013/Women.sav,НҮТС-2013,Women.sav,MN2BI,Аймаг/ Сумын ортой эмнэлэг,demographics_geo_weights
C:/tsogoo/Hicheel/erdem shinjilgeenii hural/ecnometric/shine/data/НҮТС-2013/Women.sav,НҮТС-2013,Women.sav,MN2BJ,Аймаг/ Сумын оргүй эмнэлэг,demographics_geo_weights
C:/tsogoo/Hicheel/erdem shinjilgeenii hural/ecnometric/shine/data/НҮТС-2013/Women.sav,НҮТС-2013,Women.sav,MN2BN,Төрийн бус байгууллагын эмнэлэг,wealth_assets_housing
C:/tsogoo/Hicheel/erdem shinjilgeenii hural/ecnometric/shine/data/НҮТС-2013/Women.sav,НҮТС-2013,Women.sav,MN2BX,Бусад (бичих),wealth_assets_housing
C:/tsogoo/Hicheel/erdem shinjilgeenii hural/ecnometric/shine/data/НҮТС-2013/Women.sav,НҮТС-2013,Women.sav,MN3,ТА ЖИРЭМСНИЙ ХЯНАЛТАД ХЭДЭН УДАА ҮЗҮҮЛСЭН БЭ?,other
C:/tsogoo/Hicheel/erdem shinjilgeenii hural/ecnometric/shine/data/НҮТС-2013/Women.sav,НҮТС-2013,Women.sav,MN3AA,ЖИРЭМСНИЙ ХЯНАЛТЫН АЧ ХОЛБОГДЛЫН ТАЛААР,other
C:/tsogoo/Hicheel/erdem shinjilgeenii hural/ecnometric/shine/data/НҮТС-2013/Women.sav,НҮТС-2013,Women.sav,MN3AB,ЖИРЭМСНИЙ ҮЕИЙН ХООЛЛОЛТЫН ТАЛААР,health_disability_nutrition
C:/tsogoo/Hicheel/erdem shinjilgeenii hural/ecnometric/shine/data/НҮТС-2013/Women.sav,НҮТС-2013,Women.sav,MN3AC,"ХОРТ ЗУРШИЛ (АРХИ, ТАМХИ)-ЫН ТАЛААР",other
C:/tsogoo/Hicheel/erdem shinjilgeenii hural/ecnometric/shine/data/НҮТС-2013/Women.sav,НҮТС-2013,Women.sav,MN3AD,ЖИРЭМСНИЙ ЭМГЭГ БАЙДАЛ/АЮУЛТАЙ ШИНЖҮҮДИЙН ТАЛААР,other
C:/tsogoo/Hicheel/erdem shinjilgeenii hural/ecnometric/shine/data/НҮТС-2013/Women.sav,НҮТС-2013,Women.sav,MN3AE,ТЭТГЭМЖ АВАХ ТАЛААР,other
C:/tsogoo/Hicheel/erdem shinjilgeenii hural/ecnometric/shine/data/НҮТС-2013/Women.sav,НҮТС-2013,Women.sav,MN3AF,"ТӨМРИЙН БЭЛДМЭЛ, ФОЛИЙН ХҮЧИЛ УУХЫН АЧ ХОЛБОГДЛЫН ТАЛААР",other
C:/tsogoo/Hicheel/erdem shinjilgeenii hural/ecnometric/shine/data/НҮТС-2013/Women.sav,НҮТС-2013,Women.sav,MN3AG,"ЗУЛБАЛТ, ДУТУУ ТӨРӨЛТӨӨС СЭРГИЙЛЭХ ТУХАЙ",parents_family
C:/tsogoo/Hicheel/erdem shinjilgeenii hural/ecnometric/shine/data/НҮТС-2013/Women.sav,НҮТС-2013,Women.sav,MN3AH,ЭРХТЭН ТОГТОЛЦООНЫ ЭМГЭГИЙН ТАЛААР,other
C:/tsogoo/Hicheel/erdem shinjilgeenii hural/ecnometric/shine/data/НҮТС-2013/Women.sav,НҮТС-2013,Women.sav,MN3AI,ТӨРӨЛТИЙН ТУХАЙ,other
C:/tsogoo/Hicheel/erdem shinjilgeenii hural/ecnometric/shine/data/НҮТС-2013/Women.sav,НҮТС-2013,Women.sav,MN3AJ,ЖИРЭМСНИЙ ХОЖУУ ХОРДЛОГЫН ТУХАЙ,other
C:/tsogoo/Hicheel/erdem shinjilgeenii hural/ecnometric/shine/data/НҮТС-2013/Women.sav,НҮТС-2013,Women.sav,MN3AK,ХӨХ АРЧЛАХ ТУХАЙ,other
C:/tsogoo/Hicheel/erdem shinjilgeenii hural/ecnometric/shine/data/НҮТС-2013/Women.sav,НҮТС-2013,Women.sav,MN3AL,ТӨРӨЛТӨД БЭЛТГЭХ ТУХАЙ,parents_family
C:/tsogoo/Hicheel/erdem shinjilgeenii hural/ecnometric/shine/data/НҮТС-2013/Women.sav,НҮТС-2013,Women.sav,MN3AM,ИЛҮҮ ТЭЭЛТИЙН ТАЛААР,other
C:/tsogoo/Hicheel/erdem shinjilgeenii hural/ecnometric/shine/data/НҮТС-2013/Women.sav,НҮТС-2013,Women.sav,MN3AN,ТӨРӨХ ҮЕИЙН ӨВДӨЛТИЙГ БУУРУУЛАХ АРГУУДЫН ТАЛААР,other
C:/tsogoo/Hicheel/erdem shinjilgeenii hural/ecnometric/shine/data/НҮТС-2013/Women.sav,НҮТС-2013,Women.sav,MN3AO,ТӨРСНИЙ ДАРААХ ҮЕ,other
C:/tsogoo/Hicheel/erdem shinjilgeenii hural/ecnometric/shine/data/НҮТС-2013/Women.sav,НҮТС-2013,Women.sav,MN3AP,НЯРАЙН АСАРГАА,other
C:/tsogoo/Hicheel/erdem shinjilgeenii hural/ecnometric/shine/data/НҮТС-2013/Women.sav,НҮТС-2013,Women.sav,MN3AQ,ГЭР БҮЛ ТӨЛӨВЛӨЛТИЙН ТАЛААР,other
C:/tsogoo/Hicheel/erdem shinjilgeenii hural/ecnometric/shine/data/НҮТС-2013/Women.sav,НҮТС-2013,Women.sav,MN3AR,БЭЛГИЙН ЗАМААР ДАМЖИХ ХАЛДВАР,other
C:/tsogoo/Hicheel/erdem shinjilgeenii hural/ecnometric/shine/data/НҮТС-2013/Women.sav,НҮТС-2013,Women.sav,MN4A,ЦУСНЫ ДАРАЛТ ХЭМЖИХ?,wealth_assets_housing
C:/tsogoo/Hicheel/erdem shinjilgeenii hural/ecnometric/shine/data/НҮТС-2013/Women.sav,НҮТС-2013,Women.sav,MN4B,ШЭЭСНИЙ ШИНЖИЛГЭЭ?,other
C:/tsogoo/Hicheel/erdem shinjilgeenii hural/ecnometric/shine/data/НҮТС-2013/Women.sav,НҮТС-2013,Women.sav,MN4C,ЦУСНЫ ЕРӨНХИЙ ШИНЖИЛГЭЭ?,wealth_assets_housing
C:/tsogoo/Hicheel/erdem shinjilgeenii hural/ecnometric/shine/data/НҮТС-2013/Women.sav,НҮТС-2013,Women.sav,MN4D,БЗДХ-ЫН ШИНЖИЛГЭЭ БУЮУ ҮТРЭЭНИЙ НААЦ /МАЗОК/?,other
C:/tsogoo/Hicheel/erdem shinjilgeenii hural/ecnometric/shine/data/НҮТС-2013/Women.sav,НҮТС-2013,Women.sav,MN4E,ЖИН ХЭМЖИХ?,demographics_geo_weights
C:/tsogoo/Hicheel/erdem shinjilgeenii hural/ecnometric/shine/data/НҮТС-2013/Women.sav,НҮТС-2013,Women.sav,MN4F,ТЭМБҮҮГИЙН СОРИЛ?,other
C:/tsogoo/Hicheel/erdem shinjilgeenii hural/ecnometric/shine/data/НҮТС-2013/Women.sav,НҮТС-2013,Women.sav,MN4G,ДОХ-ЫН ШИНЖИЛГЭЭ?,other
C:/tsogoo/Hicheel/erdem shinjilgeenii hural/ecnometric/shine/data/НҮТС-2013/Women.sav,НҮТС-2013,Women.sav,MN4H,ЭХО ШИНЖИЛГЭЭ?,parents_family
C:/tsogoo/Hicheel/erdem shinjilgeenii hural/ecnometric/shine/data/НҮТС-2013/Women.sav,НҮТС-2013,Women.sav,MN4I,ЦЭЭЖ ГЭРЭЛД ХАРУУЛАХ/ ЦЭЭЖНИЙ ЗУРАГ АВАХУУЛАХ?,parents_family
C:/tsogoo/Hicheel/erdem shinjilgeenii hural/ecnometric/shine/data/НҮТС-2013/Women.sav,НҮТС-2013,Women.sav,MN5A,ЖИРЭМСНИЙ ХЯНАЛТАД ОРОХОД ЯМАР НЭГ БЭРХШЭЭЛ ТОХИОЛДСОН УУ?,other
C:/tsogoo/Hicheel/erdem shinjilgeenii hural/ecnometric/shine/data/НҮТС-2013/Women.sav,НҮТС-2013,Women.sav,MN5B,ЖИРЭМСНИЙ ХЯНАЛТАД ОРОХОД ТОХИОЛДСОН ГОЛ БЭРХШЭЭЛЭЭ ХЭЛНЭ ҮҮ?,other
C:/tsogoo/Hicheel/erdem shinjilgeenii hural/ecnometric/shine/data/НҮТС-2013/Women.sav,НҮТС-2013,Women.sav,MN5C,ТА ЯАГААД ЖИРЭМСНИЙ ХЯНАЛТАД ОРООГҮЙ ВЭ?,other
C:/tsogoo/Hicheel/erdem shinjilgeenii hural/ecnometric/shine/data/НҮТС-2013/Women.sav,НҮТС-2013,Women.sav,MN5E,ТАНЫГ ЖИРЭМСНИЙ ХЯНАЛТАД ҮЗҮҮЛЭХЭЭР ЯВАХАД НӨХӨР/ ХАМТРАН АМЬДРАГЧ ЧИНЬ ХАМТ ЯВДАГ БАЙСАН УУ?,parents_family
C:/tsogoo/Hicheel/erdem shinjilgeenii hural/ecnometric/shine/data/НҮТС-2013/Women.sav,НҮТС-2013,Women.sav,MN5F,ТАНЫГ ЖИРЭМСНИЙ ХЯНАЛТАД ҮЗҮҮЛЭХЭЭР ЯВАХАД НӨХӨР/ ХАМТРАН АМЬДРАГЧ ЧИНЬ ТОГТМОЛ ХАМТ ЯВДАГ БАЙСАН УУ?,parents_family
C:/tsogoo/Hicheel/erdem shinjilgeenii hural/ecnometric/shine/data/НҮТС-2013/Women.sav,НҮТС-2013,Women.sav,MN5GA,ҮТРЭЭНЭЭС ЦУС ГАРЧ БАЙСАН УУ?,wealth_assets_housing
C:/tsogoo/Hicheel/erdem shinjilgeenii hural/ecnometric/shine/data/НҮТС-2013/Women.sav,НҮТС-2013,Women.sav,MN5GB,"ТОЛГОЙ ӨВДӨЖ, ЭРГЭХ, НҮД БҮРЭЛЗЭХ, ДАРАЛТ ИХСЭХ ШИНЖ ТЭМДЭГИЙН АЛЬ НЭГ НЬ ИЛЭРЧ БАЙСАН УУ?",parents_family
C:/tsogoo/Hicheel/erdem shinjilgeenii hural/ecnometric/shine/data/НҮТС-2013/Women.sav,НҮТС-2013,Women.sav,MN5GC,"ЦУСНЫ ДАРАЛТ ИХСЭЖ БАЙГААД ТАТАЖ, УХААН АЛДСАН УУ?",wealth_assets_housing
C:/tsogoo/Hicheel/erdem shinjilgeenii hural/ecnometric/shine/data/НҮТС-2013/Women.sav,НҮТС-2013,Women.sav,MN5GD,УРАГ ОРЧМЫН ШИНГЭН ХУГАЦААНААСАА ӨМНӨ ГАРЧ БАЙСАН УУ?,other
C:/tsogoo/Hicheel/erdem shinjilgeenii hural/ecnometric/shine/data/НҮТС-2013/Women.sav,НҮТС-2013,Women.sav,MN5GX,БУСАД?,wealth_assets_housing
C:/tsogoo/Hicheel/erdem shinjilgeenii hural/ecnometric/shine/data/НҮТС-2013/Women.sav,НҮТС-2013,Women.sav,MN5I,"ХҮНДРЭЛИЙН ҮЕД ЭМЧ, ЭМНЭЛГИЙН МЭРГЭЖИЛТНЭЭС ТУСЛАМЖ АВСАН УУ?",wealth_assets_housing
C:/tsogoo/Hicheel/erdem shinjilgeenii hural/ecnometric/shine/data/НҮТС-2013/Women.sav,НҮТС-2013,Women.sav,MN5JA,ЗҮРХНИЙ?,other
C:/tsogoo/Hicheel/erdem shinjilgeenii hural/ecnometric/shine/data/НҮТС-2013/Women.sav,НҮТС-2013,Women.sav,MN5JB,"БӨӨР, ДАВСАГНЫ?",other
C:/tsogoo/Hicheel/erdem shinjilgeenii hural/ecnometric/shine/data/НҮТС-2013/Women.sav,НҮТС-2013,Women.sav,MN5JC,"ЭЛЭГ, ЦӨСНИЙ?",other
C:/tsogoo/Hicheel/erdem shinjilgeenii hural/ecnometric/shine/data/НҮТС-2013/Women.sav,НҮТС-2013,Women.sav,MN5JD,"УУШГИНЫ, АМЬСГАЛЫН ЗАМЫН?",other
C:/tsogoo/Hicheel/erdem shinjilgeenii hural/ecnometric/shine/data/НҮТС-2013/Women.sav,НҮТС-2013,Women.sav,MN5JE,"ХОДООД, ГЭДЭСНИЙ?",other
C:/tsogoo/Hicheel/erdem shinjilgeenii hural/ecnometric/shine/data/НҮТС-2013/Women.sav,НҮТС-2013,Women.sav,MN5JF,МЭДРЭЛИЙН?,other
C:/tsogoo/Hicheel/erdem shinjilgeenii hural/ecnometric/shine/data/НҮТС-2013/Women.sav,НҮТС-2013,Women.sav,MN5JG,ХАЛДВАРТ ӨВЧИН?,other
C:/tsogoo/Hicheel/erdem shinjilgeenii hural/ecnometric/shine/data/НҮТС-2013/Women.sav,НҮТС-2013,Women.sav,MN5JX,БУСАД (БИЧИХ)?,wealth_assets_housing
C:/tsogoo/Hicheel/erdem shinjilgeenii hural/ecnometric/shine/data/НҮТС-2013/Women.sav,НҮТС-2013,Women.sav,MN5K,ТА (нэр)-ИЙГ ТЭЭЖ БАЙХДАА ЦУС БАГАДАХЫН ЭСРЭГ ТӨМРИЙН БЭЛДМЭЛ ХЭРЭГЛЭЖ БАЙСАН УУ?,wealth_assets_housing
C:/tsogoo/Hicheel/erdem shinjilgeenii hural/ecnometric/shine/data/НҮТС-2013/Women.sav,НҮТС-2013,Women.sav,MN5L,ХЭДЭН ӨДӨР УУСАН БЭ?,wealth_assets_housing
C:/tsogoo/Hicheel/erdem shinjilgeenii hural/ecnometric/shine/data/НҮТС-2013/Women.sav,НҮТС-2013,Women.sav,MN5M,ТА ТӨМРИЙН БЭЛДМЭЛЭЭ ХААНААС АВСАН БЭ?,other
C:/tsogoo/Hicheel/erdem shinjilgeenii hural/ecnometric/shine/data/НҮТС-2013/Women.sav,НҮТС-2013,Women.sav,MN5N,ТА ТӨМРИЙН БЭЛДМЭЛЭЭ ХУДАЛДАЖ АВСАН УУ?   ҮНЭГҮЙ АВСАН УУ?,other
C:/tsogoo/Hicheel/erdem shinjilgeenii hural/ecnometric/shine/data/НҮТС-2013/Women.sav,НҮТС-2013,Women.sav,MN5O,ТА (нэр)-ИЙГ ТӨРҮҮЛЭХИЙН ӨМНӨ ЭХИЙН АМРАХ БАЙРАНД АМАРСАН УУ?,parents_family
C:/tsogoo/Hicheel/erdem shinjilgeenii hural/ecnometric/shine/data/НҮТС-2013/Women.sav,НҮТС-2013,Women.sav,MN17D,Эх барих эмэгтэйчүүдийн эмч,parents_family
C:/tsogoo/Hicheel/erdem shinjilgeenii hural/ecnometric/shine/data/НҮТС-2013/Women.sav,НҮТС-2013,Women.sav,MN17E,Бусад их эмч,wealth_assets_housing
C:/tsogoo/Hicheel/erdem shinjilgeenii hural/ecnometric/shine/data/НҮТС-2013/Women.sav,НҮТС-2013,Women.sav,MN17I,Өрх/ сумын эмч,wealth_assets_housing
C:/tsogoo/Hicheel/erdem shinjilgeenii hural/ecnometric/shine/data/НҮТС-2013/Women.sav,НҮТС-2013,Women.sav,MN17J,Эх баригч,parents_family
C:/tsogoo/Hicheel/erdem shinjilgeenii hural/ecnometric/shine/data/НҮТС-2013/Women.sav,НҮТС-2013,Women.sav,MN17C,Бага эмч,other
C:/tsogoo/Hicheel/erdem shinjilgeenii hural/ecnometric/shine/data/НҮТС-2013/Women.sav,НҮТС-2013,Women.sav,MN17K,Сувилагч,other
C:/tsogoo/Hicheel/erdem shinjilgeenii hural/ecnometric/shine/data/НҮТС-2013/Women.sav,НҮТС-2013,Women.sav,MN17F,Бариач/ засалч,other
C:/tsogoo/Hicheel/erdem shinjilgeenii hural/ecnometric/shine/data/НҮТС-2013/Women.sav,НҮТС-2013,Women.sav,MN17H,Хамаатан/ найз,other
C:/tsogoo/Hicheel/erdem shinjilgeenii hural/ecnometric/shine/data/НҮТС-2013/Women.sav,НҮТС-2013,Women.sav,MN17X,Бусад (бичих),wealth_assets_housing
C:/tsogoo/Hicheel/erdem shinjilgeenii hural/ecnometric/shine/data/НҮТС-2013/Women.sav,НҮТС-2013,Women.sav,MN17Y,Өөрөө,other
C:/tsogoo/Hicheel/erdem shinjilgeenii hural/ecnometric/shine/data/НҮТС-2013/Women.sav,НҮТС-2013,Women.sav,MN18,ТА (нэр)-ИЙГ ХААНА ТӨРҮҮЛСЭН БЭ?,other
C:/tsogoo/Hicheel/erdem shinjilgeenii hural/ecnometric/shine/data/НҮТС-2013/Women.sav,НҮТС-2013,Women.sav,MN19,ТА (нэр)-ИЙГ КЕСАР ХАГАЛГАА ХИЙЛГЭЖ ТӨРҮҮЛСЭН ҮҮ?,other
C:/tsogoo/Hicheel/erdem shinjilgeenii hural/ecnometric/shine/data/НҮТС-2013/Women.sav,НҮТС-2013,Women.sav,MN19A,"ӨВДӨХӨӨСӨӨ ӨМНӨ ҮҮ, ХОЙНО УУ?",other
C:/tsogoo/Hicheel/erdem shinjilgeenii hural/ecnometric/shine/data/НҮТС-2013/Women.sav,НҮТС-2013,Women.sav,MN19BA,ТӨРӨЛТ ЭРЧИМЖҮҮЛЭХ ДУСАЛ ХИЙЛГЭЖ  ТӨРҮҮЛСЭН ҮҮ?,wealth_assets_housing
C:/tsogoo/Hicheel/erdem shinjilgeenii hural/ecnometric/shine/data/НҮТС-2013/Women.sav,НҮТС-2013,Women.sav,MN19BB,ТӨРӨХ ҮЕДЭЭ ХАЛУУРСАН УУ?,other
C:/tsogoo/Hicheel/erdem shinjilgeenii hural/ecnometric/shine/data/НҮТС-2013/Women.sav,НҮТС-2013,Women.sav,MN19BC,ХЭВИЙН ХЭМЖЭЭНЭЭС ИЛҮҮ ЦУС АЛДСАН УУ?,wealth_assets_housing
C:/tsogoo/Hicheel/erdem shinjilgeenii hural/ecnometric/shine/data/НҮТС-2013/Women.sav,НҮТС-2013,Women.sav,MN19BD,"ЦУС, ЦУС ОРЛОХ ШИНГЭН ХИЙЛГЭСЭН ҮҮ?",wealth_assets_housing
C:/tsogoo/Hicheel/erdem shinjilgeenii hural/ecnometric/shine/data/НҮТС-2013/Women.sav,НҮТС-2013,Women.sav,MN19BE,"ЦУСНЫ ДАРАЛТ ИХСЭЖ БАЙГААД ТАТАЖ, УХААН АЛДСАН УУ?",wealth_assets_housing
C:/tsogoo/Hicheel/erdem shinjilgeenii hural/ecnometric/shine/data/НҮТС-2013/Women.sav,НҮТС-2013,Women.sav,MN19BF,БАГАЖААР ТАТАЖ АВСАН УУ?,other
C:/tsogoo/Hicheel/erdem shinjilgeenii hural/ecnometric/shine/data/НҮТС-2013/Women.sav,НҮТС-2013,Women.sav,MN19BG,ТӨРӨЛТИЙГ СЭДЭЭХ ЭМ /МИЗОПРОСТОЛ/ ХЭЛЭН ДОР НЬ ТАВЬСАН УУ?,parents_family
C:/tsogoo/Hicheel/erdem shinjilgeenii hural/ecnometric/shine/data/НҮТС-2013/Women.sav,НҮТС-2013,Women.sav,MN19BH,ТӨРӨЛТИЙГ СЭДЭЭХ ЭМ /МИЗОПРОСТОЛ/ ҮТРЭЭНД ТАВЬСАН УУ?,parents_family
C:/tsogoo/Hicheel/erdem shinjilgeenii hural/ecnometric/shine/data/НҮТС-2013/Women.sav,НҮТС-2013,Women.sav,MN19C,(Нэр)-ИЙГ ТӨРҮҮЛСНИЙ ДАРААХ 2 САРЫН ДОТОР ТАНД А АМИНДЭМ ӨГСӨН ҮҮ?,other
C:/tsogoo/Hicheel/erdem shinjilgeenii hural/ecnometric/shine/data/НҮТС-2013/Women.sav,НҮТС-2013,Women.sav,MN19D,"(Нэр)-ИЙГ ТӨРӨХ ХУГАЦААНААСАА ӨМНӨ ТӨРҮҮЛСЭН ҮҮ, ХУГАЦААНДАА ТӨРҮҮЛСЭН ҮҮ, ХУГАЦААНААСАА ХОЖУУ ТӨРҮҮЛСЭН ҮҮ?",other
C:/tsogoo/Hicheel/erdem shinjilgeenii hural/ecnometric/shine/data/НҮТС-2013/Women.sav,НҮТС-2013,Women.sav,MN20,"(Нэр)-ИЙН ТӨРӨХ ҮЕИЙН ЖИН ДУНДЖААС ХЭР ТОМ, ЭСВЭЛ БАГА БАЙСАН БЭ?",demographics_geo_weights
C:/tsogoo/Hicheel/erdem shinjilgeenii hural/ecnometric/shine/data/НҮТС-2013/Women.sav,НҮТС-2013,Women.sav,MN21,(Нэр)-ИЙГ ТӨРӨХӨД ЖИНГ НЬ ХЭМЖСЭН ҮҮ?,demographics_geo_weights
C:/tsogoo/Hicheel/erdem shinjilgeenii hural/ecnometric/shine/data/НҮТС-2013/Women.sav,НҮТС-2013,Women.sav,MN22A,Картнаас,other
C:/tsogoo/Hicheel/erdem shinjilgeenii hural/ecnometric/shine/data/НҮТС-2013/Women.sav,НҮТС-2013,Women.sav,MN22B,Эхийн хэлснээр,parents_family
C:/tsogoo/Hicheel/erdem shinjilgeenii hural/ecnometric/shine/data/НҮТС-2013/Women.sav,НҮТС-2013,Women.sav,MN22AA,(Нэр) ТӨРСӨН ДАРУЙДАА УЙЛСАН УУ?,demographics_geo_weights
C:/tsogoo/Hicheel/erdem shinjilgeenii hural/ecnometric/shine/data/НҮТС-2013/Women.sav,НҮТС-2013,Women.sav,MN22BB,(Нэр)-ИЙГ ТӨРСӨН ДАРУЙ ТӨРӨХ ӨРӨӨНД ЯАРАЛТАЙ АРГА ХЭМЖЭЭ /ЭМЧИЛГЭЭ/ АВСАН УУ?,demographics_geo_weights
C:/tsogoo/Hicheel/erdem shinjilgeenii hural/ecnometric/shine/data/НҮТС-2013/Women.sav,НҮТС-2013,Women.sav,MN22CA,МАЛГАЙ ӨМСГӨСӨН ҮҮ?,wealth_assets_housing
C:/tsogoo/Hicheel/erdem shinjilgeenii hural/ecnometric/shine/data/НҮТС-2013/Women.sav,НҮТС-2013,Women.sav,MN22CB,ХҮҮХДИЙГ ЭХИЙН ХЭВЛИЙ ДЭЭР НҮЦГЭНЭЭР  ХЭВТҮҮЛЖ ХУЧСАН УУ?,parents_family
C:/tsogoo/Hicheel/erdem shinjilgeenii hural/ecnometric/shine/data/НҮТС-2013/Women.sav,НҮТС-2013,Women.sav,MN22CC,НЯРАЙН ДУЛААЦУУЛАХ ШИРЭЭНД  БАЙРЛУУЛСАН УУ?,other
C:/tsogoo/Hicheel/erdem shinjilgeenii hural/ecnometric/shine/data/НҮТС-2013/Women.sav,НҮТС-2013,Women.sav,MN23,(Нэр)-ИЙГ ТӨРҮҮЛСНЭЭС ХОЙШ ТАНЫ САРЫН ТЭМДЭГ ИРСЭН ҮҮ?,other
C:/tsogoo/Hicheel/erdem shinjilgeenii hural/ecnometric/shine/data/НҮТС-2013/Women.sav,НҮТС-2013,Women.sav,MN23A,(Нэр)-ИЙГ ТӨРҮҮЛЭЭД ХЭДЭН САРЫН ДАРАА ТАНЫ САРЫН ТЭМДЭГ ИРСЭН БЭ?,other
C:/tsogoo/Hicheel/erdem shinjilgeenii hural/ecnometric/shine/data/НҮТС-2013/Women.sav,НҮТС-2013,Women.sav,MN23C,ТА (нэр)-ИЙГ ТӨРҮҮЛЭЭД БЭЛГИЙН ХАВЬТАЛД ОРСОН УУ?,other
C:/tsogoo/Hicheel/erdem shinjilgeenii hural/ecnometric/shine/data/НҮТС-2013/Women.sav,НҮТС-2013,Women.sav,MN23D,(Нэр)-ИЙГ ТӨРҮҮЛЭЭД ХЭДЭН САРЫН ДАРАА БЭЛГИЙН ХАВЬТАЛД ОРСОН БЭ?,other
C:/tsogoo/Hicheel/erdem shinjilgeenii hural/ecnometric/shine/data/НҮТС-2013/Women.sav,НҮТС-2013,Women.sav,MN24,ТА (нэр)-ИЙГ ХӨХҮҮЛЖ БАЙСАН УУ?,other
C:/tsogoo/Hicheel/erdem shinjilgeenii hural/ecnometric/shine/data/НҮТС-2013/Women.sav,НҮТС-2013,Women.sav,MN25U,нэгж,other
C:/tsogoo/Hicheel/erdem shinjilgeenii hural/ecnometric/shine/data/НҮТС-2013/Women.sav,НҮТС-2013,Women.sav,MN25N,тоо,other
C:/tsogoo/Hicheel/erdem shinjilgeenii hural/ecnometric/shine/data/НҮТС-2013/Women.sav,НҮТС-2013,Women.sav,MN26,(Нэр)-ИЙГ ТӨРҮҮЛСНИЙ ДАРААХ 3 ХОНОГИЙН ДОТОР ТҮҮНД ӨӨРИЙНХӨӨ СҮҮНЭЭС ӨӨР ЯМАР НЭГ ШИНГЭН ЗҮЙЛ УУЛГАСАН УУ?,other
C:/tsogoo/Hicheel/erdem shinjilgeenii hural/ecnometric/shine/data/НҮТС-2013/Women.sav,НҮТС-2013,Women.sav,MN27A,Сүү,other
C:/tsogoo/Hicheel/erdem shinjilgeenii hural/ecnometric/shine/data/НҮТС-2013/Women.sav,НҮТС-2013,Women.sav,MN27B,Ус,wealth_assets_housing
C:/tsogoo/Hicheel/erdem shinjilgeenii hural/ecnometric/shine/data/НҮТС-2013/Women.sav,НҮТС-2013,Women.sav,MN27C,Чихэртэй ус/глюкоз,wealth_assets_housing
C:/tsogoo/Hicheel/erdem shinjilgeenii hural/ecnometric/shine/data/НҮТС-2013/Women.sav,НҮТС-2013,Women.sav,MN27E,Шингэн сэлбэх давсны уусмал,wealth_assets_housing
C:/tsogoo/Hicheel/erdem shinjilgeenii hural/ecnometric/shine/data/НҮТС-2013/Women.sav,НҮТС-2013,Women.sav,MN27F,Жимсний шүүс,other
C:/tsogoo/Hicheel/erdem shinjilgeenii hural/ecnometric/shine/data/НҮТС-2013/Women.sav,НҮТС-2013,Women.sav,MN27G,Эхийн сүү орлуулагч,parents_family
C:/tsogoo/Hicheel/erdem shinjilgeenii hural/ecnometric/shine/data/НҮТС-2013/Women.sav,НҮТС-2013,Women.sav,MN27H,"Цай, хярам",other
C:/tsogoo/Hicheel/erdem shinjilgeenii hural/ecnometric/shine/data/НҮТС-2013/Women.sav,НҮТС-2013,Women.sav,MN27I,Өөр эхийн сүү,parents_family
C:/tsogoo/Hicheel/erdem shinjilgeenii hural/ecnometric/shine/data/НҮТС-2013/Women.sav,НҮТС-2013,Women.sav,MN27X,Бусад (бичих),wealth_assets_housing
C:/tsogoo/Hicheel/erdem shinjilgeenii hural/ecnometric/shine/data/НҮТС-2013/Women.sav,НҮТС-2013,Women.sav,PN2U,нэгж,other
C:/tsogoo/Hicheel/erdem shinjilgeenii hural/ecnometric/shine/data/НҮТС-2013/Women.sav,НҮТС-2013,Women.sav,PN2N,тоо,other
C:/tsogoo/Hicheel/erdem shinjilgeenii hural/ecnometric/shine/data/НҮТС-2013/Women.sav,НҮТС-2013,Women.sav,PN3,(Нэр)-ИЙГ ТӨРҮҮЛЭЭД ЭМНЭЛЭГТ БАЙХАД ЭМНЭЛГИЙН МЭРГЭЖИЛТЭН (нэр)-ИЙГ ҮЗСЭН ҮҮ?,other
C:/tsogoo/Hicheel/erdem shinjilgeenii hural/ecnometric/shine/data/НҮТС-2013/Women.sav,НҮТС-2013,Women.sav,PN4,(Нэр)-ИЙГ ТӨРҮҮЛЭЭД ЭМНЭЛЭГТ БАЙХАД ЭМНЭЛГИЙН МЭРГЭЖИЛТЭН ТАНЫГ ҮЗСЭН ҮҮ?,other
C:/tsogoo/Hicheel/erdem shinjilgeenii hural/ecnometric/shine/data/НҮТС-2013/Women.sav,НҮТС-2013,Women.sav,PN4A,(Нэр)-ИЙГ ТӨРҮҮЛЭЭД ЭМНЭЛГЭЭС ГАРАХАД ЭМНЭЛГИЙН МЭРГЭЖИЛТЭН “ЭХ ХҮҮХДИЙН ЭРҮҮЛ МЭНДИЙН ДЭВТЭР”-Т ТЭМДЭГЛЭЛ ХИЙЖ ӨГСӨН ҮҮ,parents_family
C:/tsogoo/Hicheel/erdem shinjilgeenii hural/ecnometric/shine/data/НҮТС-2013/Women.sav,НҮТС-2013,Women.sav,PN5,(Нэр)-ИЙГ ТӨРҮҮЛЭЭД ЭМНЭЛГЭЭС ГАРСНЫ ДАРАА ЭМНЭЛГИЙН МЭРГЭЖИЛТЭН ХҮҮХДИЙГ ҮЗСЭН ҮҮ?,other
C:/tsogoo/Hicheel/erdem shinjilgeenii hural/ecnometric/shine/data/НҮТС-2013/Women.sav,НҮТС-2013,Women.sav,PN7,ТӨРСНИЙ ДАРАА (нэр)-ИЙГ ЭХ БАРЬСАН ХҮН ТАНЫГ ОРХИЖ ЯВАХААСАА ӨМНӨ (нэр)-ИЙГ ҮЗСЭН ҮҮ?,parents_family
C:/tsogoo/Hicheel/erdem shinjilgeenii hural/ecnometric/shine/data/НҮТС-2013/Women.sav,НҮТС-2013,Women.sav,PN8,ТӨРСНИЙ ДАРАА (нэр)-ИЙГ ЭХ БАРЬСАН ХҮН ТАНЫГ ҮЗСЭН ҮҮ?,parents_family
C:/tsogoo/Hicheel/erdem shinjilgeenii hural/ecnometric/shine/data/НҮТС-2013/Women.sav,НҮТС-2013,Women.sav,PN9,"ТӨРСНИЙ ДАРАА (нэр)-ИЙГ ЭХ БАРЬСАН ХҮН ЯВСНААС ХОЙШ ХЭН НЭГЭН (нэр)-ИЙН ЭРҮҮЛ МЭНДИЙГ ШАЛГАЖ, ҮЗСЭН ҮҮ?",parents_family
C:/tsogoo/Hicheel/erdem shinjilgeenii hural/ecnometric/shine/data/НҮТС-2013/Women.sav,НҮТС-2013,Women.sav,PN10,"ТӨРСНИЙ ДАРАА ХЭН НЭГЭН (нэр)-ИЙН ЭРҮҮЛ МЭНДИЙГ ШАЛГАЖ, ҮЗСЭН ҮҮ?",health_disability_nutrition
C:/tsogoo/Hicheel/erdem shinjilgeenii hural/ecnometric/shine/data/НҮТС-2013/Women.sav,НҮТС-2013,Women.sav,PN11,(Нэр)-ИЙГ ХЭДЭН УДАА ҮЗСЭН БЭ?,other
C:/tsogoo/Hicheel/erdem shinjilgeenii hural/ecnometric/shine/data/НҮТС-2013/Women.sav,НҮТС-2013,Women.sav,PN12U,нэгж,other
C:/tsogoo/Hicheel/erdem shinjilgeenii hural/ecnometric/shine/data/НҮТС-2013/Women.sav,НҮТС-2013,Women.sav,PN12N,тоо,other
C:/tsogoo/Hicheel/erdem shinjilgeenii hural/ecnometric/shine/data/НҮТС-2013/Women.sav,НҮТС-2013,Women.sav,PN13D,Эх барих эмэгтэйчүүдийн эмч,parents_family
C:/tsogoo/Hicheel/erdem shinjilgeenii hural/ecnometric/shine/data/НҮТС-2013/Women.sav,НҮТС-2013,Women.sav,PN13E,Бусад их эмч,wealth_assets_housing
C:/tsogoo/Hicheel/erdem shinjilgeenii hural/ecnometric/shine/data/НҮТС-2013/Women.sav,НҮТС-2013,Women.sav,PN13I,Өрх/ сумын эмч,wealth_assets_housing
C:/tsogoo/Hicheel/erdem shinjilgeenii hural/ecnometric/shine/data/НҮТС-2013/Women.sav,НҮТС-2013,Women.sav,PN13J,Эх баригч,parents_family
C:/tsogoo/Hicheel/erdem shinjilgeenii hural/ecnometric/shine/data/НҮТС-2013/Women.sav,НҮТС-2013,Women.sav,PN13C,Бага эмч,other
C:/tsogoo/Hicheel/erdem shinjilgeenii hural/ecnometric/shine/data/НҮТС-2013/Women.sav,НҮТС-2013,Women.sav,PN13K,Сувилагч,other
C:/tsogoo/Hicheel/erdem shinjilgeenii hural/ecnometric/shine/data/НҮТС-2013/Women.sav,НҮТС-2013,Women.sav,PN13F,Бариач/ засалч,other
C:/tsogoo/Hicheel/erdem shinjilgeenii hural/ecnometric/shine/data/НҮТС-2013/Women.sav,НҮТС-2013,Women.sav,PN13H,Хамаатан/ найз,other
C:/tsogoo/Hicheel/erdem shinjilgeenii hural/ecnometric/shine/data/НҮТС-2013/Women.sav,НҮТС-2013,Women.sav,PN13X,Бусад (бичих),wealth_assets_housing
C:/tsogoo/Hicheel/erdem shinjilgeenii hural/ecnometric/shine/data/НҮТС-2013/Women.sav,НҮТС-2013,Women.sav,PN14,(Нэр)-ИЙГ ХААНА ҮЗСЭН БЭ?,other
C:/tsogoo/Hicheel/erdem shinjilgeenii hural/ecnometric/shine/data/НҮТС-2013/Women.sav,НҮТС-2013,Women.sav,PN16,(Нэр)-ИЙГ ТӨРҮҮЛЭЭД ГЭРТЭЭ ГАРСНААС ХОЙШ ЭМНЭЛГИЙН МЭРГЭЖИЛТЭН ТАНЫГ ҮЗСЭН ҮҮ?,other
C:/tsogoo/Hicheel/erdem shinjilgeenii hural/ecnometric/shine/data/НҮТС-2013/Women.sav,НҮТС-2013,Women.sav,PN18,ТӨРСНИЙ ДАРАА (нэр)-ИЙГ ЭХ БАРЬСАН ХҮН ЯВСНААС ХОЙШ ХЭН НЭГЭН ТАНЫГ ҮЗСЭН ҮҮ?,parents_family
C:/tsogoo/Hicheel/erdem shinjilgeenii hural/ecnometric/shine/data/НҮТС-2013/Women.sav,НҮТС-2013,Women.sav,PN19,ТӨРСНИЙ ДАРАА ХЭН НЭГЭН ТАНЫГ ҮЗСЭН ҮҮ?,other
C:/tsogoo/Hicheel/erdem shinjilgeenii hural/ecnometric/shine/data/НҮТС-2013/Women.sav,НҮТС-2013,Women.sav,PN20,ТАНЫГ ХЭДЭН УДАА ҮЗСЭН БЭ?,other
C:/tsogoo/Hicheel/erdem shinjilgeenii hural/ecnometric/shine/data/НҮТС-2013/Women.sav,НҮТС-2013,Women.sav,PN21U,нэгж,other
C:/tsogoo/Hicheel/erdem shinjilgeenii hural/ecnometric/shine/data/НҮТС-2013/Women.sav,НҮТС-2013,Women.sav,PN21N,тоо,other
C:/tsogoo/Hicheel/erdem shinjilgeenii hural/ecnometric/shine/data/НҮТС-2013/Women.sav,НҮТС-2013,Women.sav,PN22D,Эх барих эмэгтэйчүүдийн эмч,parents_family
C:/tsogoo/Hicheel/erdem shinjilgeenii hural/ecnometric/shine/data/НҮТС-2013/Women.sav,НҮТС-2013,Women.sav,PN22E,Бусад их эмч,wealth_assets_housing
C:/tsogoo/Hicheel/erdem shinjilgeenii hural/ecnometric/shine/data/НҮТС-2013/Women.sav,НҮТС-2013,Women.sav,PN22I,Өрх/ сумын эмч,wealth_assets_housing
C:/tsogoo/Hicheel/erdem shinjilgeenii hural/ecnometric/shine/data/НҮТС-2013/Women.sav,НҮТС-2013,Women.sav,PN22J,Эх баригч,parents_family
C:/tsogoo/Hicheel/erdem shinjilgeenii hural/ecnometric/shine/data/НҮТС-2013/Women.sav,НҮТС-2013,Women.sav,PN22C,Бага эмч,other
C:/tsogoo/Hicheel/erdem shinjilgeenii hural/ecnometric/shine/data/НҮТС-2013/Women.sav,НҮТС-2013,Women.sav,PN22K,Сувилагч,other
C:/tsogoo/Hicheel/erdem shinjilgeenii hural/ecnometric/shine/data/НҮТС-2013/Women.sav,НҮТС-2013,Women.sav,PN22F,Бариач/ засалч,other
C:/tsogoo/Hicheel/erdem shinjilgeenii hural/ecnometric/shine/data/НҮТС-2013/Women.sav,НҮТС-2013,Women.sav,PN22H,Хамаатан/ найз,other
C:/tsogoo/Hicheel/erdem shinjilgeenii hural/ecnometric/shine/data/НҮТС-2013/Women.sav,НҮТС-2013,Women.sav,PN22X,Бусад (бичих),wealth_assets_housing
C:/tsogoo/Hicheel/erdem shinjilgeenii hural/ecnometric/shine/data/НҮТС-2013/Women.sav,НҮТС-2013,Women.sav,PN22AA,ХӨХӨӨР ХООЛЛОЛТ?,health_disability_nutrition
C:/tsogoo/Hicheel/erdem shinjilgeenii hural/ecnometric/shine/data/НҮТС-2013/Women.sav,НҮТС-2013,Women.sav,PN22AB,НЯРАЙН АСАРГАА?,other
C:/tsogoo/Hicheel/erdem shinjilgeenii hural/ecnometric/shine/data/НҮТС-2013/Women.sav,НҮТС-2013,Women.sav,PN22AC,ГЭР БҮЛ ТӨЛӨВЛӨЛТ?,other
C:/tsogoo/Hicheel/erdem shinjilgeenii hural/ecnometric/shine/data/НҮТС-2013/Women.sav,НҮТС-2013,Women.sav,PN22AD,БЭЛГИЙН ЗАМААР ДАМЖИХ ХАЛДВАР?,other
C:/tsogoo/Hicheel/erdem shinjilgeenii hural/ecnometric/shine/data/НҮТС-2013/Women.sav,НҮТС-2013,Women.sav,PN23,ТАНЫГ  ХААНА ҮЗСЭН БЭ?,other
C:/tsogoo/Hicheel/erdem shinjilgeenii hural/ecnometric/shine/data/НҮТС-2013/Women.sav,НҮТС-2013,Women.sav,IS2A,"Хөхөө хөхөхгүй, юм ууж, идэхгүй байх",parents_family
C:/tsogoo/Hicheel/erdem shinjilgeenii hural/ecnometric/shine/data/НҮТС-2013/Women.sav,НҮТС-2013,Women.sav,IS2B,Бие нь сульдах,other
C:/tsogoo/Hicheel/erdem shinjilgeenii hural/ecnometric/shine/data/НҮТС-2013/Women.sav,НҮТС-2013,Women.sav,IS2C,Халуурах,other
C:/tsogoo/Hicheel/erdem shinjilgeenii hural/ecnometric/shine/data/НҮТС-2013/Women.sav,НҮТС-2013,Women.sav,IS2D,Амьсгал олшрох/амьсгаадах,other
C:/tsogoo/Hicheel/erdem shinjilgeenii hural/ecnometric/shine/data/НҮТС-2013/Women.sav,НҮТС-2013,Women.sav,IS2E,"Амьсгал саадтай болох/янцаглах, яраглах",other
C:/tsogoo/Hicheel/erdem shinjilgeenii hural/ecnometric/shine/data/НҮТС-2013/Women.sav,НҮТС-2013,Women.sav,IS2F,Цустай баах,wealth_assets_housing
C:/tsogoo/Hicheel/erdem shinjilgeenii hural/ecnometric/shine/data/НҮТС-2013/Women.sav,НҮТС-2013,Women.sav,IS2G,Шингэн зүйл уухдаа дургүй болох,other
C:/tsogoo/Hicheel/erdem shinjilgeenii hural/ecnometric/shine/data/НҮТС-2013/Women.sav,НҮТС-2013,Women.sav,IS2H,Их хэмжээгээр бөөлжих,other
C:/tsogoo/Hicheel/erdem shinjilgeenii hural/ecnometric/shine/data/НҮТС-2013/Women.sav,НҮТС-2013,Women.sav,IS2I,Суулгах,other
C:/tsogoo/Hicheel/erdem shinjilgeenii hural/ecnometric/shine/data/НҮТС-2013/Women.sav,НҮТС-2013,Women.sav,IS2J,Ханиалгах,other
C:/tsogoo/Hicheel/erdem shinjilgeenii hural/ecnometric/shine/data/НҮТС-2013/Women.sav,НҮТС-2013,Women.sav,IS2K,Татах,other
C:/tsogoo/Hicheel/erdem shinjilgeenii hural/ecnometric/shine/data/НҮТС-2013/Women.sav,НҮТС-2013,Women.sav,IS2L,Шалтгаан нь мэдэгдэхгүй уйлах,parents_family
C:/tsogoo/Hicheel/erdem shinjilgeenii hural/ecnometric/shine/data/НҮТС-2013/Women.sav,НҮТС-2013,Women.sav,IS2X,Бусад,wealth_assets_housing
C:/tsogoo/Hicheel/erdem shinjilgeenii hural/ecnometric/shine/data/НҮТС-2013/Women.sav,НҮТС-2013,Women.sav,IS2Y,Бусад,wealth_assets_housing
C:/tsogoo/Hicheel/erdem shinjilgeenii hural/ecnometric/shine/data/НҮТС-2013/Women.sav,НҮТС-2013,Women.sav,IS2Z,Бусад,wealth_assets_housing
C:/tsogoo/Hicheel/erdem shinjilgeenii hural/ecnometric/shine/data/НҮТС-2013/Women.sav,НҮТС-2013,Women.sav,CP0AA,УМАЙН 2 ТАЛЫН ГУУРСАН ХООЛОЙГ БООХ,health_disability_nutrition
C:/tsogoo/Hicheel/erdem shinjilgeenii hural/ecnometric/shine/data/НҮТС-2013/Women.sav,НҮТС-2013,Women.sav,CP0AB,ЭРЭГТЭЙ ҮРИЙН СУВГИЙГ БООХ,other
C:/tsogoo/Hicheel/erdem shinjilgeenii hural/ecnometric/shine/data/НҮТС-2013/Women.sav,НҮТС-2013,Women.sav,CP0AC,ЕРӨНДӨГ,other
C:/tsogoo/Hicheel/erdem shinjilgeenii hural/ecnometric/shine/data/НҮТС-2013/Women.sav,НҮТС-2013,Women.sav,CP0AD,ТАРИА,other
C:/tsogoo/Hicheel/erdem shinjilgeenii hural/ecnometric/shine/data/НҮТС-2013/Women.sav,НҮТС-2013,Women.sav,CP0AE,СУУЛГАЦ,other
C:/tsogoo/Hicheel/erdem shinjilgeenii hural/ecnometric/shine/data/НҮТС-2013/Women.sav,НҮТС-2013,Women.sav,CP0AF,ЭМ УУХ,other
C:/tsogoo/Hicheel/erdem shinjilgeenii hural/ecnometric/shine/data/НҮТС-2013/Women.sav,НҮТС-2013,Women.sav,CP0AG,ЭРЭГТЭЙ БЭЛГЭВЧ,other
C:/tsogoo/Hicheel/erdem shinjilgeenii hural/ecnometric/shine/data/НҮТС-2013/Women.sav,НҮТС-2013,Women.sav,CP0AH,ЭМЭГТЭЙ БЭЛГЭВЧ,other
C:/tsogoo/Hicheel/erdem shinjilgeenii hural/ecnometric/shine/data/НҮТС-2013/Women.sav,НҮТС-2013,Women.sav,CP0AI,ДИАФРАГМ,other
C:/tsogoo/Hicheel/erdem shinjilgeenii hural/ecnometric/shine/data/НҮТС-2013/Women.sav,НҮТС-2013,Women.sav,CP0AJ,"ЛАА, ЦАРЦМАГ",other
C:/tsogoo/Hicheel/erdem shinjilgeenii hural/ecnometric/shine/data/НҮТС-2013/Women.sav,НҮТС-2013,Women.sav,CP0AL,ХУАНЛИЙН ДАГУУ ТҮР ТЭВЧИХ,other
C:/tsogoo/Hicheel/erdem shinjilgeenii hural/ecnometric/shine/data/НҮТС-2013/Women.sav,НҮТС-2013,Women.sav,CP0AN,ЯАРАЛТАЙ УУЖ ХАМГААЛАХ ЭМ,other
C:/tsogoo/Hicheel/erdem shinjilgeenii hural/ecnometric/shine/data/НҮТС-2013/Women.sav,НҮТС-2013,Women.sav,CP0AX,"ЖИРЭМСЛЭХЭЭС СЭРГИЙЛЭХ ӨӨР АРГЫН ТАЛААР СОНСОЖ, УНШИЖ БАЙСАН УУ?",parents_family
C:/tsogoo/Hicheel/erdem shinjilgeenii hural/ecnometric/shine/data/НҮТС-2013/Women.sav,НҮТС-2013,Women.sav,CP0AZ,ОГТ МЭДЭХГҮЙ,parents_family
C:/tsogoo/Hicheel/erdem shinjilgeenii hural/ecnometric/shine/data/НҮТС-2013/Women.sav,НҮТС-2013,Women.sav,CP0BA,УМАЙН 2 ТАЛЫН ГУУРСАН ХООЛОЙГ БООХ,health_disability_nutrition
C:/tsogoo/Hicheel/erdem shinjilgeenii hural/ecnometric/shine/data/НҮТС-2013/Women.sav,НҮТС-2013,Women.sav,CP0BB,ЭРЭГТЭЙ ҮРИЙН СУВГИЙГ БООХ,other
C:/tsogoo/Hicheel/erdem shinjilgeenii hural/ecnometric/shine/data/НҮТС-2013/Women.sav,НҮТС-2013,Women.sav,CP0BC,ЕРӨНДӨГ,other
C:/tsogoo/Hicheel/erdem shinjilgeenii hural/ecnometric/shine/data/НҮТС-2013/Women.sav,НҮТС-2013,Women.sav,CP0BD,ТАРИА,other
C:/tsogoo/Hicheel/erdem shinjilgeenii hural/ecnometric/shine/data/НҮТС-2013/Women.sav,НҮТС-2013,Women.sav,CP0BE,СУУЛГАЦ,other
C:/tsogoo/Hicheel/erdem shinjilgeenii hural/ecnometric/shine/data/НҮТС-2013/Women.sav,НҮТС-2013,Women.sav,CP0BF,ЭМ УУХ,other
C:/tsogoo/Hicheel/erdem shinjilgeenii hural/ecnometric/shine/data/НҮТС-2013/Women.sav,НҮТС-2013,Women.sav,CP0BG,ЭРЭГТЭЙ БЭЛГЭВЧ,other
C:/tsogoo/Hicheel/erdem shinjilgeenii hural/ecnometric/shine/data/НҮТС-2013/Women.sav,НҮТС-2013,Women.sav,CP0BH,ЭМЭГТЭЙ БЭЛГЭВЧ,other
C:/tsogoo/Hicheel/erdem shinjilgeenii hural/ecnometric/shine/data/НҮТС-2013/Women.sav,НҮТС-2013,Women.sav,CP0BI,ДИАФРАГМ,other
C:/tsogoo/Hicheel/erdem shinjilgeenii hural/ecnometric/shine/data/НҮТС-2013/Women.sav,НҮТС-2013,Women.sav,CP0BJ,"ЛАА, ЦАРЦМАГ",other
C:/tsogoo/Hicheel/erdem shinjilgeenii hural/ecnometric/shine/data/НҮТС-2013/Women.sav,НҮТС-2013,Women.sav,CP0BL,ХУАНЛИЙН ДАГУУ ТҮР ТЭВЧИХ,other
C:/tsogoo/Hicheel/erdem shinjilgeenii hural/ecnometric/shine/data/НҮТС-2013/Women.sav,НҮТС-2013,Women.sav,CP0BM,ГАДУУР ТАВИХ,other
C:/tsogoo/Hicheel/erdem shinjilgeenii hural/ecnometric/shine/data/НҮТС-2013/Women.sav,НҮТС-2013,Women.sav,CP0BN,ЯАРАЛТАЙ УУЖ ХАМГААЛАХ ЭМ,other
C:/tsogoo/Hicheel/erdem shinjilgeenii hural/ecnometric/shine/data/НҮТС-2013/Women.sav,НҮТС-2013,Women.sav,CP0BX,ӨӨР АРГЫН ТАЛААР СОНСОЖ БАЙСАН УУ,other
C:/tsogoo/Hicheel/erdem shinjilgeenii hural/ecnometric/shine/data/НҮТС-2013/Women.sav,НҮТС-2013,Women.sav,CP2,ТА ОДООГООР ЖИРЭМСЛЭХЭЭС СЭРГИЙЛЭХ ЯМАР НЭГ АРГА ХЭРЭГЛЭЖ БАЙГАА ЮУ?,parents_family
C:/tsogoo/Hicheel/erdem shinjilgeenii hural/ecnometric/shine/data/НҮТС-2013/Women.sav,НҮТС-2013,Women.sav,CP2A,ТА ЕР НЬ ЖИРЭМСЛЭХЭЭС СЭРГИЙЛЭХИЙН ТУЛД ЯМАР НЭГ АРГА ХЭРЭГЛЭЖ БАЙСАН УУ?,parents_family
C:/tsogoo/Hicheel/erdem shinjilgeenii hural/ecnometric/shine/data/НҮТС-2013/Women.sav,НҮТС-2013,Women.sav,CP3A,Умайн 2 талын гуурсан хоолойг боох,health_disability_nutrition
C:/tsogoo/Hicheel/erdem shinjilgeenii hural/ecnometric/shine/data/НҮТС-2013/Women.sav,НҮТС-2013,Women.sav,CP3B,Эрэгтэйн үрийн сувгийг боох,other
C:/tsogoo/Hicheel/erdem shinjilgeenii hural/ecnometric/shine/data/НҮТС-2013/Women.sav,НҮТС-2013,Women.sav,CP3C,Ерөндөг,other
C:/tsogoo/Hicheel/erdem shinjilgeenii hural/ecnometric/shine/data/НҮТС-2013/Women.sav,НҮТС-2013,Women.sav,CP3D,Тариа,other
C:/tsogoo/Hicheel/erdem shinjilgeenii hural/ecnometric/shine/data/НҮТС-2013/Women.sav,НҮТС-2013,Women.sav,CP3E,Суулгац,other
C:/tsogoo/Hicheel/erdem shinjilgeenii hural/ecnometric/shine/data/НҮТС-2013/Women.sav,НҮТС-2013,Women.sav,CP3F,Эм уух,other
C:/tsogoo/Hicheel/erdem shinjilgeenii hural/ecnometric/shine/data/НҮТС-2013/Women.sav,НҮТС-2013,Women.sav,CP3G,Эрэгтэй бэлгэвч,other
C:/tsogoo/Hicheel/erdem shinjilgeenii hural/ecnometric/shine/data/НҮТС-2013/Women.sav,НҮТС-2013,Women.sav,CP3H,Эмэгтэй бэлгэвч,other
C:/tsogoo/Hicheel/erdem shinjilgeenii hural/ecnometric/shine/data/НҮТС-2013/Women.sav,НҮТС-2013,Women.sav,CP3I,Диафрагм,other
C:/tsogoo/Hicheel/erdem shinjilgeenii hural/ecnometric/shine/data/НҮТС-2013/Women.sav,НҮТС-2013,Women.sav,CP3J,"Лаа, царцмаг",other
C:/tsogoo/Hicheel/erdem shinjilgeenii hural/ecnometric/shine/data/НҮТС-2013/Women.sav,НҮТС-2013,Women.sav,CP3L,Хуанлийн дагуу түр тэвчих,other
C:/tsogoo/Hicheel/erdem shinjilgeenii hural/ecnometric/shine/data/НҮТС-2013/Women.sav,НҮТС-2013,Women.sav,CP3M,Гадуур тавих,other
C:/tsogoo/Hicheel/erdem shinjilgeenii hural/ecnometric/shine/data/НҮТС-2013/Women.sav,НҮТС-2013,Women.sav,CP3X,Бусад (бичих),wealth_assets_housing
C:/tsogoo/Hicheel/erdem shinjilgeenii hural/ecnometric/shine/data/НҮТС-2013/Women.sav,НҮТС-2013,Women.sav,CP4,ТА (ТАНЫ НӨХӨР/ ХАМТРАН АМЬДРАГЧ) ҮРИЙН СУВАГ/ ХООЛОЙ БООХ МЭС ЗАСЛЫГ ХААНА ХИЙЛГЭСЭН БЭ?,health_disability_nutrition
C:/tsogoo/Hicheel/erdem shinjilgeenii hural/ecnometric/shine/data/НҮТС-2013/Women.sav,НҮТС-2013,Women.sav,CP5Y,ТА (ТАНЫ НӨХӨР/ ХАМТРАН АМЬДРАГЧ) ҮРИЙН СУВАГ/ ХООЛОЙ БООХ МЭС ЗАСЛЫГ ХЭДЭН ОНЫ ХЭДЭН САРД ХИЙЛГЭСЭН БЭ? Он,health_disability_nutrition
C:/tsogoo/Hicheel/erdem shinjilgeenii hural/ecnometric/shine/data/НҮТС-2013/Women.sav,НҮТС-2013,Women.sav,CP5M,ТА (ТАНЫ НӨХӨР/ ХАМТРАН АМЬДРАГЧ) ҮРИЙН СУВАГ/ ХООЛОЙ БООХ МЭС ЗАСЛЫГ ХЭДЭН ОНЫ ХЭДЭН САРД ХИЙЛГЭСЭН БЭ? Сар,health_disability_nutrition
C:/tsogoo/Hicheel/erdem shinjilgeenii hural/ecnometric/shine/data/НҮТС-2013/Women.sav,НҮТС-2013,Women.sav,CP5AY,ТА ХЭДЭН ОНЫ ХЭДЭН САРААС,other
C:/tsogoo/Hicheel/erdem shinjilgeenii hural/ecnometric/shine/data/НҮТС-2013/Women.sav,НҮТС-2013,Women.sav,CP5AM,ТА ХЭДЭН ОНЫ ХЭДЭН САРААС,other
C:/tsogoo/Hicheel/erdem shinjilgeenii hural/ecnometric/shine/data/НҮТС-2013/Women.sav,НҮТС-2013,Women.sav,CP6,"ТА ОДООГИЙН АРГА, ХЭРЭГСЛИЙГ ХЭРЭГЛЭХЭД ЯМАР НЭГ ҮЙЛЧИЛГЭЭНИЙ БОЛОН ХУДАЛДАН АВАХ ЗАРДАЛ ГАРДАГ УУ?",parents_family
C:/tsogoo/Hicheel/erdem shinjilgeenii hural/ecnometric/shine/data/НҮТС-2013/Women.sav,НҮТС-2013,Women.sav,CP6A,"ТА ОДООГИЙНХОО АРГА, ХЭРЭГСЛИЙГ ХАМГИЙН СҮҮЛД ХЭРЭГЛЭХЭД ХЭДЭН ТӨГРӨГНИЙ ЗАРДАЛ ГАРСАН БЭ?",parents_family
C:/tsogoo/Hicheel/erdem shinjilgeenii hural/ecnometric/shine/data/НҮТС-2013/Women.sav,НҮТС-2013,Women.sav,CP7,"ТА ОДООГИЙНХОО АРГА, ХЭРЭГСЛИЙГ ХЭРЭГЛЭХЭЭС ӨМНӨ ӨӨР АРГА ХЭРЭГЛЭЖ БАЙСАН УУ?",parents_family
C:/tsogoo/Hicheel/erdem shinjilgeenii hural/ecnometric/shine/data/НҮТС-2013/Women.sav,НҮТС-2013,Women.sav,CP8C,Ерөндөг,other
C:/tsogoo/Hicheel/erdem shinjilgeenii hural/ecnometric/shine/data/НҮТС-2013/Women.sav,НҮТС-2013,Women.sav,CP8D,Тариа,other
C:/tsogoo/Hicheel/erdem shinjilgeenii hural/ecnometric/shine/data/НҮТС-2013/Women.sav,НҮТС-2013,Women.sav,CP8E,Суулгац,other
C:/tsogoo/Hicheel/erdem shinjilgeenii hural/ecnometric/shine/data/НҮТС-2013/Women.sav,НҮТС-2013,Women.sav,CP8F,Эм уух,other
C:/tsogoo/Hicheel/erdem shinjilgeenii hural/ecnometric/shine/data/НҮТС-2013/Women.sav,НҮТС-2013,Women.sav,CP8G,Эрэгтэй бэлгэвч,other
C:/tsogoo/Hicheel/erdem shinjilgeenii hural/ecnometric/shine/data/НҮТС-2013/Women.sav,НҮТС-2013,Women.sav,CP8H,Эмэгтэй бэлгэвч,other
C:/tsogoo/Hicheel/erdem shinjilgeenii hural/ecnometric/shine/data/НҮТС-2013/Women.sav,НҮТС-2013,Women.sav,CP8I,Диафрагм,other
C:/tsogoo/Hicheel/erdem shinjilgeenii hural/ecnometric/shine/data/НҮТС-2013/Women.sav,НҮТС-2013,Women.sav,CP8J,"Лаа, царцмаг",other
C:/tsogoo/Hicheel/erdem shinjilgeenii hural/ecnometric/shine/data/НҮТС-2013/Women.sav,НҮТС-2013,Women.sav,CP8L,Хуанлийн дагуу түр тэвчих,other
C:/tsogoo/Hicheel/erdem shinjilgeenii hural/ecnometric/shine/data/НҮТС-2013/Women.sav,НҮТС-2013,Women.sav,CP8M,Гадуур тавих,other
C:/tsogoo/Hicheel/erdem shinjilgeenii hural/ecnometric/shine/data/НҮТС-2013/Women.sav,НҮТС-2013,Women.sav,CP8X,Бусад,wealth_assets_housing
C:/tsogoo/Hicheel/erdem shinjilgeenii hural/ecnometric/shine/data/НҮТС-2013/Women.sav,НҮТС-2013,Women.sav,CP9,"АРГА, ХЭРЭГСЛЭЭ ӨӨРЧИЛСӨН ГОЛ ШАЛТГААН ЧИНЬ ЮУ ВЭ?",other
C:/tsogoo/Hicheel/erdem shinjilgeenii hural/ecnometric/shine/data/НҮТС-2013/Women.sav,НҮТС-2013,Women.sav,CP11,"ТА ОДООГИЙН ЭНЭ АРГА, ХЭРЭГСЛИЙГ АНХ ХЭРЭГЛЭЖ ЭХЛЭХДЭЭ ХААНА ХАНДСАН БЭ?",parents_family
C:/tsogoo/Hicheel/erdem shinjilgeenii hural/ecnometric/shine/data/НҮТС-2013/Women.sav,НҮТС-2013,Women.sav,CP11A,"ТА ОДООГИЙН ЭНЭ АРГА, ХЭРЭГСЛИЙГ АНХ ХЭРЭГЛЭЖ ЭХЛЭХДЭЭ ХААНА ХАНДСАН БЭ?",parents_family
C:/tsogoo/Hicheel/erdem shinjilgeenii hural/ecnometric/shine/data/НҮТС-2013/Women.sav,НҮТС-2013,Women.sav,CP13,ЭНЭ АРГЫГ ХЭРЭГЛЭЖ ЭХЛЭХЭД ЭРҮҮЛ МЭНДИЙН АЖИЛТАН ГАЖ НӨЛӨӨНИЙ ТАЛААР ЗӨВЛӨГӨӨ ӨГСӨН ҮҮ?,parents_family
C:/tsogoo/Hicheel/erdem shinjilgeenii hural/ecnometric/shine/data/НҮТС-2013/Women.sav,НҮТС-2013,Women.sav,CP14,ЕР НЬ ЭНЭ АРГЫН ГАЖ НӨЛӨӨНИЙ ТАЛААРХ ЗӨВЛӨГӨӨГ ЭРҮҮЛ МЭНДИЙН АЖИЛТАН ӨГСӨН ҮҮ?,work_child_labour
C:/tsogoo/Hicheel/erdem shinjilgeenii hural/ecnometric/shine/data/НҮТС-2013/Women.sav,НҮТС-2013,Women.sav,CP15,ГАЖ НӨЛӨӨ ГАРСАН ТОХИОЛДОЛД ЮУ ХИЙХ ТАЛААР ЗӨВЛӨГӨӨ ӨГСӨН ҮҮ?,other
C:/tsogoo/Hicheel/erdem shinjilgeenii hural/ecnometric/shine/data/НҮТС-2013/Women.sav,НҮТС-2013,Women.sav,CP17,ТА ӨӨР ЖИРЭМСЛЭХЭЭС СЭРГИЙЛЭХ АРГУУДЫН ТАЛААР ЭРҮҮЛ МЭНДИЙН АЖИЛТАНТАЙ ЯРИЛЦСАН УУ?,parents_family
C:/tsogoo/Hicheel/erdem shinjilgeenii hural/ecnometric/shine/data/НҮТС-2013/Women.sav,НҮТС-2013,Women.sav,CP18,(CP10-Д ТЭМДЭГЛЭГДСЭН АРГА) АРГЫГ (CP4 ЭСВЭЛ CP11-Д ТЭМДЭГЛЭГДСЭН ГАЗАР)-ААС АВАХАД  ӨӨР АРГУУДЫН ТАЛААР ЯРИЛЦСАН УУ?,other
C:/tsogoo/Hicheel/erdem shinjilgeenii hural/ecnometric/shine/data/НҮТС-2013/Women.sav,НҮТС-2013,Women.sav,CP19,ТА ЕР НЬ ЭРҮҮЛ МЭНДИЙН АЖИЛТАНТАЙ ЖИРЭМСЛЭХЭЭС СЭРГИЙЛЭХ ӨӨР АРГУУДЫН ТАЛААР ЯРИЛЦСАН УУ?,parents_family
C:/tsogoo/Hicheel/erdem shinjilgeenii hural/ecnometric/shine/data/НҮТС-2013/Women.sav,НҮТС-2013,Women.sav,CP21,"ХАМГИЙН СҮҮЛД ОДООГИЙН ХЭРЭГЛЭЖ БАЙГАА АРГА, ХЭРЭГСЛИЙГ ХААНА ХАНДАЖ АВСАН/ХИЙЛГЭСЭН БЭ?",other
C:/tsogoo/Hicheel/erdem shinjilgeenii hural/ecnometric/shine/data/НҮТС-2013/Women.sav,НҮТС-2013,Women.sav,CP22Y,Гэрлээгүй,other
C:/tsogoo/Hicheel/erdem shinjilgeenii hural/ecnometric/shine/data/НҮТС-2013/Women.sav,НҮТС-2013,Women.sav,CP22A,Гэрлээгүй,other
C:/tsogoo/Hicheel/erdem shinjilgeenii hural/ecnometric/shine/data/НҮТС-2013/Women.sav,НҮТС-2013,Women.sav,CP22B,Цэвэршсэн,other
C:/tsogoo/Hicheel/erdem shinjilgeenii hural/ecnometric/shine/data/НҮТС-2013/Women.sav,НҮТС-2013,Women.sav,CP22C,Сарын тэмдэг ирж байгаагүй,other
C:/tsogoo/Hicheel/erdem shinjilgeenii hural/ecnometric/shine/data/НҮТС-2013/Women.sav,НҮТС-2013,Women.sav,CP22D,Умайгаа авахуулсан,other
C:/tsogoo/Hicheel/erdem shinjilgeenii hural/ecnometric/shine/data/НҮТС-2013/Women.sav,НҮТС-2013,Women.sav,CP22E,"Жирэмслэх боломжгүй/2, түүнээс дээш жил жирэмслэхийг оролдож байгаа боловч үр дүнгүй",parents_family
C:/tsogoo/Hicheel/erdem shinjilgeenii hural/ecnometric/shine/data/НҮТС-2013/Women.sav,НҮТС-2013,Women.sav,CP22F,Сүүлчийн төрөлтөөс хойш сарын тэмдэг ирээгүй,other
C:/tsogoo/Hicheel/erdem shinjilgeenii hural/ecnometric/shine/data/НҮТС-2013/Women.sav,НҮТС-2013,Women.sav,CP22G,Хүүхдээ хөхүүлж байгаа,other
C:/tsogoo/Hicheel/erdem shinjilgeenii hural/ecnometric/shine/data/НҮТС-2013/Women.sav,НҮТС-2013,Women.sav,CP22H,Нас ахисан,demographics_geo_weights
C:/tsogoo/Hicheel/erdem shinjilgeenii hural/ecnometric/shine/data/НҮТС-2013/Women.sav,НҮТС-2013,Women.sav,CP22I,Хүүхэд төрүүлэхийг хүсч байгаа,parents_family
C:/tsogoo/Hicheel/erdem shinjilgeenii hural/ecnometric/shine/data/НҮТС-2013/Women.sav,НҮТС-2013,Women.sav,CP22J,Өөрөө эсэргүүцдэг,other
C:/tsogoo/Hicheel/erdem shinjilgeenii hural/ecnometric/shine/data/НҮТС-2013/Women.sav,НҮТС-2013,Women.sav,CP22K,Нөхөр/ хамтран амьдрагч эсэргүүцдэг,other
C:/tsogoo/Hicheel/erdem shinjilgeenii hural/ecnometric/shine/data/НҮТС-2013/Women.sav,НҮТС-2013,Women.sav,CP22L,Бусад хүмүүс эсэргүүцдэг,wealth_assets_housing
C:/tsogoo/Hicheel/erdem shinjilgeenii hural/ecnometric/shine/data/НҮТС-2013/Women.sav,НҮТС-2013,Women.sav,CP22M,Ёс заншил/ шашинд харш,other
C:/tsogoo/Hicheel/erdem shinjilgeenii hural/ecnometric/shine/data/НҮТС-2013/Women.sav,НҮТС-2013,Women.sav,CP22N,ЖСАХ-ийн талаар мэдэхгүй,parents_family
C:/tsogoo/Hicheel/erdem shinjilgeenii hural/ecnometric/shine/data/НҮТС-2013/Women.sav,НҮТС-2013,Women.sav,CP22O,Хаанаас олж авахаа мэддэггүй,other
C:/tsogoo/Hicheel/erdem shinjilgeenii hural/ecnometric/shine/data/НҮТС-2013/Women.sav,НҮТС-2013,Women.sav,CP22P,Эрүүл мэндэд тохирохгүй,health_disability_nutrition
C:/tsogoo/Hicheel/erdem shinjilgeenii hural/ecnometric/shine/data/НҮТС-2013/Women.sav,НҮТС-2013,Women.sav,CP22Q,Сөрөг нөлөөтэй,other
C:/tsogoo/Hicheel/erdem shinjilgeenii hural/ecnometric/shine/data/НҮТС-2013/Women.sav,НҮТС-2013,Women.sav,CP22R,Олж авахад хүндрэлтэй/ хэтэрхий хол,other
C:/tsogoo/Hicheel/erdem shinjilgeenii hural/ecnometric/shine/data/НҮТС-2013/Women.sav,НҮТС-2013,Women.sav,CP22S,Хэрэглэхийг хүссэн арга олддоггүй,parents_family
C:/tsogoo/Hicheel/erdem shinjilgeenii hural/ecnometric/shine/data/НҮТС-2013/Women.sav,НҮТС-2013,Women.sav,CP22T,Ямар ч арга олддоггүй,other
C:/tsogoo/Hicheel/erdem shinjilgeenii hural/ecnometric/shine/data/НҮТС-2013/Women.sav,НҮТС-2013,Women.sav,CP22U,Зардал ихтэй/ үнэтэй болсон,other
C:/tsogoo/Hicheel/erdem shinjilgeenii hural/ecnometric/shine/data/НҮТС-2013/Women.sav,НҮТС-2013,Women.sav,CP22V,Хэрэглэхэд төвөгтэй,parents_family
C:/tsogoo/Hicheel/erdem shinjilgeenii hural/ecnometric/shine/data/НҮТС-2013/Women.sav,НҮТС-2013,Women.sav,CP22W,Жин нэмэгддэг/ турдаг,demographics_geo_weights
C:/tsogoo/Hicheel/erdem shinjilgeenii hural/ecnometric/shine/data/НҮТС-2013/Women.sav,НҮТС-2013,Women.sav,CP22X,Бусад (бичих),wealth_assets_housing
C:/tsogoo/Hicheel/erdem shinjilgeenii hural/ecnometric/shine/data/НҮТС-2013/Women.sav,НҮТС-2013,Women.sav,CP22Z,Мэдэхгүй,parents_family
C:/tsogoo/Hicheel/erdem shinjilgeenii hural/ecnometric/shine/data/НҮТС-2013/Women.sav,НҮТС-2013,Women.sav,CP23,ТА ЦААШИД ЖСАХ ХЭРЭГЛЭХ ҮҮ?,parents_family
C:/tsogoo/Hicheel/erdem shinjilgeenii hural/ecnometric/shine/data/НҮТС-2013/Women.sav,НҮТС-2013,Women.sav,CP24,"ТА ЯМАР АРГА, ХЭРЭГСЭЛ ГОЛЧЛОН ХЭРЭГЛЭХИЙГ ХҮСЧ БАЙНА ВЭ?",parents_family
C:/tsogoo/Hicheel/erdem shinjilgeenii hural/ecnometric/shine/data/НҮТС-2013/Women.sav,НҮТС-2013,Women.sav,CP25,"ТА ЖИРЭМСЛЭХЭЭС СЭРГИЙЛЭХ ОРЧИН ҮЕИЙН АРГЫГ ҮНЭ ТӨЛБӨРГҮЙГЭЭР ТАРААДАГ, ҮЙЛЧИЛДЭГ ГЭДГИЙГ МЭДЭХ ҮҮ?",parents_family
C:/tsogoo/Hicheel/erdem shinjilgeenii hural/ecnometric/shine/data/НҮТС-2013/Women.sav,НҮТС-2013,Women.sav,CP26A,РАДИО?,other
C:/tsogoo/Hicheel/erdem shinjilgeenii hural/ecnometric/shine/data/НҮТС-2013/Women.sav,НҮТС-2013,Women.sav,CP26B,ТЕЛЕВИЗ?,other
C:/tsogoo/Hicheel/erdem shinjilgeenii hural/ecnometric/shine/data/НҮТС-2013/Women.sav,НҮТС-2013,Women.sav,CP26C,ИНТЕРНЕТ?,other
C:/tsogoo/Hicheel/erdem shinjilgeenii hural/ecnometric/shine/data/НҮТС-2013/Women.sav,НҮТС-2013,Women.sav,CP26D,"ХЭВЛЭМЭЛ СОНИН, СЭТГҮҮЛ, НОМ?",other
C:/tsogoo/Hicheel/erdem shinjilgeenii hural/ecnometric/shine/data/НҮТС-2013/Women.sav,НҮТС-2013,Women.sav,CP26E,ЗУРАГТ ХУУДАС?,other
C:/tsogoo/Hicheel/erdem shinjilgeenii hural/ecnometric/shine/data/НҮТС-2013/Women.sav,НҮТС-2013,Women.sav,CP28A,ГЭР БҮЛ ТӨЛӨВЛӨЛТ?,other
C:/tsogoo/Hicheel/erdem shinjilgeenii hural/ecnometric/shine/data/НҮТС-2013/Women.sav,НҮТС-2013,Women.sav,CP28B,ЖСАХ?,other
C:/tsogoo/Hicheel/erdem shinjilgeenii hural/ecnometric/shine/data/НҮТС-2013/Women.sav,НҮТС-2013,Women.sav,CP28C,"БЗДХ, ХДХВ/ДОХ?",other
C:/tsogoo/Hicheel/erdem shinjilgeenii hural/ecnometric/shine/data/НҮТС-2013/Women.sav,НҮТС-2013,Women.sav,CP28D,"ЖИРЭМСЛЭЛТ, ТӨРӨЛТ?",other
C:/tsogoo/Hicheel/erdem shinjilgeenii hural/ecnometric/shine/data/НҮТС-2013/Women.sav,НҮТС-2013,Women.sav,CP29,"ТАНЫ НӨХӨР/ ХАМТРАН АМЬДРАГЧ ХЭДЭН ХҮҮХЭДТЭЙ БОЛОХЫГ ХҮСДЭГ ВЭ? ТАНТАЙ ИЖИЛ, ТАНЫХААС ОЛОН, ЭСВЭЛ ЦӨӨН ТООНЫ ХҮҮХЭД ХҮСД",other
C:/tsogoo/Hicheel/erdem shinjilgeenii hural/ecnometric/shine/data/НҮТС-2013/Women.sav,НҮТС-2013,Women.sav,CP30,ТА САРЫН ТЭМДЭГ ИРЭХ ХУГАЦААНЫ ХООРОНД ЖИРЭМСЛЭХ БОЛОМЖТОЙ ӨДРҮҮД БАЙДАГ ГЭДГИЙГ МЭДЭХ ҮҮ?,parents_family
C:/tsogoo/Hicheel/erdem shinjilgeenii hural/ecnometric/shine/data/НҮТС-2013/Women.sav,НҮТС-2013,Women.sav,CP31,ТА САРЫН ТЭМДЭГ ИРЭХ ХУГАЦААНЫ ХООРОНД АЛЬ ҮЕД НЬ ЖИРЭМСЛЭХ БОЛОМЖ ИХТЭЙ БАЙДАГ ГЭЖ БОДДОГ ВЭ?,parents_family
C:/tsogoo/Hicheel/erdem shinjilgeenii hural/ecnometric/shine/data/НҮТС-2013/Women.sav,НҮТС-2013,Women.sav,UN2,ТА ЭНЭ ЖИРЭМСЛЭЛТИЙГ ХҮСЧ БАЙСАН УУ?,other
C:/tsogoo/Hicheel/erdem shinjilgeenii hural/ecnometric/shine/data/НҮТС-2013/Women.sav,НҮТС-2013,Women.sav,UN3,"ТА АРАЙ ХОЖУУ ХҮҮХЭД ТӨРҮҮЛЭХИЙГ ХҮСЧ БАЙСАН УУ, ЭСВЭЛ ЕР НЬ/ ДАХИН ХҮҮХЭД ТӨРҮҮЛЭХ ХҮСЭЛГҮЙ БАЙСАН УУ?",parents_family
C:/tsogoo/Hicheel/erdem shinjilgeenii hural/ecnometric/shine/data/НҮТС-2013/Women.sav,НҮТС-2013,Women.sav,UN4,ТА ХҮҮХДЭЭ ТӨРҮҮЛЭЭД ДАХИН ХҮҮХЭД ТӨРҮҮЛЭХИЙГ ХҮСЧ БАЙНА УУ?,parents_family
C:/tsogoo/Hicheel/erdem shinjilgeenii hural/ecnometric/shine/data/НҮТС-2013/Women.sav,НҮТС-2013,Women.sav,UN6,ТА ЕР НЬ/ ДАХИН ХҮҮХЭД НЭМЖ ТӨРҮҮЛЭХИЙГ ХҮСЧ БАЙГАА ЮУ?,parents_family
C:/tsogoo/Hicheel/erdem shinjilgeenii hural/ecnometric/shine/data/НҮТС-2013/Women.sav,НҮТС-2013,Women.sav,UN6A,ТАНД ХҮҮХЭД ТӨРҮҮЛЭХГҮЙ БАЙХ ЯМАР ГОЛ ШАЛТГААН БАЙНА ВЭ?,parents_family
C:/tsogoo/Hicheel/erdem shinjilgeenii hural/ecnometric/shine/data/НҮТС-2013/Women.sav,НҮТС-2013,Women.sav,UN6B,ТА ХЭДЭН ХҮҮХЭД НЭМЖ ТӨРҮҮЛЭХ ВЭ?,parents_family
C:/tsogoo/Hicheel/erdem shinjilgeenii hural/ecnometric/shine/data/НҮТС-2013/Women.sav,НҮТС-2013,Women.sav,UN6C,ТА ЯАГААД ХҮҮХЭД НЭМЖ ТӨРҮҮЛЬЕ ГЭЖ БОДОЖ БАЙНА ВЭ?,other
C:/tsogoo/Hicheel/erdem shinjilgeenii hural/ecnometric/shine/data/НҮТС-2013/Women.sav,НҮТС-2013,Women.sav,UN7U,нэгж,other
C:/tsogoo/Hicheel/erdem shinjilgeenii hural/ecnometric/shine/data/НҮТС-2013/Women.sav,НҮТС-2013,Women.sav,UN7N,тоо,other
C:/tsogoo/Hicheel/erdem shinjilgeenii hural/ecnometric/shine/data/НҮТС-2013/Women.sav,НҮТС-2013,Women.sav,UN10,ТА ӨӨРИЙГӨӨ ЖИРЭМСЛЭХ БОЛОМЖТОЙ ГЭЖ БОДОЖ БАЙНА УУ?,parents_family
C:/tsogoo/Hicheel/erdem shinjilgeenii hural/ecnometric/shine/data/НҮТС-2013/Women.sav,НҮТС-2013,Women.sav,UN11A,Бэлгийн хавьталд тогтмол ордоггүй/ бэлгийн хавьталд орж байгаагүй,other
C:/tsogoo/Hicheel/erdem shinjilgeenii hural/ecnometric/shine/data/НҮТС-2013/Women.sav,НҮТС-2013,Women.sav,UN11B,Цэвэршсэн,other
C:/tsogoo/Hicheel/erdem shinjilgeenii hural/ecnometric/shine/data/НҮТС-2013/Women.sav,НҮТС-2013,Women.sav,UN11C,Сарын тэмдэг ирж байгаагүй,other
C:/tsogoo/Hicheel/erdem shinjilgeenii hural/ecnometric/shine/data/НҮТС-2013/Women.sav,НҮТС-2013,Women.sav,UN11D,Умайгаа авахуулсан,other
C:/tsogoo/Hicheel/erdem shinjilgeenii hural/ecnometric/shine/data/НҮТС-2013/Women.sav,НҮТС-2013,Women.sav,UN11E,"Жирэмслэх боломжгүй/ 2, түүнээс дээш жил жирэмслэхийг оролдож байгаа боловч үр дүнгүй",parents_family
C:/tsogoo/Hicheel/erdem shinjilgeenii hural/ecnometric/shine/data/НҮТС-2013/Women.sav,НҮТС-2013,Women.sav,UN11F,Хүүхдээ төрүүлсний дараа сарын тэмдэг дахин ирээгүй байгаа,other
C:/tsogoo/Hicheel/erdem shinjilgeenii hural/ecnometric/shine/data/НҮТС-2013/Women.sav,НҮТС-2013,Women.sav,UN11G,Хүүхдээ хөхүүлж байгаа,other
C:/tsogoo/Hicheel/erdem shinjilgeenii hural/ecnometric/shine/data/НҮТС-2013/Women.sav,НҮТС-2013,Women.sav,UN11H,Нас ахисан,demographics_geo_weights
C:/tsogoo/Hicheel/erdem shinjilgeenii hural/ecnometric/shine/data/НҮТС-2013/Women.sav,НҮТС-2013,Women.sav,UN11X,Бусад (бичих),wealth_assets_housing
C:/tsogoo/Hicheel/erdem shinjilgeenii hural/ecnometric/shine/data/НҮТС-2013/Women.sav,НҮТС-2013,Women.sav,UN11Z,Мэдэхгүй,parents_family
C:/tsogoo/Hicheel/erdem shinjilgeenii hural/ecnometric/shine/data/НҮТС-2013/Women.sav,НҮТС-2013,Women.sav,UN11BB,ХЭРЭВ ТАНД ХҮҮХЭДГҮЙ БАЙХ ҮЕДЭЭ ОЧИХ БОЛОМЖ ТОХИОВОЛ АМЬДРАЛЫНХАА ТУРШ ХЭДЭН ХҮҮХЭДТЭЙ БОЛОХЫГ ХҮСЭХ БАЙСАН БЭ?,parents_family
C:/tsogoo/Hicheel/erdem shinjilgeenii hural/ecnometric/shine/data/НҮТС-2013/Women.sav,НҮТС-2013,Women.sav,UN11CC,ТА АМЬДРАЛЫНХАА ТУРШ ХЭДЭН ХҮҮХЭДТЭЙ БОЛОХЫГ ХҮСДЭГ ВЭ?,other
C:/tsogoo/Hicheel/erdem shinjilgeenii hural/ecnometric/shine/data/НҮТС-2013/Women.sav,НҮТС-2013,Women.sav,UN12A,ТАНЫГ АНХ ХЭДЭН НАСТАЙ БАЙХАД САРЫН ТЭМДЭГ ЧИНЬ ИРСЭН БЭ?,demographics_geo_weights
C:/tsogoo/Hicheel/erdem shinjilgeenii hural/ecnometric/shine/data/НҮТС-2013/Women.sav,НҮТС-2013,Women.sav,UN13U,нэгж,other
C:/tsogoo/Hicheel/erdem shinjilgeenii hural/ecnometric/shine/data/НҮТС-2013/Women.sav,НҮТС-2013,Women.sav,UN13N,тоо,other
C:/tsogoo/Hicheel/erdem shinjilgeenii hural/ecnometric/shine/data/НҮТС-2013/Women.sav,НҮТС-2013,Women.sav,SB1,ТА БЭЛГИЙН ХАВЬТАЛД ОРЖ БАЙСАН УУ?,other
C:/tsogoo/Hicheel/erdem shinjilgeenii hural/ecnometric/shine/data/НҮТС-2013/Women.sav,НҮТС-2013,Women.sav,SB2,ТА ХАМГИЙН АНХ БЭЛГИЙН ХАВЬТАЛД ОРОХДОО БЭЛГЭВЧ ХЭРЭГЛЭСЭН ҮҮ?,other
C:/tsogoo/Hicheel/erdem shinjilgeenii hural/ecnometric/shine/data/НҮТС-2013/Women.sav,НҮТС-2013,Women.sav,SB3U,нэгж,other
C:/tsogoo/Hicheel/erdem shinjilgeenii hural/ecnometric/shine/data/НҮТС-2013/Women.sav,НҮТС-2013,Women.sav,SB3N,тоо,other
C:/tsogoo/Hicheel/erdem shinjilgeenii hural/ecnometric/shine/data/НҮТС-2013/Women.sav,НҮТС-2013,Women.sav,SB4,ТА ХАМГИЙН СҮҮЛЧИЙН БЭЛГИЙН ХАВЬТАЛД ОРОХДОО БЭЛГЭВЧ ХЭРЭГЛЭСЭН ҮҮ?,other
C:/tsogoo/Hicheel/erdem shinjilgeenii hural/ecnometric/shine/data/НҮТС-2013/Women.sav,НҮТС-2013,Women.sav,SB5,ТА ХАМГИЙН СҮҮЛЧИЙН БЭЛГИЙН ХАВЬТАГЧТАЙГАА ЯМАР ХОЛБООТОЙ БАЙСАН БЭ?,other
C:/tsogoo/Hicheel/erdem shinjilgeenii hural/ecnometric/shine/data/НҮТС-2013/Women.sav,НҮТС-2013,Women.sav,SB7,ТАНЫ ХАМГИЙН СҮҮЛЧИЙН БЭЛГИЙН ХАВЬТАГЧ ХЭДЭН НАСТАЙ БАЙСАН БЭ?,demographics_geo_weights
C:/tsogoo/Hicheel/erdem shinjilgeenii hural/ecnometric/shine/data/НҮТС-2013/Women.sav,НҮТС-2013,Women.sav,SB8,ТА СҮҮЛЧИЙН 12 САРЫН ХУГАЦААНД ӨӨР ХҮНТЭЙ БЭЛГИЙН ХАВЬТАЛД ОРСОН УУ?,other
C:/tsogoo/Hicheel/erdem shinjilgeenii hural/ecnometric/shine/data/НҮТС-2013/Women.sav,НҮТС-2013,Women.sav,SB9,ТА ТЭР ХҮНТЭЙГЭЭ ХАМГИЙН СҮҮЛД БЭЛГИЙН ХАВЬТАЛД ОРОХДОО БЭЛГЭВЧ ХЭРЭГЛЭСЭН ҮҮ?,other
C:/tsogoo/Hicheel/erdem shinjilgeenii hural/ecnometric/shine/data/НҮТС-2013/Women.sav,НҮТС-2013,Women.sav,SB10,ТА ТЭР ХҮНТЭЙГЭЭ ЯМАР ХОЛБООТОЙ БАЙСАН БЭ?,other
C:/tsogoo/Hicheel/erdem shinjilgeenii hural/ecnometric/shine/data/НҮТС-2013/Women.sav,НҮТС-2013,Women.sav,SB12,ТЭР ХҮН ХЭДЭН НАСТАЙ БАЙСАН БЭ?,demographics_geo_weights
C:/tsogoo/Hicheel/erdem shinjilgeenii hural/ecnometric/shine/data/НҮТС-2013/Women.sav,НҮТС-2013,Women.sav,SB13,ТА СҮҮЛЧИЙН 12 САРЫН ХУГАЦААНД ЭНЭ ХОЁР ХҮНЭЭС ӨӨР ХҮНТЭЙ БЭЛГИЙН ХАВЬТАЛД ОРСОН УУ?,other
C:/tsogoo/Hicheel/erdem shinjilgeenii hural/ecnometric/shine/data/НҮТС-2013/Women.sav,НҮТС-2013,Women.sav,SB14,ТА СҮҮЛЧИЙН 12 САРЫН ХУГАЦААНД ХЭДЭН ХҮНТЭЙ БЭЛГИЙН ХАВЬТАЛД ОРСОН БЭ?,other
C:/tsogoo/Hicheel/erdem shinjilgeenii hural/ecnometric/shine/data/НҮТС-2013/Women.sav,НҮТС-2013,Women.sav,SB15,ТА АМЬДРАЛЫНХАА ТУРШ ХЭДЭН ХҮНТЭЙ БЭЛГИЙН ХАВЬТАЛД ОРСОН БЭ?,other
C:/tsogoo/Hicheel/erdem shinjilgeenii hural/ecnometric/shine/data/НҮТС-2013/Women.sav,НҮТС-2013,Women.sav,HA1,"ТА ДОХ ӨВЧНИЙ ТАЛААР СОНСОЖ, ЭСВЭЛ УНШИЖ БАЙСАН УУ?",other
C:/tsogoo/Hicheel/erdem shinjilgeenii hural/ecnometric/shine/data/НҮТС-2013/Women.sav,НҮТС-2013,Women.sav,HA2,"ДОХ-ГҮЙ, БЭЛГИЙН НЭГ ҮНЭНЧ ХАВЬТАГЧТАЙ БАЙСНААР ХДХВ АВАХ ЭРСДЭЛИЙГ БУУРУУЛЖ ЧАДАХ УУ?",other
C:/tsogoo/Hicheel/erdem shinjilgeenii hural/ecnometric/shine/data/НҮТС-2013/Women.sav,НҮТС-2013,Women.sav,HA4,БЭЛГИЙН ХАВЬТАЛД ОРОХ БҮРТЭЭ БЭЛГЭВЧ ХЭРЭГЛЭСНЭЭР ДОХ-ИЙН ХАЛДВАРААС СЭРГИЙЛЖ БОЛОХ УУ?,other
C:/tsogoo/Hicheel/erdem shinjilgeenii hural/ecnometric/shine/data/НҮТС-2013/Women.sav,НҮТС-2013,Women.sav,HA5,ШУМУУЛД ХАЗУУЛСНААР ДОХ АВЧ БОЛОХ УУ?,other
C:/tsogoo/Hicheel/erdem shinjilgeenii hural/ecnometric/shine/data/НҮТС-2013/Women.sav,НҮТС-2013,Women.sav,HA6,ДОХ-ТОЙ ХҮНТЭЙ ХООЛ ХҮНСЭЭ ХУВААЖ ИДЭХЭД ДОХ ДАМЖИХ БОЛОМЖТОЙ ЮУ?,parents_family
C:/tsogoo/Hicheel/erdem shinjilgeenii hural/ecnometric/shine/data/НҮТС-2013/Women.sav,НҮТС-2013,Women.sav,HA7,ГАДНААС НЬ ХАРАХАД ЭРҮҮЛ ХҮН ДОХ-ТОЙ БАЙЖ БОЛОХ УУ?,health_disability_nutrition
C:/tsogoo/Hicheel/erdem shinjilgeenii hural/ecnometric/shine/data/НҮТС-2013/Women.sav,НҮТС-2013,Women.sav,HA7A,"ӨӨР ХҮНИЙ ХЭРЭГЛЭСЭН ЗҮҮ, ТАРИУРААР ДОХ ХАЛДВАРЛАХ БОЛОМЖТОЙ ЮУ?",other
C:/tsogoo/Hicheel/erdem shinjilgeenii hural/ecnometric/shine/data/НҮТС-2013/Women.sav,НҮТС-2013,Women.sav,HA8A,ЖИРЭМСНИЙ ҮЕД?,other
C:/tsogoo/Hicheel/erdem shinjilgeenii hural/ecnometric/shine/data/НҮТС-2013/Women.sav,НҮТС-2013,Women.sav,HA8B,ТӨРӨХ ҮЕД?,other
C:/tsogoo/Hicheel/erdem shinjilgeenii hural/ecnometric/shine/data/НҮТС-2013/Women.sav,НҮТС-2013,Women.sav,HA8C,ХҮҮХЭД ХӨХҮҮЛЭХ ҮЕД?,parents_family
C:/tsogoo/Hicheel/erdem shinjilgeenii hural/ecnometric/shine/data/НҮТС-2013/Women.sav,НҮТС-2013,Women.sav,HA9,ТАНЫ БОДЛООР ДОХ-ООР ӨВЧЛӨӨГҮЙ БОЛОВЧ ДОХ-ИЙН ХАЛДВАР АВСАН ЭМЭГТЭЙ БАГШ СУРГУУЛЬДАА АЖИЛЛАЖ БОЛОХ УУ?,education_schooling
C:/tsogoo/Hicheel/erdem shinjilgeenii hural/ecnometric/shine/data/НҮТС-2013/Women.sav,НҮТС-2013,Women.sav,HA10,"ХЭРЭВ МАХ, НОГООНЫ ХУДАЛДАГЧИЙГ ДОХ-ТОЙ ГЭЖ МЭДВЭЛ ТА ТҮҮНЭЭС МАХ, НОГОО ХУДАЛДАЖ АВАХ УУ?",other
C:/tsogoo/Hicheel/erdem shinjilgeenii hural/ecnometric/shine/data/НҮТС-2013/Women.sav,НҮТС-2013,Women.sav,HA11,ХЭРЭВ ТАНАЙ ГЭР БҮЛИЙН ГИШҮҮДИЙН ХЭН НЭГ НЬ ДОХ-ИЙН ХАЛДВАР АВСАН НЬ МЭДЭГДВЭЛ ТА ҮҮНИЙГ НУУЦЛАХЫГ ХҮСЭХ ҮҮ?,parents_family
C:/tsogoo/Hicheel/erdem shinjilgeenii hural/ecnometric/shine/data/НҮТС-2013/Women.sav,НҮТС-2013,Women.sav,HA12,"ХЭРЭВ ТАНАЙ ГЭР БҮЛИЙН ГИШҮҮДИЙН ХЭН НЭГ НЬ ДОХ-ООР ӨВЧИЛБӨЛ ТА ТҮҮНИЙГ ГЭРТЭЭ АСАРЧ, СУВИЛАХАД БЭЛЭН БАЙНА УУ?",other
C:/tsogoo/Hicheel/erdem shinjilgeenii hural/ecnometric/shine/data/НҮТС-2013/Women.sav,НҮТС-2013,Women.sav,HA15A,"ДОХ-ЫН ВИРҮС ЭХЭЭС УРАГ, НЯРАЙД ДАМЖДАГ ТАЛААР?",parents_family
C:/tsogoo/Hicheel/erdem shinjilgeenii hural/ecnometric/shine/data/НҮТС-2013/Women.sav,НҮТС-2013,Women.sav,HA15B,ДОХ-ЫН ВИРҮС АВАХААС СЭРГИЙЛЭХ АРГА ЗАМУУДЫН ТАЛААР?,parents_family
C:/tsogoo/Hicheel/erdem shinjilgeenii hural/ecnometric/shine/data/НҮТС-2013/Women.sav,НҮТС-2013,Women.sav,HA15C,ДОХ-ЫН ШИНЖИЛГЭЭНИЙ ТАЛААР?,other
C:/tsogoo/Hicheel/erdem shinjilgeenii hural/ecnometric/shine/data/НҮТС-2013/Women.sav,НҮТС-2013,Women.sav,HA15D,ДОХ-ЫН ШИНЖИЛГЭЭ ӨГӨХИЙГ ЗӨВЛӨСӨН?,other
C:/tsogoo/Hicheel/erdem shinjilgeenii hural/ecnometric/shine/data/НҮТС-2013/Women.sav,НҮТС-2013,Women.sav,HA17,ШИНЖИЛГЭЭНИЙХЭЭ ХАРИУГ ХЭЛЭХ ШААРДЛАГАГҮЙ.,parents_family
C:/tsogoo/Hicheel/erdem shinjilgeenii hural/ecnometric/shine/data/НҮТС-2013/Women.sav,НҮТС-2013,Women.sav,HA18,ТАНЫГ ШИНЖИЛГЭЭНИЙХЭЭ ХАРИУГ АВАХАД ЯМАР НЭГ ЗӨВЛӨГӨӨ ӨГСӨН ҮҮ?,other
C:/tsogoo/Hicheel/erdem shinjilgeenii hural/ecnometric/shine/data/НҮТС-2013/Women.sav,НҮТС-2013,Women.sav,HA22,ТА СҮҮЛЧИЙН ХҮҮХДЭЭ ТЭЭЖ БАЙХДАА ӨГСӨН ХДХВ-ИЙН ХАЛДВАР ИЛРҮҮЛЭХ ШИНЖИЛГЭЭНЭЭС ХОЙШ ДАХИН ШИНЖИЛГЭЭ ӨГСӨН ҮҮ?,parents_family
C:/tsogoo/Hicheel/erdem shinjilgeenii hural/ecnometric/shine/data/НҮТС-2013/Women.sav,НҮТС-2013,Women.sav,HA23,ТА ХАМГИЙН СҮҮЛД ХЭЗЭЭ ДОХ-ИЙН ХАЛДВАР ИЛРҮҮЛЭХ ШИНЖИЛГЭЭ ӨГСӨН БЭ?,parents_family
C:/tsogoo/Hicheel/erdem shinjilgeenii hural/ecnometric/shine/data/НҮТС-2013/Women.sav,НҮТС-2013,Women.sav,HA24,ШИНЖИЛГЭЭНИЙХЭЭ ХАРИУГ ХЭЛЭХ ШААРДЛАГАГҮЙ.,parents_family
C:/tsogoo/Hicheel/erdem shinjilgeenii hural/ecnometric/shine/data/НҮТС-2013/Women.sav,НҮТС-2013,Women.sav,HA25,ТА ХАМГИЙН СҮҮЛД ХЭЗЭЭ ДОХ-ИЙН ХАЛДВАР ИЛРҮҮЛЭХ ШИНЖИЛГЭЭ ӨГСӨН БЭ?,parents_family
C:/tsogoo/Hicheel/erdem shinjilgeenii hural/ecnometric/shine/data/НҮТС-2013/Women.sav,НҮТС-2013,Women.sav,HA26,ТА ШИНЖИЛГЭЭНИЙХЭЭ ХАРИУГ АВСАН УУ?,other
C:/tsogoo/Hicheel/erdem shinjilgeenii hural/ecnometric/shine/data/НҮТС-2013/Women.sav,НҮТС-2013,Women.sav,HA26A,ТАНЫГ ШИНЖИЛГЭЭНИЙХЭЭ ХАРИУГ АВАХАД ЯМАР НЭГ ЗӨВЛӨГӨӨ ӨГСӨН ҮҮ?,other
C:/tsogoo/Hicheel/erdem shinjilgeenii hural/ecnometric/shine/data/НҮТС-2013/Women.sav,НҮТС-2013,Women.sav,HA27,ТА ХДХВ-ИЙН ХАЛДВАР ИЛРҮҮЛЭХ ШИНЖИЛГЭЭ ӨГЧ БОЛОХ ГАЗРЫГ МЭДЭХ ҮҮ?,parents_family
C:/tsogoo/Hicheel/erdem shinjilgeenii hural/ecnometric/shine/data/НҮТС-2013/Women.sav,НҮТС-2013,Women.sav,HA30,ТА ЕР НЬ ХДХВ/ДОХ-ООС ӨӨР БЭЛГИЙН ЗАМААР ДАМЖИХ ХАЛДВАРЫН ТАЛААР СОНССОН УУ?,other
C:/tsogoo/Hicheel/erdem shinjilgeenii hural/ecnometric/shine/data/НҮТС-2013/Women.sav,НҮТС-2013,Women.sav,HA31A,"Эцэг, эх/ төрөл садан",parents_family
C:/tsogoo/Hicheel/erdem shinjilgeenii hural/ecnometric/shine/data/НҮТС-2013/Women.sav,НҮТС-2013,Women.sav,HA31B,Нөхөр/ хамтран амьдрагч,other
C:/tsogoo/Hicheel/erdem shinjilgeenii hural/ecnometric/shine/data/НҮТС-2013/Women.sav,НҮТС-2013,Women.sav,HA31C,Найз нөхөр/ үе тэнгийхэн,other
C:/tsogoo/Hicheel/erdem shinjilgeenii hural/ecnometric/shine/data/НҮТС-2013/Women.sav,НҮТС-2013,Women.sav,HA31D,Хамт ажиллагчид,work_child_labour
C:/tsogoo/Hicheel/erdem shinjilgeenii hural/ecnometric/shine/data/НҮТС-2013/Women.sav,НҮТС-2013,Women.sav,HA31E,Арьс өнгөний эмч,other
C:/tsogoo/Hicheel/erdem shinjilgeenii hural/ecnometric/shine/data/НҮТС-2013/Women.sav,НҮТС-2013,Women.sav,HA31F,Эрүүл мэндийн ажилтан,work_child_labour
C:/tsogoo/Hicheel/erdem shinjilgeenii hural/ecnometric/shine/data/НҮТС-2013/Women.sav,НҮТС-2013,Women.sav,HA31G,Шашны байгууллага,other
C:/tsogoo/Hicheel/erdem shinjilgeenii hural/ecnometric/shine/data/НҮТС-2013/Women.sav,НҮТС-2013,Women.sav,HA31H,Багш,other
C:/tsogoo/Hicheel/erdem shinjilgeenii hural/ecnometric/shine/data/НҮТС-2013/Women.sav,НҮТС-2013,Women.sav,HA31I,"Нийгмийн ажилтан, сайн дурынхан",work_child_labour
C:/tsogoo/Hicheel/erdem shinjilgeenii hural/ecnometric/shine/data/НҮТС-2013/Women.sav,НҮТС-2013,Women.sav,HA31J,"Зурагт хуудас, мэдээллийн самбар",other
C:/tsogoo/Hicheel/erdem shinjilgeenii hural/ecnometric/shine/data/НҮТС-2013/Women.sav,НҮТС-2013,Women.sav,HA31K,"Сонин, сэтгүүл, ном",other
C:/tsogoo/Hicheel/erdem shinjilgeenii hural/ecnometric/shine/data/НҮТС-2013/Women.sav,НҮТС-2013,Women.sav,HA31L,Радио,other
C:/tsogoo/Hicheel/erdem shinjilgeenii hural/ecnometric/shine/data/НҮТС-2013/Women.sav,НҮТС-2013,Women.sav,HA31M,Телевиз,other
C:/tsogoo/Hicheel/erdem shinjilgeenii hural/ecnometric/shine/data/НҮТС-2013/Women.sav,НҮТС-2013,Women.sav,HA31N,Интернет/ цахим хуудас,other
C:/tsogoo/Hicheel/erdem shinjilgeenii hural/ecnometric/shine/data/НҮТС-2013/Women.sav,НҮТС-2013,Women.sav,HA31X,Бусад (бичих),wealth_assets_housing
C:/tsogoo/Hicheel/erdem shinjilgeenii hural/ecnometric/shine/data/НҮТС-2013/Women.sav,НҮТС-2013,Women.sav,HA34,"СҮҮЛЧИЙН 12 САРЫН ХУГАЦААНД БЭЛГИЙН ЗАМААР ДАМЖДАГ ЯМАР НЭГЭН ӨВЧИН, ХАЛДВАР АВСАН УУ?",other
C:/tsogoo/Hicheel/erdem shinjilgeenii hural/ecnometric/shine/data/НҮТС-2013/Women.sav,НҮТС-2013,Women.sav,HA35,"ЗАРИМ ТОХИОЛДОЛД ҮТРЭЭНЭЭС ЭВГҮЙ ҮНЭРТЭЙ, ХЭВИЙН БУС ЯЛГАДАС ГАРДАГ. СҮҮЛЧИЙН 12 САРЫН ХУГАЦААНД ТАНЫ ҮТРЭЭНЭЭС ЭВГҮЙ ҮН",wealth_assets_housing
C:/tsogoo/Hicheel/erdem shinjilgeenii hural/ecnometric/shine/data/НҮТС-2013/Women.sav,НҮТС-2013,Women.sav,HA36,"ЗАРИМ ТОХИОЛДОЛД БЭЛЭГ ЭРХТЭН ДЭЭР ЯМАР НЭГЭН ЦЭВРҮҮ, ЯР, ШАРХ, ҮҮ ГАРДАГ. СҮҮЛЧИЙН 12 САРЫН ХУГАЦААНД ТАНЫ БЭЛЭГ ЭРХТЭН",other
C:/tsogoo/Hicheel/erdem shinjilgeenii hural/ecnometric/shine/data/НҮТС-2013/Women.sav,НҮТС-2013,Women.sav,HA38,ТА ЕР НЬ БЭЛГИЙН ЗАМААР ДАМЖИХ ХАЛДВАРЫН ШИНЖИЛГЭЭ ӨГЧ БАЙСАН УУ?,other
C:/tsogoo/Hicheel/erdem shinjilgeenii hural/ecnometric/shine/data/НҮТС-2013/Women.sav,НҮТС-2013,Women.sav,HA39,ТА СҮҮЛЧИЙН 12 САРЫН ХУГАЦААНД БЭЛГИЙН ЗАМААР ДАМЖИХ ХАЛДВАРЫН ШИНЖИЛГЭЭ ӨГСӨН ҮҮ?,other
C:/tsogoo/Hicheel/erdem shinjilgeenii hural/ecnometric/shine/data/НҮТС-2013/Women.sav,НҮТС-2013,Women.sav,HA40,ТА БЭЛГИЙН ЗАМААР ДАМЖИХ ХАЛДВАРЫН ЭМЧИЛГЭЭ ХИЙЛГЭЖ БАЙСАН УУ?,other
C:/tsogoo/Hicheel/erdem shinjilgeenii hural/ecnometric/shine/data/НҮТС-2013/Women.sav,НҮТС-2013,Women.sav,HA41,ТА СҮҮЛЧИЙН 12 САРЫН ХУГАЦААНД БЭЛГИЙН ЗАМААР ДАМЖИХ ХАЛДВАРЫН ЭМЧИЛГЭЭ ХИЙЛГЭСЭН УУ?,other
C:/tsogoo/Hicheel/erdem shinjilgeenii hural/ecnometric/shine/data/НҮТС-2013/Women.sav,НҮТС-2013,Women.sav,HA42A,Төрөлжсөн нарийн мэргэжлийн төв,other
C:/tsogoo/Hicheel/erdem shinjilgeenii hural/ecnometric/shine/data/НҮТС-2013/Women.sav,НҮТС-2013,Women.sav,HA42B,Нэгдсэн эмнэлэг,other
C:/tsogoo/Hicheel/erdem shinjilgeenii hural/ecnometric/shine/data/НҮТС-2013/Women.sav,НҮТС-2013,Women.sav,HA42C,Амаржих газар,other
C:/tsogoo/Hicheel/erdem shinjilgeenii hural/ecnometric/shine/data/НҮТС-2013/Women.sav,НҮТС-2013,Women.sav,HA42D,"Сайн дурын зөвлөгөө, шинжилгээний төв",other
C:/tsogoo/Hicheel/erdem shinjilgeenii hural/ecnometric/shine/data/НҮТС-2013/Women.sav,НҮТС-2013,Women.sav,HA42E,Сумын/ Өрхийн эмнэлэг,wealth_assets_housing
C:/tsogoo/Hicheel/erdem shinjilgeenii hural/ecnometric/shine/data/НҮТС-2013/Women.sav,НҮТС-2013,Women.sav,HA42F,Багийн эмч,other
C:/tsogoo/Hicheel/erdem shinjilgeenii hural/ecnometric/shine/data/НҮТС-2013/Women.sav,НҮТС-2013,Women.sav,HA42G,Улаанбаатарын ортой эмнэлэг,other
C:/tsogoo/Hicheel/erdem shinjilgeenii hural/ecnometric/shine/data/НҮТС-2013/Women.sav,НҮТС-2013,Women.sav,HA42H,Улаанбаатарын оргүй эмнэлэг,other
C:/tsogoo/Hicheel/erdem shinjilgeenii hural/ecnometric/shine/data/НҮТС-2013/Women.sav,НҮТС-2013,Women.sav,HA42I,Аймаг/ Сумын ортой эмнэлэг,demographics_geo_weights
C:/tsogoo/Hicheel/erdem shinjilgeenii hural/ecnometric/shine/data/НҮТС-2013/Women.sav,НҮТС-2013,Women.sav,HA42J,Аймаг/ Сумын оргүй эмнэлэг,demographics_geo_weights
C:/tsogoo/Hicheel/erdem shinjilgeenii hural/ecnometric/shine/data/НҮТС-2013/Women.sav,НҮТС-2013,Women.sav,HA42K,Эмч,other
C:/tsogoo/Hicheel/erdem shinjilgeenii hural/ecnometric/shine/data/НҮТС-2013/Women.sav,НҮТС-2013,Women.sav,HA42L,Эмийн сан,other
C:/tsogoo/Hicheel/erdem shinjilgeenii hural/ecnometric/shine/data/НҮТС-2013/Women.sav,НҮТС-2013,Women.sav,HA42N,Төрийн бус байгууллагын эмнэлэг,wealth_assets_housing
C:/tsogoo/Hicheel/erdem shinjilgeenii hural/ecnometric/shine/data/НҮТС-2013/Women.sav,НҮТС-2013,Women.sav,HA42P,"Хамаатан, найз",other
C:/tsogoo/Hicheel/erdem shinjilgeenii hural/ecnometric/shine/data/НҮТС-2013/Women.sav,НҮТС-2013,Women.sav,HA42X,Бусад (бичих),wealth_assets_housing
C:/tsogoo/Hicheel/erdem shinjilgeenii hural/ecnometric/shine/data/НҮТС-2013/Women.sav,НҮТС-2013,Women.sav,HA43,ЕР НЬ БЭЛГИЙН ЗАМААР ДАМЖИХ ХАЛДВАРААС СЭРГИЙЛЭХ БОЛОМЖ БАЙДАГ УУ?,parents_family
C:/tsogoo/Hicheel/erdem shinjilgeenii hural/ecnometric/shine/data/НҮТС-2013/Women.sav,НҮТС-2013,Women.sav,HA44A,Бэлгийн хавьтлыг тэвчих,other
C:/tsogoo/Hicheel/erdem shinjilgeenii hural/ecnometric/shine/data/НҮТС-2013/Women.sav,НҮТС-2013,Women.sav,HA44B,Бэлгийн хавьталд орох бүртээ бэлгэвч хэрэглэх,parents_family
C:/tsogoo/Hicheel/erdem shinjilgeenii hural/ecnometric/shine/data/НҮТС-2013/Women.sav,НҮТС-2013,Women.sav,HA44C,Халдваргүй зөвхөн нэг хавьтагчтай байх,other
C:/tsogoo/Hicheel/erdem shinjilgeenii hural/ecnometric/shine/data/НҮТС-2013/Women.sav,НҮТС-2013,Women.sav,HA44D,Биеэ үнэлэгчтэй бэлгийн хавьталд орохоос татгалзах,other
C:/tsogoo/Hicheel/erdem shinjilgeenii hural/ecnometric/shine/data/НҮТС-2013/Women.sav,НҮТС-2013,Women.sav,HA44E,Цус сэлбүүлэхээс татгалзах,wealth_assets_housing
C:/tsogoo/Hicheel/erdem shinjilgeenii hural/ecnometric/shine/data/НҮТС-2013/Women.sav,НҮТС-2013,Women.sav,HA44F,"Зөвхөн нэг удаагийн зүү, тариур хэрэглэх",parents_family
C:/tsogoo/Hicheel/erdem shinjilgeenii hural/ecnometric/shine/data/НҮТС-2013/Women.sav,НҮТС-2013,Women.sav,HA44X,Бусад (бичих),wealth_assets_housing
C:/tsogoo/Hicheel/erdem shinjilgeenii hural/ecnometric/shine/data/НҮТС-2013/Women.sav,НҮТС-2013,Women.sav,HA44Z,Мэдэхгүй,parents_family
C:/tsogoo/Hicheel/erdem shinjilgeenii hural/ecnometric/shine/data/НҮТС-2013/Women.sav,НҮТС-2013,Women.sav,CC1,ТА ЭРҮҮЛ МЭНДИЙН УРЬДЧИЛАН СЭРГИЙЛЭХ ҮЗЛЭГТ ҮЗҮҮЛДЭГ ҮҮ?,parents_family
C:/tsogoo/Hicheel/erdem shinjilgeenii hural/ecnometric/shine/data/НҮТС-2013/Women.sav,НҮТС-2013,Women.sav,CC2,ЯМАР ДАВТАМЖТАЙ ҮЗҮҮЛДЭГ ВЭ?,other
C:/tsogoo/Hicheel/erdem shinjilgeenii hural/ecnometric/shine/data/НҮТС-2013/Women.sav,НҮТС-2013,Women.sav,CC3,"ТА УМАЙН ХҮЗҮҮНИЙ ХОРТ ХАВДАР ГЭЖ СОНССОН, ЭСВЭЛ УНШСАН УУ?",other
C:/tsogoo/Hicheel/erdem shinjilgeenii hural/ecnometric/shine/data/НҮТС-2013/Women.sav,НҮТС-2013,Women.sav,CC4,УМАЙН ХҮЗҮҮНИЙ ХОРТ ХАВДРЫН ТАЛААР ХЭР САЙН МЭДЭХ ВЭ?,parents_family
C:/tsogoo/Hicheel/erdem shinjilgeenii hural/ecnometric/shine/data/НҮТС-2013/Women.sav,НҮТС-2013,Women.sav,CC5,ТА УМАЙН ХҮЗҮҮНИЙ ХОРТ ХАВДРЫГ ЭРТ ИЛРҮҮЛЭХ ҮЗЛЭГ ХИЙЛГЭЖ БАЙСАН УУ?,parents_family
C:/tsogoo/Hicheel/erdem shinjilgeenii hural/ecnometric/shine/data/НҮТС-2013/Women.sav,НҮТС-2013,Women.sav,CC6A,Төрөлжсөн нарийн мэргэжлийн төв,other
C:/tsogoo/Hicheel/erdem shinjilgeenii hural/ecnometric/shine/data/НҮТС-2013/Women.sav,НҮТС-2013,Women.sav,CC6B,Нэгдсэн эмнэлэг,other
C:/tsogoo/Hicheel/erdem shinjilgeenii hural/ecnometric/shine/data/НҮТС-2013/Women.sav,НҮТС-2013,Women.sav,CC6C,Амаржих газар,other
C:/tsogoo/Hicheel/erdem shinjilgeenii hural/ecnometric/shine/data/НҮТС-2013/Women.sav,НҮТС-2013,Women.sav,CC6E,Сумын/ Өрхийн эмнэлэг,wealth_assets_housing
C:/tsogoo/Hicheel/erdem shinjilgeenii hural/ecnometric/shine/data/НҮТС-2013/Women.sav,НҮТС-2013,Women.sav,CC6G,Улаанбаатарын ортой эмнэлэг,other
C:/tsogoo/Hicheel/erdem shinjilgeenii hural/ecnometric/shine/data/НҮТС-2013/Women.sav,НҮТС-2013,Women.sav,CC6H,Улаанбаатарын оргүй эмнэлэг,other
C:/tsogoo/Hicheel/erdem shinjilgeenii hural/ecnometric/shine/data/НҮТС-2013/Women.sav,НҮТС-2013,Women.sav,CC6I,Аймаг/ Сумын ортой эмнэлэг,demographics_geo_weights
C:/tsogoo/Hicheel/erdem shinjilgeenii hural/ecnometric/shine/data/НҮТС-2013/Women.sav,НҮТС-2013,Women.sav,CC6J,Аймаг/ Сумын оргүй эмнэлэг,demographics_geo_weights
C:/tsogoo/Hicheel/erdem shinjilgeenii hural/ecnometric/shine/data/НҮТС-2013/Women.sav,НҮТС-2013,Women.sav,CC6N,Төрийн бус байгууллагын эмнэлэг,wealth_assets_housing
C:/tsogoo/Hicheel/erdem shinjilgeenii hural/ecnometric/shine/data/НҮТС-2013/Women.sav,НҮТС-2013,Women.sav,CC6X,Бусад (бичих),wealth_assets_housing
C:/tsogoo/Hicheel/erdem shinjilgeenii hural/ecnometric/shine/data/НҮТС-2013/Women.sav,НҮТС-2013,Women.sav,CC7,ТА ХАМГИЙН СҮҮЛД УМАЙН ХҮЗҮҮНИЙ ХОРТ ХАВДРААС СЭРГИЙЛЭХ ҮЗЛЭГИЙГ ХЭЗЭЭ ХИЙЛГЭСЭН БЭ?,parents_family
C:/tsogoo/Hicheel/erdem shinjilgeenii hural/ecnometric/shine/data/НҮТС-2013/Women.sav,НҮТС-2013,Women.sav,CC8,ТА ЯАГААД УМАЙН ХҮЗҮҮНИЙ ХОРТ ХАВДРААС СЭРГИЙЛЭХ ҮЗЛЭГ ХИЙЛГЭЭГҮЙ ВЭ?,parents_family
C:/tsogoo/Hicheel/erdem shinjilgeenii hural/ecnometric/shine/data/НҮТС-2013/Women.sav,НҮТС-2013,Women.sav,TA1,"ТА ТАМХИ ТАТАЖ, ЭСВЭЛ НААД ЗАХ НЬ НЭГ, ХОЁР УДАА СОРЖ ҮЗСЭН ҮҮ?",other
C:/tsogoo/Hicheel/erdem shinjilgeenii hural/ecnometric/shine/data/НҮТС-2013/Women.sav,НҮТС-2013,Women.sav,TA2,ТА ШИРХЭГ ТАМХИЙГ АНХ ХЭДЭН НАСТАЙДАА БҮТНЭЭР НЬ ТАТСАН БЭ?,demographics_geo_weights
C:/tsogoo/Hicheel/erdem shinjilgeenii hural/ecnometric/shine/data/НҮТС-2013/Women.sav,НҮТС-2013,Women.sav,TA3,ТА ОДОО ТАМХИ ТАТДАГ УУ?,other
C:/tsogoo/Hicheel/erdem shinjilgeenii hural/ecnometric/shine/data/НҮТС-2013/Women.sav,НҮТС-2013,Women.sav,TA4,ТА СҮҮЛЧИЙН 24 ЦАГТ ХЭДЭН ШИРХЭГ ТАМХИ ТАТСАН БЭ?,other
C:/tsogoo/Hicheel/erdem shinjilgeenii hural/ecnometric/shine/data/НҮТС-2013/Women.sav,НҮТС-2013,Women.sav,TA5,ТА СҮҮЛЧИЙН 1 САРЫН ХЭДЭН ӨДӨРТ ТАМХИ ТАТСАН БЭ?,other
C:/tsogoo/Hicheel/erdem shinjilgeenii hural/ecnometric/shine/data/НҮТС-2013/Women.sav,НҮТС-2013,Women.sav,TA6,"ТА НАВЧИН ТАМХИ, ДҮНСЭН ТАМХИ ГЭХ МЭТ БУСАД ТӨРЛИЙН ТАМХИ ТАТАЖ БАЙСАН УУ?",wealth_assets_housing
C:/tsogoo/Hicheel/erdem shinjilgeenii hural/ecnometric/shine/data/НҮТС-2013/Women.sav,НҮТС-2013,Women.sav,TA7,"ТА СҮҮЛЧИЙН 1 САРЫН ХУГАЦААНД НАВЧИН ТАМХИ, ДҮНСЭН ТАМХИ ГЭХ МЭТ БУСАД ТӨРЛИЙН ТАМХИ ТАТСАН УУ?",wealth_assets_housing
C:/tsogoo/Hicheel/erdem shinjilgeenii hural/ecnometric/shine/data/НҮТС-2013/Women.sav,НҮТС-2013,Women.sav,TA8A,Навчин тамхи,other
C:/tsogoo/Hicheel/erdem shinjilgeenii hural/ecnometric/shine/data/НҮТС-2013/Women.sav,НҮТС-2013,Women.sav,TA8D,Дүнсэн тамхи (гаансаар),other
C:/tsogoo/Hicheel/erdem shinjilgeenii hural/ecnometric/shine/data/НҮТС-2013/Women.sav,НҮТС-2013,Women.sav,TA8E,Дүнсэн тамхи (ороодог),other
C:/tsogoo/Hicheel/erdem shinjilgeenii hural/ecnometric/shine/data/НҮТС-2013/Women.sav,НҮТС-2013,Women.sav,TA8X,Бусад (бичих),wealth_assets_housing
C:/tsogoo/Hicheel/erdem shinjilgeenii hural/ecnometric/shine/data/НҮТС-2013/Women.sav,НҮТС-2013,Women.sav,TA9,"ТА СҮҮЛЧИЙН 1 САРЫН ХЭДЭН ӨДӨРТ НАВЧИН ТАМХИ, ДҮНСЭН ТАМХИ ГЭХ МЭТ БУСАД ТӨРЛИЙН ТАМХИ ТАТСАН БЭ?",wealth_assets_housing
C:/tsogoo/Hicheel/erdem shinjilgeenii hural/ecnometric/shine/data/НҮТС-2013/Women.sav,НҮТС-2013,Women.sav,TA10,"ТА УТААГҮЙ ТӨРЛИЙН ТАМХИ ХЭРЭГЛЭЖ БАЙСАН УУ? ТУХАЙЛБАЛ, ХАМРЫН ТАМХИ, ЭСВЭЛ ӨӨР БУСАД ТӨРЛИЙН ТАМХИ ХЭРЭГЛЭЖ БАЙСАН УУ?",wealth_assets_housing
C:/tsogoo/Hicheel/erdem shinjilgeenii hural/ecnometric/shine/data/НҮТС-2013/Women.sav,НҮТС-2013,Women.sav,TA11,ТА СҮҮЛЧИЙН 1 САРЫН ХУГАЦААНД ХЭРЭГЛЭСЭН ҮҮ?,other
C:/tsogoo/Hicheel/erdem shinjilgeenii hural/ecnometric/shine/data/НҮТС-2013/Women.sav,НҮТС-2013,Women.sav,TA12A,Зажилдаг тамхи,work_child_labour
C:/tsogoo/Hicheel/erdem shinjilgeenii hural/ecnometric/shine/data/НҮТС-2013/Women.sav,НҮТС-2013,Women.sav,TA12B,Хамрын тамхи,other
C:/tsogoo/Hicheel/erdem shinjilgeenii hural/ecnometric/shine/data/НҮТС-2013/Women.sav,НҮТС-2013,Women.sav,TA12X,Бусад (бичих),wealth_assets_housing
C:/tsogoo/Hicheel/erdem shinjilgeenii hural/ecnometric/shine/data/НҮТС-2013/Women.sav,НҮТС-2013,Women.sav,TA13,ТА СҮҮЛЧИЙН 1 САРЫН  ХЭДЭН ӨДӨРТ НЬ УТААГҮЙ ТӨРЛИЙН ТАМХИ ХЭРЭГЛЭСЭН БЭ?,other
C:/tsogoo/Hicheel/erdem shinjilgeenii hural/ecnometric/shine/data/НҮТС-2013/Women.sav,НҮТС-2013,Women.sav,TA14,"ТА АРХИ, СОГТУУРУУЛАХ УНДАА УУЖ ҮЗСЭН ҮҮ?",other
C:/tsogoo/Hicheel/erdem shinjilgeenii hural/ecnometric/shine/data/НҮТС-2013/Women.sav,НҮТС-2013,Women.sav,TA15,"ТА ДЭЭР ТОДОРХОЙЛСОН АЛЬ НЭГ ХЭМЖЭЭНИЙ АРХИ, СОГТУУРУУЛАХ УНДААГ АНХ ХЭДЭН НАСТАЙДАА УУСАН БЭ?",wealth_assets_housing
C:/tsogoo/Hicheel/erdem shinjilgeenii hural/ecnometric/shine/data/НҮТС-2013/Women.sav,НҮТС-2013,Women.sav,TA16,"ТА СҮҮЛЧИЙН 1 САРЫН ХЭДЭН ӨДӨРТ ДЭЭР ТОДОРХОЙЛСНООС ИЛҮҮ ХЭМЖЭЭНИЙ АРХИ, СОГТУУРУУЛАХ УНДАА УУСАН БЭ?",wealth_assets_housing
C:/tsogoo/Hicheel/erdem shinjilgeenii hural/ecnometric/shine/data/НҮТС-2013/Women.sav,НҮТС-2013,Women.sav,HH4,"Багийн ахлагчийн нэр, дугаар",other
C:/tsogoo/Hicheel/erdem shinjilgeenii hural/ecnometric/shine/data/НҮТС-2013/Women.sav,НҮТС-2013,Women.sav,HH6A,Байршил,other
C:/tsogoo/Hicheel/erdem shinjilgeenii hural/ecnometric/shine/data/НҮТС-2013/Women.sav,НҮТС-2013,Women.sav,HH7A,"Аймаг/ нийслэлийн нэр, код",demographics_geo_weights
C:/tsogoo/Hicheel/erdem shinjilgeenii hural/ecnometric/shine/data/НҮТС-2013/Women.sav,НҮТС-2013,Women.sav,HH7B,"Сум/ дүүргийн нэр, код",other
C:/tsogoo/Hicheel/erdem shinjilgeenii hural/ecnometric/shine/data/НҮТС-2013/Women.sav,НҮТС-2013,Women.sav,HH7C,"Баг/хорооны нэр, код",other
C:/tsogoo/Hicheel/erdem shinjilgeenii hural/ecnometric/shine/data/НҮТС-2013/Women.sav,НҮТС-2013,Women.sav,WDOI,Date of interview women (CMC),other
C:/tsogoo/Hicheel/erdem shinjilgeenii hural/ecnometric/shine/data/НҮТС-2013/Women.sav,НҮТС-2013,Women.sav,WDOB,Date of birth of woman (CMC),demographics_geo_weights
C:/tsogoo/Hicheel/erdem shinjilgeenii hural/ecnometric/shine/data/НҮТС-2013/Women.sav,НҮТС-2013,Women.sav,WDOM,Date of marriage (CMC),demographics_geo_weights
C:/tsogoo/Hicheel/erdem shinjilgeenii hural/ecnometric/shine/data/НҮТС-2013/Women.sav,НҮТС-2013,Women.sav,WAGE,Age of woman,demographics_geo_weights
C:/tsogoo/Hicheel/erdem shinjilgeenii hural/ecnometric/shine/data/НҮТС-2013/Women.sav,НҮТС-2013,Women.sav,WAGEM,Age at first marriage/union,demographics_geo_weights
C:/tsogoo/Hicheel/erdem shinjilgeenii hural/ecnometric/shine/data/НҮТС-2013/Women.sav,НҮТС-2013,Women.sav,MSTATUS,Marital/Union status,other
C:/tsogoo/Hicheel/erdem shinjilgeenii hural/ecnometric/shine/data/НҮТС-2013/Women.sav,НҮТС-2013,Women.sav,CEB,Children ever born,other
C:/tsogoo/Hicheel/erdem shinjilgeenii hural/ecnometric/shine/data/НҮТС-2013/Women.sav,НҮТС-2013,Women.sav,CSURV,Children surviving,other
C:/tsogoo/Hicheel/erdem shinjilgeenii hural/ecnometric/shine/data/НҮТС-2013/Women.sav,НҮТС-2013,Women.sav,CDEAD,Children dead,other
C:/tsogoo/Hicheel/erdem shinjilgeenii hural/ecnometric/shine/data/НҮТС-2013/Women.sav,НҮТС-2013,Women.sav,CP0AM,Ever heard of contraception (respondent report): Withdrawal,other
C:/tsogoo/Hicheel/erdem shinjilgeenii hural/ecnometric/shine/data/НҮТС-2013/Women.sav,НҮТС-2013,Women.sav,LN,Line number,other
C:/tsogoo/Hicheel/erdem shinjilgeenii hural/ecnometric/shine/data/НҮТС-2013/Women.sav,НҮТС-2013,Women.sav,wmweight,Women's sample weight,demographics_geo_weights
C:/tsogoo/Hicheel/erdem shinjilgeenii hural/ecnometric/shine/data/НҮТС-2013/Women.sav,НҮТС-2013,Women.sav,wscore,REGR factor score   1 for analysis,other
C:/tsogoo/Hicheel/erdem shinjilgeenii hural/ecnometric/shine/data/НҮТС-2013/Women.sav,НҮТС-2013,Women.sav,windex5,Wealth index quintiles,wealth_assets_housing
C:/tsogoo/Hicheel/erdem shinjilgeenii hural/ecnometric/shine/data/НҮТС-2013/Women.sav,НҮТС-2013,Women.sav,welevel,Education,education_schooling
C:/tsogoo/Hicheel/erdem shinjilgeenii hural/ecnometric/shine/data/НҮТС-2013/Women.sav,НҮТС-2013,Women.sav,HH7,Region,demographics_geo_weights
C:/tsogoo/Hicheel/erdem shinjilgeenii hural/ecnometric/shine/data/НҮТС-2013/Women.sav,НҮТС-2013,Women.sav,HH6,Area,other
C:/tsogoo/Hicheel/erdem shinjilgeenii hural/ecnometric/shine/data/НҮТС-2013/Women.sav,НҮТС-2013,Women.sav,religion,Religion of household head,other
C:/tsogoo/Hicheel/erdem shinjilgeenii hural/ecnometric/shine/data/НҮТС-2013/Women.sav,НҮТС-2013,Women.sav,ethnicity,Ethnicity of household head,other
C:/tsogoo/Hicheel/erdem shinjilgeenii hural/ecnometric/shine/data/НҮТС-2013/Women.sav,НҮТС-2013,Women.sav,WDOBFC,Date of birth of first child (CMC),demographics_geo_weights
C:/tsogoo/Hicheel/erdem shinjilgeenii hural/ecnometric/shine/data/НҮТС-2013/Women.sav,НҮТС-2013,Women.sav,WDOBLC,Date of birth of last child (CMC),demographics_geo_weights
C:/tsogoo/Hicheel/erdem shinjilgeenii hural/ecnometric/shine/data/НҮТС-2018/1. Household.sav,НҮТС-2018,1. Household.sav,HH1,Түүвэрлэгдсэн нэгжийн дугаар,demographics_geo_weights
C:/tsogoo/Hicheel/erdem shinjilgeenii hural/ecnometric/shine/data/НҮТС-2018/1. Household.sav,НҮТС-2018,1. Household.sav,HH2,Өрхийн дугаар,wealth_assets_housing
C:/tsogoo/Hicheel/erdem shinjilgeenii hural/ecnometric/shine/data/НҮТС-2018/1. Household.sav,НҮТС-2018,1. Household.sav,HH3,Ярилцлага авагчийн дугаар,other
C:/tsogoo/Hicheel/erdem shinjilgeenii hural/ecnometric/shine/data/НҮТС-2018/1. Household.sav,НҮТС-2018,1. Household.sav,HH4,Багийн ахлагчийн дугаар,other
C:/tsogoo/Hicheel/erdem shinjilgeenii hural/ecnometric/shine/data/НҮТС-2018/1. Household.sav,НҮТС-2018,1. Household.sav,HH5Y,Ярилцлага авсан он,other
C:/tsogoo/Hicheel/erdem shinjilgeenii hural/ecnometric/shine/data/НҮТС-2018/1. Household.sav,НҮТС-2018,1. Household.sav,HH5M,Ярилцлага авсан сар,other
C:/tsogoo/Hicheel/erdem shinjilgeenii hural/ecnometric/shine/data/НҮТС-2018/1. Household.sav,НҮТС-2018,1. Household.sav,HH5D,Ярилцлага авсан өдөр,other
C:/tsogoo/Hicheel/erdem shinjilgeenii hural/ecnometric/shine/data/НҮТС-2018/1. Household.sav,НҮТС-2018,1. Household.sav,HH6,"Хот, хөдөө",demographics_geo_weights
C:/tsogoo/Hicheel/erdem shinjilgeenii hural/ecnometric/shine/data/НҮТС-2018/1. Household.sav,НҮТС-2018,1. Household.sav,HH7,Бүс,demographics_geo_weights
C:/tsogoo/Hicheel/erdem shinjilgeenii hural/ecnometric/shine/data/НҮТС-2018/1. Household.sav,НҮТС-2018,1. Household.sav,HH8,Өрх эрэгтэйн ганцаарчилсан асуулгад сонгогдсон эсэх,wealth_assets_housing
C:/tsogoo/Hicheel/erdem shinjilgeenii hural/ecnometric/shine/data/НҮТС-2018/1. Household.sav,НҮТС-2018,1. Household.sav,HH9,Өрх усны чанарын туршилтад сонгогдсон эсэх,wealth_assets_housing
C:/tsogoo/Hicheel/erdem shinjilgeenii hural/ecnometric/shine/data/НҮТС-2018/1. Household.sav,НҮТС-2018,1. Household.sav,HH10,Өрх усны чанарын нэмэлт туршилтад сонгогдсон эсэх,wealth_assets_housing
C:/tsogoo/Hicheel/erdem shinjilgeenii hural/ecnometric/shine/data/НҮТС-2018/1. Household.sav,НҮТС-2018,1. Household.sav,HH11H,Ярилцлага эхэлсэн цаг,parents_family
C:/tsogoo/Hicheel/erdem shinjilgeenii hural/ecnometric/shine/data/НҮТС-2018/1. Household.sav,НҮТС-2018,1. Household.sav,HH11M,Ярилцлага эхэлсэн минут,parents_family
C:/tsogoo/Hicheel/erdem shinjilgeenii hural/ecnometric/shine/data/НҮТС-2018/1. Household.sav,НҮТС-2018,1. Household.sav,HH12,Зөвшөөрөл өгсөн эсэх,parents_family
C:/tsogoo/Hicheel/erdem shinjilgeenii hural/ecnometric/shine/data/НҮТС-2018/1. Household.sav,НҮТС-2018,1. Household.sav,HH46,Ярилцлагын үр дүн,other
C:/tsogoo/Hicheel/erdem shinjilgeenii hural/ecnometric/shine/data/НҮТС-2018/1. Household.sav,НҮТС-2018,1. Household.sav,HH13H,Ярилцлага дууссан цаг,wealth_assets_housing
C:/tsogoo/Hicheel/erdem shinjilgeenii hural/ecnometric/shine/data/НҮТС-2018/1. Household.sav,НҮТС-2018,1. Household.sav,HH13M,Ярилцлага дууссан минут,wealth_assets_housing
C:/tsogoo/Hicheel/erdem shinjilgeenii hural/ecnometric/shine/data/НҮТС-2018/1. Household.sav,НҮТС-2018,1. Household.sav,HH14,Асуулгын хуудас бичигдсэн хэл,other
C:/tsogoo/Hicheel/erdem shinjilgeenii hural/ecnometric/shine/data/НҮТС-2018/1. Household.sav,НҮТС-2018,1. Household.sav,HH15,Ярилцлага хийсэн хэл,other
C:/tsogoo/Hicheel/erdem shinjilgeenii hural/ecnometric/shine/data/НҮТС-2018/1. Household.sav,НҮТС-2018,1. Household.sav,HH16,Ярилцлага өгөгчийн эх хэл,parents_family
C:/tsogoo/Hicheel/erdem shinjilgeenii hural/ecnometric/shine/data/НҮТС-2018/1. Household.sav,НҮТС-2018,1. Household.sav,HH17,Ярилцлагын явцад орчуулга ашигласан эсэх,parents_family
C:/tsogoo/Hicheel/erdem shinjilgeenii hural/ecnometric/shine/data/НҮТС-2018/1. Household.sav,НҮТС-2018,1. Household.sav,HH26A,Сонгогдсон хүүхдийн дарааллын дугаар,other
C:/tsogoo/Hicheel/erdem shinjilgeenii hural/ecnometric/shine/data/НҮТС-2018/1. Household.sav,НҮТС-2018,1. Household.sav,HH26B,Хүүхдийн мөрийн дугаар,other
C:/tsogoo/Hicheel/erdem shinjilgeenii hural/ecnometric/shine/data/НҮТС-2018/1. Household.sav,НҮТС-2018,1. Household.sav,HH26C,Хүүхдийн нас,demographics_geo_weights
C:/tsogoo/Hicheel/erdem shinjilgeenii hural/ecnometric/shine/data/НҮТС-2018/1. Household.sav,НҮТС-2018,1. Household.sav,HH33,15-17 насны эмэгтэй гишүүдээс ярилцлага авахыг зөвшөөрсөн эсэх,parents_family
C:/tsogoo/Hicheel/erdem shinjilgeenii hural/ecnometric/shine/data/НҮТС-2018/1. Household.sav,НҮТС-2018,1. Household.sav,HH39,15-17 насны эрэгтэй гишүүдээс ярилцлага авахыг зөвшөөрсөн эсэх,parents_family
C:/tsogoo/Hicheel/erdem shinjilgeenii hural/ecnometric/shine/data/НҮТС-2018/1. Household.sav,НҮТС-2018,1. Household.sav,HH44,Ундны усны чанарын туршилт хийхийг зөвшөөрсөн эсэх,wealth_assets_housing
C:/tsogoo/Hicheel/erdem shinjilgeenii hural/ecnometric/shine/data/НҮТС-2018/1. Household.sav,НҮТС-2018,1. Household.sav,HH47,Ярилцлага өгөгчийн мөрийн дугаар,other
C:/tsogoo/Hicheel/erdem shinjilgeenii hural/ecnometric/shine/data/НҮТС-2018/1. Household.sav,НҮТС-2018,1. Household.sav,HH48,Өрхийн гишүүдийн тоо,wealth_assets_housing
C:/tsogoo/Hicheel/erdem shinjilgeenii hural/ecnometric/shine/data/НҮТС-2018/1. Household.sav,НҮТС-2018,1. Household.sav,HH49,15 - 49 насны эмэгтэйн тоо,demographics_geo_weights
C:/tsogoo/Hicheel/erdem shinjilgeenii hural/ecnometric/shine/data/НҮТС-2018/1. Household.sav,НҮТС-2018,1. Household.sav,HH53,Бүрэн нөхөгдсөн эмэгтэй асуулгын тоо,other
C:/tsogoo/Hicheel/erdem shinjilgeenii hural/ecnometric/shine/data/НҮТС-2018/1. Household.sav,НҮТС-2018,1. Household.sav,HH50,15 - 49 насны эрэгтэйн тоо [Хэрэв өрх эрэгтэйн асуулгад сонгогдсон бол],wealth_assets_housing
C:/tsogoo/Hicheel/erdem shinjilgeenii hural/ecnometric/shine/data/НҮТС-2018/1. Household.sav,НҮТС-2018,1. Household.sav,HH54,Бүрэн нөхөгдсөн эрэгтэй асуулгын тоо [Хэрэв өрх эрэгтэйн асуулгад сонгогдсон бол],wealth_assets_housing
C:/tsogoo/Hicheel/erdem shinjilgeenii hural/ecnometric/shine/data/НҮТС-2018/1. Household.sav,НҮТС-2018,1. Household.sav,HH51,5-аас доош насны хүүхдийн тоо,demographics_geo_weights
C:/tsogoo/Hicheel/erdem shinjilgeenii hural/ecnometric/shine/data/НҮТС-2018/1. Household.sav,НҮТС-2018,1. Household.sav,HH55,Бүрэн нөхөгдсөн 5-аас доош насны хүүхдийн асуулгын тоо,demographics_geo_weights
C:/tsogoo/Hicheel/erdem shinjilgeenii hural/ecnometric/shine/data/НҮТС-2018/1. Household.sav,НҮТС-2018,1. Household.sav,HH52,5-17 насны судалгаанд хамрагдсан хүүхдийн тоо,demographics_geo_weights
C:/tsogoo/Hicheel/erdem shinjilgeenii hural/ecnometric/shine/data/НҮТС-2018/1. Household.sav,НҮТС-2018,1. Household.sav,HH56,Бүрэн нөхөгдсөн 5-17 насны хүүхдийн асуулгын тоо,demographics_geo_weights
C:/tsogoo/Hicheel/erdem shinjilgeenii hural/ecnometric/shine/data/НҮТС-2018/1. Household.sav,НҮТС-2018,1. Household.sav,INTROHL,Өрхийн гишүүдийн жагсаалтыг эхлүүлэх,wealth_assets_housing
C:/tsogoo/Hicheel/erdem shinjilgeenii hural/ecnometric/shine/data/НҮТС-2018/1. Household.sav,НҮТС-2018,1. Household.sav,HHAUX,Өөр гишүүн байгаа эсэх,parents_family
C:/tsogoo/Hicheel/erdem shinjilgeenii hural/ecnometric/shine/data/НҮТС-2018/1. Household.sav,НҮТС-2018,1. Household.sav,HHWQ,Усны чанарын туршилт хийхэд бэлдэх,wealth_assets_housing
C:/tsogoo/Hicheel/erdem shinjilgeenii hural/ecnometric/shine/data/НҮТС-2018/1. Household.sav,НҮТС-2018,1. Household.sav,HHRS,Нэмэлт асуулт,other
C:/tsogoo/Hicheel/erdem shinjilgeenii hural/ecnometric/shine/data/НҮТС-2018/1. Household.sav,НҮТС-2018,1. Household.sav,HHFIN,Дуусгах,wealth_assets_housing
C:/tsogoo/Hicheel/erdem shinjilgeenii hural/ecnometric/shine/data/НҮТС-2018/1. Household.sav,НҮТС-2018,1. Household.sav,HC2,Өрхийн тэргүүлэгчийн яс үндэс,wealth_assets_housing
C:/tsogoo/Hicheel/erdem shinjilgeenii hural/ecnometric/shine/data/НҮТС-2018/1. Household.sav,НҮТС-2018,1. Household.sav,HC1A,Өрхийн тэргүүлэгчийн шашин шүтлэг,wealth_assets_housing
C:/tsogoo/Hicheel/erdem shinjilgeenii hural/ecnometric/shine/data/НҮТС-2018/1. Household.sav,НҮТС-2018,1. Household.sav,HC1C,Өрхийн сууцны төрөл,wealth_assets_housing
C:/tsogoo/Hicheel/erdem shinjilgeenii hural/ecnometric/shine/data/НҮТС-2018/1. Household.sav,НҮТС-2018,1. Household.sav,HC1D,Гэрийн ханын тоо,other
C:/tsogoo/Hicheel/erdem shinjilgeenii hural/ecnometric/shine/data/НҮТС-2018/1. Household.sav,НҮТС-2018,1. Household.sav,HC1E,Гэрийн шалны материал,other
C:/tsogoo/Hicheel/erdem shinjilgeenii hural/ecnometric/shine/data/НҮТС-2018/1. Household.sav,НҮТС-2018,1. Household.sav,HC1F,Гэрийн дээвэр дан/давхар эсэх,parents_family
C:/tsogoo/Hicheel/erdem shinjilgeenii hural/ecnometric/shine/data/НҮТС-2018/1. Household.sav,НҮТС-2018,1. Household.sav,HC1G,Гэрийн туурга дан/давхар эсэх,parents_family
C:/tsogoo/Hicheel/erdem shinjilgeenii hural/ecnometric/shine/data/НҮТС-2018/1. Household.sav,НҮТС-2018,1. Household.sav,HC1H,Сууцны талбайн хэмжээ,other
C:/tsogoo/Hicheel/erdem shinjilgeenii hural/ecnometric/shine/data/НҮТС-2018/1. Household.sav,НҮТС-2018,1. Household.sav,HC1I,Сууцны өрөөний тоо,other
C:/tsogoo/Hicheel/erdem shinjilgeenii hural/ecnometric/shine/data/НҮТС-2018/1. Household.sav,НҮТС-2018,1. Household.sav,HC3,Хүн унтдаг өрөөний тоо,other
C:/tsogoo/Hicheel/erdem shinjilgeenii hural/ecnometric/shine/data/НҮТС-2018/1. Household.sav,НҮТС-2018,1. Household.sav,HC4,Шалны материал,other
C:/tsogoo/Hicheel/erdem shinjilgeenii hural/ecnometric/shine/data/НҮТС-2018/1. Household.sav,НҮТС-2018,1. Household.sav,HC4A,Шалны дулаалгын материал,other
C:/tsogoo/Hicheel/erdem shinjilgeenii hural/ecnometric/shine/data/НҮТС-2018/1. Household.sav,НҮТС-2018,1. Household.sav,HC5,Дээврийн хучилтын материал,other
C:/tsogoo/Hicheel/erdem shinjilgeenii hural/ecnometric/shine/data/НҮТС-2018/1. Household.sav,НҮТС-2018,1. Household.sav,HC5A,Дээвэр дулаалгын материал,other
C:/tsogoo/Hicheel/erdem shinjilgeenii hural/ecnometric/shine/data/НҮТС-2018/1. Household.sav,НҮТС-2018,1. Household.sav,HC6,Ханын гаднах материал,other
C:/tsogoo/Hicheel/erdem shinjilgeenii hural/ecnometric/shine/data/НҮТС-2018/1. Household.sav,НҮТС-2018,1. Household.sav,HC6A,Хана дулаалгатай эсэх,parents_family
C:/tsogoo/Hicheel/erdem shinjilgeenii hural/ecnometric/shine/data/НҮТС-2018/1. Household.sav,НҮТС-2018,1. Household.sav,HC6C,Өвлийн улиралд үүдний амбаартай эсэх,parents_family
C:/tsogoo/Hicheel/erdem shinjilgeenii hural/ecnometric/shine/data/НҮТС-2018/1. Household.sav,НҮТС-2018,1. Household.sav,HC7A,Суурин утас,other
C:/tsogoo/Hicheel/erdem shinjilgeenii hural/ecnometric/shine/data/НҮТС-2018/1. Household.sav,НҮТС-2018,1. Household.sav,HC7B,Радио,other
C:/tsogoo/Hicheel/erdem shinjilgeenii hural/ecnometric/shine/data/НҮТС-2018/1. Household.sav,НҮТС-2018,1. Household.sav,HC7C,Буйдан,other
C:/tsogoo/Hicheel/erdem shinjilgeenii hural/ecnometric/shine/data/НҮТС-2018/1. Household.sav,НҮТС-2018,1. Household.sav,HC7D,Хувцасны шүүгээ,other
C:/tsogoo/Hicheel/erdem shinjilgeenii hural/ecnometric/shine/data/НҮТС-2018/1. Household.sav,НҮТС-2018,1. Household.sav,HC7E,Төмөр ор,other
C:/tsogoo/Hicheel/erdem shinjilgeenii hural/ecnometric/shine/data/НҮТС-2018/1. Household.sav,НҮТС-2018,1. Household.sav,HC7F,Унтлагын ор,other
C:/tsogoo/Hicheel/erdem shinjilgeenii hural/ecnometric/shine/data/НҮТС-2018/1. Household.sav,НҮТС-2018,1. Household.sav,HC8,Цахилгаантай эсэх,wealth_assets_housing
C:/tsogoo/Hicheel/erdem shinjilgeenii hural/ecnometric/shine/data/НҮТС-2018/1. Household.sav,НҮТС-2018,1. Household.sav,HC9A,Зурагт,other
C:/tsogoo/Hicheel/erdem shinjilgeenii hural/ecnometric/shine/data/НҮТС-2018/1. Household.sav,НҮТС-2018,1. Household.sav,HC9B,Хөргөгч,other
C:/tsogoo/Hicheel/erdem shinjilgeenii hural/ecnometric/shine/data/НҮТС-2018/1. Household.sav,НҮТС-2018,1. Household.sav,HC9C,Хөлдөөгч,other
C:/tsogoo/Hicheel/erdem shinjilgeenii hural/ecnometric/shine/data/НҮТС-2018/1. Household.sav,НҮТС-2018,1. Household.sav,HC9D,Тоос сорогч,other
C:/tsogoo/Hicheel/erdem shinjilgeenii hural/ecnometric/shine/data/НҮТС-2018/1. Household.sav,НҮТС-2018,1. Household.sav,HC9E,Богино долгионы зуух (печь),other
C:/tsogoo/Hicheel/erdem shinjilgeenii hural/ecnometric/shine/data/НҮТС-2018/1. Household.sav,НҮТС-2018,1. Household.sav,HC9F,Шарах шүүгээ (духовка),other
C:/tsogoo/Hicheel/erdem shinjilgeenii hural/ecnometric/shine/data/НҮТС-2018/1. Household.sav,НҮТС-2018,1. Household.sav,HC9G,Индүү,other
C:/tsogoo/Hicheel/erdem shinjilgeenii hural/ecnometric/shine/data/НҮТС-2018/1. Household.sav,НҮТС-2018,1. Household.sav,HC9H,Холигч,other
C:/tsogoo/Hicheel/erdem shinjilgeenii hural/ecnometric/shine/data/НҮТС-2018/1. Household.sav,НҮТС-2018,1. Household.sav,HC9I,Халуун тогоо,other
C:/tsogoo/Hicheel/erdem shinjilgeenii hural/ecnometric/shine/data/НҮТС-2018/1. Household.sav,НҮТС-2018,1. Household.sav,HC9J,Кофе чанагч,other
C:/tsogoo/Hicheel/erdem shinjilgeenii hural/ecnometric/shine/data/НҮТС-2018/1. Household.sav,НҮТС-2018,1. Household.sav,HC9K,Будаа агшаагч,other
C:/tsogoo/Hicheel/erdem shinjilgeenii hural/ecnometric/shine/data/НҮТС-2018/1. Household.sav,НҮТС-2018,1. Household.sav,HC9L,Талх баригч,other
C:/tsogoo/Hicheel/erdem shinjilgeenii hural/ecnometric/shine/data/НҮТС-2018/1. Household.sav,НҮТС-2018,1. Household.sav,HC9M,Хагас автомат угаалгын машин,other
C:/tsogoo/Hicheel/erdem shinjilgeenii hural/ecnometric/shine/data/НҮТС-2018/1. Household.sav,НҮТС-2018,1. Household.sav,HC9N,Бүрэн автомат угаалгын машин,other
C:/tsogoo/Hicheel/erdem shinjilgeenii hural/ecnometric/shine/data/НҮТС-2018/1. Household.sav,НҮТС-2018,1. Household.sav,HC9O,Агаар цэвэршүүлэгч,other
C:/tsogoo/Hicheel/erdem shinjilgeenii hural/ecnometric/shine/data/НҮТС-2018/1. Household.sav,НҮТС-2018,1. Household.sav,HC9P,Агаар чийгшүүлэгч,other
C:/tsogoo/Hicheel/erdem shinjilgeenii hural/ecnometric/shine/data/НҮТС-2018/1. Household.sav,НҮТС-2018,1. Household.sav,HC9Q,"Видео камер, зургийн аппарат",other
C:/tsogoo/Hicheel/erdem shinjilgeenii hural/ecnometric/shine/data/НҮТС-2018/1. Household.sav,НҮТС-2018,1. Household.sav,HC10A,Өрхийн хэн нэг гишүүн: Бугуйн цаг,wealth_assets_housing
C:/tsogoo/Hicheel/erdem shinjilgeenii hural/ecnometric/shine/data/НҮТС-2018/1. Household.sav,НҮТС-2018,1. Household.sav,HC10B,Өрхийн хэн нэг гишүүн: Унадаг дугуй,wealth_assets_housing
C:/tsogoo/Hicheel/erdem shinjilgeenii hural/ecnometric/shine/data/НҮТС-2018/1. Household.sav,НҮТС-2018,1. Household.sav,HC10C,Өрхийн хэн нэг гишүүн: Мотоцикл,wealth_assets_housing
C:/tsogoo/Hicheel/erdem shinjilgeenii hural/ecnometric/shine/data/НҮТС-2018/1. Household.sav,НҮТС-2018,1. Household.sav,HC10D,Өрхийн хэн нэг гишүүн: Ердийн хөсөг,wealth_assets_housing
C:/tsogoo/Hicheel/erdem shinjilgeenii hural/ecnometric/shine/data/НҮТС-2018/1. Household.sav,НҮТС-2018,1. Household.sav,HC10E,Өрхийн хэн нэг гишүүн: Дунд болон том оврын жийп,wealth_assets_housing
C:/tsogoo/Hicheel/erdem shinjilgeenii hural/ecnometric/shine/data/НҮТС-2018/1. Household.sav,НҮТС-2018,1. Household.sav,HC10F,Өрхийн хэн нэг гишүүн: Суудлын машин,wealth_assets_housing
C:/tsogoo/Hicheel/erdem shinjilgeenii hural/ecnometric/shine/data/НҮТС-2018/1. Household.sav,НҮТС-2018,1. Household.sav,HC10G,Өрхийн хэн нэг гишүүн: Ачааны машин,wealth_assets_housing
C:/tsogoo/Hicheel/erdem shinjilgeenii hural/ecnometric/shine/data/НҮТС-2018/1. Household.sav,НҮТС-2018,1. Household.sav,HC10H,Өрхийн хэн нэг гишүүн: Микро автобус,wealth_assets_housing
C:/tsogoo/Hicheel/erdem shinjilgeenii hural/ecnometric/shine/data/НҮТС-2018/1. Household.sav,НҮТС-2018,1. Household.sav,HC10I,Өрхийн хэн нэг гишүүн: Трактор,wealth_assets_housing
C:/tsogoo/Hicheel/erdem shinjilgeenii hural/ecnometric/shine/data/НҮТС-2018/1. Household.sav,НҮТС-2018,1. Household.sav,HC11,"Өрхийн хэн нэг гишүүн: Компьютер, нөүтбүүк, таблет",wealth_assets_housing
C:/tsogoo/Hicheel/erdem shinjilgeenii hural/ecnometric/shine/data/НҮТС-2018/1. Household.sav,НҮТС-2018,1. Household.sav,HC12,Өрхийн хэн нэг гишүүн: Гар утас,wealth_assets_housing
C:/tsogoo/Hicheel/erdem shinjilgeenii hural/ecnometric/shine/data/НҮТС-2018/1. Household.sav,НҮТС-2018,1. Household.sav,HC13,Интернет,other
C:/tsogoo/Hicheel/erdem shinjilgeenii hural/ecnometric/shine/data/НҮТС-2018/1. Household.sav,НҮТС-2018,1. Household.sav,HC14,Сууцны өмчийн хэлбэр,other
C:/tsogoo/Hicheel/erdem shinjilgeenii hural/ecnometric/shine/data/НҮТС-2018/1. Household.sav,НҮТС-2018,1. Household.sav,HC15,Тариалангийн талбайтай эсэх,education_schooling
C:/tsogoo/Hicheel/erdem shinjilgeenii hural/ecnometric/shine/data/НҮТС-2018/1. Household.sav,НҮТС-2018,1. Household.sav,HC16A,Тариалангийн талбайн хэмжих нэгж,education_schooling
C:/tsogoo/Hicheel/erdem shinjilgeenii hural/ecnometric/shine/data/НҮТС-2018/1. Household.sav,НҮТС-2018,1. Household.sav,HC16,Тариалангийн талбайн хэмжээ,education_schooling
C:/tsogoo/Hicheel/erdem shinjilgeenii hural/ecnometric/shine/data/НҮТС-2018/1. Household.sav,НҮТС-2018,1. Household.sav,HC17,Мал тэжээвэр амьтантай эсэх,wealth_assets_housing
C:/tsogoo/Hicheel/erdem shinjilgeenii hural/ecnometric/shine/data/НҮТС-2018/1. Household.sav,НҮТС-2018,1. Household.sav,HC18A,Үхэр,other
C:/tsogoo/Hicheel/erdem shinjilgeenii hural/ecnometric/shine/data/НҮТС-2018/1. Household.sav,НҮТС-2018,1. Household.sav,HC18B,Тэмээ,other
C:/tsogoo/Hicheel/erdem shinjilgeenii hural/ecnometric/shine/data/НҮТС-2018/1. Household.sav,НҮТС-2018,1. Household.sav,HC18C,Адуу,other
C:/tsogoo/Hicheel/erdem shinjilgeenii hural/ecnometric/shine/data/НҮТС-2018/1. Household.sav,НҮТС-2018,1. Household.sav,HC18D,Ямаа,other
C:/tsogoo/Hicheel/erdem shinjilgeenii hural/ecnometric/shine/data/НҮТС-2018/1. Household.sav,НҮТС-2018,1. Household.sav,HC18E,Хонь,other
C:/tsogoo/Hicheel/erdem shinjilgeenii hural/ecnometric/shine/data/НҮТС-2018/1. Household.sav,НҮТС-2018,1. Household.sav,HC18F,Тахиа,other
C:/tsogoo/Hicheel/erdem shinjilgeenii hural/ecnometric/shine/data/НҮТС-2018/1. Household.sav,НҮТС-2018,1. Household.sav,HC18G,Гахай,other
C:/tsogoo/Hicheel/erdem shinjilgeenii hural/ecnometric/shine/data/НҮТС-2018/1. Household.sav,НҮТС-2018,1. Household.sav,HC18X,Бусад,wealth_assets_housing
C:/tsogoo/Hicheel/erdem shinjilgeenii hural/ecnometric/shine/data/НҮТС-2018/1. Household.sav,НҮТС-2018,1. Household.sav,HC19,Өрхийн хэн нэг гишүүн банкинд хадгаламжтай эсэх,wealth_assets_housing
C:/tsogoo/Hicheel/erdem shinjilgeenii hural/ecnometric/shine/data/НҮТС-2018/1. Household.sav,НҮТС-2018,1. Household.sav,EU1,Хоол хийхдээ хэрэглэдэг зуухны төрөл,health_disability_nutrition
C:/tsogoo/Hicheel/erdem shinjilgeenii hural/ecnometric/shine/data/НҮТС-2018/1. Household.sav,НҮТС-2018,1. Household.sav,EU4,Хоол хийдэг зуухны эрчим хүчний үүсгүүр,health_disability_nutrition
C:/tsogoo/Hicheel/erdem shinjilgeenii hural/ecnometric/shine/data/НҮТС-2018/1. Household.sav,НҮТС-2018,1. Household.sav,EU5,Хоол хийдэг газар,health_disability_nutrition
C:/tsogoo/Hicheel/erdem shinjilgeenii hural/ecnometric/shine/data/НҮТС-2018/1. Household.sav,НҮТС-2018,1. Household.sav,EU6,Халаалтын эх үүсвэр,parents_family
C:/tsogoo/Hicheel/erdem shinjilgeenii hural/ecnometric/shine/data/НҮТС-2018/1. Household.sav,НҮТС-2018,1. Household.sav,EU8,Халаалтандаа хэрэглэдэг түлш болон эрчим хүчний эх үүсвэр,parents_family
C:/tsogoo/Hicheel/erdem shinjilgeenii hural/ecnometric/shine/data/НҮТС-2018/1. Household.sav,НҮТС-2018,1. Household.sav,EU9,Гэрэлтүүлгийн төрөл,other
C:/tsogoo/Hicheel/erdem shinjilgeenii hural/ecnometric/shine/data/НҮТС-2018/1. Household.sav,НҮТС-2018,1. Household.sav,WS1,Ундны усны эх үүсвэр,wealth_assets_housing
C:/tsogoo/Hicheel/erdem shinjilgeenii hural/ecnometric/shine/data/НҮТС-2018/1. Household.sav,НҮТС-2018,1. Household.sav,WS2,Ахуйн хэрэглээний усны эх үүсвэр,wealth_assets_housing
C:/tsogoo/Hicheel/erdem shinjilgeenii hural/ecnometric/shine/data/НҮТС-2018/1. Household.sav,НҮТС-2018,1. Household.sav,WS3,Ундны усны эх үүсвэрийн байршил,wealth_assets_housing
C:/tsogoo/Hicheel/erdem shinjilgeenii hural/ecnometric/shine/data/НҮТС-2018/1. Household.sav,НҮТС-2018,1. Household.sav,WS4,Ус авчрахад зарцуулах хугацаа,wealth_assets_housing
C:/tsogoo/Hicheel/erdem shinjilgeenii hural/ecnometric/shine/data/НҮТС-2018/1. Household.sav,НҮТС-2018,1. Household.sav,WS5,Усанд ихэвчлэн явдаг өрхийн гишүүний мөрийн дугаар,wealth_assets_housing
C:/tsogoo/Hicheel/erdem shinjilgeenii hural/ecnometric/shine/data/НҮТС-2018/1. Household.sav,НҮТС-2018,1. Household.sav,WS6,Сүүлийн 7 хоногт хэдэн удаа усанд явсан,wealth_assets_housing
C:/tsogoo/Hicheel/erdem shinjilgeenii hural/ecnometric/shine/data/НҮТС-2018/1. Household.sav,НҮТС-2018,1. Household.sav,WS7,Сүүлийн 1 сард танай өрхөд ундны ус хангалттай хэмжээнд байхгүй тохиолдол байсан эсэх,wealth_assets_housing
C:/tsogoo/Hicheel/erdem shinjilgeenii hural/ecnometric/shine/data/НҮТС-2018/1. Household.sav,НҮТС-2018,1. Household.sav,WS8,Ус хэрэгтэй үед ундны ус хангалттай хэмжээнд байхгүй байсан гол шалтгаан,wealth_assets_housing
C:/tsogoo/Hicheel/erdem shinjilgeenii hural/ecnometric/shine/data/НҮТС-2018/1. Household.sav,НҮТС-2018,1. Household.sav,WS11,Ямар бие засах газар ашигладаг,other
C:/tsogoo/Hicheel/erdem shinjilgeenii hural/ecnometric/shine/data/НҮТС-2018/1. Household.sav,НҮТС-2018,1. Household.sav,WS12,Бохироо соруулж хоосон болгож байсан эсэх,parents_family
C:/tsogoo/Hicheel/erdem shinjilgeenii hural/ecnometric/shine/data/НҮТС-2018/1. Household.sav,НҮТС-2018,1. Household.sav,WS13,Бохироо соруулаад хааш нь зайлуулсан,other
C:/tsogoo/Hicheel/erdem shinjilgeenii hural/ecnometric/shine/data/НҮТС-2018/1. Household.sav,НҮТС-2018,1. Household.sav,WS14,Бие засар газрын байршил,other
C:/tsogoo/Hicheel/erdem shinjilgeenii hural/ecnometric/shine/data/НҮТС-2018/1. Household.sav,НҮТС-2018,1. Household.sav,WS15,Бие засах газраа бусадтай хамтарч ашигладаг эсэх,wealth_assets_housing
C:/tsogoo/Hicheel/erdem shinjilgeenii hural/ecnometric/shine/data/НҮТС-2018/1. Household.sav,НҮТС-2018,1. Household.sav,WS16,Бие засах газраа танил айл өрхтэй хамтарч ашигладаг эсвэл нийтийн бие засах газар,wealth_assets_housing
C:/tsogoo/Hicheel/erdem shinjilgeenii hural/ecnometric/shine/data/НҮТС-2018/1. Household.sav,НҮТС-2018,1. Household.sav,WS17,Бие засах газрыг хамтарч ашигладаг өрхийн тоо,wealth_assets_housing
C:/tsogoo/Hicheel/erdem shinjilgeenii hural/ecnometric/shine/data/НҮТС-2018/1. Household.sav,НҮТС-2018,1. Household.sav,HW1,"Гар, нүүр угаадаг газрыг үзсэн эсэх",parents_family
C:/tsogoo/Hicheel/erdem shinjilgeenii hural/ecnometric/shine/data/НҮТС-2018/1. Household.sav,НҮТС-2018,1. Household.sav,HW2,Гар угаах газарт ус байгаа эсэх,wealth_assets_housing
C:/tsogoo/Hicheel/erdem shinjilgeenii hural/ecnometric/shine/data/НҮТС-2018/1. Household.sav,НҮТС-2018,1. Household.sav,HW3,"Гар угаах газарт саван, угаалгын бодис байгаа эсэх",parents_family
C:/tsogoo/Hicheel/erdem shinjilgeenii hural/ecnometric/shine/data/НҮТС-2018/1. Household.sav,НҮТС-2018,1. Household.sav,HW4,"Өрхийн гишүүд гар, нүүрээ хаана угаадаг",wealth_assets_housing
C:/tsogoo/Hicheel/erdem shinjilgeenii hural/ecnometric/shine/data/НҮТС-2018/1. Household.sav,НҮТС-2018,1. Household.sav,HW5,"Гар угаахдаа хэрэглэдэг саван, угаалгын бодис байгаа эсэх",parents_family
C:/tsogoo/Hicheel/erdem shinjilgeenii hural/ecnometric/shine/data/НҮТС-2018/1. Household.sav,НҮТС-2018,1. Household.sav,HW6,Гар угаахад хэрэглэдэг хэрэгслүүдийг үзүүлсэн эсэх,parents_family
C:/tsogoo/Hicheel/erdem shinjilgeenii hural/ecnometric/shine/data/НҮТС-2018/1. Household.sav,НҮТС-2018,1. Household.sav,HW7A,"Шахмал, шингэн саван",wealth_assets_housing
C:/tsogoo/Hicheel/erdem shinjilgeenii hural/ecnometric/shine/data/НҮТС-2018/1. Household.sav,НҮТС-2018,1. Household.sav,HW7B,Ариутгагч/ угаалгын бодис (нунтаг/ шингэн/шахмал),wealth_assets_housing
C:/tsogoo/Hicheel/erdem shinjilgeenii hural/ecnometric/shine/data/НҮТС-2018/1. Household.sav,НҮТС-2018,1. Household.sav,HW7NR,Хариулаагүй,other
C:/tsogoo/Hicheel/erdem shinjilgeenii hural/ecnometric/shine/data/НҮТС-2018/1. Household.sav,НҮТС-2018,1. Household.sav,SA1,Давсны шинжилгээний үр дүн,other
C:/tsogoo/Hicheel/erdem shinjilgeenii hural/ecnometric/shine/data/НҮТС-2018/1. Household.sav,НҮТС-2018,1. Household.sav,SA2,Давсны дахин шинжилгээний үр дүн,other
C:/tsogoo/Hicheel/erdem shinjilgeenii hural/ecnometric/shine/data/НҮТС-2018/1. Household.sav,НҮТС-2018,1. Household.sav,SA3,Давсны нэмэлт шинжилгээний үр дүн,other
C:/tsogoo/Hicheel/erdem shinjilgeenii hural/ecnometric/shine/data/НҮТС-2018/1. Household.sav,НҮТС-2018,1. Household.sav,SA4,Давсны нэмэлт дахин шинжилгээний үр дүн,other
C:/tsogoo/Hicheel/erdem shinjilgeenii hural/ecnometric/shine/data/НҮТС-2018/1. Household.sav,НҮТС-2018,1. Household.sav,WQ1,Түүвэрлэгдсэн нэгжийн дугаар,demographics_geo_weights
C:/tsogoo/Hicheel/erdem shinjilgeenii hural/ecnometric/shine/data/НҮТС-2018/1. Household.sav,НҮТС-2018,1. Household.sav,WQ2,Өрхийн дугаар,wealth_assets_housing
C:/tsogoo/Hicheel/erdem shinjilgeenii hural/ecnometric/shine/data/НҮТС-2018/1. Household.sav,НҮТС-2018,1. Household.sav,WQ3,Хэмжигчийн дугаар,other
C:/tsogoo/Hicheel/erdem shinjilgeenii hural/ecnometric/shine/data/НҮТС-2018/1. Household.sav,НҮТС-2018,1. Household.sav,WQ4,Ярилцлага авагчийн дугаар,other
C:/tsogoo/Hicheel/erdem shinjilgeenii hural/ecnometric/shine/data/НҮТС-2018/1. Household.sav,НҮТС-2018,1. Household.sav,WQ5Y,Туршилт хийсэн он,other
C:/tsogoo/Hicheel/erdem shinjilgeenii hural/ecnometric/shine/data/НҮТС-2018/1. Household.sav,НҮТС-2018,1. Household.sav,WQ5M,Туршилт хийсэн сар,other
C:/tsogoo/Hicheel/erdem shinjilgeenii hural/ecnometric/shine/data/НҮТС-2018/1. Household.sav,НҮТС-2018,1. Household.sav,WQ5D,Туршилт хийсэн өдөр,other
C:/tsogoo/Hicheel/erdem shinjilgeenii hural/ecnometric/shine/data/НҮТС-2018/1. Household.sav,НҮТС-2018,1. Household.sav,WQ6,Өрх усны чанарын нэмэлт туршилтад сонгогдсон эсэх,wealth_assets_housing
C:/tsogoo/Hicheel/erdem shinjilgeenii hural/ecnometric/shine/data/НҮТС-2018/1. Household.sav,НҮТС-2018,1. Household.sav,WQ7,Усны чанар шалгах ауулгад хариулагчийн дугаар,wealth_assets_housing
C:/tsogoo/Hicheel/erdem shinjilgeenii hural/ecnometric/shine/data/НҮТС-2018/1. Household.sav,НҮТС-2018,1. Household.sav,WQ8,Уснаасаа чанар шалгахад дээж өгөхийг зөвшөөрсөн эсэх,wealth_assets_housing
C:/tsogoo/Hicheel/erdem shinjilgeenii hural/ecnometric/shine/data/НҮТС-2018/1. Household.sav,НҮТС-2018,1. Household.sav,WQ31,Усны чанар шалгах асуулгын үр дүн,wealth_assets_housing
C:/tsogoo/Hicheel/erdem shinjilgeenii hural/ecnometric/shine/data/НҮТС-2018/1. Household.sav,НҮТС-2018,1. Household.sav,WQ10H,Туршилт эхэлсэн цаг,parents_family
C:/tsogoo/Hicheel/erdem shinjilgeenii hural/ecnometric/shine/data/НҮТС-2018/1. Household.sav,НҮТС-2018,1. Household.sav,WQ10M,Туршилт эхэлсэн минут,parents_family
C:/tsogoo/Hicheel/erdem shinjilgeenii hural/ecnometric/shine/data/НҮТС-2018/1. Household.sav,НҮТС-2018,1. Household.sav,WQ23H,Туршилт дууссан цаг,wealth_assets_housing
C:/tsogoo/Hicheel/erdem shinjilgeenii hural/ecnometric/shine/data/НҮТС-2018/1. Household.sav,НҮТС-2018,1. Household.sav,WQ23M,Туршилт дууссан минут,wealth_assets_housing
C:/tsogoo/Hicheel/erdem shinjilgeenii hural/ecnometric/shine/data/НҮТС-2018/1. Household.sav,НҮТС-2018,1. Household.sav,WQ11,Өрхийн гишүүдийн ихэвчлэн уудаг уснаас нэг аяга ус авчирч өгсөн эсэх,wealth_assets_housing
C:/tsogoo/Hicheel/erdem shinjilgeenii hural/ecnometric/shine/data/НҮТС-2018/1. Household.sav,НҮТС-2018,1. Household.sav,WQ12,Усаа эх үүсвэрээсээ шууд авсан эсвэл тусдаа савнаас авсан эсэх,wealth_assets_housing
C:/tsogoo/Hicheel/erdem shinjilgeenii hural/ecnometric/shine/data/НҮТС-2018/1. Household.sav,НҮТС-2018,1. Household.sav,WQ14,Усаа шууд уудаг эсэх,wealth_assets_housing
C:/tsogoo/Hicheel/erdem shinjilgeenii hural/ecnometric/shine/data/НҮТС-2018/1. Household.sav,НҮТС-2018,1. Household.sav,WQ15A,Цэвэршүүлэх арга: Буцалгах,parents_family
C:/tsogoo/Hicheel/erdem shinjilgeenii hural/ecnometric/shine/data/НҮТС-2018/1. Household.sav,НҮТС-2018,1. Household.sav,WQ15B,Цэвэршүүлэх арга: Ариутгалын бодис хийх,parents_family
C:/tsogoo/Hicheel/erdem shinjilgeenii hural/ecnometric/shine/data/НҮТС-2018/1. Household.sav,НҮТС-2018,1. Household.sav,WQ15C,Цэвэршүүлэх арга: Даавуу марлиар шүүх,parents_family
C:/tsogoo/Hicheel/erdem shinjilgeenii hural/ecnometric/shine/data/НҮТС-2018/1. Household.sav,НҮТС-2018,1. Household.sav,WQ15D,Цэвэршүүлэх арга: Ус цэвэршүүлэгч хэрэглэх,wealth_assets_housing
C:/tsogoo/Hicheel/erdem shinjilgeenii hural/ecnometric/shine/data/НҮТС-2018/1. Household.sav,НҮТС-2018,1. Household.sav,WQ15E,Цэвэршүүлэх арга: Нарны гэрлээр халдваргүйжүүлэх,parents_family
C:/tsogoo/Hicheel/erdem shinjilgeenii hural/ecnometric/shine/data/НҮТС-2018/1. Household.sav,НҮТС-2018,1. Household.sav,WQ15F,Цэвэршүүлэх арга: Тунгаах,parents_family
C:/tsogoo/Hicheel/erdem shinjilgeenii hural/ecnometric/shine/data/НҮТС-2018/1. Household.sav,НҮТС-2018,1. Household.sav,WQ15X,Цэвэршүүлэх арга: Бусад (тодруулах),wealth_assets_housing
C:/tsogoo/Hicheel/erdem shinjilgeenii hural/ecnometric/shine/data/НҮТС-2018/1. Household.sav,НҮТС-2018,1. Household.sav,WQ15Z,Цэвэршүүлэх арга: Мэдэхгүй,parents_family
C:/tsogoo/Hicheel/erdem shinjilgeenii hural/ecnometric/shine/data/НҮТС-2018/1. Household.sav,НҮТС-2018,1. Household.sav,WQ15NR,Цэвэршүүлэх арга: Хариулаагүй,parents_family
C:/tsogoo/Hicheel/erdem shinjilgeenii hural/ecnometric/shine/data/НҮТС-2018/1. Household.sav,НҮТС-2018,1. Household.sav,WQ17,Аягатай усыг авсан эх үүсвэр,wealth_assets_housing
C:/tsogoo/Hicheel/erdem shinjilgeenii hural/ecnometric/shine/data/НҮТС-2018/1. Household.sav,НҮТС-2018,1. Household.sav,WQ18,Аягатай ус авсан эх үүсвэрээ харуулсан эсэх,wealth_assets_housing
C:/tsogoo/Hicheel/erdem shinjilgeenii hural/ecnometric/shine/data/НҮТС-2018/1. Household.sav,НҮТС-2018,1. Household.sav,WQ19,Усны эх үүсвэрээс дээж авсан эсэх,wealth_assets_housing
C:/tsogoo/Hicheel/erdem shinjilgeenii hural/ecnometric/shine/data/НҮТС-2018/1. Household.sav,НҮТС-2018,1. Household.sav,WQ20,Асуулт WQ6-г шалгах: Өрх усны чанарын нэмэлт туршилтад сонгогдсон эсэх,wealth_assets_housing
C:/tsogoo/Hicheel/erdem shinjilgeenii hural/ecnometric/shine/data/НҮТС-2018/1. Household.sav,НҮТС-2018,1. Household.sav,WQ21,Багийн ахлагчаас авсан савласан уснаас дээж авсан эсэх,wealth_assets_housing
C:/tsogoo/Hicheel/erdem shinjilgeenii hural/ecnometric/shine/data/НҮТС-2018/1. Household.sav,НҮТС-2018,1. Household.sav,WQ24Y,Туршилтын үр дүнг тэмдэглэсэн он,other
C:/tsogoo/Hicheel/erdem shinjilgeenii hural/ecnometric/shine/data/НҮТС-2018/1. Household.sav,НҮТС-2018,1. Household.sav,WQ24M,Туршилтын үр дүнг тэмдэглэсэн сар,other
C:/tsogoo/Hicheel/erdem shinjilgeenii hural/ecnometric/shine/data/НҮТС-2018/1. Household.sav,НҮТС-2018,1. Household.sav,WQ24D,Туршилтын үр дүнг тэмдэглэсэн өдөр,other
C:/tsogoo/Hicheel/erdem shinjilgeenii hural/ecnometric/shine/data/НҮТС-2018/1. Household.sav,НҮТС-2018,1. Household.sav,WQ25H,Туршилтын үр дүнг тэмдэглэсэн цаг,other
C:/tsogoo/Hicheel/erdem shinjilgeenii hural/ecnometric/shine/data/НҮТС-2018/1. Household.sav,НҮТС-2018,1. Household.sav,WQ25M,Туршилтын үр дүнг тэмдэглэсэн минут,other
C:/tsogoo/Hicheel/erdem shinjilgeenii hural/ecnometric/shine/data/НҮТС-2018/1. Household.sav,НҮТС-2018,1. Household.sav,WQ26,Өрхөөс авсан усны туршилтын үр дүн (100 мл),wealth_assets_housing
C:/tsogoo/Hicheel/erdem shinjilgeenii hural/ecnometric/shine/data/НҮТС-2018/1. Household.sav,НҮТС-2018,1. Household.sav,WQ27,Ундны усны эх үүсвэрээс авсан усны туршилтын үр дүн (100 мл),wealth_assets_housing
C:/tsogoo/Hicheel/erdem shinjilgeenii hural/ecnometric/shine/data/НҮТС-2018/1. Household.sav,НҮТС-2018,1. Household.sav,WQ29,Нэмэлт усны (хоосон) туршилтын үр дүн (100 мл),wealth_assets_housing
C:/tsogoo/Hicheel/erdem shinjilgeenii hural/ecnometric/shine/data/НҮТС-2018/1. Household.sav,НҮТС-2018,1. Household.sav,HHSEX,Өрхийн тэргүүлэгчийн хүйс,wealth_assets_housing
C:/tsogoo/Hicheel/erdem shinjilgeenii hural/ecnometric/shine/data/НҮТС-2018/1. Household.sav,НҮТС-2018,1. Household.sav,HHAGE,Өрхийн тэргүүлэгчийн нас,wealth_assets_housing
C:/tsogoo/Hicheel/erdem shinjilgeenii hural/ecnometric/shine/data/НҮТС-2018/1. Household.sav,НҮТС-2018,1. Household.sav,HH6A,Байршил,other
C:/tsogoo/Hicheel/erdem shinjilgeenii hural/ecnometric/shine/data/НҮТС-2018/1. Household.sav,НҮТС-2018,1. Household.sav,province,Зорилтот аймаг дүүрэг,demographics_geo_weights
C:/tsogoo/Hicheel/erdem shinjilgeenii hural/ecnometric/shine/data/НҮТС-2018/1. Household.sav,НҮТС-2018,1. Household.sav,ethnicity,Өрхийн тэргүүлэгчийн яс үндэс,wealth_assets_housing
C:/tsogoo/Hicheel/erdem shinjilgeenii hural/ecnometric/shine/data/НҮТС-2018/1. Household.sav,НҮТС-2018,1. Household.sav,religion,Өрхийн тэргүүлэгчийн шашин шүтлэг,wealth_assets_housing
C:/tsogoo/Hicheel/erdem shinjilgeenii hural/ecnometric/shine/data/НҮТС-2018/1. Household.sav,НҮТС-2018,1. Household.sav,HH50A,15 - 49 насны эрэгтэйн тоо,demographics_geo_weights
C:/tsogoo/Hicheel/erdem shinjilgeenii hural/ecnometric/shine/data/НҮТС-2018/1. Household.sav,НҮТС-2018,1. Household.sav,HH52A,5-17 насны хүүхдийн,demographics_geo_weights
C:/tsogoo/Hicheel/erdem shinjilgeenii hural/ecnometric/shine/data/НҮТС-2018/1. Household.sav,НҮТС-2018,1. Household.sav,helevel,Өрхийн тэргүүлэгчийн боловсрол,wealth_assets_housing
C:/tsogoo/Hicheel/erdem shinjilgeenii hural/ecnometric/shine/data/НҮТС-2018/1. Household.sav,НҮТС-2018,1. Household.sav,hhweight,Өрхийн түүврийн жин,wealth_assets_housing
C:/tsogoo/Hicheel/erdem shinjilgeenii hural/ecnometric/shine/data/НҮТС-2018/1. Household.sav,НҮТС-2018,1. Household.sav,hhweight_prov,Өрхийн түүврийн жин (зорилтот аймаг/дүүргийн),wealth_assets_housing
C:/tsogoo/Hicheel/erdem shinjilgeenii hural/ecnometric/shine/data/НҮТС-2018/1. Household.sav,НҮТС-2018,1. Household.sav,wqhweight,Усны чанарын түүврийн жин,wealth_assets_housing
C:/tsogoo/Hicheel/erdem shinjilgeenii hural/ecnometric/shine/data/НҮТС-2018/1. Household.sav,НҮТС-2018,1. Household.sav,wqhweight_prov,Усны чанарын түүврийн жин (зорилтот аймаг/дүүргийн),wealth_assets_housing
C:/tsogoo/Hicheel/erdem shinjilgeenii hural/ecnometric/shine/data/НҮТС-2018/1. Household.sav,НҮТС-2018,1. Household.sav,wqsweight,Ундны усны эх үүсвэрийн  түүврийн жин (зорилтот аймаг/дүүргийн),wealth_assets_housing
C:/tsogoo/Hicheel/erdem shinjilgeenii hural/ecnometric/shine/data/НҮТС-2018/1. Household.sav,НҮТС-2018,1. Household.sav,wqsweight_prov,Ундны усны эх үүсвэрийн  түүврийн жин,wealth_assets_housing
C:/tsogoo/Hicheel/erdem shinjilgeenii hural/ecnometric/shine/data/НҮТС-2018/1. Household.sav,НҮТС-2018,1. Household.sav,wscore,Аж байдлын түвшний нэгдсэн оноо,other
C:/tsogoo/Hicheel/erdem shinjilgeenii hural/ecnometric/shine/data/НҮТС-2018/1. Household.sav,НҮТС-2018,1. Household.sav,windex5,Аж байдлын түвшний квинтиль,other
C:/tsogoo/Hicheel/erdem shinjilgeenii hural/ecnometric/shine/data/НҮТС-2018/1. Household.sav,НҮТС-2018,1. Household.sav,windex10,Аж байдлын түвшний бүлэг,other
C:/tsogoo/Hicheel/erdem shinjilgeenii hural/ecnometric/shine/data/НҮТС-2018/1. Household.sav,НҮТС-2018,1. Household.sav,wscoreu,Аж байдлын түвшний нэгдсэн оноо - Хөдөө,demographics_geo_weights
C:/tsogoo/Hicheel/erdem shinjilgeenii hural/ecnometric/shine/data/НҮТС-2018/1. Household.sav,НҮТС-2018,1. Household.sav,windex5u,Аж байдлын түвшний квинтиль - хот,demographics_geo_weights
C:/tsogoo/Hicheel/erdem shinjilgeenii hural/ecnometric/shine/data/НҮТС-2018/1. Household.sav,НҮТС-2018,1. Household.sav,windex10u,Аж байдлын түвшний бүлэг - хот,demographics_geo_weights
C:/tsogoo/Hicheel/erdem shinjilgeenii hural/ecnometric/shine/data/НҮТС-2018/1. Household.sav,НҮТС-2018,1. Household.sav,wscorer,Аж байдлын түвшний нэгдсэн оноо - Хот,demographics_geo_weights
C:/tsogoo/Hicheel/erdem shinjilgeenii hural/ecnometric/shine/data/НҮТС-2018/1. Household.sav,НҮТС-2018,1. Household.sav,windex5r,Аж байдлын түвшний квинтиль - хөдөө,demographics_geo_weights
C:/tsogoo/Hicheel/erdem shinjilgeenii hural/ecnometric/shine/data/НҮТС-2018/1. Household.sav,НҮТС-2018,1. Household.sav,windex10r,Аж байдлын түвшний бүлэг - хөдөө,demographics_geo_weights
C:/tsogoo/Hicheel/erdem shinjilgeenii hural/ecnometric/shine/data/НҮТС-2018/2. Household List.sav,НҮТС-2018,2. Household List.sav,HH1,Түүвэрлэгдсэн нэгжийн дугаар,demographics_geo_weights
C:/tsogoo/Hicheel/erdem shinjilgeenii hural/ecnometric/shine/data/НҮТС-2018/2. Household List.sav,НҮТС-2018,2. Household List.sav,HH2,Өрхийн дугаар,wealth_assets_housing
C:/tsogoo/Hicheel/erdem shinjilgeenii hural/ecnometric/shine/data/НҮТС-2018/2. Household List.sav,НҮТС-2018,2. Household List.sav,HL1,Мөрийн дугаар,other
C:/tsogoo/Hicheel/erdem shinjilgeenii hural/ecnometric/shine/data/НҮТС-2018/2. Household List.sav,НҮТС-2018,2. Household List.sav,HL3,Өрхийн тэргүүлэгчтэй ямар хамааралтай,wealth_assets_housing
C:/tsogoo/Hicheel/erdem shinjilgeenii hural/ecnometric/shine/data/НҮТС-2018/2. Household List.sav,НҮТС-2018,2. Household List.sav,HL4,Хүйс,demographics_geo_weights
C:/tsogoo/Hicheel/erdem shinjilgeenii hural/ecnometric/shine/data/НҮТС-2018/2. Household List.sav,НҮТС-2018,2. Household List.sav,HL5Y,Төрсөн он,demographics_geo_weights
C:/tsogoo/Hicheel/erdem shinjilgeenii hural/ecnometric/shine/data/НҮТС-2018/2. Household List.sav,НҮТС-2018,2. Household List.sav,HL5M,Төрсөн сар,demographics_geo_weights
C:/tsogoo/Hicheel/erdem shinjilgeenii hural/ecnometric/shine/data/НҮТС-2018/2. Household List.sav,НҮТС-2018,2. Household List.sav,HL6,Нас,demographics_geo_weights
C:/tsogoo/Hicheel/erdem shinjilgeenii hural/ecnometric/shine/data/НҮТС-2018/2. Household List.sav,НҮТС-2018,2. Household List.sav,HL8,15-49 насны эмэгтэйд харгалзах мөрийн дугаар,demographics_geo_weights
C:/tsogoo/Hicheel/erdem shinjilgeenii hural/ecnometric/shine/data/НҮТС-2018/2. Household List.sav,НҮТС-2018,2. Household List.sav,HL9,15-49 насны эрэгтэйд харгалзах мөрийн дугаар,demographics_geo_weights
C:/tsogoo/Hicheel/erdem shinjilgeenii hural/ecnometric/shine/data/НҮТС-2018/2. Household List.sav,НҮТС-2018,2. Household List.sav,HL10,0-4 насны хүүхдэд харгалзах мөрийн дугаар,demographics_geo_weights
C:/tsogoo/Hicheel/erdem shinjilgeenii hural/ecnometric/shine/data/НҮТС-2018/2. Household List.sav,НҮТС-2018,2. Household List.sav,HL11,0-17 настай эсэх,parents_family
C:/tsogoo/Hicheel/erdem shinjilgeenii hural/ecnometric/shine/data/НҮТС-2018/2. Household List.sav,НҮТС-2018,2. Household List.sav,HL12,Төрсөн эх нь амьд сэрүүн байгаа эсэх,parents_family
C:/tsogoo/Hicheel/erdem shinjilgeenii hural/ecnometric/shine/data/НҮТС-2018/2. Household List.sav,НҮТС-2018,2. Household List.sav,HL13,Төрсөн эхтэйгээ хамт амьдарч байгаа эсэх,parents_family
C:/tsogoo/Hicheel/erdem shinjilgeenii hural/ecnometric/shine/data/НҮТС-2018/2. Household List.sav,НҮТС-2018,2. Household List.sav,HL14,Эхийн мөрийн дугаар,parents_family
C:/tsogoo/Hicheel/erdem shinjilgeenii hural/ecnometric/shine/data/НҮТС-2018/2. Household List.sav,НҮТС-2018,2. Household List.sav,HL15,Төрсөн эх нь хаана амьдарч байгаа эсэх,parents_family
C:/tsogoo/Hicheel/erdem shinjilgeenii hural/ecnometric/shine/data/НҮТС-2018/2. Household List.sav,НҮТС-2018,2. Household List.sav,HL16,Төрсөн эцэг нь амьд сэрүүн байгаа эсэх,parents_family
C:/tsogoo/Hicheel/erdem shinjilgeenii hural/ecnometric/shine/data/НҮТС-2018/2. Household List.sav,НҮТС-2018,2. Household List.sav,HL17,Төрсөн эцэгтэйгээ хамт амьдарч байгаа эсэх,parents_family
C:/tsogoo/Hicheel/erdem shinjilgeenii hural/ecnometric/shine/data/НҮТС-2018/2. Household List.sav,НҮТС-2018,2. Household List.sav,HL18,Эцгийн мөрийн дугаар,other
C:/tsogoo/Hicheel/erdem shinjilgeenii hural/ecnometric/shine/data/НҮТС-2018/2. Household List.sav,НҮТС-2018,2. Household List.sav,HL19,Төрсөн эцэг нь хаана амьдарч байгаа эсэх,parents_family
C:/tsogoo/Hicheel/erdem shinjilgeenii hural/ecnometric/shine/data/НҮТС-2018/2. Household List.sav,НҮТС-2018,2. Household List.sav,HL20,0-17 настай хүүхдийн асран хамгаалагчийн мөрийн дугаар,demographics_geo_weights
C:/tsogoo/Hicheel/erdem shinjilgeenii hural/ecnometric/shine/data/НҮТС-2018/2. Household List.sav,НҮТС-2018,2. Household List.sav,ED1,Мөрийн дугаар,other
C:/tsogoo/Hicheel/erdem shinjilgeenii hural/ecnometric/shine/data/НҮТС-2018/2. Household List.sav,НҮТС-2018,2. Household List.sav,ED2A,Нас,demographics_geo_weights
C:/tsogoo/Hicheel/erdem shinjilgeenii hural/ecnometric/shine/data/НҮТС-2018/2. Household List.sav,НҮТС-2018,2. Household List.sav,ED3,2 ба түүнээс дээш настай эсэх,parents_family
C:/tsogoo/Hicheel/erdem shinjilgeenii hural/ecnometric/shine/data/НҮТС-2018/2. Household List.sav,НҮТС-2018,2. Household List.sav,ED4,"Цэцэрлэгт явж, сургуульд сурч байсан эсэх",education_schooling
C:/tsogoo/Hicheel/erdem shinjilgeenii hural/ecnometric/shine/data/НҮТС-2018/2. Household List.sav,НҮТС-2018,2. Household List.sav,ED5A,Сурч байсан хамгийн дээд шатлалын сургууль,education_schooling
C:/tsogoo/Hicheel/erdem shinjilgeenii hural/ecnometric/shine/data/НҮТС-2018/2. Household List.sav,НҮТС-2018,2. Household List.sav,ED5B,Сурч байсан хамгийн дээд анги/курс,education_schooling
C:/tsogoo/Hicheel/erdem shinjilgeenii hural/ecnometric/shine/data/НҮТС-2018/2. Household List.sav,НҮТС-2018,2. Household List.sav,ED6,Сурч байсан хамгийн дээд анги/курсээ төгссөн эсэх,education_schooling
C:/tsogoo/Hicheel/erdem shinjilgeenii hural/ecnometric/shine/data/НҮТС-2018/2. Household List.sav,НҮТС-2018,2. Household List.sav,ED6A,Сурч байсан хамгийн дээд шатлалын сургуулиа төгссөн эсэх,parents_family
C:/tsogoo/Hicheel/erdem shinjilgeenii hural/ecnometric/shine/data/НҮТС-2018/2. Household List.sav,НҮТС-2018,2. Household List.sav,ED7,2-24 настай эсэх,parents_family
C:/tsogoo/Hicheel/erdem shinjilgeenii hural/ecnometric/shine/data/НҮТС-2018/2. Household List.sav,НҮТС-2018,2. Household List.sav,ED8,"Шалгах: Цэцэрлэгт явж, сургуульд сурч байсан эсэх",education_schooling
C:/tsogoo/Hicheel/erdem shinjilgeenii hural/ecnometric/shine/data/НҮТС-2018/2. Household List.sav,НҮТС-2018,2. Household List.sav,ED9,"Энэ (2018/2019) хичээлийн жилд цэцэрлэгт явж, сургуульд сурч байгаа эсэх",education_schooling
C:/tsogoo/Hicheel/erdem shinjilgeenii hural/ecnometric/shine/data/НҮТС-2018/2. Household List.sav,НҮТС-2018,2. Household List.sav,ED10A,Энэ (2018/2019) хичээлийн жилд сурч байгаа сургуулийн шатлал,other
C:/tsogoo/Hicheel/erdem shinjilgeenii hural/ecnometric/shine/data/НҮТС-2018/2. Household List.sav,НҮТС-2018,2. Household List.sav,ED10B,Энэ (2018/2019) хичээлийн жилд сурч байгаа анги/курс,education_schooling
C:/tsogoo/Hicheel/erdem shinjilgeenii hural/ecnometric/shine/data/НҮТС-2018/2. Household List.sav,НҮТС-2018,2. Household List.sav,ED11,Энэ (2018/2019) хичээлийн жилд сурч/явж байгаа сургууль/цэцэрлэгийн өмчийн хэлбэр,education_schooling
C:/tsogoo/Hicheel/erdem shinjilgeenii hural/ecnometric/shine/data/НҮТС-2018/2. Household List.sav,НҮТС-2018,2. Household List.sav,ED15,"Өмнөх (2017/2018) хичээлийн жилд цэцэрлэгт явж, сургуульд сурсан эсэх",education_schooling
C:/tsogoo/Hicheel/erdem shinjilgeenii hural/ecnometric/shine/data/НҮТС-2018/2. Household List.sav,НҮТС-2018,2. Household List.sav,ED16A,Өмнөх (2017/2018) хичээлийн жилд сурсан сургуулийн шатлал,other
C:/tsogoo/Hicheel/erdem shinjilgeenii hural/ecnometric/shine/data/НҮТС-2018/2. Household List.sav,НҮТС-2018,2. Household List.sav,ED16B,Өмнөх (2017/2018) хичээлийн жилд сурсан анги/курс,education_schooling
C:/tsogoo/Hicheel/erdem shinjilgeenii hural/ecnometric/shine/data/НҮТС-2018/2. Household List.sav,НҮТС-2018,2. Household List.sav,HH4,Багийн ахлагчийн дугаар,other
C:/tsogoo/Hicheel/erdem shinjilgeenii hural/ecnometric/shine/data/НҮТС-2018/2. Household List.sav,НҮТС-2018,2. Household List.sav,HH5D,Ярилцлага авсан өдөр,other
C:/tsogoo/Hicheel/erdem shinjilgeenii hural/ecnometric/shine/data/НҮТС-2018/2. Household List.sav,НҮТС-2018,2. Household List.sav,HH5M,Ярилцлага авсан сар,other
C:/tsogoo/Hicheel/erdem shinjilgeenii hural/ecnometric/shine/data/НҮТС-2018/2. Household List.sav,НҮТС-2018,2. Household List.sav,HH5Y,Ярилцлага авсан он,other
C:/tsogoo/Hicheel/erdem shinjilgeenii hural/ecnometric/shine/data/НҮТС-2018/2. Household List.sav,НҮТС-2018,2. Household List.sav,MLINE,Эхийн мөрийн дугаар,parents_family
C:/tsogoo/Hicheel/erdem shinjilgeenii hural/ecnometric/shine/data/НҮТС-2018/2. Household List.sav,НҮТС-2018,2. Household List.sav,FLINE,Эцгийн мөрийн дугаар,other
C:/tsogoo/Hicheel/erdem shinjilgeenii hural/ecnometric/shine/data/НҮТС-2018/2. Household List.sav,НҮТС-2018,2. Household List.sav,HH6,"Хот, хөдөө",demographics_geo_weights
C:/tsogoo/Hicheel/erdem shinjilgeenii hural/ecnometric/shine/data/НҮТС-2018/2. Household List.sav,НҮТС-2018,2. Household List.sav,HH7,Бүс,demographics_geo_weights
C:/tsogoo/Hicheel/erdem shinjilgeenii hural/ecnometric/shine/data/НҮТС-2018/2. Household List.sav,НҮТС-2018,2. Household List.sav,HH6A,Байршил,other
C:/tsogoo/Hicheel/erdem shinjilgeenii hural/ecnometric/shine/data/НҮТС-2018/2. Household List.sav,НҮТС-2018,2. Household List.sav,province,Зорилтот аймаг дүүрэг,demographics_geo_weights
C:/tsogoo/Hicheel/erdem shinjilgeenii hural/ecnometric/shine/data/НҮТС-2018/2. Household List.sav,НҮТС-2018,2. Household List.sav,ethnicity,Өрхийн тэргүүлэгчийн яс үндэс,wealth_assets_housing
C:/tsogoo/Hicheel/erdem shinjilgeenii hural/ecnometric/shine/data/НҮТС-2018/2. Household List.sav,НҮТС-2018,2. Household List.sav,religion,Өрхийн тэргүүлэгчийн шашин шүтлэг,wealth_assets_housing
C:/tsogoo/Hicheel/erdem shinjilgeenii hural/ecnometric/shine/data/НҮТС-2018/2. Household List.sav,НҮТС-2018,2. Household List.sav,helevel,Өрхийн тэргүүлэгчийн боловсрол,wealth_assets_housing
C:/tsogoo/Hicheel/erdem shinjilgeenii hural/ecnometric/shine/data/НҮТС-2018/2. Household List.sav,НҮТС-2018,2. Household List.sav,disability,Үйлдлийн чадвар (18-49 нас),demographics_geo_weights
C:/tsogoo/Hicheel/erdem shinjilgeenii hural/ecnometric/shine/data/НҮТС-2018/2. Household List.sav,НҮТС-2018,2. Household List.sav,schage,Сургуульд орсон нас,education_schooling
C:/tsogoo/Hicheel/erdem shinjilgeenii hural/ecnometric/shine/data/НҮТС-2018/2. Household List.sav,НҮТС-2018,2. Household List.sav,melevel,Эхийн боловсрол,education_schooling
C:/tsogoo/Hicheel/erdem shinjilgeenii hural/ecnometric/shine/data/НҮТС-2018/2. Household List.sav,НҮТС-2018,2. Household List.sav,caretakerdis,Эх нь үйлдлийн чадварын хүндрэлтэй эсэх (18-49 нас),wealth_assets_housing
C:/tsogoo/Hicheel/erdem shinjilgeenii hural/ecnometric/shine/data/НҮТС-2018/2. Household List.sav,НҮТС-2018,2. Household List.sav,felevel,Эцгийн боловсролын түвшин,education_schooling
C:/tsogoo/Hicheel/erdem shinjilgeenii hural/ecnometric/shine/data/НҮТС-2018/2. Household List.sav,НҮТС-2018,2. Household List.sav,hhweight,Өрхийн түүврийн жин,wealth_assets_housing
C:/tsogoo/Hicheel/erdem shinjilgeenii hural/ecnometric/shine/data/НҮТС-2018/2. Household List.sav,НҮТС-2018,2. Household List.sav,hhweight_prov,Өрхийн түүврийн жин (зорилтот аймаг/дүүргийн),wealth_assets_housing
C:/tsogoo/Hicheel/erdem shinjilgeenii hural/ecnometric/shine/data/НҮТС-2018/2. Household List.sav,НҮТС-2018,2. Household List.sav,wscore,Аж байдлын түвшний нэгдсэн оноо,other
C:/tsogoo/Hicheel/erdem shinjilgeenii hural/ecnometric/shine/data/НҮТС-2018/2. Household List.sav,НҮТС-2018,2. Household List.sav,windex5,Аж байдлын түвшний квинтиль,other
C:/tsogoo/Hicheel/erdem shinjilgeenii hural/ecnometric/shine/data/НҮТС-2018/2. Household List.sav,НҮТС-2018,2. Household List.sav,windex10,Аж байдлын түвшний бүлэг,other
C:/tsogoo/Hicheel/erdem shinjilgeenii hural/ecnometric/shine/data/НҮТС-2018/2. Household List.sav,НҮТС-2018,2. Household List.sav,wscoreu,Аж байдлын түвшний нэгдсэн оноо - Хөдөө,demographics_geo_weights
C:/tsogoo/Hicheel/erdem shinjilgeenii hural/ecnometric/shine/data/НҮТС-2018/2. Household List.sav,НҮТС-2018,2. Household List.sav,windex5u,Аж байдлын түвшний квинтиль - хот,demographics_geo_weights
C:/tsogoo/Hicheel/erdem shinjilgeenii hural/ecnometric/shine/data/НҮТС-2018/2. Household List.sav,НҮТС-2018,2. Household List.sav,windex10u,Аж байдлын түвшний бүлэг - хот,demographics_geo_weights
C:/tsogoo/Hicheel/erdem shinjilgeenii hural/ecnometric/shine/data/НҮТС-2018/2. Household List.sav,НҮТС-2018,2. Household List.sav,wscorer,Аж байдлын түвшний нэгдсэн оноо - Хот,demographics_geo_weights
C:/tsogoo/Hicheel/erdem shinjilgeenii hural/ecnometric/shine/data/НҮТС-2018/2. Household List.sav,НҮТС-2018,2. Household List.sav,windex5r,Аж байдлын түвшний квинтиль - хөдөө,demographics_geo_weights
C:/tsogoo/Hicheel/erdem shinjilgeenii hural/ecnometric/shine/data/НҮТС-2018/2. Household List.sav,НҮТС-2018,2. Household List.sav,windex10r,Аж байдлын түвшний бүлэг - хөдөө,demographics_geo_weights
C:/tsogoo/Hicheel/erdem shinjilgeenii hural/ecnometric/shine/data/НҮТС-2018/3. Men.sav,НҮТС-2018,3. Men.sav,HH1,Түүвэрлэгдсэн нэгжийн дугаар,demographics_geo_weights
C:/tsogoo/Hicheel/erdem shinjilgeenii hural/ecnometric/shine/data/НҮТС-2018/3. Men.sav,НҮТС-2018,3. Men.sav,HH2,Өрхийн дугаар,wealth_assets_housing
C:/tsogoo/Hicheel/erdem shinjilgeenii hural/ecnometric/shine/data/НҮТС-2018/3. Men.sav,НҮТС-2018,3. Men.sav,LN,Хувийн дугаар,other
C:/tsogoo/Hicheel/erdem shinjilgeenii hural/ecnometric/shine/data/НҮТС-2018/3. Men.sav,НҮТС-2018,3. Men.sav,MWM1,Түүвэрлэгдсэн нэгжийн дугаар,demographics_geo_weights
C:/tsogoo/Hicheel/erdem shinjilgeenii hural/ecnometric/shine/data/НҮТС-2018/3. Men.sav,НҮТС-2018,3. Men.sav,MWM2,Өрхийн дугаар,wealth_assets_housing
C:/tsogoo/Hicheel/erdem shinjilgeenii hural/ecnometric/shine/data/НҮТС-2018/3. Men.sav,НҮТС-2018,3. Men.sav,MWM3,Эрэгтэйн мөрийн дугаар,other
C:/tsogoo/Hicheel/erdem shinjilgeenii hural/ecnometric/shine/data/НҮТС-2018/3. Men.sav,НҮТС-2018,3. Men.sav,MWMINT,Ярилцлага авагчийн дугаар,other
C:/tsogoo/Hicheel/erdem shinjilgeenii hural/ecnometric/shine/data/НҮТС-2018/3. Men.sav,НҮТС-2018,3. Men.sav,MWM4,Багийн ахлагчийн дугаар,other
C:/tsogoo/Hicheel/erdem shinjilgeenii hural/ecnometric/shine/data/НҮТС-2018/3. Men.sav,НҮТС-2018,3. Men.sav,MWM5,Ярилцлага авагчийн дугаар,other
C:/tsogoo/Hicheel/erdem shinjilgeenii hural/ecnometric/shine/data/НҮТС-2018/3. Men.sav,НҮТС-2018,3. Men.sav,MWM6Y,Ярилцлага авсан он,other
C:/tsogoo/Hicheel/erdem shinjilgeenii hural/ecnometric/shine/data/НҮТС-2018/3. Men.sav,НҮТС-2018,3. Men.sav,MWM6M,Ярилцлага авсан сар,other
C:/tsogoo/Hicheel/erdem shinjilgeenii hural/ecnometric/shine/data/НҮТС-2018/3. Men.sav,НҮТС-2018,3. Men.sav,MWM6D,Ярилцлага авсан өдөр,other
C:/tsogoo/Hicheel/erdem shinjilgeenii hural/ecnometric/shine/data/НҮТС-2018/3. Men.sav,НҮТС-2018,3. Men.sav,MWM8,Өмнө нь ярилцлага авсан эсэх,parents_family
C:/tsogoo/Hicheel/erdem shinjilgeenii hural/ecnometric/shine/data/НҮТС-2018/3. Men.sav,НҮТС-2018,3. Men.sav,MWM9,Зөвшөөрөл авсан эсэх,parents_family
C:/tsogoo/Hicheel/erdem shinjilgeenii hural/ecnometric/shine/data/НҮТС-2018/3. Men.sav,НҮТС-2018,3. Men.sav,MWM17,Ярилцлагын үр дүн,other
C:/tsogoo/Hicheel/erdem shinjilgeenii hural/ecnometric/shine/data/НҮТС-2018/3. Men.sav,НҮТС-2018,3. Men.sav,MWM7H,Ярилцлага эхэлсэн цаг,parents_family
C:/tsogoo/Hicheel/erdem shinjilgeenii hural/ecnometric/shine/data/НҮТС-2018/3. Men.sav,НҮТС-2018,3. Men.sav,MWM7M,Ярилцлага эхэлсэн минут,parents_family
C:/tsogoo/Hicheel/erdem shinjilgeenii hural/ecnometric/shine/data/НҮТС-2018/3. Men.sav,НҮТС-2018,3. Men.sav,MWM10H,Ярилцлага дууссан цаг,wealth_assets_housing
C:/tsogoo/Hicheel/erdem shinjilgeenii hural/ecnometric/shine/data/НҮТС-2018/3. Men.sav,НҮТС-2018,3. Men.sav,MWM10M,Ярилцлага дууссан минут,wealth_assets_housing
C:/tsogoo/Hicheel/erdem shinjilgeenii hural/ecnometric/shine/data/НҮТС-2018/3. Men.sav,НҮТС-2018,3. Men.sav,MWM11,Ганцаарчилсан орчин бүрдүүлсэн эсэх,parents_family
C:/tsogoo/Hicheel/erdem shinjilgeenii hural/ecnometric/shine/data/НҮТС-2018/3. Men.sav,НҮТС-2018,3. Men.sav,MWM12,Асуулгын хуудас бичигдсэн хэл,other
C:/tsogoo/Hicheel/erdem shinjilgeenii hural/ecnometric/shine/data/НҮТС-2018/3. Men.sav,НҮТС-2018,3. Men.sav,MWM13,Ярилцлага хийсэн хэл,other
C:/tsogoo/Hicheel/erdem shinjilgeenii hural/ecnometric/shine/data/НҮТС-2018/3. Men.sav,НҮТС-2018,3. Men.sav,MWM14,Ярилцлага өгөгчийн эх хэл,parents_family
C:/tsogoo/Hicheel/erdem shinjilgeenii hural/ecnometric/shine/data/НҮТС-2018/3. Men.sav,НҮТС-2018,3. Men.sav,MWM15,Ярилцлагын явцад орчуулга ашигласан эсэх,parents_family
C:/tsogoo/Hicheel/erdem shinjilgeenii hural/ecnometric/shine/data/НҮТС-2018/3. Men.sav,НҮТС-2018,3. Men.sav,MWMHINT,Өрхийн ярилцлага авагчийн дугаар,wealth_assets_housing
C:/tsogoo/Hicheel/erdem shinjilgeenii hural/ecnometric/shine/data/НҮТС-2018/3. Men.sav,НҮТС-2018,3. Men.sav,MWMFIN,Дуусгах,wealth_assets_housing
C:/tsogoo/Hicheel/erdem shinjilgeenii hural/ecnometric/shine/data/НҮТС-2018/3. Men.sav,НҮТС-2018,3. Men.sav,MWB3Y,Эрэгтэйн төрсөн он,demographics_geo_weights
C:/tsogoo/Hicheel/erdem shinjilgeenii hural/ecnometric/shine/data/НҮТС-2018/3. Men.sav,НҮТС-2018,3. Men.sav,MWB3M,Эрэгтэйн төрсөн сар,demographics_geo_weights
C:/tsogoo/Hicheel/erdem shinjilgeenii hural/ecnometric/shine/data/НҮТС-2018/3. Men.sav,НҮТС-2018,3. Men.sav,MWB4,Эрэгтэйн нас,demographics_geo_weights
C:/tsogoo/Hicheel/erdem shinjilgeenii hural/ecnometric/shine/data/НҮТС-2018/3. Men.sav,НҮТС-2018,3. Men.sav,MWB5,"Цэцэрлэгт явж, сургуульд сурч байсан эсэх",education_schooling
C:/tsogoo/Hicheel/erdem shinjilgeenii hural/ecnometric/shine/data/НҮТС-2018/3. Men.sav,НҮТС-2018,3. Men.sav,MWB6A,Сурч байсан хамгийн дээд шатлалын сургууль,education_schooling
C:/tsogoo/Hicheel/erdem shinjilgeenii hural/ecnometric/shine/data/НҮТС-2018/3. Men.sav,НҮТС-2018,3. Men.sav,MWB6B,Сурч байсан хамгийн дээд анги/курс,education_schooling
C:/tsogoo/Hicheel/erdem shinjilgeenii hural/ecnometric/shine/data/НҮТС-2018/3. Men.sav,НҮТС-2018,3. Men.sav,MWB7,Сурч байсан хамгийн дээд анги/курсээ төгссөн эсэх,education_schooling
C:/tsogoo/Hicheel/erdem shinjilgeenii hural/ecnometric/shine/data/НҮТС-2018/3. Men.sav,НҮТС-2018,3. Men.sav,MWB7B,Сурч байсан хамгийн дээд шатлалын сургуулиа төгссөн эсэх,parents_family
C:/tsogoo/Hicheel/erdem shinjilgeenii hural/ecnometric/shine/data/НҮТС-2018/3. Men.sav,НҮТС-2018,3. Men.sav,MWB9,Энэ (2018/2019) хичээлийн жилд сургуульд сурч байгаа эсэх,education_schooling
C:/tsogoo/Hicheel/erdem shinjilgeenii hural/ecnometric/shine/data/НҮТС-2018/3. Men.sav,НҮТС-2018,3. Men.sav,MWB10A,Энэ (2018/2019) хичээлийн жилд сурч байгаа сургуулийн шатлал,other
C:/tsogoo/Hicheel/erdem shinjilgeenii hural/ecnometric/shine/data/НҮТС-2018/3. Men.sav,НҮТС-2018,3. Men.sav,MWB10B,Энэ (2018/2019) хичээлийн жилд сурч байгаа анги/курс,education_schooling
C:/tsogoo/Hicheel/erdem shinjilgeenii hural/ecnometric/shine/data/НҮТС-2018/3. Men.sav,НҮТС-2018,3. Men.sav,MWB11,Өмнөх (2017/2018) хичээлийн жилд сургуульд сурсан эсэх,education_schooling
C:/tsogoo/Hicheel/erdem shinjilgeenii hural/ecnometric/shine/data/НҮТС-2018/3. Men.sav,НҮТС-2018,3. Men.sav,MWB12A,Өмнөх (2017/2018) хичээлийн жилд сурсан сургуулийн шатлал,other
C:/tsogoo/Hicheel/erdem shinjilgeenii hural/ecnometric/shine/data/НҮТС-2018/3. Men.sav,НҮТС-2018,3. Men.sav,MWB12B,Өмнөх (2017/2018) хичээлийн жилд сурсан анги/курс,education_schooling
C:/tsogoo/Hicheel/erdem shinjilgeenii hural/ecnometric/shine/data/НҮТС-2018/3. Men.sav,НҮТС-2018,3. Men.sav,MWB14,Өгүүлбэрийг уншиж чадсан эсэх,parents_family
C:/tsogoo/Hicheel/erdem shinjilgeenii hural/ecnometric/shine/data/НҮТС-2018/3. Men.sav,НҮТС-2018,3. Men.sav,MWB15,Одоогийн амьдарч байгаа газарт тасралтгүй хэдэн жил амьдарч байгаа,other
C:/tsogoo/Hicheel/erdem shinjilgeenii hural/ecnometric/shine/data/НҮТС-2018/3. Men.sav,НҮТС-2018,3. Men.sav,MWB16,Нүүж ирэхээсээ өмнө хаана амьдарч байсан,parents_family
C:/tsogoo/Hicheel/erdem shinjilgeenii hural/ecnometric/shine/data/НҮТС-2018/3. Men.sav,НҮТС-2018,3. Men.sav,MWB17,Нүүж ирэхээсээ өмнө байнга оршин сууж байсан аймаг,parents_family
C:/tsogoo/Hicheel/erdem shinjilgeenii hural/ecnometric/shine/data/НҮТС-2018/3. Men.sav,НҮТС-2018,3. Men.sav,MWB17A,Нүүж ирэхээсээ өмнө байнга амьдарч байсан улс,parents_family
C:/tsogoo/Hicheel/erdem shinjilgeenii hural/ecnometric/shine/data/НҮТС-2018/3. Men.sav,НҮТС-2018,3. Men.sav,MWDOI,Date of interview man (CMC),other
C:/tsogoo/Hicheel/erdem shinjilgeenii hural/ecnometric/shine/data/НҮТС-2018/3. Men.sav,НҮТС-2018,3. Men.sav,MWB3C,Date of birth of man (CMC),demographics_geo_weights
C:/tsogoo/Hicheel/erdem shinjilgeenii hural/ecnometric/shine/data/НҮТС-2018/3. Men.sav,НҮТС-2018,3. Men.sav,MW31F,Date flag for WB3,other
C:/tsogoo/Hicheel/erdem shinjilgeenii hural/ecnometric/shine/data/НҮТС-2018/3. Men.sav,НҮТС-2018,3. Men.sav,MWB4C,Age of respondent (calculated),demographics_geo_weights
C:/tsogoo/Hicheel/erdem shinjilgeenii hural/ecnometric/shine/data/НҮТС-2018/3. Men.sav,НҮТС-2018,3. Men.sav,MWAGE,Age,demographics_geo_weights
C:/tsogoo/Hicheel/erdem shinjilgeenii hural/ecnometric/shine/data/НҮТС-2018/3. Men.sav,НҮТС-2018,3. Men.sav,MMT1,"Сонин, хэвлэл уншдаг давтамж",other
C:/tsogoo/Hicheel/erdem shinjilgeenii hural/ecnometric/shine/data/НҮТС-2018/3. Men.sav,НҮТС-2018,3. Men.sav,MMT2,Радио сонсдог давтамж,other
C:/tsogoo/Hicheel/erdem shinjilgeenii hural/ecnometric/shine/data/НҮТС-2018/3. Men.sav,НҮТС-2018,3. Men.sav,MMT3,Телевиз үздэг давтамж,other
C:/tsogoo/Hicheel/erdem shinjilgeenii hural/ecnometric/shine/data/НҮТС-2018/3. Men.sav,НҮТС-2018,3. Men.sav,MMT4,"Компьютер, таблет хэрэглэж үзсэн эсэх",parents_family
C:/tsogoo/Hicheel/erdem shinjilgeenii hural/ecnometric/shine/data/НҮТС-2018/3. Men.sav,НҮТС-2018,3. Men.sav,MMT5,"Сүүлийн 3 сарын хугацаанд компьютер, таблетыг хэрэглэсэн давтамж",other
C:/tsogoo/Hicheel/erdem shinjilgeenii hural/ecnometric/shine/data/НҮТС-2018/3. Men.sav,НҮТС-2018,3. Men.sav,MMT6A,Файл хуулсан/ зөөсөн,other
C:/tsogoo/Hicheel/erdem shinjilgeenii hural/ecnometric/shine/data/НҮТС-2018/3. Men.sav,НҮТС-2018,3. Men.sav,MMT6B,Текст хуулсан/ зөөсөн,other
C:/tsogoo/Hicheel/erdem shinjilgeenii hural/ecnometric/shine/data/НҮТС-2018/3. Men.sav,НҮТС-2018,3. Men.sav,MMT6C,Хавсралттай цахим шуудан илгээсэн,other
C:/tsogoo/Hicheel/erdem shinjilgeenii hural/ecnometric/shine/data/НҮТС-2018/3. Men.sav,НҮТС-2018,3. Men.sav,MMT6D,Үндсэн томьёо ашигласан,other
C:/tsogoo/Hicheel/erdem shinjilgeenii hural/ecnometric/shine/data/НҮТС-2018/3. Men.sav,НҮТС-2018,3. Men.sav,MMT6E,"Төхөөрөмжийг таниулж, суулгасан",other
C:/tsogoo/Hicheel/erdem shinjilgeenii hural/ecnometric/shine/data/НҮТС-2018/3. Men.sav,НҮТС-2018,3. Men.sav,MMT6F,"Програм хайх, татах, суулгах,  тохируулсан",other
C:/tsogoo/Hicheel/erdem shinjilgeenii hural/ecnometric/shine/data/НҮТС-2018/3. Men.sav,НҮТС-2018,3. Men.sav,MMT6G,Илтгэл (пресентаци) бэлтгэсэн,other
C:/tsogoo/Hicheel/erdem shinjilgeenii hural/ecnometric/shine/data/НҮТС-2018/3. Men.sav,НҮТС-2018,3. Men.sav,MMT6H,Файл дамжуулсан,other
C:/tsogoo/Hicheel/erdem shinjilgeenii hural/ecnometric/shine/data/НҮТС-2018/3. Men.sav,НҮТС-2018,3. Men.sav,MMT6I,Програмчлал,other
C:/tsogoo/Hicheel/erdem shinjilgeenii hural/ecnometric/shine/data/НҮТС-2018/3. Men.sav,НҮТС-2018,3. Men.sav,MMT9,Интернет хэрэглэж үзсэн эсэх,parents_family
C:/tsogoo/Hicheel/erdem shinjilgeenii hural/ecnometric/shine/data/НҮТС-2018/3. Men.sav,НҮТС-2018,3. Men.sav,MMT10,Сүүлийн 3 сард интернет хэрэглэсэн давтамж,other
C:/tsogoo/Hicheel/erdem shinjilgeenii hural/ecnometric/shine/data/НҮТС-2018/3. Men.sav,НҮТС-2018,3. Men.sav,MMT11,Гар утастай эсэх,parents_family
C:/tsogoo/Hicheel/erdem shinjilgeenii hural/ecnometric/shine/data/НҮТС-2018/3. Men.sav,НҮТС-2018,3. Men.sav,MMT12,Сүүлийн 3 сард гар утсаа хэрэглэсэн давтамж,other
C:/tsogoo/Hicheel/erdem shinjilgeenii hural/ecnometric/shine/data/НҮТС-2018/3. Men.sav,НҮТС-2018,3. Men.sav,MCM1,Төрсөн хүүхэдтэй эсэх,parents_family
C:/tsogoo/Hicheel/erdem shinjilgeenii hural/ecnometric/shine/data/НҮТС-2018/3. Men.sav,НҮТС-2018,3. Men.sav,MCM2,Хамт амьдардаг төрсөн хүүхэд байгаа эсэх,parents_family
C:/tsogoo/Hicheel/erdem shinjilgeenii hural/ecnometric/shine/data/НҮТС-2018/3. Men.sav,НҮТС-2018,3. Men.sav,MCM3,Хамт амьдардаг хүүгийн тоо,other
C:/tsogoo/Hicheel/erdem shinjilgeenii hural/ecnometric/shine/data/НҮТС-2018/3. Men.sav,НҮТС-2018,3. Men.sav,MCM4,Хамт амьдардаг охины тоо,other
C:/tsogoo/Hicheel/erdem shinjilgeenii hural/ecnometric/shine/data/НҮТС-2018/3. Men.sav,НҮТС-2018,3. Men.sav,MCM5,Тусдаа амьдардаг төрсөн хүүхэд байгаа эсэх,wealth_assets_housing
C:/tsogoo/Hicheel/erdem shinjilgeenii hural/ecnometric/shine/data/НҮТС-2018/3. Men.sav,НҮТС-2018,3. Men.sav,MCM6,Тусдаа амьдардаг хүүгийн тоо,wealth_assets_housing
C:/tsogoo/Hicheel/erdem shinjilgeenii hural/ecnometric/shine/data/НҮТС-2018/3. Men.sav,НҮТС-2018,3. Men.sav,MCM7,Тусдаа амьдардаг охины тоо,wealth_assets_housing
C:/tsogoo/Hicheel/erdem shinjilgeenii hural/ecnometric/shine/data/НҮТС-2018/3. Men.sav,НҮТС-2018,3. Men.sav,MCM8,Амьд төрөөд эндсэн хүүхэд байгаа эсэх,parents_family
C:/tsogoo/Hicheel/erdem shinjilgeenii hural/ecnometric/shine/data/НҮТС-2018/3. Men.sav,НҮТС-2018,3. Men.sav,MCM9,Эндсэн хүүгийн тоо,other
C:/tsogoo/Hicheel/erdem shinjilgeenii hural/ecnometric/shine/data/НҮТС-2018/3. Men.sav,НҮТС-2018,3. Men.sav,MCM10,Эндсэн охины тоо,other
C:/tsogoo/Hicheel/erdem shinjilgeenii hural/ecnometric/shine/data/НҮТС-2018/3. Men.sav,НҮТС-2018,3. Men.sav,MCM11,Нийт амьд төрсөн хүүхдийн тоо,demographics_geo_weights
C:/tsogoo/Hicheel/erdem shinjilgeenii hural/ecnometric/shine/data/НҮТС-2018/3. Men.sav,НҮТС-2018,3. Men.sav,MCM12,Нийт амьд төрсөн хүүхдийн тоо зөв эсэх,parents_family
C:/tsogoo/Hicheel/erdem shinjilgeenii hural/ecnometric/shine/data/НҮТС-2018/3. Men.sav,НҮТС-2018,3. Men.sav,MCM15,Төрсөн хүүхдүүд нэг эхтэй эсэх,parents_family
C:/tsogoo/Hicheel/erdem shinjilgeenii hural/ecnometric/shine/data/НҮТС-2018/3. Men.sav,НҮТС-2018,3. Men.sav,MCM16,Хүүхдүүдийг нь төрүүлсэн хэдэн эмэгтэй байдаг,other
C:/tsogoo/Hicheel/erdem shinjilgeenii hural/ecnometric/shine/data/НҮТС-2018/3. Men.sav,НҮТС-2018,3. Men.sav,MCM17,Хамгийн том хүүхэд нь төрөхөд хэдэн настай байсан,demographics_geo_weights
C:/tsogoo/Hicheel/erdem shinjilgeenii hural/ecnometric/shine/data/НҮТС-2018/3. Men.sav,НҮТС-2018,3. Men.sav,MCM18Y,Хамгийн бага хүүхдийн төрсөн он,demographics_geo_weights
C:/tsogoo/Hicheel/erdem shinjilgeenii hural/ecnometric/shine/data/НҮТС-2018/3. Men.sav,НҮТС-2018,3. Men.sav,MCM18M,Хамгийн бага хүүхдийн төрсөн сар,demographics_geo_weights
C:/tsogoo/Hicheel/erdem shinjilgeenii hural/ecnometric/shine/data/НҮТС-2018/3. Men.sav,НҮТС-2018,3. Men.sav,MDV1A,"Эхнэр нь гадуур гарахдаа нөхөртөө хэлээгүй бол нөхөр нь эхнэрээ цохиж, зодох нь зөв гэж боддог эсэх",parents_family
C:/tsogoo/Hicheel/erdem shinjilgeenii hural/ecnometric/shine/data/НҮТС-2018/3. Men.sav,НҮТС-2018,3. Men.sav,MDV1B,"Эхнэр нь хүүхэддээ анхаарал тавиагүй бол нөхөр нь эхнэрээ цохиж, зодох нь зөв гэж боддог эсэх",parents_family
C:/tsogoo/Hicheel/erdem shinjilgeenii hural/ecnometric/shine/data/НҮТС-2018/3. Men.sav,НҮТС-2018,3. Men.sav,MDV1C,"Эхнэр нь нөхөртэйгээ маргалдвал нөхөр нь эхнэрээ цохиж, зодох нь зөв гэж боддог эсэх",parents_family
C:/tsogoo/Hicheel/erdem shinjilgeenii hural/ecnometric/shine/data/НҮТС-2018/3. Men.sav,НҮТС-2018,3. Men.sav,MDV1D,"Эхнэр нь нөхөртэйгээ бэлгийн хавьталд орохоос татгалзвал нөхөр нь эхнэрээ цохиж, зодох нь зөв гэж боддог эсэх",parents_family
C:/tsogoo/Hicheel/erdem shinjilgeenii hural/ecnometric/shine/data/НҮТС-2018/3. Men.sav,НҮТС-2018,3. Men.sav,MDV1E,"Эхнэр нь хоолоо түлсэн, хоол нь амтгүй бол нөхөр нь эхнэрээ цохиж, зодох нь зөв гэж боддог эсэх",parents_family
C:/tsogoo/Hicheel/erdem shinjilgeenii hural/ecnometric/shine/data/НҮТС-2018/3. Men.sav,НҮТС-2018,3. Men.sav,MVT1,"Хүч хэрэглэн/ хүч хэрэглэхээр заналхийлж, сүрдүүлж ямар нэгэн эд зүйл авсан эсэх",parents_family
C:/tsogoo/Hicheel/erdem shinjilgeenii hural/ecnometric/shine/data/НҮТС-2018/3. Men.sav,НҮТС-2018,3. Men.sav,MVT2,Хамгийн сүүлийн тохиолдол нь сүүлийн 12 сард болсон эсэх,parents_family
C:/tsogoo/Hicheel/erdem shinjilgeenii hural/ecnometric/shine/data/НҮТС-2018/3. Men.sav,НҮТС-2018,3. Men.sav,MVT3,Сүүлийн 12 сарын хугацаанд хэдэн удаа ийм дээрэм тохиолдсон,other
C:/tsogoo/Hicheel/erdem shinjilgeenii hural/ecnometric/shine/data/НҮТС-2018/3. Men.sav,НҮТС-2018,3. Men.sav,MVT5,Хамгийн сүүлийн тохиолдолд ямар нэгэн эд зүйл авсан эсэх,parents_family
C:/tsogoo/Hicheel/erdem shinjilgeenii hural/ecnometric/shine/data/НҮТС-2018/3. Men.sav,НҮТС-2018,3. Men.sav,MVT6,Тэр хүн/хүмүүс зэвсэгтэй байсан эсэх,parents_family
C:/tsogoo/Hicheel/erdem shinjilgeenii hural/ecnometric/shine/data/НҮТС-2018/3. Men.sav,НҮТС-2018,3. Men.sav,MVT7A,Зэвсэг болгон ашигласан: Хутга,other
C:/tsogoo/Hicheel/erdem shinjilgeenii hural/ecnometric/shine/data/НҮТС-2018/3. Men.sav,НҮТС-2018,3. Men.sav,MVT7B,Зэвсэг болгон ашигласан: Буу,other
C:/tsogoo/Hicheel/erdem shinjilgeenii hural/ecnometric/shine/data/НҮТС-2018/3. Men.sav,НҮТС-2018,3. Men.sav,MVT7X,Зэвсэг болгон ашигласан: Өөр ямар нэгэн эд зүйл (тодруулах),other
C:/tsogoo/Hicheel/erdem shinjilgeenii hural/ecnometric/shine/data/НҮТС-2018/3. Men.sav,НҮТС-2018,3. Men.sav,MVT7NR,Зэвсэг болгон ашигласан: Хариулаагүй,other
C:/tsogoo/Hicheel/erdem shinjilgeenii hural/ecnometric/shine/data/НҮТС-2018/3. Men.sav,НҮТС-2018,3. Men.sav,MVT8,Дээрмийг цагдаагийн байгууллагад мэдэгдсэн эсэх,parents_family
C:/tsogoo/Hicheel/erdem shinjilgeenii hural/ecnometric/shine/data/НҮТС-2018/3. Men.sav,НҮТС-2018,3. Men.sav,MVT9,Сүүлийн 3 жилийн хугацаанд бие махбодийн халдлагад өртсөн эсэх,parents_family
C:/tsogoo/Hicheel/erdem shinjilgeenii hural/ecnometric/shine/data/НҮТС-2018/3. Men.sav,НҮТС-2018,3. Men.sav,MVT10,Хамгийн сүүлийн тохиолдол нь сүүлийн 12 сард болсон эсэх,parents_family
C:/tsogoo/Hicheel/erdem shinjilgeenii hural/ecnometric/shine/data/НҮТС-2018/3. Men.sav,НҮТС-2018,3. Men.sav,MVT11,Сүүлийн 12 сарын хугацаанд хэдэн удаа ийм халдлага тохиолдсон,other
C:/tsogoo/Hicheel/erdem shinjilgeenii hural/ecnometric/shine/data/НҮТС-2018/3. Men.sav,НҮТС-2018,3. Men.sav,MVT12,Халдлага хаана болсон,other
C:/tsogoo/Hicheel/erdem shinjilgeenii hural/ecnometric/shine/data/НҮТС-2018/3. Men.sav,НҮТС-2018,3. Men.sav,MVT13,Халдлагагыг хэдэн хүн үйлдсэн,other
C:/tsogoo/Hicheel/erdem shinjilgeenii hural/ecnometric/shine/data/НҮТС-2018/3. Men.sav,НҮТС-2018,3. Men.sav,MVT14,Халдлагыг үйлдсэн хүнийг харсан эсэх,parents_family
C:/tsogoo/Hicheel/erdem shinjilgeenii hural/ecnometric/shine/data/НҮТС-2018/3. Men.sav,НҮТС-2018,3. Men.sav,MVT17,Тэр хүн/ хүмүүс зэвсэгтэй байсан эсэх,parents_family
C:/tsogoo/Hicheel/erdem shinjilgeenii hural/ecnometric/shine/data/НҮТС-2018/3. Men.sav,НҮТС-2018,3. Men.sav,MVT18A,Зэвсэг болгон ашигласан: Хутга,other
C:/tsogoo/Hicheel/erdem shinjilgeenii hural/ecnometric/shine/data/НҮТС-2018/3. Men.sav,НҮТС-2018,3. Men.sav,MVT18B,Зэвсэг болгон ашигласан: Буу,other
C:/tsogoo/Hicheel/erdem shinjilgeenii hural/ecnometric/shine/data/НҮТС-2018/3. Men.sav,НҮТС-2018,3. Men.sav,MVT18X,Зэвсэг болгон ашигласан: Өөр ямар нэгэн эд зүйл (тодруулах),other
C:/tsogoo/Hicheel/erdem shinjilgeenii hural/ecnometric/shine/data/НҮТС-2018/3. Men.sav,НҮТС-2018,3. Men.sav,MVT18NR,Зэвсэг болгон ашигласан: Хариулаагүй,other
C:/tsogoo/Hicheel/erdem shinjilgeenii hural/ecnometric/shine/data/НҮТС-2018/3. Men.sav,НҮТС-2018,3. Men.sav,MVT19,Халдлагыг цагдаагийн байгууллагад мэдэгдсэн эсэх,parents_family
C:/tsogoo/Hicheel/erdem shinjilgeenii hural/ecnometric/shine/data/НҮТС-2018/3. Men.sav,НҮТС-2018,3. Men.sav,MVT20,Харанхуйд гэрийнхээ ойр орчим ганцаараа явахад хэр аюулгүй санагддаг,other
C:/tsogoo/Hicheel/erdem shinjilgeenii hural/ecnometric/shine/data/НҮТС-2018/3. Men.sav,НҮТС-2018,3. Men.sav,MVT21,Харанхуйд гэртээ ганцаараа байхад хэр аюулгүй санагддаг,other
C:/tsogoo/Hicheel/erdem shinjilgeenii hural/ecnometric/shine/data/НҮТС-2018/3. Men.sav,НҮТС-2018,3. Men.sav,MVT22A,Сүүлийн 12 сарын хугацаанд ялгаварлан гадуурхалт мэдэрсэн эсэх: Үндэс угсаа,parents_family
C:/tsogoo/Hicheel/erdem shinjilgeenii hural/ecnometric/shine/data/НҮТС-2018/3. Men.sav,НҮТС-2018,3. Men.sav,MVT22B,Сүүлийн 12 сарын хугацаанд ялгаварлан гадуурхалт мэдэрсэн эсэх: Хүйс,parents_family
C:/tsogoo/Hicheel/erdem shinjilgeenii hural/ecnometric/shine/data/НҮТС-2018/3. Men.sav,НҮТС-2018,3. Men.sav,MVT22C,Сүүлийн 12 сарын хугацаанд ялгаварлан гадуурхалт мэдэрсэн эсэх: Бэлгийн чиг хандлага,parents_family
C:/tsogoo/Hicheel/erdem shinjilgeenii hural/ecnometric/shine/data/НҮТС-2018/3. Men.sav,НҮТС-2018,3. Men.sav,MVT22D,Сүүлийн 12 сарын хугацаанд ялгаварлан гадуурхалт мэдэрсэн эсэх: Нас,parents_family
C:/tsogoo/Hicheel/erdem shinjilgeenii hural/ecnometric/shine/data/НҮТС-2018/3. Men.sav,НҮТС-2018,3. Men.sav,MVT22E,Сүүлийн 12 сарын хугацаанд ялгаварлан гадуурхалт мэдэрсэн эсэх: Шашин/шүтлэг,parents_family
C:/tsogoo/Hicheel/erdem shinjilgeenii hural/ecnometric/shine/data/НҮТС-2018/3. Men.sav,НҮТС-2018,3. Men.sav,MVT22F,Сүүлийн 12 сарын хугацаанд ялгаварлан гадуурхалт мэдэрсэн эсэх: Хөгжлийн бэрхшээл,parents_family
C:/tsogoo/Hicheel/erdem shinjilgeenii hural/ecnometric/shine/data/НҮТС-2018/3. Men.sav,НҮТС-2018,3. Men.sav,MVT22G,Сүүлийн 12 сарын хугацаанд ялгаварлан гадуурхалт мэдэрсэн эсэх: Нутаг ус,wealth_assets_housing
C:/tsogoo/Hicheel/erdem shinjilgeenii hural/ecnometric/shine/data/НҮТС-2018/3. Men.sav,НҮТС-2018,3. Men.sav,MVT22H,"Сүүлийн 12 сарын хугацаанд ялгаварлан гадуурхалт мэдэрсэн эсэх: Хот, хөдөөгийн ялгаа",parents_family
C:/tsogoo/Hicheel/erdem shinjilgeenii hural/ecnometric/shine/data/НҮТС-2018/3. Men.sav,НҮТС-2018,3. Men.sav,MVT22I,Сүүлийн 12 сарын хугацаанд ялгаварлан гадуурхалт мэдэрсэн эсэх: Амьжиргааны түвшин,parents_family
C:/tsogoo/Hicheel/erdem shinjilgeenii hural/ecnometric/shine/data/НҮТС-2018/3. Men.sav,НҮТС-2018,3. Men.sav,MVT22J,Сүүлийн 12 сарын хугацаанд ялгаварлан гадуурхалт мэдэрсэн эсэх: Амьдарч байгаа газар,parents_family
C:/tsogoo/Hicheel/erdem shinjilgeenii hural/ecnometric/shine/data/НҮТС-2018/3. Men.sav,НҮТС-2018,3. Men.sav,MVT22K,Сүүлийн 12 сарын хугацаанд ялгаварлан гадуурхалт мэдэрсэн эсэх: Боловсролын түвшин,education_schooling
C:/tsogoo/Hicheel/erdem shinjilgeenii hural/ecnometric/shine/data/НҮТС-2018/3. Men.sav,НҮТС-2018,3. Men.sav,MVT22X,Сүүлийн 12 сарын хугацаанд ялгаварлан гадуурхалт мэдэрсэн эсэх: Бусад шалтгаан,wealth_assets_housing
C:/tsogoo/Hicheel/erdem shinjilgeenii hural/ecnometric/shine/data/НҮТС-2018/3. Men.sav,НҮТС-2018,3. Men.sav,MVT23,Сүүлийн 12 сарын хугацаанд эд зүйлсээ хулгайд алдсан эсэх,parents_family
C:/tsogoo/Hicheel/erdem shinjilgeenii hural/ecnometric/shine/data/НҮТС-2018/3. Men.sav,НҮТС-2018,3. Men.sav,MVT24,Хулгайг цагдаагийн байгууллагад мэдэгдсэн эсэх,parents_family
C:/tsogoo/Hicheel/erdem shinjilgeenii hural/ecnometric/shine/data/НҮТС-2018/3. Men.sav,НҮТС-2018,3. Men.sav,MVT25,Сүүлийн 12 сарын хугацаанд эд зүйлсээ залилуулсан тохиолдол бий эсэх,parents_family
C:/tsogoo/Hicheel/erdem shinjilgeenii hural/ecnometric/shine/data/НҮТС-2018/3. Men.sav,НҮТС-2018,3. Men.sav,MVT26,Залиланг цагдаагийн байгууллагад мэдэгдсэн эсэх,parents_family
C:/tsogoo/Hicheel/erdem shinjilgeenii hural/ecnometric/shine/data/НҮТС-2018/3. Men.sav,НҮТС-2018,3. Men.sav,MMA1,Гэрлэсэн эсвэл хамтран амьдарч байгаа эсэх,parents_family
C:/tsogoo/Hicheel/erdem shinjilgeenii hural/ecnometric/shine/data/НҮТС-2018/3. Men.sav,НҮТС-2018,3. Men.sav,MMA5,Ер нь гэрлэж эсвэл хамтран амьдарч байсан эсэх,parents_family
C:/tsogoo/Hicheel/erdem shinjilgeenii hural/ecnometric/shine/data/НҮТС-2018/3. Men.sav,НҮТС-2018,3. Men.sav,MMA6,"Бэлбэсэн, салсан эсвэл тусгаарласан эсэх",wealth_assets_housing
C:/tsogoo/Hicheel/erdem shinjilgeenii hural/ecnometric/shine/data/НҮТС-2018/3. Men.sav,НҮТС-2018,3. Men.sav,MMA7,1-с олон удаа гэрлэж/ хамтран амьдарч байсан эсэх,parents_family
C:/tsogoo/Hicheel/erdem shinjilgeenii hural/ecnometric/shine/data/НҮТС-2018/3. Men.sav,НҮТС-2018,3. Men.sav,MMA8Y,Анх гэрлэсэн/ хамтран амьдарч эхэлсэн он,parents_family
C:/tsogoo/Hicheel/erdem shinjilgeenii hural/ecnometric/shine/data/НҮТС-2018/3. Men.sav,НҮТС-2018,3. Men.sav,MMA8M,Анх гэрлэсэн/ хамтран амьдарч эхэлсэн сар,parents_family
C:/tsogoo/Hicheel/erdem shinjilgeenii hural/ecnometric/shine/data/НҮТС-2018/3. Men.sav,НҮТС-2018,3. Men.sav,MMA11,Анх гэрлэсэн/ хамтран амьдарч эхэлсэн нас,parents_family
C:/tsogoo/Hicheel/erdem shinjilgeenii hural/ecnometric/shine/data/НҮТС-2018/3. Men.sav,НҮТС-2018,3. Men.sav,MMA8C,Date of first union (CMC),other
C:/tsogoo/Hicheel/erdem shinjilgeenii hural/ecnometric/shine/data/НҮТС-2018/3. Men.sav,НҮТС-2018,3. Men.sav,MMA8F,Date flag for MMA8C,other
C:/tsogoo/Hicheel/erdem shinjilgeenii hural/ecnometric/shine/data/НҮТС-2018/3. Men.sav,НҮТС-2018,3. Men.sav,MMA11C,Age at first union (calculated),demographics_geo_weights
C:/tsogoo/Hicheel/erdem shinjilgeenii hural/ecnometric/shine/data/НҮТС-2018/3. Men.sav,НҮТС-2018,3. Men.sav,MAF2,Харааны шил эсвэл контакт линз зүүдэг эсэх,parents_family
C:/tsogoo/Hicheel/erdem shinjilgeenii hural/ecnometric/shine/data/НҮТС-2018/3. Men.sav,НҮТС-2018,3. Men.sav,MAF3,Сонсголын аппарат зүүдэг эсэх,parents_family
C:/tsogoo/Hicheel/erdem shinjilgeenii hural/ecnometric/shine/data/НҮТС-2018/3. Men.sav,НҮТС-2018,3. Men.sav,MAF6,Харааны шил/ контакт линз зүүсэн хэдий ч юм харахад хүндрэлтэй байдаг эсэх,parents_family
C:/tsogoo/Hicheel/erdem shinjilgeenii hural/ecnometric/shine/data/НҮТС-2018/3. Men.sav,НҮТС-2018,3. Men.sav,MAF8,Сонсголын аппарат зүүсэн хэдий ч юм сонсоход хүндрэлтэй байдаг эсэх,parents_family
C:/tsogoo/Hicheel/erdem shinjilgeenii hural/ecnometric/shine/data/НҮТС-2018/3. Men.sav,НҮТС-2018,3. Men.sav,MAF9,Алхах болон шатаар явахад хүндрэлтэй байдаг эсэх,parents_family
C:/tsogoo/Hicheel/erdem shinjilgeenii hural/ecnometric/shine/data/НҮТС-2018/3. Men.sav,НҮТС-2018,3. Men.sav,MAF10,"Аливаа зүйлийг санах, анхаарлаа төвлөрүүлэхэд хүндрэлтэй байдаг эсэх",parents_family
C:/tsogoo/Hicheel/erdem shinjilgeenii hural/ecnometric/shine/data/НҮТС-2018/3. Men.sav,НҮТС-2018,3. Men.sav,MAF11,Бие даан өөрийгөө арчлахад хүндрэлтэй байдаг эсэх,parents_family
C:/tsogoo/Hicheel/erdem shinjilgeenii hural/ecnometric/shine/data/НҮТС-2018/3. Men.sav,НҮТС-2018,3. Men.sav,MAF12,Бусадтай харилцахад ямар нэгэн бэрхшээл гардаг эсэх,wealth_assets_housing
C:/tsogoo/Hicheel/erdem shinjilgeenii hural/ecnometric/shine/data/НҮТС-2018/3. Men.sav,НҮТС-2018,3. Men.sav,MSB1,Хамгийн анх бэлгийн хавьталд орсон нас,demographics_geo_weights
C:/tsogoo/Hicheel/erdem shinjilgeenii hural/ecnometric/shine/data/НҮТС-2018/3. Men.sav,НҮТС-2018,3. Men.sav,MSB2U,Хамгийн сүүлд хэзээ бэлгийн хавьталд орсон - нэгж,other
C:/tsogoo/Hicheel/erdem shinjilgeenii hural/ecnometric/shine/data/НҮТС-2018/3. Men.sav,НҮТС-2018,3. Men.sav,MSB2N,Хамгийн сүүлд хэзээ бэлгийн хавьталд орсон - хугацаа,other
C:/tsogoo/Hicheel/erdem shinjilgeenii hural/ecnometric/shine/data/НҮТС-2018/3. Men.sav,НҮТС-2018,3. Men.sav,MSB3,Хамгийн сүүлд бэлгийн хавьталд орохдоо бэлгэвч хэрэглэсэн эсэх,parents_family
C:/tsogoo/Hicheel/erdem shinjilgeenii hural/ecnometric/shine/data/НҮТС-2018/3. Men.sav,НҮТС-2018,3. Men.sav,MSB4,Хамгийн сүүлд бэлгийн хавьталд орсон хүний хамаарал,other
C:/tsogoo/Hicheel/erdem shinjilgeenii hural/ecnometric/shine/data/НҮТС-2018/3. Men.sav,НҮТС-2018,3. Men.sav,MSB6,Хамгийн сүүлийн бэлгийн хавьтагчийн нас,demographics_geo_weights
C:/tsogoo/Hicheel/erdem shinjilgeenii hural/ecnometric/shine/data/НҮТС-2018/3. Men.sav,НҮТС-2018,3. Men.sav,MSB7,Сүүлийн 12 сарын хугацаанд өөр хүнтэй бэлгийн хавьталд орсон эсэх,parents_family
C:/tsogoo/Hicheel/erdem shinjilgeenii hural/ecnometric/shine/data/НҮТС-2018/3. Men.sav,НҮТС-2018,3. Men.sav,MSB8,Тэр хүнтэйгээ хамгийн сүүлд бэлгийн хавьталд орохдоо бэлгэвч хэрэглэсэн эсэх,parents_family
C:/tsogoo/Hicheel/erdem shinjilgeenii hural/ecnometric/shine/data/НҮТС-2018/3. Men.sav,НҮТС-2018,3. Men.sav,MSB9,Тэр хүнтэйгээ ямар хамааралтай байсан,other
C:/tsogoo/Hicheel/erdem shinjilgeenii hural/ecnometric/shine/data/НҮТС-2018/3. Men.sav,НҮТС-2018,3. Men.sav,MSB12,Тэр хүний нас,demographics_geo_weights
C:/tsogoo/Hicheel/erdem shinjilgeenii hural/ecnometric/shine/data/НҮТС-2018/3. Men.sav,НҮТС-2018,3. Men.sav,MHA1,"ХДХВ/ДОХ–ын талаар сонсож, уншиж байсан эсэх",parents_family
C:/tsogoo/Hicheel/erdem shinjilgeenii hural/ecnometric/shine/data/НҮТС-2018/3. Men.sav,НҮТС-2018,3. Men.sav,MHA2,"ДОХ-ын халдваргүй, бэлгийн үнэнч нэг хавьтагчтай байснаар халдвар авах эрсдэлийг бууруулж чадна",other
C:/tsogoo/Hicheel/erdem shinjilgeenii hural/ecnometric/shine/data/НҮТС-2018/3. Men.sav,НҮТС-2018,3. Men.sav,MHA3,Шумууланд хазуулснаар ДОХ-ын халдвар авч болно,other
C:/tsogoo/Hicheel/erdem shinjilgeenii hural/ecnometric/shine/data/НҮТС-2018/3. Men.sav,НҮТС-2018,3. Men.sav,MHA4,Бэлгийн хавьталд орох бүртээ бэлгэвч хэрэглэснээр ДОХ-ын халдвар авах эрсдэлийг бууруулж чадна,other
C:/tsogoo/Hicheel/erdem shinjilgeenii hural/ecnometric/shine/data/НҮТС-2018/3. Men.sav,НҮТС-2018,3. Men.sav,MHA5,ДОХ-ын халдвартай хүнтэй хоол хүнсээ хувааж идэхэд халдвар дамжих боломжтой,parents_family
C:/tsogoo/Hicheel/erdem shinjilgeenii hural/ecnometric/shine/data/НҮТС-2018/3. Men.sav,НҮТС-2018,3. Men.sav,MHA7,Гаднаас нь харахад эрүүл хүн ДОХ-ын халдвартай байж болно,health_disability_nutrition
C:/tsogoo/Hicheel/erdem shinjilgeenii hural/ecnometric/shine/data/НҮТС-2018/3. Men.sav,НҮТС-2018,3. Men.sav,MHA7A,"Өөр хүний хэрэглэсэн зүү, тариураар ДОХ-ын халдвар дамжих боломжтой",other
C:/tsogoo/Hicheel/erdem shinjilgeenii hural/ecnometric/shine/data/НҮТС-2018/3. Men.sav,НҮТС-2018,3. Men.sav,MHA8A,"Жирэмсний үед халдвар эхээс ураг, нярайд дамжих боломжтой",parents_family
C:/tsogoo/Hicheel/erdem shinjilgeenii hural/ecnometric/shine/data/НҮТС-2018/3. Men.sav,НҮТС-2018,3. Men.sav,MHA8B,"Төрөх үед халдвар эхээс ураг, нярайд дамжих боломжтой",parents_family
C:/tsogoo/Hicheel/erdem shinjilgeenii hural/ecnometric/shine/data/НҮТС-2018/3. Men.sav,НҮТС-2018,3. Men.sav,MHA8C,"Хүүхэд хөхүүлэх үед халдвар эхээс ураг, нярайд дамжих боломжтой",parents_family
C:/tsogoo/Hicheel/erdem shinjilgeenii hural/ecnometric/shine/data/НҮТС-2018/3. Men.sav,НҮТС-2018,3. Men.sav,MHA10,"ДОХ-ын халдвар эхээс ураг, нярайд дамжих эрсдэлийг бууруулдаг эм байдаг эсэхийг мэдэх эсэх",parents_family
C:/tsogoo/Hicheel/erdem shinjilgeenii hural/ecnometric/shine/data/НҮТС-2018/3. Men.sav,НҮТС-2018,3. Men.sav,MHA24,Ер нь ДОХ-ын шинжилгээ өгч байсан эсэх,parents_family
C:/tsogoo/Hicheel/erdem shinjilgeenii hural/ecnometric/shine/data/НҮТС-2018/3. Men.sav,НҮТС-2018,3. Men.sav,MHA25,Хамгийн сүүлд хэдэн сарын өмнө ДОХ-ын шинжилгээ өгсөн,other
C:/tsogoo/Hicheel/erdem shinjilgeenii hural/ecnometric/shine/data/НҮТС-2018/3. Men.sav,НҮТС-2018,3. Men.sav,MHA26,Шинжилгээний хариугаа авсан эсэх,parents_family
C:/tsogoo/Hicheel/erdem shinjilgeenii hural/ecnometric/shine/data/НҮТС-2018/3. Men.sav,НҮТС-2018,3. Men.sav,MHA27,Шинжилгээ өгч болох газрыг мэдэх эсэх,parents_family
C:/tsogoo/Hicheel/erdem shinjilgeenii hural/ecnometric/shine/data/НҮТС-2018/3. Men.sav,НҮТС-2018,3. Men.sav,MHA28,ДОХ-ын халдвартай эсэхийг өөрсдөө шалгаж болдог тест байдаг талаар сонсож байсан эсэх,parents_family
C:/tsogoo/Hicheel/erdem shinjilgeenii hural/ecnometric/shine/data/НҮТС-2018/3. Men.sav,НҮТС-2018,3. Men.sav,MHA29,ДОХ-ын халдвартай эсэхийг шалгадаг тестийг хэрэглэж байсан эсэх,parents_family
C:/tsogoo/Hicheel/erdem shinjilgeenii hural/ecnometric/shine/data/НҮТС-2018/3. Men.sav,НҮТС-2018,3. Men.sav,MHA30,Ногооны худалдагчийг ДОХ-ын халдвартай гэж мэдвэл түүнээс ногоо худалдаж авах эсэх,parents_family
C:/tsogoo/Hicheel/erdem shinjilgeenii hural/ecnometric/shine/data/НҮТС-2018/3. Men.sav,НҮТС-2018,3. Men.sav,MHA31,ДОХ-ын халдвартай хүүхэд эрүүл хүүхдүүдтэй хамт суралцахыг хүлээн зөвшөөрөх эсэх,parents_family
C:/tsogoo/Hicheel/erdem shinjilgeenii hural/ecnometric/shine/data/НҮТС-2018/3. Men.sav,НҮТС-2018,3. Men.sav,MHA32,Хүмүүс шинжилгээгээр ДОХ-той гэж гарвал бусдын хандлагаас эмээж ДОХ-ын шинжилгээ өгдөггүй гэж боддог эсэх,wealth_assets_housing
C:/tsogoo/Hicheel/erdem shinjilgeenii hural/ecnometric/shine/data/НҮТС-2018/3. Men.sav,НҮТС-2018,3. Men.sav,MHA33,Хүмүүс ДОХ-той эсвэл ДОХ-тай байх гэсэн хүмүүсийн талаар муугаар ярьдаг эсэх,parents_family
C:/tsogoo/Hicheel/erdem shinjilgeenii hural/ecnometric/shine/data/НҮТС-2018/3. Men.sav,НҮТС-2018,3. Men.sav,MHA34,Хүмүүс ДОХ-той эсвэл ДОХ-той байх гэсэн хүмүүсээс зайгаа барьдаг эсэх,parents_family
C:/tsogoo/Hicheel/erdem shinjilgeenii hural/ecnometric/shine/data/НҮТС-2018/3. Men.sav,НҮТС-2018,3. Men.sav,MHA35,Хэрвээ манай гэр бүлийн хэн нэгэн хүн ДОХ-ын халдвар авсан бол би ичнэ,other
C:/tsogoo/Hicheel/erdem shinjilgeenii hural/ecnometric/shine/data/НҮТС-2018/3. Men.sav,НҮТС-2018,3. Men.sav,MHA36,ДОХ-ын халдвартай хүний шүлснээс нь халдвар авна гэж айдаг эсэх,parents_family
C:/tsogoo/Hicheel/erdem shinjilgeenii hural/ecnometric/shine/data/НҮТС-2018/3. Men.sav,НҮТС-2018,3. Men.sav,MHA37,"Сүүлийн 12 сарын хугацаанд бэлэг эрхтнээс эвгүй үнэртэй, хэвийн бус ялгадас гарсан эсэх",wealth_assets_housing
C:/tsogoo/Hicheel/erdem shinjilgeenii hural/ecnometric/shine/data/НҮТС-2018/3. Men.sav,НҮТС-2018,3. Men.sav,MHA38,"Сүүлийн 12 сарын хугацаанд бэлэг эрхтэн дээр ямар нэгэн цэврүү, яр, шарх, үү гарсан эсэх",parents_family
C:/tsogoo/Hicheel/erdem shinjilgeenii hural/ecnometric/shine/data/НҮТС-2018/3. Men.sav,НҮТС-2018,3. Men.sav,MHA39,Ер нь БЗДХ-ын шинжилгээ өгч байсан эсэх,parents_family
C:/tsogoo/Hicheel/erdem shinjilgeenii hural/ecnometric/shine/data/НҮТС-2018/3. Men.sav,НҮТС-2018,3. Men.sav,MHA40,Сүүлийн 12 сарын хугацаанд БЗДХ-ын шинжилгээ өгсөн эсэх,parents_family
C:/tsogoo/Hicheel/erdem shinjilgeenii hural/ecnometric/shine/data/НҮТС-2018/3. Men.sav,НҮТС-2018,3. Men.sav,MMC1,Хөвч таслах мэс ажилбар хийлгэсэн эсэх,parents_family
C:/tsogoo/Hicheel/erdem shinjilgeenii hural/ecnometric/shine/data/НҮТС-2018/3. Men.sav,НҮТС-2018,3. Men.sav,MMC2,Хөвч таслах мэс ажилбар хийлгэсэн нас,demographics_geo_weights
C:/tsogoo/Hicheel/erdem shinjilgeenii hural/ecnometric/shine/data/НҮТС-2018/3. Men.sav,НҮТС-2018,3. Men.sav,MMC3,Мэс ажилбарыг хийсэн хүн,work_child_labour
C:/tsogoo/Hicheel/erdem shinjilgeenii hural/ecnometric/shine/data/НҮТС-2018/3. Men.sav,НҮТС-2018,3. Men.sav,MMC4,Мэс ажилбараа хийлгэсэн газар,work_child_labour
C:/tsogoo/Hicheel/erdem shinjilgeenii hural/ecnometric/shine/data/НҮТС-2018/3. Men.sav,НҮТС-2018,3. Men.sav,MTA1,"Ер нь тамхи нэг, хоёр удаа сорж үзсэн эсэх",parents_family
C:/tsogoo/Hicheel/erdem shinjilgeenii hural/ecnometric/shine/data/НҮТС-2018/3. Men.sav,НҮТС-2018,3. Men.sav,MTA2,Анх ширхэг тамхийг бүтнээр нь татсан нас,demographics_geo_weights
C:/tsogoo/Hicheel/erdem shinjilgeenii hural/ecnometric/shine/data/НҮТС-2018/3. Men.sav,НҮТС-2018,3. Men.sav,MTA3,Одоо тамхи татдаг эсэх,parents_family
C:/tsogoo/Hicheel/erdem shinjilgeenii hural/ecnometric/shine/data/НҮТС-2018/3. Men.sav,НҮТС-2018,3. Men.sav,MTA4,Сүүлийн 24 цагт татсан тамхины тоо,other
C:/tsogoo/Hicheel/erdem shinjilgeenii hural/ecnometric/shine/data/НҮТС-2018/3. Men.sav,НҮТС-2018,3. Men.sav,MTA5,Сүүлийн 1 сарын хугацаанд тамхи татсан өдрийн тоо,other
C:/tsogoo/Hicheel/erdem shinjilgeenii hural/ecnometric/shine/data/НҮТС-2018/3. Men.sav,НҮТС-2018,3. Men.sav,MTA6,"Навчин тамхи, дүнсэн тамхи зэрэг бусад төрлийн тамхи татаж байсан эсэх",wealth_assets_housing
C:/tsogoo/Hicheel/erdem shinjilgeenii hural/ecnometric/shine/data/НҮТС-2018/3. Men.sav,НҮТС-2018,3. Men.sav,MTA7,"Сүүлийн 1 сарын хугацаанд навчин тамхи, дүнсэн тамхи зэрэг бусад төрлийн тамхи татсан эсэх",wealth_assets_housing
C:/tsogoo/Hicheel/erdem shinjilgeenii hural/ecnometric/shine/data/НҮТС-2018/3. Men.sav,НҮТС-2018,3. Men.sav,MTA8A,Бусад төрлийн татсан тамхи: Навчин тамхи,wealth_assets_housing
C:/tsogoo/Hicheel/erdem shinjilgeenii hural/ecnometric/shine/data/НҮТС-2018/3. Men.sav,НҮТС-2018,3. Men.sav,MTA8D,Бусад төрлийн татсан тамхи: Дүнсэн тамхи (гаансаар),wealth_assets_housing
C:/tsogoo/Hicheel/erdem shinjilgeenii hural/ecnometric/shine/data/НҮТС-2018/3. Men.sav,НҮТС-2018,3. Men.sav,MTA8E,Бусад төрлийн татсан тамхи: Дүнсэн тамхи (ороодог),wealth_assets_housing
C:/tsogoo/Hicheel/erdem shinjilgeenii hural/ecnometric/shine/data/НҮТС-2018/3. Men.sav,НҮТС-2018,3. Men.sav,MTA8X,Бусад төрлийн татсан тамхи: Бусад (тодруулах),wealth_assets_housing
C:/tsogoo/Hicheel/erdem shinjilgeenii hural/ecnometric/shine/data/НҮТС-2018/3. Men.sav,НҮТС-2018,3. Men.sav,MTA8NR,Бусад төрлийн татсан тамхи: Хариулаагүй,wealth_assets_housing
C:/tsogoo/Hicheel/erdem shinjilgeenii hural/ecnometric/shine/data/НҮТС-2018/3. Men.sav,НҮТС-2018,3. Men.sav,MTA9,Сүүлийн 1 сарын хугацаанд бусад төрлийн тамхи татсан өдрийн тоо,wealth_assets_housing
C:/tsogoo/Hicheel/erdem shinjilgeenii hural/ecnometric/shine/data/НҮТС-2018/3. Men.sav,НҮТС-2018,3. Men.sav,MTA10,"Хамрын тамхи, зажилдаг тамхи зэрэг утаагүй тамхи хэрэглэж байсан эсэх",parents_family
C:/tsogoo/Hicheel/erdem shinjilgeenii hural/ecnometric/shine/data/НҮТС-2018/3. Men.sav,НҮТС-2018,3. Men.sav,MTA11,Сүүлийн 1 сарын хугацаанд утаагүй тамхи хэрэглэсэн эсэх,parents_family
C:/tsogoo/Hicheel/erdem shinjilgeenii hural/ecnometric/shine/data/НҮТС-2018/3. Men.sav,НҮТС-2018,3. Men.sav,MTA12A,Хэрэглэсэн утаагүй тамхи: Зажилдаг тамхи,work_child_labour
C:/tsogoo/Hicheel/erdem shinjilgeenii hural/ecnometric/shine/data/НҮТС-2018/3. Men.sav,НҮТС-2018,3. Men.sav,MTA12B,Хэрэглэсэн утаагүй тамхи: Хамрын тамхи,other
C:/tsogoo/Hicheel/erdem shinjilgeenii hural/ecnometric/shine/data/НҮТС-2018/3. Men.sav,НҮТС-2018,3. Men.sav,MTA12X,Хэрэглэсэн утаагүй тамхи: Бусад (тодруулах),wealth_assets_housing
C:/tsogoo/Hicheel/erdem shinjilgeenii hural/ecnometric/shine/data/НҮТС-2018/3. Men.sav,НҮТС-2018,3. Men.sav,MTA12NR,Хэрэглэсэн утаагүй тамхи: Хариулаагүй,other
C:/tsogoo/Hicheel/erdem shinjilgeenii hural/ecnometric/shine/data/НҮТС-2018/3. Men.sav,НҮТС-2018,3. Men.sav,MTA13,Сүүлийн 1 сарын хугацаанд утаагүй тамхи хэрэглэсэн өдрийн тоо,other
C:/tsogoo/Hicheel/erdem shinjilgeenii hural/ecnometric/shine/data/НҮТС-2018/3. Men.sav,НҮТС-2018,3. Men.sav,MTA14,"Архи, согтууруулах ундаа ууж үзсэн эсэх",parents_family
C:/tsogoo/Hicheel/erdem shinjilgeenii hural/ecnometric/shine/data/НҮТС-2018/3. Men.sav,НҮТС-2018,3. Men.sav,MTA15,"Архи, согтууруулах ундааг анх уусан нас",wealth_assets_housing
C:/tsogoo/Hicheel/erdem shinjilgeenii hural/ecnometric/shine/data/НҮТС-2018/3. Men.sav,НҮТС-2018,3. Men.sav,MTA16,"Сүүлийн 1 сарын хугацаанд архи, согтууруулах ундаа уусан өдрийн тоо",wealth_assets_housing
C:/tsogoo/Hicheel/erdem shinjilgeenii hural/ecnometric/shine/data/НҮТС-2018/3. Men.sav,НҮТС-2018,3. Men.sav,MTA17,"Тодорхойлсон хэмжээний архи, согтууруулах ундааг уусан тоо",wealth_assets_housing
C:/tsogoo/Hicheel/erdem shinjilgeenii hural/ecnometric/shine/data/НҮТС-2018/3. Men.sav,НҮТС-2018,3. Men.sav,MLS1,Өөрийгөө хэр аз жаргалтай гэж үзэж байна,other
C:/tsogoo/Hicheel/erdem shinjilgeenii hural/ecnometric/shine/data/НҮТС-2018/3. Men.sav,НҮТС-2018,3. Men.sav,MLS2,Шатны аль гишгүүр дээр зогсож байна гэж бодож байна,other
C:/tsogoo/Hicheel/erdem shinjilgeenii hural/ecnometric/shine/data/НҮТС-2018/3. Men.sav,НҮТС-2018,3. Men.sav,MLS3,Өнгөрсөн жилийн энэ үеийнхтэй харьцуулбал амьдрал ямар байна,other
C:/tsogoo/Hicheel/erdem shinjilgeenii hural/ecnometric/shine/data/НҮТС-2018/3. Men.sav,НҮТС-2018,3. Men.sav,MLS4,Жилийн дараа амьдрал ямар байна гэж төсөөлж байна,other
C:/tsogoo/Hicheel/erdem shinjilgeenii hural/ecnometric/shine/data/НҮТС-2018/3. Men.sav,НҮТС-2018,3. Men.sav,HH4,Багийн ахлагчийн дугаар,other
C:/tsogoo/Hicheel/erdem shinjilgeenii hural/ecnometric/shine/data/НҮТС-2018/3. Men.sav,НҮТС-2018,3. Men.sav,MWDOB,Эрэгтэйн асуулга авсан огноо (CMC),other
C:/tsogoo/Hicheel/erdem shinjilgeenii hural/ecnometric/shine/data/НҮТС-2018/3. Men.sav,НҮТС-2018,3. Men.sav,MWDOM,Эрэгтэйн төрсөн огноо (CMC),demographics_geo_weights
C:/tsogoo/Hicheel/erdem shinjilgeenii hural/ecnometric/shine/data/НҮТС-2018/3. Men.sav,НҮТС-2018,3. Men.sav,MWAGEM,Анх гэрлэсэн/хамтран амьдарсан нас,demographics_geo_weights
C:/tsogoo/Hicheel/erdem shinjilgeenii hural/ecnometric/shine/data/НҮТС-2018/3. Men.sav,НҮТС-2018,3. Men.sav,MMSTATUS,Гэрлэлтийн байдал,other
C:/tsogoo/Hicheel/erdem shinjilgeenii hural/ecnometric/shine/data/НҮТС-2018/3. Men.sav,НҮТС-2018,3. Men.sav,mwelevel,Боловсрол,education_schooling
C:/tsogoo/Hicheel/erdem shinjilgeenii hural/ecnometric/shine/data/НҮТС-2018/3. Men.sav,НҮТС-2018,3. Men.sav,mdisability,Үйлдлийн чадвар (18-49 нас),demographics_geo_weights
C:/tsogoo/Hicheel/erdem shinjilgeenii hural/ecnometric/shine/data/НҮТС-2018/3. Men.sav,НҮТС-2018,3. Men.sav,HH6,"Хот, хөдөө",demographics_geo_weights
C:/tsogoo/Hicheel/erdem shinjilgeenii hural/ecnometric/shine/data/НҮТС-2018/3. Men.sav,НҮТС-2018,3. Men.sav,HH6A,Байршил,other
C:/tsogoo/Hicheel/erdem shinjilgeenii hural/ecnometric/shine/data/НҮТС-2018/3. Men.sav,НҮТС-2018,3. Men.sav,HH7,Бүс,demographics_geo_weights
C:/tsogoo/Hicheel/erdem shinjilgeenii hural/ecnometric/shine/data/НҮТС-2018/3. Men.sav,НҮТС-2018,3. Men.sav,province,Зорилтот аймаг дүүрэг,demographics_geo_weights
C:/tsogoo/Hicheel/erdem shinjilgeenii hural/ecnometric/shine/data/НҮТС-2018/3. Men.sav,НҮТС-2018,3. Men.sav,ethnicity,Өрхийн тэргүүлэгчийн яс үндэс,wealth_assets_housing
C:/tsogoo/Hicheel/erdem shinjilgeenii hural/ecnometric/shine/data/НҮТС-2018/3. Men.sav,НҮТС-2018,3. Men.sav,religion,Өрхийн тэргүүлэгчийн шашин шүтлэг,wealth_assets_housing
C:/tsogoo/Hicheel/erdem shinjilgeenii hural/ecnometric/shine/data/НҮТС-2018/3. Men.sav,НҮТС-2018,3. Men.sav,mnweight,15-49 насны эрэгтэйчүүдийн түүврийн жин,demographics_geo_weights
C:/tsogoo/Hicheel/erdem shinjilgeenii hural/ecnometric/shine/data/НҮТС-2018/3. Men.sav,НҮТС-2018,3. Men.sav,mnweight_prov,15-49 насны эрэгтэйчүүдийн түүврийн жин (зорилтот аймаг/дүүргийн),demographics_geo_weights
C:/tsogoo/Hicheel/erdem shinjilgeenii hural/ecnometric/shine/data/НҮТС-2018/3. Men.sav,НҮТС-2018,3. Men.sav,wscore,Аж байдлын түвшний нэгдсэн оноо,other
C:/tsogoo/Hicheel/erdem shinjilgeenii hural/ecnometric/shine/data/НҮТС-2018/3. Men.sav,НҮТС-2018,3. Men.sav,windex5,Аж байдлын түвшний квинтиль,other
C:/tsogoo/Hicheel/erdem shinjilgeenii hural/ecnometric/shine/data/НҮТС-2018/3. Men.sav,НҮТС-2018,3. Men.sav,windex10,Аж байдлын түвшний бүлэг,other
C:/tsogoo/Hicheel/erdem shinjilgeenii hural/ecnometric/shine/data/НҮТС-2018/3. Men.sav,НҮТС-2018,3. Men.sav,wscoreu,Аж байдлын түвшний нэгдсэн оноо - Хөдөө,demographics_geo_weights
C:/tsogoo/Hicheel/erdem shinjilgeenii hural/ecnometric/shine/data/НҮТС-2018/3. Men.sav,НҮТС-2018,3. Men.sav,windex5u,Аж байдлын түвшний квинтиль - хот,demographics_geo_weights
C:/tsogoo/Hicheel/erdem shinjilgeenii hural/ecnometric/shine/data/НҮТС-2018/3. Men.sav,НҮТС-2018,3. Men.sav,windex10u,Аж байдлын түвшний бүлэг - хот,demographics_geo_weights
C:/tsogoo/Hicheel/erdem shinjilgeenii hural/ecnometric/shine/data/НҮТС-2018/3. Men.sav,НҮТС-2018,3. Men.sav,wscorer,Аж байдлын түвшний нэгдсэн оноо - Хот,demographics_geo_weights
C:/tsogoo/Hicheel/erdem shinjilgeenii hural/ecnometric/shine/data/НҮТС-2018/3. Men.sav,НҮТС-2018,3. Men.sav,windex5r,Аж байдлын түвшний квинтиль - хөдөө,demographics_geo_weights
C:/tsogoo/Hicheel/erdem shinjilgeenii hural/ecnometric/shine/data/НҮТС-2018/3. Men.sav,НҮТС-2018,3. Men.sav,windex10r,Аж байдлын түвшний бүлэг - хөдөө,demographics_geo_weights
C:/tsogoo/Hicheel/erdem shinjilgeenii hural/ecnometric/shine/data/НҮТС-2018/4. Women.sav,НҮТС-2018,4. Women.sav,HH1,Түүвэрлэгдсэн нэгжийн дугаар,demographics_geo_weights
C:/tsogoo/Hicheel/erdem shinjilgeenii hural/ecnometric/shine/data/НҮТС-2018/4. Women.sav,НҮТС-2018,4. Women.sav,HH2,Өрхийн дугаар,wealth_assets_housing
C:/tsogoo/Hicheel/erdem shinjilgeenii hural/ecnometric/shine/data/НҮТС-2018/4. Women.sav,НҮТС-2018,4. Women.sav,LN,Мөрийн дугаар,other
C:/tsogoo/Hicheel/erdem shinjilgeenii hural/ecnometric/shine/data/НҮТС-2018/4. Women.sav,НҮТС-2018,4. Women.sav,WM1,Түүвэрлэгдсэн нэгжийн дугаар,demographics_geo_weights
C:/tsogoo/Hicheel/erdem shinjilgeenii hural/ecnometric/shine/data/НҮТС-2018/4. Women.sav,НҮТС-2018,4. Women.sav,WM2,Өрхийн дугаар,wealth_assets_housing
C:/tsogoo/Hicheel/erdem shinjilgeenii hural/ecnometric/shine/data/НҮТС-2018/4. Women.sav,НҮТС-2018,4. Women.sav,WM3,Эмэгтэйн мөрийн дугаар,other
C:/tsogoo/Hicheel/erdem shinjilgeenii hural/ecnometric/shine/data/НҮТС-2018/4. Women.sav,НҮТС-2018,4. Women.sav,WMINT,Ярилцлага авагчийн дугаар,other
C:/tsogoo/Hicheel/erdem shinjilgeenii hural/ecnometric/shine/data/НҮТС-2018/4. Women.sav,НҮТС-2018,4. Women.sav,WM4,Багийн ахлагчийн дугаар,other
C:/tsogoo/Hicheel/erdem shinjilgeenii hural/ecnometric/shine/data/НҮТС-2018/4. Women.sav,НҮТС-2018,4. Women.sav,WM5,Ярилцлага авагчийн дугаар,other
C:/tsogoo/Hicheel/erdem shinjilgeenii hural/ecnometric/shine/data/НҮТС-2018/4. Women.sav,НҮТС-2018,4. Women.sav,WM6Y,Ярилцлага авсан он,other
C:/tsogoo/Hicheel/erdem shinjilgeenii hural/ecnometric/shine/data/НҮТС-2018/4. Women.sav,НҮТС-2018,4. Women.sav,WM6M,Ярилцлага авсан сар,other
C:/tsogoo/Hicheel/erdem shinjilgeenii hural/ecnometric/shine/data/НҮТС-2018/4. Women.sav,НҮТС-2018,4. Women.sav,WM6D,Ярилцлага авсан өдөр,other
C:/tsogoo/Hicheel/erdem shinjilgeenii hural/ecnometric/shine/data/НҮТС-2018/4. Women.sav,НҮТС-2018,4. Women.sav,WM8,Өмнө нь ярилцлага авсан эсэх,parents_family
C:/tsogoo/Hicheel/erdem shinjilgeenii hural/ecnometric/shine/data/НҮТС-2018/4. Women.sav,НҮТС-2018,4. Women.sav,WM9,Зөвшөөрөл өгсөн эсэх,parents_family
C:/tsogoo/Hicheel/erdem shinjilgeenii hural/ecnometric/shine/data/НҮТС-2018/4. Women.sav,НҮТС-2018,4. Women.sav,WM17,Ярилцлагын үр дүн,other
C:/tsogoo/Hicheel/erdem shinjilgeenii hural/ecnometric/shine/data/НҮТС-2018/4. Women.sav,НҮТС-2018,4. Women.sav,WM7H,Ярилцлага эхэлсэн цаг,parents_family
C:/tsogoo/Hicheel/erdem shinjilgeenii hural/ecnometric/shine/data/НҮТС-2018/4. Women.sav,НҮТС-2018,4. Women.sav,WM7M,Ярилцлага эхэлсэн минут,parents_family
C:/tsogoo/Hicheel/erdem shinjilgeenii hural/ecnometric/shine/data/НҮТС-2018/4. Women.sav,НҮТС-2018,4. Women.sav,WM10H,Ярилцлага дууссан цаг,wealth_assets_housing
C:/tsogoo/Hicheel/erdem shinjilgeenii hural/ecnometric/shine/data/НҮТС-2018/4. Women.sav,НҮТС-2018,4. Women.sav,WM10M,Ярилцлага дууссан минут,wealth_assets_housing
C:/tsogoo/Hicheel/erdem shinjilgeenii hural/ecnometric/shine/data/НҮТС-2018/4. Women.sav,НҮТС-2018,4. Women.sav,WM11,Ганцаарчилсан орчин бүрдүүлсэн эсэх,parents_family
C:/tsogoo/Hicheel/erdem shinjilgeenii hural/ecnometric/shine/data/НҮТС-2018/4. Women.sav,НҮТС-2018,4. Women.sav,WM12,Асуулгын хуудас бичигдсэн хэл,other
C:/tsogoo/Hicheel/erdem shinjilgeenii hural/ecnometric/shine/data/НҮТС-2018/4. Women.sav,НҮТС-2018,4. Women.sav,WM13,Ярилцлага хийсэн хэл,other
C:/tsogoo/Hicheel/erdem shinjilgeenii hural/ecnometric/shine/data/НҮТС-2018/4. Women.sav,НҮТС-2018,4. Women.sav,WM14,Ярилцлага өгөгчийн эх хэл,parents_family
C:/tsogoo/Hicheel/erdem shinjilgeenii hural/ecnometric/shine/data/НҮТС-2018/4. Women.sav,НҮТС-2018,4. Women.sav,WM15,Ярилцлагын явцад орчуулга ашигласан эсэх,parents_family
C:/tsogoo/Hicheel/erdem shinjilgeenii hural/ecnometric/shine/data/НҮТС-2018/4. Women.sav,НҮТС-2018,4. Women.sav,WMHINT,Өрхийн ярилцлага авагчийн дугаар,wealth_assets_housing
C:/tsogoo/Hicheel/erdem shinjilgeenii hural/ecnometric/shine/data/НҮТС-2018/4. Women.sav,НҮТС-2018,4. Women.sav,WMFIN,Дуусгах,wealth_assets_housing
C:/tsogoo/Hicheel/erdem shinjilgeenii hural/ecnometric/shine/data/НҮТС-2018/4. Women.sav,НҮТС-2018,4. Women.sav,WB3Y,Эмэгтэйн төрсөн он,demographics_geo_weights
C:/tsogoo/Hicheel/erdem shinjilgeenii hural/ecnometric/shine/data/НҮТС-2018/4. Women.sav,НҮТС-2018,4. Women.sav,WB3M,Эмэгтэйн төрсөн сар,demographics_geo_weights
C:/tsogoo/Hicheel/erdem shinjilgeenii hural/ecnometric/shine/data/НҮТС-2018/4. Women.sav,НҮТС-2018,4. Women.sav,WB4,Эмэгтэйн нас,demographics_geo_weights
C:/tsogoo/Hicheel/erdem shinjilgeenii hural/ecnometric/shine/data/НҮТС-2018/4. Women.sav,НҮТС-2018,4. Women.sav,WB5,"Цэцэрлэгт явж, сургуульд сурч байсан эсэх",education_schooling
C:/tsogoo/Hicheel/erdem shinjilgeenii hural/ecnometric/shine/data/НҮТС-2018/4. Women.sav,НҮТС-2018,4. Women.sav,WB6A,Сурч байсан хамгийн дээд шатлалын сургууль,education_schooling
C:/tsogoo/Hicheel/erdem shinjilgeenii hural/ecnometric/shine/data/НҮТС-2018/4. Women.sav,НҮТС-2018,4. Women.sav,WB6B,Сурч байсан хамгийн дээд анги/курс,education_schooling
C:/tsogoo/Hicheel/erdem shinjilgeenii hural/ecnometric/shine/data/НҮТС-2018/4. Women.sav,НҮТС-2018,4. Women.sav,WB7,Сурч байсан хамгийн дээд анги/курсээ төгссөн эсэх,education_schooling
C:/tsogoo/Hicheel/erdem shinjilgeenii hural/ecnometric/shine/data/НҮТС-2018/4. Women.sav,НҮТС-2018,4. Women.sav,WB7B,Сурч байсан хамгийн дээд шатлалын сургуулиа төгссөн эсэх,parents_family
C:/tsogoo/Hicheel/erdem shinjilgeenii hural/ecnometric/shine/data/НҮТС-2018/4. Women.sav,НҮТС-2018,4. Women.sav,WB9,Энэ (2018/2019) хичээлийн жилд сургуульд сурч байгаа эсэх,education_schooling
C:/tsogoo/Hicheel/erdem shinjilgeenii hural/ecnometric/shine/data/НҮТС-2018/4. Women.sav,НҮТС-2018,4. Women.sav,WB10A,Энэ (2018/2019) хичээлийн жилд сурч байгаа сургуулийн шатлал,other
C:/tsogoo/Hicheel/erdem shinjilgeenii hural/ecnometric/shine/data/НҮТС-2018/4. Women.sav,НҮТС-2018,4. Women.sav,WB10B,Энэ (2018/2019) хичээлийн жилд сурч байгаа анги/курс,education_schooling
C:/tsogoo/Hicheel/erdem shinjilgeenii hural/ecnometric/shine/data/НҮТС-2018/4. Women.sav,НҮТС-2018,4. Women.sav,WB11,Өмнөх (2017/2018) хичээлийн жилд сургуульд сурсан эсэх,education_schooling
C:/tsogoo/Hicheel/erdem shinjilgeenii hural/ecnometric/shine/data/НҮТС-2018/4. Women.sav,НҮТС-2018,4. Women.sav,WB12A,Өмнөх (2017/2018) хичээлийн жилд сурсан сургуулийн шатлал,other
C:/tsogoo/Hicheel/erdem shinjilgeenii hural/ecnometric/shine/data/НҮТС-2018/4. Women.sav,НҮТС-2018,4. Women.sav,WB12B,Өмнөх (2017/2018) хичээлийн жилд сурсан анги/курс,education_schooling
C:/tsogoo/Hicheel/erdem shinjilgeenii hural/ecnometric/shine/data/НҮТС-2018/4. Women.sav,НҮТС-2018,4. Women.sav,WB14,Өгүүлбэрийг уншиж чадсан эсэх,parents_family
C:/tsogoo/Hicheel/erdem shinjilgeenii hural/ecnometric/shine/data/НҮТС-2018/4. Women.sav,НҮТС-2018,4. Women.sav,WB15,Одоогийн амьдарч байгаа газарт тасралтгүй хэдэн жил амьдарч байгаа,other
C:/tsogoo/Hicheel/erdem shinjilgeenii hural/ecnometric/shine/data/НҮТС-2018/4. Women.sav,НҮТС-2018,4. Women.sav,WB16,Нүүж ирэхээсээ өмнө хаана амьдарч байсан,parents_family
C:/tsogoo/Hicheel/erdem shinjilgeenii hural/ecnometric/shine/data/НҮТС-2018/4. Women.sav,НҮТС-2018,4. Women.sav,WB17,Нүүж ирэхээсээ өмнө байнга оршин сууж байсан аймаг,parents_family
C:/tsogoo/Hicheel/erdem shinjilgeenii hural/ecnometric/shine/data/НҮТС-2018/4. Women.sav,НҮТС-2018,4. Women.sav,WB17A,Нүүж ирэхээсээ өмнө байнга амьдарч байсан улс,parents_family
C:/tsogoo/Hicheel/erdem shinjilgeenii hural/ecnometric/shine/data/НҮТС-2018/4. Women.sav,НҮТС-2018,4. Women.sav,WDOI,Эмэгтэйн асуулга авсан огноо (CMC),other
C:/tsogoo/Hicheel/erdem shinjilgeenii hural/ecnometric/shine/data/НҮТС-2018/4. Women.sav,НҮТС-2018,4. Women.sav,WB3C,Date of birth of woman (CMC),demographics_geo_weights
C:/tsogoo/Hicheel/erdem shinjilgeenii hural/ecnometric/shine/data/НҮТС-2018/4. Women.sav,НҮТС-2018,4. Women.sav,WB3F,Date flag for WB1,other
C:/tsogoo/Hicheel/erdem shinjilgeenii hural/ecnometric/shine/data/НҮТС-2018/4. Women.sav,НҮТС-2018,4. Women.sav,WB4C,Age of respondent (calculated),demographics_geo_weights
C:/tsogoo/Hicheel/erdem shinjilgeenii hural/ecnometric/shine/data/НҮТС-2018/4. Women.sav,НҮТС-2018,4. Women.sav,WAGE,Age,demographics_geo_weights
C:/tsogoo/Hicheel/erdem shinjilgeenii hural/ecnometric/shine/data/НҮТС-2018/4. Women.sav,НҮТС-2018,4. Women.sav,MT1,"Сонин, хэвлэл уншдаг давтамж",other
C:/tsogoo/Hicheel/erdem shinjilgeenii hural/ecnometric/shine/data/НҮТС-2018/4. Women.sav,НҮТС-2018,4. Women.sav,MT2,Радио сонсдог давтамж,other
C:/tsogoo/Hicheel/erdem shinjilgeenii hural/ecnometric/shine/data/НҮТС-2018/4. Women.sav,НҮТС-2018,4. Women.sav,MT3,Телевиз үздэг давтамж,other
C:/tsogoo/Hicheel/erdem shinjilgeenii hural/ecnometric/shine/data/НҮТС-2018/4. Women.sav,НҮТС-2018,4. Women.sav,MT4,"Компьютер, таблет хэрэглэж үзсэн эсэх",parents_family
C:/tsogoo/Hicheel/erdem shinjilgeenii hural/ecnometric/shine/data/НҮТС-2018/4. Women.sav,НҮТС-2018,4. Women.sav,MT5,"Сүүлийн 3 сарын хугацаанд компьютер, таблетыг хэрэглэсэн давтамж",other
C:/tsogoo/Hicheel/erdem shinjilgeenii hural/ecnometric/shine/data/НҮТС-2018/4. Women.sav,НҮТС-2018,4. Women.sav,MT6A,Файл хуулсан/ зөөсөн,other
C:/tsogoo/Hicheel/erdem shinjilgeenii hural/ecnometric/shine/data/НҮТС-2018/4. Women.sav,НҮТС-2018,4. Women.sav,MT6B,Текст хуулсан/ зөөсөн,other
C:/tsogoo/Hicheel/erdem shinjilgeenii hural/ecnometric/shine/data/НҮТС-2018/4. Women.sav,НҮТС-2018,4. Women.sav,MT6C,Хавсралттай цахим шуудан илгээсэн,other
C:/tsogoo/Hicheel/erdem shinjilgeenii hural/ecnometric/shine/data/НҮТС-2018/4. Women.sav,НҮТС-2018,4. Women.sav,MT6D,Үндсэн томьёо ашигласан,other
C:/tsogoo/Hicheel/erdem shinjilgeenii hural/ecnometric/shine/data/НҮТС-2018/4. Women.sav,НҮТС-2018,4. Women.sav,MT6E,"Төхөөрөмжийг таниулж, суулгасан",other
C:/tsogoo/Hicheel/erdem shinjilgeenii hural/ecnometric/shine/data/НҮТС-2018/4. Women.sav,НҮТС-2018,4. Women.sav,MT6F,"Програм хайх, татах, суулгах,  тохируулсан",other
C:/tsogoo/Hicheel/erdem shinjilgeenii hural/ecnometric/shine/data/НҮТС-2018/4. Women.sav,НҮТС-2018,4. Women.sav,MT6G,Илтгэл (пресентаци) бэлтгэсэн,other
C:/tsogoo/Hicheel/erdem shinjilgeenii hural/ecnometric/shine/data/НҮТС-2018/4. Women.sav,НҮТС-2018,4. Women.sav,MT6H,Файл дамжуулсан,other
C:/tsogoo/Hicheel/erdem shinjilgeenii hural/ecnometric/shine/data/НҮТС-2018/4. Women.sav,НҮТС-2018,4. Women.sav,MT6I,Програмчлал,other
C:/tsogoo/Hicheel/erdem shinjilgeenii hural/ecnometric/shine/data/НҮТС-2018/4. Women.sav,НҮТС-2018,4. Women.sav,MT9,Интернет хэрэглэж үзсэн эсэх,parents_family
C:/tsogoo/Hicheel/erdem shinjilgeenii hural/ecnometric/shine/data/НҮТС-2018/4. Women.sav,НҮТС-2018,4. Women.sav,MT10,Сүүлийн 3 сард интернет хэрэглэсэн давтамж,other
C:/tsogoo/Hicheel/erdem shinjilgeenii hural/ecnometric/shine/data/НҮТС-2018/4. Women.sav,НҮТС-2018,4. Women.sav,MT11,Гар утастай эсэх,parents_family
C:/tsogoo/Hicheel/erdem shinjilgeenii hural/ecnometric/shine/data/НҮТС-2018/4. Women.sav,НҮТС-2018,4. Women.sav,MT12,Сүүлийн 3 сард гар утсаа хэрэглэсэн давтамж,other
C:/tsogoo/Hicheel/erdem shinjilgeenii hural/ecnometric/shine/data/НҮТС-2018/4. Women.sav,НҮТС-2018,4. Women.sav,CM1,Хүүхэд төрүүлж байсан эсэх,parents_family
C:/tsogoo/Hicheel/erdem shinjilgeenii hural/ecnometric/shine/data/НҮТС-2018/4. Women.sav,НҮТС-2018,4. Women.sav,CM2,Хамт амьдардаг төрүүлсэн хүүхэд байгаа эсэх,parents_family
C:/tsogoo/Hicheel/erdem shinjilgeenii hural/ecnometric/shine/data/НҮТС-2018/4. Women.sav,НҮТС-2018,4. Women.sav,CM3,Хамт амьдардаг хүүгийн тоо,other
C:/tsogoo/Hicheel/erdem shinjilgeenii hural/ecnometric/shine/data/НҮТС-2018/4. Women.sav,НҮТС-2018,4. Women.sav,CM4,Хамт амьдардаг охины тоо,other
C:/tsogoo/Hicheel/erdem shinjilgeenii hural/ecnometric/shine/data/НҮТС-2018/4. Women.sav,НҮТС-2018,4. Women.sav,CM5,Тусдаа амьдардаг төрүүлсэн хүүхэд байгаа эсэх,wealth_assets_housing
C:/tsogoo/Hicheel/erdem shinjilgeenii hural/ecnometric/shine/data/НҮТС-2018/4. Women.sav,НҮТС-2018,4. Women.sav,CM6,Тусдаа амьдардаг хүүгийн тоо,wealth_assets_housing
C:/tsogoo/Hicheel/erdem shinjilgeenii hural/ecnometric/shine/data/НҮТС-2018/4. Women.sav,НҮТС-2018,4. Women.sav,CM7,Тусдаа амьдардаг охины тоо,wealth_assets_housing
C:/tsogoo/Hicheel/erdem shinjilgeenii hural/ecnometric/shine/data/НҮТС-2018/4. Women.sav,НҮТС-2018,4. Women.sav,CM8,Амьд төрөөд эндсэн хүүхэд байгаа эсэх,parents_family
C:/tsogoo/Hicheel/erdem shinjilgeenii hural/ecnometric/shine/data/НҮТС-2018/4. Women.sav,НҮТС-2018,4. Women.sav,CM9,Эндсэн хүүгийн тоо,other
C:/tsogoo/Hicheel/erdem shinjilgeenii hural/ecnometric/shine/data/НҮТС-2018/4. Women.sav,НҮТС-2018,4. Women.sav,CM10,Эндсэн охины тоо,other
C:/tsogoo/Hicheel/erdem shinjilgeenii hural/ecnometric/shine/data/НҮТС-2018/4. Women.sav,НҮТС-2018,4. Women.sav,CM11,Нийт амьд төрөлтийн тоо,other
C:/tsogoo/Hicheel/erdem shinjilgeenii hural/ecnometric/shine/data/НҮТС-2018/4. Women.sav,НҮТС-2018,4. Women.sav,CM12,Нийт амьд төрөлтийн тоо зөв эсэх,parents_family
C:/tsogoo/Hicheel/erdem shinjilgeenii hural/ecnometric/shine/data/НҮТС-2018/4. Women.sav,НҮТС-2018,4. Women.sav,CM15,Нийт амьд төрөлийн тоо нь бүртгэгдсэн төрөлтийн тоотой тохирч байгаа эсэх,parents_family
C:/tsogoo/Hicheel/erdem shinjilgeenii hural/ecnometric/shine/data/НҮТС-2018/4. Women.sav,НҮТС-2018,4. Women.sav,CM17,Сүүлийн 2 жилийн хугацаанд хамгийн бага хүүхдээ төрүүлсэн эсэх,parents_family
C:/tsogoo/Hicheel/erdem shinjilgeenii hural/ecnometric/shine/data/НҮТС-2018/4. Women.sav,НҮТС-2018,4. Women.sav,BH11,Өөр амьд төрүүлсэн хүүхэд бий эсэх,parents_family
C:/tsogoo/Hicheel/erdem shinjilgeenii hural/ecnometric/shine/data/НҮТС-2018/4. Women.sav,НҮТС-2018,4. Women.sav,AB0B,Жирэмсэлж байсан эсэх,parents_family
C:/tsogoo/Hicheel/erdem shinjilgeenii hural/ecnometric/shine/data/НҮТС-2018/4. Women.sav,НҮТС-2018,4. Women.sav,AB1,"Жирэмслэлт нь зулбалт, амьгүй төрөлт, өсөлтгүй жирэмслэлт, үр хөндөлтөөр төгссөн тохиолдол бий эсэх",parents_family
C:/tsogoo/Hicheel/erdem shinjilgeenii hural/ecnometric/shine/data/НҮТС-2018/4. Women.sav,НҮТС-2018,4. Women.sav,AB2Y,"Хамгийн сүүлд жирэмслэлт нь зулбалт, амьгүй төрөлт, өсөлтгүй жирэмслэлт, үр хөндөлтөөр төгссөн он",other
C:/tsogoo/Hicheel/erdem shinjilgeenii hural/ecnometric/shine/data/НҮТС-2018/4. Women.sav,НҮТС-2018,4. Women.sav,AB2M,"Хамгийн сүүлд жирэмслэлт нь зулбалт, амьгүй төрөлт, өсөлтгүй жирэмслэлт, үр хөндөлтөөр төгссөн сар",other
C:/tsogoo/Hicheel/erdem shinjilgeenii hural/ecnometric/shine/data/НҮТС-2018/4. Women.sav,НҮТС-2018,4. Women.sav,AB9,Cүүлийн үр хөндөлтийг хийлгэсэн газар,other
C:/tsogoo/Hicheel/erdem shinjilgeenii hural/ecnometric/shine/data/НҮТС-2018/4. Women.sav,НҮТС-2018,4. Women.sav,AB10,Cүүлийн үр хөндөлтийг хийсэн хүн,other
C:/tsogoo/Hicheel/erdem shinjilgeenii hural/ecnometric/shine/data/НҮТС-2018/4. Women.sav,НҮТС-2018,4. Women.sav,AB11,Cүүлийн үр хөндөлтийг хийлгэсэн арга,other
C:/tsogoo/Hicheel/erdem shinjilgeenii hural/ecnometric/shine/data/НҮТС-2018/4. Women.sav,НҮТС-2018,4. Women.sav,DB2,Хамгийн бага хүүхдээ төлөвлөж төрүүлсэн эсэх,parents_family
C:/tsogoo/Hicheel/erdem shinjilgeenii hural/ecnometric/shine/data/НҮТС-2018/4. Women.sav,НҮТС-2018,4. Women.sav,DB4,Арай хожим төрүүлэхээр төлөвлөж байсан эсвэл хүүхэд төрүүлэх бодолгүй байсан эсэх,parents_family
C:/tsogoo/Hicheel/erdem shinjilgeenii hural/ecnometric/shine/data/НҮТС-2018/4. Women.sav,НҮТС-2018,4. Women.sav,DB5,"Хүүхэд төрүүлэх шийдвэр гаргахад эх, хүүхдэд олгодог мөнгөн тэтгэмж нөлөөлсөн эсэх",parents_family
C:/tsogoo/Hicheel/erdem shinjilgeenii hural/ecnometric/shine/data/НҮТС-2018/4. Women.sav,НҮТС-2018,4. Women.sav,MN2,Бага хүүхдээ тээж байхдаа жирэмсний хяналтад орсон эсэх,parents_family
C:/tsogoo/Hicheel/erdem shinjilgeenii hural/ecnometric/shine/data/НҮТС-2018/4. Women.sav,НҮТС-2018,4. Women.sav,MN3D,Хянуунж байсан хүн: Эх барих эмэгтэйчүүдийн эмч,parents_family
C:/tsogoo/Hicheel/erdem shinjilgeenii hural/ecnometric/shine/data/НҮТС-2018/4. Women.sav,НҮТС-2018,4. Women.sav,MN3E,Хянуунж байсан хүн: Бусад мэргэжлийн их эмч,wealth_assets_housing
C:/tsogoo/Hicheel/erdem shinjilgeenii hural/ecnometric/shine/data/НҮТС-2018/4. Women.sav,НҮТС-2018,4. Women.sav,MN3I,Хянуунж байсан хүн: Өрх/ сумын эмч,wealth_assets_housing
C:/tsogoo/Hicheel/erdem shinjilgeenii hural/ecnometric/shine/data/НҮТС-2018/4. Women.sav,НҮТС-2018,4. Women.sav,MN3J,Хянуунж байсан хүн: Эх баригч,parents_family
C:/tsogoo/Hicheel/erdem shinjilgeenii hural/ecnometric/shine/data/НҮТС-2018/4. Women.sav,НҮТС-2018,4. Women.sav,MN3C,Хянуунж байсан хүн: Бага эмч,other
C:/tsogoo/Hicheel/erdem shinjilgeenii hural/ecnometric/shine/data/НҮТС-2018/4. Women.sav,НҮТС-2018,4. Women.sav,MN3K,Хянуунж байсан хүн: Сувилагч,other
C:/tsogoo/Hicheel/erdem shinjilgeenii hural/ecnometric/shine/data/НҮТС-2018/4. Women.sav,НҮТС-2018,4. Women.sav,MN3X,Хянуунж байсан хүн: Бусад (тодруулах),wealth_assets_housing
C:/tsogoo/Hicheel/erdem shinjilgeenii hural/ecnometric/shine/data/НҮТС-2018/4. Women.sav,НҮТС-2018,4. Women.sav,MN3NR,Хянуунж байсан хүн: Хариулаагүй,other
C:/tsogoo/Hicheel/erdem shinjilgeenii hural/ecnometric/shine/data/НҮТС-2018/4. Women.sav,НҮТС-2018,4. Women.sav,MN4,Жирэмсний хэдэн долоо хоногтой байхдаа хяналтад орсон,other
C:/tsogoo/Hicheel/erdem shinjilgeenii hural/ecnometric/shine/data/НҮТС-2018/4. Women.sav,НҮТС-2018,4. Women.sav,MN5,Жирэмсний хяналтад хэдэн удаа үзүүлсэн,other
C:/tsogoo/Hicheel/erdem shinjilgeenii hural/ecnometric/shine/data/НҮТС-2018/4. Women.sav,НҮТС-2018,4. Women.sav,MN6A,Цусны даралт хэмжүүлсэн эсэх,wealth_assets_housing
C:/tsogoo/Hicheel/erdem shinjilgeenii hural/ecnometric/shine/data/НҮТС-2018/4. Women.sav,НҮТС-2018,4. Women.sav,MN6B,Шээсний ерөнхий шинжилгээ өгсөн эсэх,parents_family
C:/tsogoo/Hicheel/erdem shinjilgeenii hural/ecnometric/shine/data/НҮТС-2018/4. Women.sav,НҮТС-2018,4. Women.sav,MN6C,Цусны ерөнхий шинжилгээ өгсөн эсэх,wealth_assets_housing
C:/tsogoo/Hicheel/erdem shinjilgeenii hural/ecnometric/shine/data/НҮТС-2018/4. Women.sav,НҮТС-2018,4. Women.sav,MN6D,БЗДХ-ын шинжилгээ буюу үтрээний наац /мазок/ өгсөн эсэх,parents_family
C:/tsogoo/Hicheel/erdem shinjilgeenii hural/ecnometric/shine/data/НҮТС-2018/4. Women.sav,НҮТС-2018,4. Women.sav,MN6E,Жин хэмжүүлсэн эсэх,parents_family
C:/tsogoo/Hicheel/erdem shinjilgeenii hural/ecnometric/shine/data/НҮТС-2018/4. Women.sav,НҮТС-2018,4. Women.sav,MN6F,Тэмбүүгийн сорил/ шинжилгээ өгсөн эсэх,parents_family
C:/tsogoo/Hicheel/erdem shinjilgeenii hural/ecnometric/shine/data/НҮТС-2018/4. Women.sav,НҮТС-2018,4. Women.sav,MN6G,ЭХО-д харуулсан эсэх,parents_family
C:/tsogoo/Hicheel/erdem shinjilgeenii hural/ecnometric/shine/data/НҮТС-2018/4. Women.sav,НҮТС-2018,4. Women.sav,MN6H,"Элэгний B, C вирүс илрүүлэх шинжилгээ өгсөн эсэх",parents_family
C:/tsogoo/Hicheel/erdem shinjilgeenii hural/ecnometric/shine/data/НҮТС-2018/4. Women.sav,НҮТС-2018,4. Women.sav,MN6I,"Цусны эерэг, сөрөг эсэхийг тодорхойлох шинжилгээ (резус бүлэг тодорхойлох) өгсөн эсэх",wealth_assets_housing
C:/tsogoo/Hicheel/erdem shinjilgeenii hural/ecnometric/shine/data/НҮТС-2018/4. Women.sav,НҮТС-2018,4. Women.sav,MN6J,Сүрьеэгийн шинжилгээ өгсөн эсэх,parents_family
C:/tsogoo/Hicheel/erdem shinjilgeenii hural/ecnometric/shine/data/НҮТС-2018/4. Women.sav,НҮТС-2018,4. Women.sav,MN6AA,Төмрийн бэлдмэл уусан эсэх,wealth_assets_housing
C:/tsogoo/Hicheel/erdem shinjilgeenii hural/ecnometric/shine/data/НҮТС-2018/4. Women.sav,НҮТС-2018,4. Women.sav,MN6AB,Фолийн хүчил уусан эсэх,wealth_assets_housing
C:/tsogoo/Hicheel/erdem shinjilgeenii hural/ecnometric/shine/data/НҮТС-2018/4. Women.sav,НҮТС-2018,4. Women.sav,MN6AC,Олон найрлагат бичил тэжээл уусан эсэх,wealth_assets_housing
C:/tsogoo/Hicheel/erdem shinjilgeenii hural/ecnometric/shine/data/НҮТС-2018/4. Women.sav,НҮТС-2018,4. Women.sav,MN6AD,"“Принатал”, “Элевит” амин дэм уусан эсэх",wealth_assets_housing
C:/tsogoo/Hicheel/erdem shinjilgeenii hural/ecnometric/shine/data/НҮТС-2018/4. Women.sav,НҮТС-2018,4. Women.sav,MN6CA,Төмрийн бэлдмэл уусан өдрийн тоо,wealth_assets_housing
C:/tsogoo/Hicheel/erdem shinjilgeenii hural/ecnometric/shine/data/НҮТС-2018/4. Women.sav,НҮТС-2018,4. Women.sav,MN19D,Эх барьсан хүн: Эх барих эмэгтэйчүүдийн эмч,parents_family
C:/tsogoo/Hicheel/erdem shinjilgeenii hural/ecnometric/shine/data/НҮТС-2018/4. Women.sav,НҮТС-2018,4. Women.sav,MN19E,Эх барьсан хүн: Бусад мэргэжлийн их эмч,wealth_assets_housing
C:/tsogoo/Hicheel/erdem shinjilgeenii hural/ecnometric/shine/data/НҮТС-2018/4. Women.sav,НҮТС-2018,4. Women.sav,MN19I,Эх барьсан хүн: Өрх/ сумын эмч,wealth_assets_housing
C:/tsogoo/Hicheel/erdem shinjilgeenii hural/ecnometric/shine/data/НҮТС-2018/4. Women.sav,НҮТС-2018,4. Women.sav,MN19J,Эх барьсан хүн: Эх баригч,parents_family
C:/tsogoo/Hicheel/erdem shinjilgeenii hural/ecnometric/shine/data/НҮТС-2018/4. Women.sav,НҮТС-2018,4. Women.sav,MN19C,Эх барьсан хүн: Бага эмч,parents_family
C:/tsogoo/Hicheel/erdem shinjilgeenii hural/ecnometric/shine/data/НҮТС-2018/4. Women.sav,НҮТС-2018,4. Women.sav,MN19K,Эх барьсан хүн: Сувилагч,parents_family
C:/tsogoo/Hicheel/erdem shinjilgeenii hural/ecnometric/shine/data/НҮТС-2018/4. Women.sav,НҮТС-2018,4. Women.sav,MN19F,Эх барьсан хүн: Бариач/ засалч,parents_family
C:/tsogoo/Hicheel/erdem shinjilgeenii hural/ecnometric/shine/data/НҮТС-2018/4. Women.sav,НҮТС-2018,4. Women.sav,MN19G,Эх барьсан хүн: Олон нийтийн эрүүл мэндийн ажилтан,parents_family
C:/tsogoo/Hicheel/erdem shinjilgeenii hural/ecnometric/shine/data/НҮТС-2018/4. Women.sav,НҮТС-2018,4. Women.sav,MN19X,Эх барьсан хүн: Бусад (тодруулах),wealth_assets_housing
C:/tsogoo/Hicheel/erdem shinjilgeenii hural/ecnometric/shine/data/НҮТС-2018/4. Women.sav,НҮТС-2018,4. Women.sav,MN19Y,Эх барьсан хүн: Өөрөө,parents_family
C:/tsogoo/Hicheel/erdem shinjilgeenii hural/ecnometric/shine/data/НҮТС-2018/4. Women.sav,НҮТС-2018,4. Women.sav,MN19NR,Эх барьсан хүн: Хариулаагүй,parents_family
C:/tsogoo/Hicheel/erdem shinjilgeenii hural/ecnometric/shine/data/НҮТС-2018/4. Women.sav,НҮТС-2018,4. Women.sav,MN20,Бага хүүхдээ төрүүлсэн газар,other
C:/tsogoo/Hicheel/erdem shinjilgeenii hural/ecnometric/shine/data/НҮТС-2018/4. Women.sav,НҮТС-2018,4. Women.sav,MN21,Кесар хагалгаа хийлгэж төрүүлсэн эсэх,parents_family
C:/tsogoo/Hicheel/erdem shinjilgeenii hural/ecnometric/shine/data/НҮТС-2018/4. Women.sav,НҮТС-2018,4. Women.sav,MN22,Кесар хагалгаа хийлгэх шийдвэрийг хэзээ гаргасан,parents_family
C:/tsogoo/Hicheel/erdem shinjilgeenii hural/ecnometric/shine/data/НҮТС-2018/4. Women.sav,НҮТС-2018,4. Women.sav,MN23,Төрөх орон дээр байх хугацаанд хүүхдийг нүцгэн цээжин дээр нь хэвтүүлсэн эсэх,parents_family
C:/tsogoo/Hicheel/erdem shinjilgeenii hural/ecnometric/shine/data/НҮТС-2018/4. Women.sav,НҮТС-2018,4. Women.sav,MN23A,Энэ үед хүүхдэд малгай өмсгөсөн эсэх,wealth_assets_housing
C:/tsogoo/Hicheel/erdem shinjilgeenii hural/ecnometric/shine/data/НҮТС-2018/4. Women.sav,НҮТС-2018,4. Women.sav,MN23B,Энэ үед хүүхдийг хучсан эсэх,parents_family
C:/tsogoo/Hicheel/erdem shinjilgeenii hural/ecnometric/shine/data/НҮТС-2018/4. Women.sav,НҮТС-2018,4. Women.sav,MN24,Хүүхдийг цээжин дээр тавихаас өмнө өлгийдсөн эсэх,parents_family
C:/tsogoo/Hicheel/erdem shinjilgeenii hural/ecnometric/shine/data/НҮТС-2018/4. Women.sav,НҮТС-2018,4. Women.sav,MN25,Хүүхдийг төрсний дараа алчуураар биеийг нь арчиж хуурайшуулсан эсэх,parents_family
C:/tsogoo/Hicheel/erdem shinjilgeenii hural/ecnometric/shine/data/НҮТС-2018/4. Women.sav,НҮТС-2018,4. Women.sav,MN26U,Хүүхдийг төрснөөс хойш хэдий хугацааны дараа усанд оруулсан - нэгж,wealth_assets_housing
C:/tsogoo/Hicheel/erdem shinjilgeenii hural/ecnometric/shine/data/НҮТС-2018/4. Women.sav,НҮТС-2018,4. Women.sav,MN26N,Хүүхдийг төрснөөс хойш хэдий хугацааны дараа усанд оруулсан - нэгж,wealth_assets_housing
C:/tsogoo/Hicheel/erdem shinjilgeenii hural/ecnometric/shine/data/НҮТС-2018/4. Women.sav,НҮТС-2018,4. Women.sav,MN33,Хүүхдийг төрөхөд жинг нь хэмжсэн эсэх,parents_family
C:/tsogoo/Hicheel/erdem shinjilgeenii hural/ecnometric/shine/data/НҮТС-2018/4. Women.sav,НҮТС-2018,4. Women.sav,MN34A,Хүүхдийн жинг ямар эх сурвалжаас тэмдэглэсэн,parents_family
C:/tsogoo/Hicheel/erdem shinjilgeenii hural/ecnometric/shine/data/НҮТС-2018/4. Women.sav,НҮТС-2018,4. Women.sav,MN34,Хүүхдийн жин (кг),demographics_geo_weights
C:/tsogoo/Hicheel/erdem shinjilgeenii hural/ecnometric/shine/data/НҮТС-2018/4. Women.sav,НҮТС-2018,4. Women.sav,MN35,Бага хүүхдээ төрүүлснээс хойш биений юм ирсэн эсэх,parents_family
C:/tsogoo/Hicheel/erdem shinjilgeenii hural/ecnometric/shine/data/НҮТС-2018/4. Women.sav,НҮТС-2018,4. Women.sav,MN36,Бага хүүхдээ ер нь хөхүүлсэн эсэх,parents_family
C:/tsogoo/Hicheel/erdem shinjilgeenii hural/ecnometric/shine/data/НҮТС-2018/4. Women.sav,НҮТС-2018,4. Women.sav,MN37U,Бага хүүхдээ төрүүлээд хэдий хугацааны дараа амлуулсан - нэгж,other
C:/tsogoo/Hicheel/erdem shinjilgeenii hural/ecnometric/shine/data/НҮТС-2018/4. Women.sav,НҮТС-2018,4. Women.sav,MN37N,Бага хүүхдээ төрүүлээд хэдий хугацааны дараа амлуулсан - хугацаа,other
C:/tsogoo/Hicheel/erdem shinjilgeenii hural/ecnometric/shine/data/НҮТС-2018/4. Women.sav,НҮТС-2018,4. Women.sav,MN38,Төрсний дараах 3 хоногийн дотор өөрийнхөө сүүнээс бусад шингэн зүйл уулгасан эсэх,wealth_assets_housing
C:/tsogoo/Hicheel/erdem shinjilgeenii hural/ecnometric/shine/data/НҮТС-2018/4. Women.sav,НҮТС-2018,4. Women.sav,MN39A,Уулгасан шингэн зүйл: Сүү (эхийн сүүнээс бусад),wealth_assets_housing
C:/tsogoo/Hicheel/erdem shinjilgeenii hural/ecnometric/shine/data/НҮТС-2018/4. Women.sav,НҮТС-2018,4. Women.sav,MN39B,Уулгасан шингэн зүйл: Ус,wealth_assets_housing
C:/tsogoo/Hicheel/erdem shinjilgeenii hural/ecnometric/shine/data/НҮТС-2018/4. Women.sav,НҮТС-2018,4. Women.sav,MN39C,Уулгасан шингэн зүйл: Чихэртэй ус/ глюкоз,wealth_assets_housing
C:/tsogoo/Hicheel/erdem shinjilgeenii hural/ecnometric/shine/data/НҮТС-2018/4. Women.sav,НҮТС-2018,4. Women.sav,MN39E,Уулгасан шингэн зүйл: Шингэн сэлбэх давсны уусмал,wealth_assets_housing
C:/tsogoo/Hicheel/erdem shinjilgeenii hural/ecnometric/shine/data/НҮТС-2018/4. Women.sav,НҮТС-2018,4. Women.sav,MN39F,Уулгасан шингэн зүйл: Жимсний шүүс,other
C:/tsogoo/Hicheel/erdem shinjilgeenii hural/ecnometric/shine/data/НҮТС-2018/4. Women.sav,НҮТС-2018,4. Women.sav,MN39G,Уулгасан шингэн зүйл: Эхийн сүү орлуулагч,parents_family
C:/tsogoo/Hicheel/erdem shinjilgeenii hural/ecnometric/shine/data/НҮТС-2018/4. Women.sav,НҮТС-2018,4. Women.sav,MN39H,Уулгасан шингэн зүйл: Цай / хярам,other
C:/tsogoo/Hicheel/erdem shinjilgeenii hural/ecnometric/shine/data/НҮТС-2018/4. Women.sav,НҮТС-2018,4. Women.sav,MN39I,Уулгасан шингэн зүйл: Зөгийн бал,other
C:/tsogoo/Hicheel/erdem shinjilgeenii hural/ecnometric/shine/data/НҮТС-2018/4. Women.sav,НҮТС-2018,4. Women.sav,MN39J,Уулгасан шингэн зүйл: Жороор олгосон эм,other
C:/tsogoo/Hicheel/erdem shinjilgeenii hural/ecnometric/shine/data/НҮТС-2018/4. Women.sav,НҮТС-2018,4. Women.sav,MN39K,Уулгасан шингэн зүйл: Өөр эхийн сүү,parents_family
C:/tsogoo/Hicheel/erdem shinjilgeenii hural/ecnometric/shine/data/НҮТС-2018/4. Women.sav,НҮТС-2018,4. Women.sav,MN39X,Уулгасан шингэн зүйл: Бусад (тодруулах),wealth_assets_housing
C:/tsogoo/Hicheel/erdem shinjilgeenii hural/ecnometric/shine/data/НҮТС-2018/4. Women.sav,НҮТС-2018,4. Women.sav,MN39Y,Уулгасан шингэн зүйл: Ямар нэг уух зүйл өгөөгүй,other
C:/tsogoo/Hicheel/erdem shinjilgeenii hural/ecnometric/shine/data/НҮТС-2018/4. Women.sav,НҮТС-2018,4. Women.sav,MN39NR,Уулгасан шингэн зүйл: Хариулаагүй,other
C:/tsogoo/Hicheel/erdem shinjilgeenii hural/ecnometric/shine/data/НҮТС-2018/4. Women.sav,НҮТС-2018,4. Women.sav,PN3U,Хүүхдийг төрүүлсэн газраа хэр удаан хугацаанд байсан - нэгж,other
C:/tsogoo/Hicheel/erdem shinjilgeenii hural/ecnometric/shine/data/НҮТС-2018/4. Women.sav,НҮТС-2018,4. Women.sav,PN3N,Хүүхдийг төрүүлсэн газраа хэр удаан хугацаанд байсан - хугацаа,other
C:/tsogoo/Hicheel/erdem shinjilgeenii hural/ecnometric/shine/data/НҮТС-2018/4. Women.sav,НҮТС-2018,4. Women.sav,PN4,Эмнэлгээс гарахаас өмнө хэн нэгэн хүүхдийн эрүүл мэндийг шалгасан эсэх,parents_family
C:/tsogoo/Hicheel/erdem shinjilgeenii hural/ecnometric/shine/data/НҮТС-2018/4. Women.sav,НҮТС-2018,4. Women.sav,PN5,Эмнэлгээс гарахаас өмнө хэн нэгэн эхийн эрүүл мэндийг шалгасан эсэх,parents_family
C:/tsogoo/Hicheel/erdem shinjilgeenii hural/ecnometric/shine/data/НҮТС-2018/4. Women.sav,НҮТС-2018,4. Women.sav,PN6,Эмнэлгээс гарсны дараа хэн нэгэн хүүхдийн эрүүл мэндийг шалгасан эсэх,parents_family
C:/tsogoo/Hicheel/erdem shinjilgeenii hural/ecnometric/shine/data/НҮТС-2018/4. Women.sav,НҮТС-2018,4. Women.sav,PN8,Эх барьсан мэргэжлийн хүн явахаасаа өмнө хүүхдийн эрүүл мэндийг шалгасан эсэх,parents_family
C:/tsogoo/Hicheel/erdem shinjilgeenii hural/ecnometric/shine/data/НҮТС-2018/4. Women.sav,НҮТС-2018,4. Women.sav,PN9,Эх барьсан мэргэжлийн хүн явахаасаа өмнө эхийн эрүүл мэндийг шалгасан эсэх,parents_family
C:/tsogoo/Hicheel/erdem shinjilgeenii hural/ecnometric/shine/data/НҮТС-2018/4. Women.sav,НҮТС-2018,4. Women.sav,PN10,Эх барьсан мэргэжлийн хүн явснаас хойш хэн нэгэн хүүхдийн эрүүл мэндийг шалгасан эсэх,parents_family
C:/tsogoo/Hicheel/erdem shinjilgeenii hural/ecnometric/shine/data/НҮТС-2018/4. Women.sav,НҮТС-2018,4. Women.sav,PN11,Хүүхдийг төрсний дараа хэн нэгэн түүний эрүүл мэндийг шалгасан эсэх,parents_family
C:/tsogoo/Hicheel/erdem shinjilgeenii hural/ecnometric/shine/data/НҮТС-2018/4. Women.sav,НҮТС-2018,4. Women.sav,PN12,"Хүүхдийн ийм (PN6, PN10, PN11) үзлэг хэдэн удаа хийгдсэн",other
C:/tsogoo/Hicheel/erdem shinjilgeenii hural/ecnometric/shine/data/НҮТС-2018/4. Women.sav,НҮТС-2018,4. Women.sav,PN13U,Хүүхдийн ийм үзлэг төрснөөс хойш анх хэдий хугацааны дараа хийгдсэн - нэгж,other
C:/tsogoo/Hicheel/erdem shinjilgeenii hural/ecnometric/shine/data/НҮТС-2018/4. Women.sav,НҮТС-2018,4. Women.sav,PN13N,Хүүхдийн ийм үзлэг төрснөөс хойш анх хэдий хугацааны дараа хийгдсэн - хугацаа,other
C:/tsogoo/Hicheel/erdem shinjilgeenii hural/ecnometric/shine/data/НҮТС-2018/4. Women.sav,НҮТС-2018,4. Women.sav,PN14D,Хүүхдийн ийм үзлэгийн анхныхыг хийсэн хүн: Нярайн эмч,other
C:/tsogoo/Hicheel/erdem shinjilgeenii hural/ecnometric/shine/data/НҮТС-2018/4. Women.sav,НҮТС-2018,4. Women.sav,PN14E,Хүүхдийн ийм үзлэгийн анхныхыг хийсэн хүн: Бусад мэргэжлийн их эмч,wealth_assets_housing
C:/tsogoo/Hicheel/erdem shinjilgeenii hural/ecnometric/shine/data/НҮТС-2018/4. Women.sav,НҮТС-2018,4. Women.sav,PN14I,Хүүхдийн ийм үзлэгийн анхныхыг хийсэн хүн: Өрх/ сумын эмч,wealth_assets_housing
C:/tsogoo/Hicheel/erdem shinjilgeenii hural/ecnometric/shine/data/НҮТС-2018/4. Women.sav,НҮТС-2018,4. Women.sav,PN14J,Хүүхдийн ийм үзлэгийн анхныхыг хийсэн хүн: Эх баригч,parents_family
C:/tsogoo/Hicheel/erdem shinjilgeenii hural/ecnometric/shine/data/НҮТС-2018/4. Women.sav,НҮТС-2018,4. Women.sav,PN14C,Хүүхдийн ийм үзлэгийн анхныхыг хийсэн хүн: Бага эмч,other
C:/tsogoo/Hicheel/erdem shinjilgeenii hural/ecnometric/shine/data/НҮТС-2018/4. Women.sav,НҮТС-2018,4. Women.sav,PN14K,Хүүхдийн ийм үзлэгийн анхныхыг хийсэн хүн: Сувилагч,other
C:/tsogoo/Hicheel/erdem shinjilgeenii hural/ecnometric/shine/data/НҮТС-2018/4. Women.sav,НҮТС-2018,4. Women.sav,PN14F,Хүүхдийн ийм үзлэгийн анхныхыг хийсэн хүн: Бариач/ засалч,other
C:/tsogoo/Hicheel/erdem shinjilgeenii hural/ecnometric/shine/data/НҮТС-2018/4. Women.sav,НҮТС-2018,4. Women.sav,PN14G,Хүүхдийн ийм үзлэгийн анхныхыг хийсэн хүн: Олон нийтийн эрүүл мэндийн ажилтан,work_child_labour
C:/tsogoo/Hicheel/erdem shinjilgeenii hural/ecnometric/shine/data/НҮТС-2018/4. Women.sav,НҮТС-2018,4. Women.sav,PN14X,Хүүхдийн ийм үзлэгийн анхныхыг хийсэн хүн: Бусад (тодруулах),wealth_assets_housing
C:/tsogoo/Hicheel/erdem shinjilgeenii hural/ecnometric/shine/data/НҮТС-2018/4. Women.sav,НҮТС-2018,4. Women.sav,PN14NR,Хүүхдийн ийм үзлэгийн анхныхыг хийсэн хүн: Хариулаагүй,other
C:/tsogoo/Hicheel/erdem shinjilgeenii hural/ecnometric/shine/data/НҮТС-2018/4. Women.sav,НҮТС-2018,4. Women.sav,PN15,Хүүхдийн ийм үзлэгийн анхных нь хаана хийгдсэн,other
C:/tsogoo/Hicheel/erdem shinjilgeenii hural/ecnometric/shine/data/НҮТС-2018/4. Women.sav,НҮТС-2018,4. Women.sav,PN17,Эмнэлгээс гарсны дараа хэн нэгэн эхийн эрүүл мэндийг шалгасан эсэх,parents_family
C:/tsogoo/Hicheel/erdem shinjilgeenii hural/ecnometric/shine/data/НҮТС-2018/4. Women.sav,НҮТС-2018,4. Women.sav,PN19,Эх барьсан мэргэжлийн хүн явснаас хойш хэн нэгэн эхийн эрүүл мэндийг шалгасан эсэх,parents_family
C:/tsogoo/Hicheel/erdem shinjilgeenii hural/ecnometric/shine/data/НҮТС-2018/4. Women.sav,НҮТС-2018,4. Women.sav,PN20,Хүүхдийг төрсний дараа хэн нэгэн эхийн эрүүл мэндийг шалгасан эсэх,parents_family
C:/tsogoo/Hicheel/erdem shinjilgeenii hural/ecnometric/shine/data/НҮТС-2018/4. Women.sav,НҮТС-2018,4. Women.sav,PN21,"Эхийн ийм (PN17, PN19, PN20) үзлэг хэдэн удаа хийгдсэн",parents_family
C:/tsogoo/Hicheel/erdem shinjilgeenii hural/ecnometric/shine/data/НҮТС-2018/4. Women.sav,НҮТС-2018,4. Women.sav,PN22U,Эхийн ийм үзлэг төрснөөс хойш анх хэдий хугацааны дараа хийгдсэн - нэгж,parents_family
C:/tsogoo/Hicheel/erdem shinjilgeenii hural/ecnometric/shine/data/НҮТС-2018/4. Women.sav,НҮТС-2018,4. Women.sav,PN22N,Эхийн ийм үзлэг төрснөөс хойш анх хэдий хугацааны дараа хийгдсэн - хугацаа,parents_family
C:/tsogoo/Hicheel/erdem shinjilgeenii hural/ecnometric/shine/data/НҮТС-2018/4. Women.sav,НҮТС-2018,4. Women.sav,PN23D,Эхийн ийм үзлэгийн анхныхыг хийсэн хүн: Эх барих эмэгтэйчүүдийн эмч,parents_family
C:/tsogoo/Hicheel/erdem shinjilgeenii hural/ecnometric/shine/data/НҮТС-2018/4. Women.sav,НҮТС-2018,4. Women.sav,PN23E,Эхийн ийм үзлэгийн анхныхыг хийсэн хүн: Бусад мэргэжлийн их эмч,wealth_assets_housing
C:/tsogoo/Hicheel/erdem shinjilgeenii hural/ecnometric/shine/data/НҮТС-2018/4. Women.sav,НҮТС-2018,4. Women.sav,PN23I,Эхийн ийм үзлэгийн анхныхыг хийсэн хүн: Өрх/ сумын эмч,wealth_assets_housing
C:/tsogoo/Hicheel/erdem shinjilgeenii hural/ecnometric/shine/data/НҮТС-2018/4. Women.sav,НҮТС-2018,4. Women.sav,PN23J,Эхийн ийм үзлэгийн анхныхыг хийсэн хүн: Эх баригч,parents_family
C:/tsogoo/Hicheel/erdem shinjilgeenii hural/ecnometric/shine/data/НҮТС-2018/4. Women.sav,НҮТС-2018,4. Women.sav,PN23C,Эхийн ийм үзлэгийн анхныхыг хийсэн хүн: Бага эмч,parents_family
C:/tsogoo/Hicheel/erdem shinjilgeenii hural/ecnometric/shine/data/НҮТС-2018/4. Women.sav,НҮТС-2018,4. Women.sav,PN23K,Эхийн ийм үзлэгийн анхныхыг хийсэн хүн: Сувилагч,parents_family
C:/tsogoo/Hicheel/erdem shinjilgeenii hural/ecnometric/shine/data/НҮТС-2018/4. Women.sav,НҮТС-2018,4. Women.sav,PN23F,Эхийн ийм үзлэгийн анхныхыг хийсэн хүн: Бариач/ засалч,parents_family
C:/tsogoo/Hicheel/erdem shinjilgeenii hural/ecnometric/shine/data/НҮТС-2018/4. Women.sav,НҮТС-2018,4. Women.sav,PN23G,Эхийн ийм үзлэгийн анхныхыг хийсэн хүн: Олон нийтийн эрүүл мэндийн ажилтан,parents_family
C:/tsogoo/Hicheel/erdem shinjilgeenii hural/ecnometric/shine/data/НҮТС-2018/4. Women.sav,НҮТС-2018,4. Women.sav,PN23X,Эхийн ийм үзлэгийн анхныхыг хийсэн хүн: Бусад (тодруулах),wealth_assets_housing
C:/tsogoo/Hicheel/erdem shinjilgeenii hural/ecnometric/shine/data/НҮТС-2018/4. Women.sav,НҮТС-2018,4. Women.sav,PN23NR,Эхийн ийм үзлэгийн анхныхыг хийсэн хүн: Хариулаагүй,parents_family
C:/tsogoo/Hicheel/erdem shinjilgeenii hural/ecnometric/shine/data/НҮТС-2018/4. Women.sav,НҮТС-2018,4. Women.sav,PN24,Эхийн ийм үзлэгийн анхных нь хаана хийгдсэн,parents_family
C:/tsogoo/Hicheel/erdem shinjilgeenii hural/ecnometric/shine/data/НҮТС-2018/4. Women.sav,НҮТС-2018,4. Women.sav,PN25A,Төрсний дараах 2 хоногт эрүүл мэндийн ажилтан хүүхдийн хүйг шалгасан эсэх,parents_family
C:/tsogoo/Hicheel/erdem shinjilgeenii hural/ecnometric/shine/data/НҮТС-2018/4. Women.sav,НҮТС-2018,4. Women.sav,PN25B,Төрсний дараах 2 хоногт эрүүл мэндийн ажилтан хүүхдийн халууныг хэмжсэн эсэх,parents_family
C:/tsogoo/Hicheel/erdem shinjilgeenii hural/ecnometric/shine/data/НҮТС-2018/4. Women.sav,НҮТС-2018,4. Women.sav,PN25D,Төрсний дараах 2 хоногт эрүүл мэндийн ажилтан эхийн халууныг хэмжсэн эсэх,parents_family
C:/tsogoo/Hicheel/erdem shinjilgeenii hural/ecnometric/shine/data/НҮТС-2018/4. Women.sav,НҮТС-2018,4. Women.sav,PN25C,Төрсний дараах 2 хоногт эрүүл мэндийн ажилтан хөхөөр хооллох талаар зөвлөгөө өгсөн эсэх,parents_family
C:/tsogoo/Hicheel/erdem shinjilgeenii hural/ecnometric/shine/data/НҮТС-2018/4. Women.sav,НҮТС-2018,4. Women.sav,PN27,Төрсний дараах 2 хоногт эрүүл мэндийн ажилтан хүүхэд хөхөө хөхөж байгааг ажигласан эсэх,parents_family
C:/tsogoo/Hicheel/erdem shinjilgeenii hural/ecnometric/shine/data/НҮТС-2018/4. Women.sav,НҮТС-2018,4. Women.sav,PN29,Төрсний дараах 2 хоногт эрүүл мэндийн ажилтан хүүхдийн жинг хэмжсэн эсэх,parents_family
C:/tsogoo/Hicheel/erdem shinjilgeenii hural/ecnometric/shine/data/НҮТС-2018/4. Women.sav,НҮТС-2018,4. Women.sav,PN30,Төрсний дараах 2 хоногт эрүүл мэндийн ажилтан ямар шинж тэмдгийн үед хүүхдээ эмнэлэгт хүргэх талаар мэдээлэл өгсөн эсэх,parents_family
C:/tsogoo/Hicheel/erdem shinjilgeenii hural/ecnometric/shine/data/НҮТС-2018/4. Women.sav,НҮТС-2018,4. Women.sav,CP1,Жирэмсэн эсэх,parents_family
C:/tsogoo/Hicheel/erdem shinjilgeenii hural/ecnometric/shine/data/НҮТС-2018/4. Women.sav,НҮТС-2018,4. Women.sav,CP2,Одоогоор жирэмслэхээс сэргийлэх ямар нэг арга хэрэглэж байгаа эсэх,parents_family
C:/tsogoo/Hicheel/erdem shinjilgeenii hural/ecnometric/shine/data/НҮТС-2018/4. Women.sav,НҮТС-2018,4. Women.sav,CP3,Ер нь жирэмслэхээс сэргийлэхийн тулд ямар нэг арга хэрэглэж байсан эсэх,parents_family
C:/tsogoo/Hicheel/erdem shinjilgeenii hural/ecnometric/shine/data/НҮТС-2018/4. Women.sav,НҮТС-2018,4. Women.sav,CP4A,Одоогийн арга: Умайн гуурсан хоолойг боох,health_disability_nutrition
C:/tsogoo/Hicheel/erdem shinjilgeenii hural/ecnometric/shine/data/НҮТС-2018/4. Women.sav,НҮТС-2018,4. Women.sav,CP4B,Одоогийн арга: Эрэгтэйн үрийн сувгийг боох,other
C:/tsogoo/Hicheel/erdem shinjilgeenii hural/ecnometric/shine/data/НҮТС-2018/4. Women.sav,НҮТС-2018,4. Women.sav,CP4C,Одоогийн арга: Ерөндөг/ спираль,other
C:/tsogoo/Hicheel/erdem shinjilgeenii hural/ecnometric/shine/data/НҮТС-2018/4. Women.sav,НҮТС-2018,4. Women.sav,CP4D,Одоогийн арга: Тариа,other
C:/tsogoo/Hicheel/erdem shinjilgeenii hural/ecnometric/shine/data/НҮТС-2018/4. Women.sav,НҮТС-2018,4. Women.sav,CP4E,Одоогийн арга: Суулгац,other
C:/tsogoo/Hicheel/erdem shinjilgeenii hural/ecnometric/shine/data/НҮТС-2018/4. Women.sav,НҮТС-2018,4. Women.sav,CP4F,Одоогийн арга: Эм уух,other
C:/tsogoo/Hicheel/erdem shinjilgeenii hural/ecnometric/shine/data/НҮТС-2018/4. Women.sav,НҮТС-2018,4. Women.sav,CP4G,Одоогийн арга: Эрэгтэй бэлгэвч,other
C:/tsogoo/Hicheel/erdem shinjilgeenii hural/ecnometric/shine/data/НҮТС-2018/4. Women.sav,НҮТС-2018,4. Women.sav,CP4H,Одоогийн арга: Эмэгтэй бэлгэвч,other
C:/tsogoo/Hicheel/erdem shinjilgeenii hural/ecnometric/shine/data/НҮТС-2018/4. Women.sav,НҮТС-2018,4. Women.sav,CP4I,Одоогийн арга: Диафрагм,other
C:/tsogoo/Hicheel/erdem shinjilgeenii hural/ecnometric/shine/data/НҮТС-2018/4. Women.sav,НҮТС-2018,4. Women.sav,CP4J,Одоогийн арга: Лаа / царцмаг,other
C:/tsogoo/Hicheel/erdem shinjilgeenii hural/ecnometric/shine/data/НҮТС-2018/4. Women.sav,НҮТС-2018,4. Women.sav,CP4K,Одоогийн арга: Дан хөхөө хөхүүлж жирэмслэхээс хамгаалах арга,parents_family
C:/tsogoo/Hicheel/erdem shinjilgeenii hural/ecnometric/shine/data/НҮТС-2018/4. Women.sav,НҮТС-2018,4. Women.sav,CP4L,Одоогийн арга: Хуанли хөтлөх,other
C:/tsogoo/Hicheel/erdem shinjilgeenii hural/ecnometric/shine/data/НҮТС-2018/4. Women.sav,НҮТС-2018,4. Women.sav,CP4M,Одоогийн арга: Гадуур тавих,other
C:/tsogoo/Hicheel/erdem shinjilgeenii hural/ecnometric/shine/data/НҮТС-2018/4. Women.sav,НҮТС-2018,4. Women.sav,CP4X,Одоогийн арга: Бусад (тодруулах),wealth_assets_housing
C:/tsogoo/Hicheel/erdem shinjilgeenii hural/ecnometric/shine/data/НҮТС-2018/4. Women.sav,НҮТС-2018,4. Women.sav,CP4NR,Одоогийн арга: Хариулаагүй,other
C:/tsogoo/Hicheel/erdem shinjilgeenii hural/ecnometric/shine/data/НҮТС-2018/4. Women.sav,НҮТС-2018,4. Women.sav,UN2,Энэ жирэмслэлтийг хүсч байсан эсэх,parents_family
C:/tsogoo/Hicheel/erdem shinjilgeenii hural/ecnometric/shine/data/НҮТС-2018/4. Women.sav,НҮТС-2018,4. Women.sav,UN4,Арай хожим хүүхэд төрүүлэхийг хүсч байсан эсвэл дахин хүүхэд төрүүлэх хүсэлгүй байсан эсэх,parents_family
C:/tsogoo/Hicheel/erdem shinjilgeenii hural/ecnometric/shine/data/НҮТС-2018/4. Women.sav,НҮТС-2018,4. Women.sav,UN5,Хүүхдээ төрүүлээд дахин хүүхэд төрүүлэх бодолтой байгаа эсэх,parents_family
C:/tsogoo/Hicheel/erdem shinjilgeenii hural/ecnometric/shine/data/НҮТС-2018/4. Women.sav,НҮТС-2018,4. Women.sav,UN7,Хүүхэд төрүүлэх бодолтой байгаа эсэх,parents_family
C:/tsogoo/Hicheel/erdem shinjilgeenii hural/ecnometric/shine/data/НҮТС-2018/4. Women.sav,НҮТС-2018,4. Women.sav,UN8U,Хэдий хугацааны дараа хүүхэд төрүүлэх бодолтой байгаа - нэгж,parents_family
C:/tsogoo/Hicheel/erdem shinjilgeenii hural/ecnometric/shine/data/НҮТС-2018/4. Women.sav,НҮТС-2018,4. Women.sav,UN8N,Хэдий хугацааны дараа хүүхэд төрүүлэх бодолтой байгаа - хугацаа,parents_family
C:/tsogoo/Hicheel/erdem shinjilgeenii hural/ecnometric/shine/data/НҮТС-2018/4. Women.sav,НҮТС-2018,4. Women.sav,UN11,Бие физиологийн хувьд өөрийгөө жирэмслэх боломжтой гэж бодож байгаа эсэх,parents_family
C:/tsogoo/Hicheel/erdem shinjilgeenii hural/ecnometric/shine/data/НҮТС-2018/4. Women.sav,НҮТС-2018,4. Women.sav,UN12A,Шалтгаан: Бэлгийн хавьталд тогтмол ордоггүй / бэлгийн хавьталд орж байгаагүй,other
C:/tsogoo/Hicheel/erdem shinjilgeenii hural/ecnometric/shine/data/НҮТС-2018/4. Women.sav,НҮТС-2018,4. Women.sav,UN12B,Шалтгаан: Цэвэршсэн,other
C:/tsogoo/Hicheel/erdem shinjilgeenii hural/ecnometric/shine/data/НҮТС-2018/4. Women.sav,НҮТС-2018,4. Women.sav,UN12C,Шалтгаан: Биений юм ирж байгаагүй,other
C:/tsogoo/Hicheel/erdem shinjilgeenii hural/ecnometric/shine/data/НҮТС-2018/4. Women.sav,НҮТС-2018,4. Women.sav,UN12D,Шалтгаан: Умайгаа авахуулсан,other
C:/tsogoo/Hicheel/erdem shinjilgeenii hural/ecnometric/shine/data/НҮТС-2018/4. Women.sav,НҮТС-2018,4. Women.sav,UN12J,Шалтгаан: 1-2 хүртэлх жил жирэмслэхийг оролдож байгаа боловч үр дүнгүй,parents_family
C:/tsogoo/Hicheel/erdem shinjilgeenii hural/ecnometric/shine/data/НҮТС-2018/4. Women.sav,НҮТС-2018,4. Women.sav,UN12E,"Шалтгаан: 2, түүнээс дээш жил жирэмслэхийг оролдож байгаа боловч үр дүнгүй",parents_family
C:/tsogoo/Hicheel/erdem shinjilgeenii hural/ecnometric/shine/data/НҮТС-2018/4. Women.sav,НҮТС-2018,4. Women.sav,UN12F,Шалтгаан: Хүүхдээ төрүүлсний дараа биений юм дахин ирээгүй байгаа,other
C:/tsogoo/Hicheel/erdem shinjilgeenii hural/ecnometric/shine/data/НҮТС-2018/4. Women.sav,НҮТС-2018,4. Women.sav,UN12G,Шалтгаан: Хүүхдээ хөхүүлж байгаа,other
C:/tsogoo/Hicheel/erdem shinjilgeenii hural/ecnometric/shine/data/НҮТС-2018/4. Women.sav,НҮТС-2018,4. Women.sav,UN12H,Шалтгаан: Нас ахисан,demographics_geo_weights
C:/tsogoo/Hicheel/erdem shinjilgeenii hural/ecnometric/shine/data/НҮТС-2018/4. Women.sav,НҮТС-2018,4. Women.sav,UN12X,Шалтгаан: Бусад (тодруулах),wealth_assets_housing
C:/tsogoo/Hicheel/erdem shinjilgeenii hural/ecnometric/shine/data/НҮТС-2018/4. Women.sav,НҮТС-2018,4. Women.sav,UN12Z,Шалтгаан: Мэдэхгүй,parents_family
C:/tsogoo/Hicheel/erdem shinjilgeenii hural/ecnometric/shine/data/НҮТС-2018/4. Women.sav,НҮТС-2018,4. Women.sav,UN12NR,Шалтгаан: Хариулаагүй,other
C:/tsogoo/Hicheel/erdem shinjilgeenii hural/ecnometric/shine/data/НҮТС-2018/4. Women.sav,НҮТС-2018,4. Women.sav,UN13B,Хэдэн хүүхэдтэй болохыг хүсэх байсан/ хүсдэг,parents_family
C:/tsogoo/Hicheel/erdem shinjilgeenii hural/ecnometric/shine/data/НҮТС-2018/4. Women.sav,НҮТС-2018,4. Women.sav,UN13C,Хэдэн хүүтэй болохыг хүсэх байсан/ хүсдэг,parents_family
C:/tsogoo/Hicheel/erdem shinjilgeenii hural/ecnometric/shine/data/НҮТС-2018/4. Women.sav,НҮТС-2018,4. Women.sav,UN13D,Хэдэн охинтой болохыг хүсэх байсан/ хүсдэг,parents_family
C:/tsogoo/Hicheel/erdem shinjilgeenii hural/ecnometric/shine/data/НҮТС-2018/4. Women.sav,НҮТС-2018,4. Women.sav,UN14U,Биений юм хамгийн сүүлд ирсэн хугацаа - нэгж,other
C:/tsogoo/Hicheel/erdem shinjilgeenii hural/ecnometric/shine/data/НҮТС-2018/4. Women.sav,НҮТС-2018,4. Women.sav,UN14N,Биений юм хамгийн сүүлд ирсэн хугацаа - тоо,other
C:/tsogoo/Hicheel/erdem shinjilgeenii hural/ecnometric/shine/data/НҮТС-2018/4. Women.sav,НҮТС-2018,4. Women.sav,UN16,"Сүүлийн биений юм ирсэнээс болоод сургууль, ажил, ямар нэгэн олон нийтийн үйл ажиллагаанд оролцоогүй тохиолдол бий эсэх",education_schooling
C:/tsogoo/Hicheel/erdem shinjilgeenii hural/ecnometric/shine/data/НҮТС-2018/4. Women.sav,НҮТС-2018,4. Women.sav,UN16A,"Сургууль, ажилдаа яваагүй, ямар нэгэн нийгмийн үйл ажиллагаанд оролцоогүй гол шалтгаан",education_schooling
C:/tsogoo/Hicheel/erdem shinjilgeenii hural/ecnometric/shine/data/НҮТС-2018/4. Women.sav,НҮТС-2018,4. Women.sav,UN17,Сүүлийн биений юм ирсэн үед хувийн ариун цэврээ гэртээ сахихад хүндрэлтэй байсан эсэх,parents_family
C:/tsogoo/Hicheel/erdem shinjilgeenii hural/ecnometric/shine/data/НҮТС-2018/4. Women.sav,НҮТС-2018,4. Women.sav,UN18,"Сүүлийн биений юм ирсэн үедээ ариун цэврийн хэрэглэл, ямар нэгэн материал хэрэглэсэн эсэх",parents_family
C:/tsogoo/Hicheel/erdem shinjilgeenii hural/ecnometric/shine/data/НҮТС-2018/4. Women.sav,НҮТС-2018,4. Women.sav,UN19,Дахин ашиглах боломжтой  материал байсан эсэх,parents_family
C:/tsogoo/Hicheel/erdem shinjilgeenii hural/ecnometric/shine/data/НҮТС-2018/4. Women.sav,НҮТС-2018,4. Women.sav,MA1,Гэрлэсэн эсвэл хамтран амьдарч байгаа эсэх,parents_family
C:/tsogoo/Hicheel/erdem shinjilgeenii hural/ecnometric/shine/data/НҮТС-2018/4. Women.sav,НҮТС-2018,4. Women.sav,MA2,Нөхөр/ хамтран амьдрагчийн нас,demographics_geo_weights
C:/tsogoo/Hicheel/erdem shinjilgeenii hural/ecnometric/shine/data/НҮТС-2018/4. Women.sav,НҮТС-2018,4. Women.sav,MA5,Ер нь гэрлэж эсвэл хамтран амьдарч байсан эсэх,parents_family
C:/tsogoo/Hicheel/erdem shinjilgeenii hural/ecnometric/shine/data/НҮТС-2018/4. Women.sav,НҮТС-2018,4. Women.sav,MA6,"Бэлбэсэн, салсан эсвэл тусгаарласан эсэх",wealth_assets_housing
C:/tsogoo/Hicheel/erdem shinjilgeenii hural/ecnometric/shine/data/НҮТС-2018/4. Women.sav,НҮТС-2018,4. Women.sav,MA7,1-с олон удаа гэрлэж/ хамтран амьдарч байсан эсэх,parents_family
C:/tsogoo/Hicheel/erdem shinjilgeenii hural/ecnometric/shine/data/НҮТС-2018/4. Women.sav,НҮТС-2018,4. Women.sav,MA8Y,Анх гэрлэсэн/ хамтран амьдарч эхэлсэн он,parents_family
C:/tsogoo/Hicheel/erdem shinjilgeenii hural/ecnometric/shine/data/НҮТС-2018/4. Women.sav,НҮТС-2018,4. Women.sav,MA8M,Анх гэрлэсэн/ хамтран амьдарч эхэлсэн сар,parents_family
C:/tsogoo/Hicheel/erdem shinjilgeenii hural/ecnometric/shine/data/НҮТС-2018/4. Women.sav,НҮТС-2018,4. Women.sav,MA11,Анх гэрлэсэн/ хамтран амьдарч эхэлсэн нас,parents_family
C:/tsogoo/Hicheel/erdem shinjilgeenii hural/ecnometric/shine/data/НҮТС-2018/4. Women.sav,НҮТС-2018,4. Women.sav,MA8C,Date of first union (CMC),other
C:/tsogoo/Hicheel/erdem shinjilgeenii hural/ecnometric/shine/data/НҮТС-2018/4. Women.sav,НҮТС-2018,4. Women.sav,MA8F,Date flag for MA8C,other
C:/tsogoo/Hicheel/erdem shinjilgeenii hural/ecnometric/shine/data/НҮТС-2018/4. Women.sav,НҮТС-2018,4. Women.sav,MA11C,Age at first union (calculated),demographics_geo_weights
C:/tsogoo/Hicheel/erdem shinjilgeenii hural/ecnometric/shine/data/НҮТС-2018/4. Women.sav,НҮТС-2018,4. Women.sav,DV1A,"Эхнэр нь гадуур гарахдаа нөхөртөө хэлээгүй бол нөхөр нь эхнэрээ цохиж, зодох нь зөв гэж боддог эсэх",parents_family
C:/tsogoo/Hicheel/erdem shinjilgeenii hural/ecnometric/shine/data/НҮТС-2018/4. Women.sav,НҮТС-2018,4. Women.sav,DV1B,"Эхнэр нь хүүхэддээ анхаарал тавиагүй бол нөхөр нь эхнэрээ цохиж, зодох нь зөв гэж боддог эсэх",parents_family
C:/tsogoo/Hicheel/erdem shinjilgeenii hural/ecnometric/shine/data/НҮТС-2018/4. Women.sav,НҮТС-2018,4. Women.sav,DV1C,"Эхнэр нь нөхөртэйгээ маргалдвал нөхөр нь эхнэрээ цохиж, зодох нь зөв гэж боддог эсэх",parents_family
C:/tsogoo/Hicheel/erdem shinjilgeenii hural/ecnometric/shine/data/НҮТС-2018/4. Women.sav,НҮТС-2018,4. Women.sav,DV1D,"Эхнэр нь нөхөртэйгээ бэлгийн хавьталд орохоос татгалзвал нөхөр нь эхнэрээ цохиж, зодох нь зөв гэж боддог эсэх",parents_family
C:/tsogoo/Hicheel/erdem shinjilgeenii hural/ecnometric/shine/data/НҮТС-2018/4. Women.sav,НҮТС-2018,4. Women.sav,DV1E,"Эхнэр нь хоолоо түлсэн, хоол нь амтгүй бол нөхөр нь эхнэрээ цохиж, зодох нь зөв гэж боддог эсэх",parents_family
C:/tsogoo/Hicheel/erdem shinjilgeenii hural/ecnometric/shine/data/НҮТС-2018/4. Women.sav,НҮТС-2018,4. Women.sav,DV3,Бэлгийн хавьталд орохыг хүсэхгүй байгаа үедээ нөхөр/ хамтран амьдрагчдаа ҮГҮЙ гэж хэлж чаддаг эсэх,parents_family
C:/tsogoo/Hicheel/erdem shinjilgeenii hural/ecnometric/shine/data/НҮТС-2018/4. Women.sav,НҮТС-2018,4. Women.sav,DV4,Нөхөн үржихүйн эрүүл мэндэд анхаарах шийдвэрийг ихэвчлэн хэн гаргадаг,health_disability_nutrition
C:/tsogoo/Hicheel/erdem shinjilgeenii hural/ecnometric/shine/data/НҮТС-2018/4. Women.sav,НҮТС-2018,4. Women.sav,DV6,"Жирэмслэхээс сэргийлэх арга, хэрэгсэл хэрэглэх шийдвэрийг ихэвчлэн хэн гаргадаг",parents_family
C:/tsogoo/Hicheel/erdem shinjilgeenii hural/ecnometric/shine/data/НҮТС-2018/4. Women.sav,НҮТС-2018,4. Women.sav,VT1,"Хүч хэрэглэн/ хүч хэрэглэхээр заналхийлж, сүрдүүлж ямар нэгэн эд зүйл авсан эсэх",parents_family
C:/tsogoo/Hicheel/erdem shinjilgeenii hural/ecnometric/shine/data/НҮТС-2018/4. Women.sav,НҮТС-2018,4. Women.sav,VT2,Хамгийн сүүлийн тохиолдол нь сүүлийн 12 сард болсон эсэх,parents_family
C:/tsogoo/Hicheel/erdem shinjilgeenii hural/ecnometric/shine/data/НҮТС-2018/4. Women.sav,НҮТС-2018,4. Women.sav,VT3,Сүүлийн 12 сарын хугацаанд хэдэн удаа ийм дээрэм тохиолдсон,other
C:/tsogoo/Hicheel/erdem shinjilgeenii hural/ecnometric/shine/data/НҮТС-2018/4. Women.sav,НҮТС-2018,4. Women.sav,VT5,Хамгийн сүүлийн тохиолдолд ямар нэгэн эд зүйл авсан эсэх,parents_family
C:/tsogoo/Hicheel/erdem shinjilgeenii hural/ecnometric/shine/data/НҮТС-2018/4. Women.sav,НҮТС-2018,4. Women.sav,VT6,Тэр хүн/хүмүүс зэвсэгтэй байсан эсэх,parents_family
C:/tsogoo/Hicheel/erdem shinjilgeenii hural/ecnometric/shine/data/НҮТС-2018/4. Women.sav,НҮТС-2018,4. Women.sav,VT7A,Зэвсэг болгон ашигласан: Хутга,other
C:/tsogoo/Hicheel/erdem shinjilgeenii hural/ecnometric/shine/data/НҮТС-2018/4. Women.sav,НҮТС-2018,4. Women.sav,VT7B,Зэвсэг болгон ашигласан: Буу,other
C:/tsogoo/Hicheel/erdem shinjilgeenii hural/ecnometric/shine/data/НҮТС-2018/4. Women.sav,НҮТС-2018,4. Women.sav,VT7X,Зэвсэг болгон ашигласан: Өөр ямар нэгэн эд зүйл (тодруулах),other
C:/tsogoo/Hicheel/erdem shinjilgeenii hural/ecnometric/shine/data/НҮТС-2018/4. Women.sav,НҮТС-2018,4. Women.sav,VT7NR,Зэвсэг болгон ашигласан: Хариулаагүй,other
C:/tsogoo/Hicheel/erdem shinjilgeenii hural/ecnometric/shine/data/НҮТС-2018/4. Women.sav,НҮТС-2018,4. Women.sav,VT8,Дээрмийг цагдаагийн байгууллагад мэдэгдсэн эсэх,parents_family
C:/tsogoo/Hicheel/erdem shinjilgeenii hural/ecnometric/shine/data/НҮТС-2018/4. Women.sav,НҮТС-2018,4. Women.sav,VT9,Сүүлийн 3 жилийн хугацаанд бие махбодийн халдлагад өртсөн эсэх,parents_family
C:/tsogoo/Hicheel/erdem shinjilgeenii hural/ecnometric/shine/data/НҮТС-2018/4. Women.sav,НҮТС-2018,4. Women.sav,VT10,Хамгийн сүүлийн тохиолдол нь сүүлийн 12 сард болсон эсэх,parents_family
C:/tsogoo/Hicheel/erdem shinjilgeenii hural/ecnometric/shine/data/НҮТС-2018/4. Women.sav,НҮТС-2018,4. Women.sav,VT11,Сүүлийн 12 сарын хугацаанд хэдэн удаа ийм халдлага тохиолдсон,other
C:/tsogoo/Hicheel/erdem shinjilgeenii hural/ecnometric/shine/data/НҮТС-2018/4. Women.sav,НҮТС-2018,4. Women.sav,VT12,Халдлага хаана болсон,other
C:/tsogoo/Hicheel/erdem shinjilgeenii hural/ecnometric/shine/data/НҮТС-2018/4. Women.sav,НҮТС-2018,4. Women.sav,VT13,Халдлагагыг хэдэн хүн үйлдсэн,other
C:/tsogoo/Hicheel/erdem shinjilgeenii hural/ecnometric/shine/data/НҮТС-2018/4. Women.sav,НҮТС-2018,4. Women.sav,VT14,Халдлагыг үйлдсэн хүнийг харсан эсэх,parents_family
C:/tsogoo/Hicheel/erdem shinjilgeenii hural/ecnometric/shine/data/НҮТС-2018/4. Women.sav,НҮТС-2018,4. Women.sav,VT17,Тэр хүн/ хүмүүс зэвсэгтэй байсан эсэх,parents_family
C:/tsogoo/Hicheel/erdem shinjilgeenii hural/ecnometric/shine/data/НҮТС-2018/4. Women.sav,НҮТС-2018,4. Women.sav,VT18A,Зэвсэг болгон ашигласан: Хутга,other
C:/tsogoo/Hicheel/erdem shinjilgeenii hural/ecnometric/shine/data/НҮТС-2018/4. Women.sav,НҮТС-2018,4. Women.sav,VT18B,Зэвсэг болгон ашигласан: Буу,other
C:/tsogoo/Hicheel/erdem shinjilgeenii hural/ecnometric/shine/data/НҮТС-2018/4. Women.sav,НҮТС-2018,4. Women.sav,VT18X,Зэвсэг болгон ашигласан: Өөр ямар нэгэн эд зүйл (тодруулах),other
C:/tsogoo/Hicheel/erdem shinjilgeenii hural/ecnometric/shine/data/НҮТС-2018/4. Women.sav,НҮТС-2018,4. Women.sav,VT18NR,Зэвсэг болгон ашигласан: Хариулаагүй,other
C:/tsogoo/Hicheel/erdem shinjilgeenii hural/ecnometric/shine/data/НҮТС-2018/4. Women.sav,НҮТС-2018,4. Women.sav,VT19,Халдлагыг цагдаагийн байгууллагад мэдэгдсэн эсэх,parents_family
C:/tsogoo/Hicheel/erdem shinjilgeenii hural/ecnometric/shine/data/НҮТС-2018/4. Women.sav,НҮТС-2018,4. Women.sav,VT20,Харанхуйд гэрийнхээ ойр орчим ганцаараа явахад хэр аюулгүй санагддаг,other
C:/tsogoo/Hicheel/erdem shinjilgeenii hural/ecnometric/shine/data/НҮТС-2018/4. Women.sav,НҮТС-2018,4. Women.sav,VT21,Харанхуйд гэртээ ганцаараа байхад хэр аюулгүй санагддаг,other
C:/tsogoo/Hicheel/erdem shinjilgeenii hural/ecnometric/shine/data/НҮТС-2018/4. Women.sav,НҮТС-2018,4. Women.sav,VT22A,Сүүлийн 12 сарын хугацаанд ялгаварлан гадуурхалт мэдэрсэн эсэх: Үндэс угсаа,parents_family
C:/tsogoo/Hicheel/erdem shinjilgeenii hural/ecnometric/shine/data/НҮТС-2018/4. Women.sav,НҮТС-2018,4. Women.sav,VT22B,Сүүлийн 12 сарын хугацаанд ялгаварлан гадуурхалт мэдэрсэн эсэх: Хүйс,parents_family
C:/tsogoo/Hicheel/erdem shinjilgeenii hural/ecnometric/shine/data/НҮТС-2018/4. Women.sav,НҮТС-2018,4. Women.sav,VT22C,Сүүлийн 12 сарын хугацаанд ялгаварлан гадуурхалт мэдэрсэн эсэх: Бэлгийн чиг хандлага,parents_family
C:/tsogoo/Hicheel/erdem shinjilgeenii hural/ecnometric/shine/data/НҮТС-2018/4. Women.sav,НҮТС-2018,4. Women.sav,VT22D,Сүүлийн 12 сарын хугацаанд ялгаварлан гадуурхалт мэдэрсэн эсэх: Нас,parents_family
C:/tsogoo/Hicheel/erdem shinjilgeenii hural/ecnometric/shine/data/НҮТС-2018/4. Women.sav,НҮТС-2018,4. Women.sav,VT22E,Сүүлийн 12 сарын хугацаанд ялгаварлан гадуурхалт мэдэрсэн эсэх: Шашин/шүтлэг,parents_family
C:/tsogoo/Hicheel/erdem shinjilgeenii hural/ecnometric/shine/data/НҮТС-2018/4. Women.sav,НҮТС-2018,4. Women.sav,VT22F,Сүүлийн 12 сарын хугацаанд ялгаварлан гадуурхалт мэдэрсэн эсэх: Хөгжлийн бэрхшээл,parents_family
C:/tsogoo/Hicheel/erdem shinjilgeenii hural/ecnometric/shine/data/НҮТС-2018/4. Women.sav,НҮТС-2018,4. Women.sav,VT22G,Сүүлийн 12 сарын хугацаанд ялгаварлан гадуурхалт мэдэрсэн эсэх: Нутаг ус,wealth_assets_housing
C:/tsogoo/Hicheel/erdem shinjilgeenii hural/ecnometric/shine/data/НҮТС-2018/4. Women.sav,НҮТС-2018,4. Women.sav,VT22H,"Сүүлийн 12 сарын хугацаанд ялгаварлан гадуурхалт мэдэрсэн эсэх: Хот, хөдөөгийн ялгаа",parents_family
C:/tsogoo/Hicheel/erdem shinjilgeenii hural/ecnometric/shine/data/НҮТС-2018/4. Women.sav,НҮТС-2018,4. Women.sav,VT22I,Сүүлийн 12 сарын хугацаанд ялгаварлан гадуурхалт мэдэрсэн эсэх: Амьжиргааны түвшин,parents_family
C:/tsogoo/Hicheel/erdem shinjilgeenii hural/ecnometric/shine/data/НҮТС-2018/4. Women.sav,НҮТС-2018,4. Women.sav,VT22J,Сүүлийн 12 сарын хугацаанд ялгаварлан гадуурхалт мэдэрсэн эсэх: Амьдарч байгаа газар,parents_family
C:/tsogoo/Hicheel/erdem shinjilgeenii hural/ecnometric/shine/data/НҮТС-2018/4. Women.sav,НҮТС-2018,4. Women.sav,VT22K,Сүүлийн 12 сарын хугацаанд ялгаварлан гадуурхалт мэдэрсэн эсэх: Боловсролын түвшин,education_schooling
C:/tsogoo/Hicheel/erdem shinjilgeenii hural/ecnometric/shine/data/НҮТС-2018/4. Women.sav,НҮТС-2018,4. Women.sav,VT22X,Сүүлийн 12 сарын хугацаанд ялгаварлан гадуурхалт мэдэрсэн эсэх: Бусад шалтгаан,wealth_assets_housing
C:/tsogoo/Hicheel/erdem shinjilgeenii hural/ecnometric/shine/data/НҮТС-2018/4. Women.sav,НҮТС-2018,4. Women.sav,VT23,Сүүлийн 12 сарын хугацаанд эд зүйлсээ хулгайд алдсан эсэх,parents_family
C:/tsogoo/Hicheel/erdem shinjilgeenii hural/ecnometric/shine/data/НҮТС-2018/4. Women.sav,НҮТС-2018,4. Women.sav,VT24,Хулгайг цагдаагийн байгууллагад мэдэгдсэн эсэх,parents_family
C:/tsogoo/Hicheel/erdem shinjilgeenii hural/ecnometric/shine/data/НҮТС-2018/4. Women.sav,НҮТС-2018,4. Women.sav,VT25,Сүүлийн 12 сарын хугацаанд эд зүйлсээ залилуулсан тохиолдол бий эсэх,parents_family
C:/tsogoo/Hicheel/erdem shinjilgeenii hural/ecnometric/shine/data/НҮТС-2018/4. Women.sav,НҮТС-2018,4. Women.sav,VT26,Залиланг цагдаагийн байгууллагад мэдэгдсэн эсэх,parents_family
C:/tsogoo/Hicheel/erdem shinjilgeenii hural/ecnometric/shine/data/НҮТС-2018/4. Women.sav,НҮТС-2018,4. Women.sav,AF2,Харааны шил эсвэл контакт линз зүүдэг эсэх,parents_family
C:/tsogoo/Hicheel/erdem shinjilgeenii hural/ecnometric/shine/data/НҮТС-2018/4. Women.sav,НҮТС-2018,4. Women.sav,AF3,Сонсголын аппарат зүүдэг эсэх,parents_family
C:/tsogoo/Hicheel/erdem shinjilgeenii hural/ecnometric/shine/data/НҮТС-2018/4. Women.sav,НҮТС-2018,4. Women.sav,AF6,Харааны шил/ контакт линз зүүсэн хэдий ч юм харахад хүндрэлтэй байдаг эсэх,parents_family
C:/tsogoo/Hicheel/erdem shinjilgeenii hural/ecnometric/shine/data/НҮТС-2018/4. Women.sav,НҮТС-2018,4. Women.sav,AF8,Сонсголын аппарат зүүсэн хэдий ч юм сонсоход хүндрэлтэй байдаг эсэх,parents_family
C:/tsogoo/Hicheel/erdem shinjilgeenii hural/ecnometric/shine/data/НҮТС-2018/4. Women.sav,НҮТС-2018,4. Women.sav,AF9,Алхах болон шатаар явахад хүндрэлтэй байдаг эсэх,parents_family
C:/tsogoo/Hicheel/erdem shinjilgeenii hural/ecnometric/shine/data/НҮТС-2018/4. Women.sav,НҮТС-2018,4. Women.sav,AF10,"Аливаа зүйлийг санах, анхаарлаа төвлөрүүлэхэд хүндрэлтэй байдаг эсэх",parents_family
C:/tsogoo/Hicheel/erdem shinjilgeenii hural/ecnometric/shine/data/НҮТС-2018/4. Women.sav,НҮТС-2018,4. Women.sav,AF11,Бие даан өөрийгөө арчлахад хүндрэлтэй байдаг эсэх,parents_family
C:/tsogoo/Hicheel/erdem shinjilgeenii hural/ecnometric/shine/data/НҮТС-2018/4. Women.sav,НҮТС-2018,4. Women.sav,AF12,Бусадтай харилцахад ямар нэгэн бэрхшээл гардаг эсэх,wealth_assets_housing
C:/tsogoo/Hicheel/erdem shinjilgeenii hural/ecnometric/shine/data/НҮТС-2018/4. Women.sav,НҮТС-2018,4. Women.sav,SB1,Хамгийн анх бэлгийн хавьталд орсон нас,demographics_geo_weights
C:/tsogoo/Hicheel/erdem shinjilgeenii hural/ecnometric/shine/data/НҮТС-2018/4. Women.sav,НҮТС-2018,4. Women.sav,SB2U,Хамгийн сүүлд хэзээ бэлгийн хавьталд орсон - нэгж,other
C:/tsogoo/Hicheel/erdem shinjilgeenii hural/ecnometric/shine/data/НҮТС-2018/4. Women.sav,НҮТС-2018,4. Women.sav,SB2N,Хамгийн сүүлд хэзээ бэлгийн хавьталд орсон - хугацаа,other
C:/tsogoo/Hicheel/erdem shinjilgeenii hural/ecnometric/shine/data/НҮТС-2018/4. Women.sav,НҮТС-2018,4. Women.sav,SB3,Хамгийн сүүлд бэлгийн хавьталд орохдоо бэлгэвч хэрэглэсэн эсэх,parents_family
C:/tsogoo/Hicheel/erdem shinjilgeenii hural/ecnometric/shine/data/НҮТС-2018/4. Women.sav,НҮТС-2018,4. Women.sav,SB4,Хамгийн сүүлд бэлгийн хавьталд орсон хүний хамаарал,other
C:/tsogoo/Hicheel/erdem shinjilgeenii hural/ecnometric/shine/data/НҮТС-2018/4. Women.sav,НҮТС-2018,4. Women.sav,SB6,Хамгийн сүүлийн бэлгийн хавьтагчийн нас,demographics_geo_weights
C:/tsogoo/Hicheel/erdem shinjilgeenii hural/ecnometric/shine/data/НҮТС-2018/4. Women.sav,НҮТС-2018,4. Women.sav,SB7,Сүүлийн 12 сарын хугацаанд өөр хүнтэй бэлгийн хавьталд орсон эсэх,parents_family
C:/tsogoo/Hicheel/erdem shinjilgeenii hural/ecnometric/shine/data/НҮТС-2018/4. Women.sav,НҮТС-2018,4. Women.sav,SB8,Тэр хүнтэйгээ хамгийн сүүлд бэлгийн хавьталд орохдоо бэлгэвч хэрэглэсэн эсэх,parents_family
C:/tsogoo/Hicheel/erdem shinjilgeenii hural/ecnometric/shine/data/НҮТС-2018/4. Women.sav,НҮТС-2018,4. Women.sav,SB9,Тэр хүнтэйгээ ямар хамааралтай байсан,other
C:/tsogoo/Hicheel/erdem shinjilgeenii hural/ecnometric/shine/data/НҮТС-2018/4. Women.sav,НҮТС-2018,4. Women.sav,SB12,Тэр хүний нас,demographics_geo_weights
C:/tsogoo/Hicheel/erdem shinjilgeenii hural/ecnometric/shine/data/НҮТС-2018/4. Women.sav,НҮТС-2018,4. Women.sav,HA1,"ХДХВ/ДОХ–ын талаар сонсож, уншиж байсан эсэх",parents_family
C:/tsogoo/Hicheel/erdem shinjilgeenii hural/ecnometric/shine/data/НҮТС-2018/4. Women.sav,НҮТС-2018,4. Women.sav,HA2,"ДОХ-ын халдваргүй, бэлгийн үнэнч нэг хавьтагчтай байснаар халдвар авах эрсдэлийг бууруулж чадна",other
C:/tsogoo/Hicheel/erdem shinjilgeenii hural/ecnometric/shine/data/НҮТС-2018/4. Women.sav,НҮТС-2018,4. Women.sav,HA3,Шумууланд хазуулснаар ДОХ-ын халдвар авч болно,other
C:/tsogoo/Hicheel/erdem shinjilgeenii hural/ecnometric/shine/data/НҮТС-2018/4. Women.sav,НҮТС-2018,4. Women.sav,HA4,Бэлгийн хавьталд орох бүртээ бэлгэвч хэрэглэснээр ДОХ-ын халдвар авах эрсдэлийг бууруулж чадна,other
C:/tsogoo/Hicheel/erdem shinjilgeenii hural/ecnometric/shine/data/НҮТС-2018/4. Women.sav,НҮТС-2018,4. Women.sav,HA5,ДОХ-ын халдвартай хүнтэй хоол хүнсээ хувааж идэхэд халдвар дамжих боломжтой,parents_family
C:/tsogoo/Hicheel/erdem shinjilgeenii hural/ecnometric/shine/data/НҮТС-2018/4. Women.sav,НҮТС-2018,4. Women.sav,HA7,Гаднаас нь харахад эрүүл хүн ДОХ-ын халдвартай байж болно,health_disability_nutrition
C:/tsogoo/Hicheel/erdem shinjilgeenii hural/ecnometric/shine/data/НҮТС-2018/4. Women.sav,НҮТС-2018,4. Women.sav,HA7A,"Өөр хүний хэрэглэсэн зүү, тариураар ДОХ-ын халдвар дамжих боломжтой",other
C:/tsogoo/Hicheel/erdem shinjilgeenii hural/ecnometric/shine/data/НҮТС-2018/4. Women.sav,НҮТС-2018,4. Women.sav,HA8A,"Жирэмсний үед халдвар эхээс ураг, нярайд дамжих боломжтой",parents_family
C:/tsogoo/Hicheel/erdem shinjilgeenii hural/ecnometric/shine/data/НҮТС-2018/4. Women.sav,НҮТС-2018,4. Women.sav,HA8B,"Төрөх үед халдвар эхээс ураг, нярайд дамжих боломжтой",parents_family
C:/tsogoo/Hicheel/erdem shinjilgeenii hural/ecnometric/shine/data/НҮТС-2018/4. Women.sav,НҮТС-2018,4. Women.sav,HA8C,"Хүүхэд хөхүүлэх үед халдвар эхээс ураг, нярайд дамжих боломжтой",parents_family
C:/tsogoo/Hicheel/erdem shinjilgeenii hural/ecnometric/shine/data/НҮТС-2018/4. Women.sav,НҮТС-2018,4. Women.sav,HA10,"ДОХ-ын халдвар эхээс ураг, нярайд дамжих эрсдэлийг бууруулдаг эм байдаг эсэхийг мэдэх эсэх",parents_family
C:/tsogoo/Hicheel/erdem shinjilgeenii hural/ecnometric/shine/data/НҮТС-2018/4. Women.sav,НҮТС-2018,4. Women.sav,HA13A,"Жирэмсний хяналтад үзүүлэхэд ДОХ-ын халдвар эхээс ураг, нярайд дамжих талаар зөвлөгөө өгсөн эсэх",parents_family
C:/tsogoo/Hicheel/erdem shinjilgeenii hural/ecnometric/shine/data/НҮТС-2018/4. Women.sav,НҮТС-2018,4. Women.sav,HA13B,Жирэмсний хяналтад үзүүлэхэд ДОХ ын халдвар авахаас сэргийлэх арга замын талаар зөвлөгөө өгсөн эсэх,parents_family
C:/tsogoo/Hicheel/erdem shinjilgeenii hural/ecnometric/shine/data/НҮТС-2018/4. Women.sav,НҮТС-2018,4. Women.sav,HA13C,Жирэмсний хяналтад үзүүлэхэд ДОХ-ын шинжилгээний талаар зөвлөгөө өгсөн эсэх,parents_family
C:/tsogoo/Hicheel/erdem shinjilgeenii hural/ecnometric/shine/data/НҮТС-2018/4. Women.sav,НҮТС-2018,4. Women.sav,HA13D,Жирэмсний хяналтад үзүүлэхэд ДОХ-ын шинжилгээ өгөхийг зөвлөсөн эсэх,parents_family
C:/tsogoo/Hicheel/erdem shinjilgeenii hural/ecnometric/shine/data/НҮТС-2018/4. Women.sav,НҮТС-2018,4. Women.sav,HA14,Хамгийн бага хүүхдээ тээж байхдаа ДОХ-ын шинжилгээ өгсөн эсэх,parents_family
C:/tsogoo/Hicheel/erdem shinjilgeenii hural/ecnometric/shine/data/НҮТС-2018/4. Women.sav,НҮТС-2018,4. Women.sav,HA15,Шинжилгээнийхээ хариуг авсан эсэх,parents_family
C:/tsogoo/Hicheel/erdem shinjilgeenii hural/ecnometric/shine/data/НҮТС-2018/4. Women.sav,НҮТС-2018,4. Women.sav,HA16,Шинжилгээнийхээ хариуг авахад ямар нэг зөвлөгөө өгсөн эсэх,parents_family
C:/tsogoo/Hicheel/erdem shinjilgeenii hural/ecnometric/shine/data/НҮТС-2018/4. Women.sav,НҮТС-2018,4. Women.sav,HA18,Төрөхөөр эмнэлэгт очсоноос хойш төрөх хүртэлх хугацаанд ДОХ-ын шинжилгээ өгөхийг санал болгосон эсэх,parents_family
C:/tsogoo/Hicheel/erdem shinjilgeenii hural/ecnometric/shine/data/НҮТС-2018/4. Women.sav,НҮТС-2018,4. Women.sav,HA19,Тухайн үед ДОХ-ын шинжилгээ өгсөн эсэх,parents_family
C:/tsogoo/Hicheel/erdem shinjilgeenii hural/ecnometric/shine/data/НҮТС-2018/4. Women.sav,НҮТС-2018,4. Women.sav,HA20,Шинжилгээний хариуг авсан эсэх,parents_family
C:/tsogoo/Hicheel/erdem shinjilgeenii hural/ecnometric/shine/data/НҮТС-2018/4. Women.sav,НҮТС-2018,4. Women.sav,HA22,Хамгийн бага хүүхдээ тээж байхдаа өгсөн ДОХ-ын шинжилгээнээс хойш дахин шинжилгээ өгсөн эсэх,parents_family
C:/tsogoo/Hicheel/erdem shinjilgeenii hural/ecnometric/shine/data/НҮТС-2018/4. Women.sav,НҮТС-2018,4. Women.sav,HA23,Хамгийн сүүлд хэдэн сарын өмнө ДОХ-ын шинжилгээ өгсөн,other
C:/tsogoo/Hicheel/erdem shinjilgeenii hural/ecnometric/shine/data/НҮТС-2018/4. Women.sav,НҮТС-2018,4. Women.sav,HA24,Ер нь ДОХ-ын шинжилгээ өгч байсан эсэх,parents_family
C:/tsogoo/Hicheel/erdem shinjilgeenii hural/ecnometric/shine/data/НҮТС-2018/4. Women.sav,НҮТС-2018,4. Women.sav,HA25,Хамгийн сүүлд хэдэн сарын өмнө ДОХ-ын шинжилгээ өгсөн,other
C:/tsogoo/Hicheel/erdem shinjilgeenii hural/ecnometric/shine/data/НҮТС-2018/4. Women.sav,НҮТС-2018,4. Women.sav,HA26,Шинжилгээний хариугаа авсан эсэх,parents_family
C:/tsogoo/Hicheel/erdem shinjilgeenii hural/ecnometric/shine/data/НҮТС-2018/4. Women.sav,НҮТС-2018,4. Women.sav,HA27,Шинжилгээ өгч болох газрыг мэдэх эсэх,parents_family
C:/tsogoo/Hicheel/erdem shinjilgeenii hural/ecnometric/shine/data/НҮТС-2018/4. Women.sav,НҮТС-2018,4. Women.sav,HA28,ДОХ-ын халдвартай эсэхийг өөрсдөө шалгаж болдог тест байдаг талаар сонсож байсан эсэх,parents_family
C:/tsogoo/Hicheel/erdem shinjilgeenii hural/ecnometric/shine/data/НҮТС-2018/4. Women.sav,НҮТС-2018,4. Women.sav,HA29,ДОХ-ын халдвартай эсэхийг шалгадаг тестийг хэрэглэж байсан эсэх,parents_family
C:/tsogoo/Hicheel/erdem shinjilgeenii hural/ecnometric/shine/data/НҮТС-2018/4. Women.sav,НҮТС-2018,4. Women.sav,HA30,Ногооны худалдагчийг ДОХ-ын халдвартай гэж мэдвэл түүнээс ногоо худалдаж авах эсэх,parents_family
C:/tsogoo/Hicheel/erdem shinjilgeenii hural/ecnometric/shine/data/НҮТС-2018/4. Women.sav,НҮТС-2018,4. Women.sav,HA31,ДОХ-ын халдвартай хүүхэд эрүүл хүүхдүүдтэй хамт суралцахыг хүлээн зөвшөөрөх эсэх,parents_family
C:/tsogoo/Hicheel/erdem shinjilgeenii hural/ecnometric/shine/data/НҮТС-2018/4. Women.sav,НҮТС-2018,4. Women.sav,HA32,Хүмүүс шинжилгээгээр ДОХ-той гэж гарвал бусдын хандлагаас эмээж ДОХ-ын шинжилгээ өгдөггүй гэж боддог эсэх,wealth_assets_housing
C:/tsogoo/Hicheel/erdem shinjilgeenii hural/ecnometric/shine/data/НҮТС-2018/4. Women.sav,НҮТС-2018,4. Women.sav,HA33,Хүмүүс ДОХ-той эсвэл ДОХ-тай байх гэсэн хүмүүсийн талаар муугаар ярьдаг эсэх,parents_family
C:/tsogoo/Hicheel/erdem shinjilgeenii hural/ecnometric/shine/data/НҮТС-2018/4. Women.sav,НҮТС-2018,4. Women.sav,HA34,Хүмүүс ДОХ-той эсвэл ДОХ-той байх гэсэн хүмүүсээс зайгаа барьдаг эсэх,parents_family
C:/tsogoo/Hicheel/erdem shinjilgeenii hural/ecnometric/shine/data/НҮТС-2018/4. Women.sav,НҮТС-2018,4. Women.sav,HA35,Хэрвээ манай гэр бүлийн хэн нэгэн хүн ДОХ-ын халдвар авсан бол би ичнэ,other
C:/tsogoo/Hicheel/erdem shinjilgeenii hural/ecnometric/shine/data/НҮТС-2018/4. Women.sav,НҮТС-2018,4. Women.sav,HA36,ДОХ-ын халдвартай хүний шүлснээс нь халдвар авна гэж айдаг эсэх,parents_family
C:/tsogoo/Hicheel/erdem shinjilgeenii hural/ecnometric/shine/data/НҮТС-2018/4. Women.sav,НҮТС-2018,4. Women.sav,HA37,"Сүүлийн 12 сарын хугацаанд үтрээнээс эвгүй үнэртэй, хэвийн бус ялгадас гарсан эсэх",wealth_assets_housing
C:/tsogoo/Hicheel/erdem shinjilgeenii hural/ecnometric/shine/data/НҮТС-2018/4. Women.sav,НҮТС-2018,4. Women.sav,HA38,"Сүүлийн 12 сарын хугацаанд үтрээнээс дээр ямар нэгэн цэврүү, яр, шарх, үү гарсан эсэх",parents_family
C:/tsogoo/Hicheel/erdem shinjilgeenii hural/ecnometric/shine/data/НҮТС-2018/4. Women.sav,НҮТС-2018,4. Women.sav,HA39,Ер нь БЗДХ-ын шинжилгээ өгч байсан эсэх,parents_family
C:/tsogoo/Hicheel/erdem shinjilgeenii hural/ecnometric/shine/data/НҮТС-2018/4. Women.sav,НҮТС-2018,4. Women.sav,HA40,Сүүлийн 12 сарын хугацаанд БЗДХ-ын шинжилгээ өгсөн эсэх,parents_family
C:/tsogoo/Hicheel/erdem shinjilgeenii hural/ecnometric/shine/data/НҮТС-2018/4. Women.sav,НҮТС-2018,4. Women.sav,CC1,"Умайн хүзүүний хорт хавдрын талаар сонсож, уншиж байсан эсэх",parents_family
C:/tsogoo/Hicheel/erdem shinjilgeenii hural/ecnometric/shine/data/НҮТС-2018/4. Women.sav,НҮТС-2018,4. Women.sav,CC2,Умайн хүзүүний хорт хавдрыг эрт илрүүлэх эсийн шинжилгээ хийлгэж байсан эсэх,parents_family
C:/tsogoo/Hicheel/erdem shinjilgeenii hural/ecnometric/shine/data/НҮТС-2018/4. Women.sav,НҮТС-2018,4. Women.sav,CC3,Хамгийн сүүлд умайн хүзүүний хорт хавдрыг эрт илрүүлэх эсийн шинжилгээ хийлгэсэн газар,parents_family
C:/tsogoo/Hicheel/erdem shinjilgeenii hural/ecnometric/shine/data/НҮТС-2018/4. Women.sav,НҮТС-2018,4. Women.sav,CC4,Шинжилгээний хариуг авсан эсэх,parents_family
C:/tsogoo/Hicheel/erdem shinjilgeenii hural/ecnometric/shine/data/НҮТС-2018/4. Women.sav,НҮТС-2018,4. Women.sav,CC5U,Хамгийн сүүлд хэзээ умайн хүзүүний хорт хавдрыг эрт илрүүлэх эсийн шинжилгээ хийлгэсэн - нэгж,parents_family
C:/tsogoo/Hicheel/erdem shinjilgeenii hural/ecnometric/shine/data/НҮТС-2018/4. Women.sav,НҮТС-2018,4. Women.sav,CC5N,Хамгийн сүүлд хэзээ умайн хүзүүний хорт хавдрыг эрт илрүүлэх эсийн шинжилгээ хийлгэсэн - хугацаа,parents_family
C:/tsogoo/Hicheel/erdem shinjilgeenii hural/ecnometric/shine/data/НҮТС-2018/4. Women.sav,НҮТС-2018,4. Women.sav,CC6,Умайн хүзүүний хорт хавдрыг эрт илрүүлэх эсийн шинжилгээ хийлгээгүй шалтгаан,parents_family
C:/tsogoo/Hicheel/erdem shinjilgeenii hural/ecnometric/shine/data/НҮТС-2018/4. Women.sav,НҮТС-2018,4. Women.sav,CC7,Өсвөр насны охидод хийдэг умайн хүзүүний хорт хавдраас сэргийлэх вакцины талаар сонссон эсэх,parents_family
C:/tsogoo/Hicheel/erdem shinjilgeenii hural/ecnometric/shine/data/НҮТС-2018/4. Women.sav,НҮТС-2018,4. Women.sav,CC9,Өсвөр насны охидод хийдэг умайн хүзүүний хорт хавдраас сэргийлэх вакциныг хийлгэж байсан эсэх,parents_family
C:/tsogoo/Hicheel/erdem shinjilgeenii hural/ecnometric/shine/data/НҮТС-2018/4. Women.sav,НҮТС-2018,4. Women.sav,CC11,Өсвөр насны охидод хийдэг умайн хүзүүний хорт хавдраас сэргийлэх вакциныг Охидод хийх нь зөв гэж үзэж байгаа эсэх,parents_family
C:/tsogoo/Hicheel/erdem shinjilgeenii hural/ecnometric/shine/data/НҮТС-2018/4. Women.sav,НҮТС-2018,4. Women.sav,TA1,"Ер нь тамхи нэг, хоёр удаа сорж үзсэн эсэх",parents_family
C:/tsogoo/Hicheel/erdem shinjilgeenii hural/ecnometric/shine/data/НҮТС-2018/4. Women.sav,НҮТС-2018,4. Women.sav,TA2,Анх ширхэг тамхийг бүтнээр нь татсан нас,demographics_geo_weights
C:/tsogoo/Hicheel/erdem shinjilgeenii hural/ecnometric/shine/data/НҮТС-2018/4. Women.sav,НҮТС-2018,4. Women.sav,TA3,Одоо тамхи татдаг эсэх,parents_family
C:/tsogoo/Hicheel/erdem shinjilgeenii hural/ecnometric/shine/data/НҮТС-2018/4. Women.sav,НҮТС-2018,4. Women.sav,TA4,Сүүлийн 24 цагт татсан тамхины тоо,other
C:/tsogoo/Hicheel/erdem shinjilgeenii hural/ecnometric/shine/data/НҮТС-2018/4. Women.sav,НҮТС-2018,4. Women.sav,TA5,Сүүлийн 1 сарын хугацаанд тамхи татсан өдрийн тоо,other
C:/tsogoo/Hicheel/erdem shinjilgeenii hural/ecnometric/shine/data/НҮТС-2018/4. Women.sav,НҮТС-2018,4. Women.sav,TA6,"Навчин тамхи, дүнсэн тамхи зэрэг бусад төрлийн тамхи татаж байсан эсэх",wealth_assets_housing
C:/tsogoo/Hicheel/erdem shinjilgeenii hural/ecnometric/shine/data/НҮТС-2018/4. Women.sav,НҮТС-2018,4. Women.sav,TA7,"Сүүлийн 1 сарын хугацаанд навчин тамхи, дүнсэн тамхи зэрэг бусад төрлийн тамхи татсан эсэх",wealth_assets_housing
C:/tsogoo/Hicheel/erdem shinjilgeenii hural/ecnometric/shine/data/НҮТС-2018/4. Women.sav,НҮТС-2018,4. Women.sav,TA8A,Бусад төрлийн татсан тамхи: Навчин тамхи,wealth_assets_housing
C:/tsogoo/Hicheel/erdem shinjilgeenii hural/ecnometric/shine/data/НҮТС-2018/4. Women.sav,НҮТС-2018,4. Women.sav,TA8D,Бусад төрлийн татсан тамхи: Дүнсэн тамхи (гаансаар),wealth_assets_housing
C:/tsogoo/Hicheel/erdem shinjilgeenii hural/ecnometric/shine/data/НҮТС-2018/4. Women.sav,НҮТС-2018,4. Women.sav,TA8E,Бусад төрлийн татсан тамхи: Дүнсэн тамхи (ороодог),wealth_assets_housing
C:/tsogoo/Hicheel/erdem shinjilgeenii hural/ecnometric/shine/data/НҮТС-2018/4. Women.sav,НҮТС-2018,4. Women.sav,TA8X,Бусад төрлийн татсан тамхи: Бусад (тодруулах),wealth_assets_housing
C:/tsogoo/Hicheel/erdem shinjilgeenii hural/ecnometric/shine/data/НҮТС-2018/4. Women.sav,НҮТС-2018,4. Women.sav,TA8NR,Бусад төрлийн татсан тамхи: Хариулаагүй,wealth_assets_housing
C:/tsogoo/Hicheel/erdem shinjilgeenii hural/ecnometric/shine/data/НҮТС-2018/4. Women.sav,НҮТС-2018,4. Women.sav,TA9,Сүүлийн 1 сарын хугацаанд бусад төрлийн тамхи татсан өдрийн тоо,wealth_assets_housing
C:/tsogoo/Hicheel/erdem shinjilgeenii hural/ecnometric/shine/data/НҮТС-2018/4. Women.sav,НҮТС-2018,4. Women.sav,TA10,"Хамрын тамхи, зажилдаг тамхи зэрэг утаагүй тамхи хэрэглэж байсан эсэх",parents_family
C:/tsogoo/Hicheel/erdem shinjilgeenii hural/ecnometric/shine/data/НҮТС-2018/4. Women.sav,НҮТС-2018,4. Women.sav,TA11,Сүүлийн 1 сарын хугацаанд утаагүй тамхи хэрэглэсэн эсэх,parents_family
C:/tsogoo/Hicheel/erdem shinjilgeenii hural/ecnometric/shine/data/НҮТС-2018/4. Women.sav,НҮТС-2018,4. Women.sav,TA12A,Хэрэглэсэн утаагүй тамхи: Зажилдаг тамхи,work_child_labour
C:/tsogoo/Hicheel/erdem shinjilgeenii hural/ecnometric/shine/data/НҮТС-2018/4. Women.sav,НҮТС-2018,4. Women.sav,TA12B,Хэрэглэсэн утаагүй тамхи: Хамрын тамхи,other
C:/tsogoo/Hicheel/erdem shinjilgeenii hural/ecnometric/shine/data/НҮТС-2018/4. Women.sav,НҮТС-2018,4. Women.sav,TA12X,Хэрэглэсэн утаагүй тамхи: Бусад (тодруулах),wealth_assets_housing
C:/tsogoo/Hicheel/erdem shinjilgeenii hural/ecnometric/shine/data/НҮТС-2018/4. Women.sav,НҮТС-2018,4. Women.sav,TA12NR,Хэрэглэсэн утаагүй тамхи: Хариулаагүй,other
C:/tsogoo/Hicheel/erdem shinjilgeenii hural/ecnometric/shine/data/НҮТС-2018/4. Women.sav,НҮТС-2018,4. Women.sav,TA13,Сүүлийн 1 сарын хугацаанд утаагүй тамхи хэрэглэсэн өдрийн тоо,other
C:/tsogoo/Hicheel/erdem shinjilgeenii hural/ecnometric/shine/data/НҮТС-2018/4. Women.sav,НҮТС-2018,4. Women.sav,TA14,"Архи, согтууруулах ундаа ууж үзсэн эсэх",parents_family
C:/tsogoo/Hicheel/erdem shinjilgeenii hural/ecnometric/shine/data/НҮТС-2018/4. Women.sav,НҮТС-2018,4. Women.sav,TA15,"Архи, согтууруулах ундааг анх уусан нас",wealth_assets_housing
C:/tsogoo/Hicheel/erdem shinjilgeenii hural/ecnometric/shine/data/НҮТС-2018/4. Women.sav,НҮТС-2018,4. Women.sav,TA16,"Сүүлийн 1 сарын хугацаанд архи, согтууруулах ундаа уусан өдрийн тоо",wealth_assets_housing
C:/tsogoo/Hicheel/erdem shinjilgeenii hural/ecnometric/shine/data/НҮТС-2018/4. Women.sav,НҮТС-2018,4. Women.sav,TA17,"Тодорхойлсон хэмжээний архи, согтууруулах ундааг уусан тоо",wealth_assets_housing
C:/tsogoo/Hicheel/erdem shinjilgeenii hural/ecnometric/shine/data/НҮТС-2018/4. Women.sav,НҮТС-2018,4. Women.sav,LS1,Өөрийгөө хэр аз жаргалтай гэж үзэж байна,other
C:/tsogoo/Hicheel/erdem shinjilgeenii hural/ecnometric/shine/data/НҮТС-2018/4. Women.sav,НҮТС-2018,4. Women.sav,LS2,Шатны аль гишгүүр дээр зогсож байна гэж бодож байна,other
C:/tsogoo/Hicheel/erdem shinjilgeenii hural/ecnometric/shine/data/НҮТС-2018/4. Women.sav,НҮТС-2018,4. Women.sav,LS3,Өнгөрсөн жилийн энэ үеийнхтэй харьцуулбал амьдрал ямар байна,other
C:/tsogoo/Hicheel/erdem shinjilgeenii hural/ecnometric/shine/data/НҮТС-2018/4. Women.sav,НҮТС-2018,4. Women.sav,LS4,Жилийн дараа амьдрал ямар байна гэж төсөөлж байна,other
C:/tsogoo/Hicheel/erdem shinjilgeenii hural/ecnometric/shine/data/НҮТС-2018/4. Women.sav,НҮТС-2018,4. Women.sav,HH4,Багийн ахлагчийн дугаар,other
C:/tsogoo/Hicheel/erdem shinjilgeenii hural/ecnometric/shine/data/НҮТС-2018/4. Women.sav,НҮТС-2018,4. Women.sav,WDOB,Эмэгтэйн төрсөн огноо (CMC),demographics_geo_weights
C:/tsogoo/Hicheel/erdem shinjilgeenii hural/ecnometric/shine/data/НҮТС-2018/4. Women.sav,НҮТС-2018,4. Women.sav,WDOM,Эмэгтэйн гэрлэсэн нас(CMC),demographics_geo_weights
C:/tsogoo/Hicheel/erdem shinjilgeenii hural/ecnometric/shine/data/НҮТС-2018/4. Women.sav,НҮТС-2018,4. Women.sav,WAGEM,Анх гэрлэсэн/хамтран амьдарсан нас,demographics_geo_weights
C:/tsogoo/Hicheel/erdem shinjilgeenii hural/ecnometric/shine/data/НҮТС-2018/4. Women.sav,НҮТС-2018,4. Women.sav,WDOBFC,Анхны хүүхдээ төрүүлсэн огноо (CMC),other
C:/tsogoo/Hicheel/erdem shinjilgeenii hural/ecnometric/shine/data/НҮТС-2018/4. Women.sav,НҮТС-2018,4. Women.sav,WDOBLC,Хамгийн бага хүүхдээ төрүүлсэн огноо (CMC),other
C:/tsogoo/Hicheel/erdem shinjilgeenii hural/ecnometric/shine/data/НҮТС-2018/4. Women.sav,НҮТС-2018,4. Women.sav,MSTATUS,Гэрлэлтийн байдал,other
C:/tsogoo/Hicheel/erdem shinjilgeenii hural/ecnometric/shine/data/НҮТС-2018/4. Women.sav,НҮТС-2018,4. Women.sav,CEB,Төрүүлсэн хүүхдийн тоо,other
C:/tsogoo/Hicheel/erdem shinjilgeenii hural/ecnometric/shine/data/НҮТС-2018/4. Women.sav,НҮТС-2018,4. Women.sav,CSURV,Амьд үлдсэн хүүхдийн тоо,other
C:/tsogoo/Hicheel/erdem shinjilgeenii hural/ecnometric/shine/data/НҮТС-2018/4. Women.sav,НҮТС-2018,4. Women.sav,CDEAD,Эндсэн хүүхдийн тоо,other
C:/tsogoo/Hicheel/erdem shinjilgeenii hural/ecnometric/shine/data/НҮТС-2018/4. Women.sav,НҮТС-2018,4. Women.sav,welevel,Боловсрол,education_schooling
C:/tsogoo/Hicheel/erdem shinjilgeenii hural/ecnometric/shine/data/НҮТС-2018/4. Women.sav,НҮТС-2018,4. Women.sav,disability,Үйлдлийн чадвар (18-49 нас),demographics_geo_weights
C:/tsogoo/Hicheel/erdem shinjilgeenii hural/ecnometric/shine/data/НҮТС-2018/4. Women.sav,НҮТС-2018,4. Women.sav,HH6,"Хот, хөдөө",demographics_geo_weights
C:/tsogoo/Hicheel/erdem shinjilgeenii hural/ecnometric/shine/data/НҮТС-2018/4. Women.sav,НҮТС-2018,4. Women.sav,HH6A,Байршил,other
C:/tsogoo/Hicheel/erdem shinjilgeenii hural/ecnometric/shine/data/НҮТС-2018/4. Women.sav,НҮТС-2018,4. Women.sav,HH7,Бүс,demographics_geo_weights
C:/tsogoo/Hicheel/erdem shinjilgeenii hural/ecnometric/shine/data/НҮТС-2018/4. Women.sav,НҮТС-2018,4. Women.sav,province,Зорилтот аймаг дүүрэг,demographics_geo_weights
C:/tsogoo/Hicheel/erdem shinjilgeenii hural/ecnometric/shine/data/НҮТС-2018/4. Women.sav,НҮТС-2018,4. Women.sav,ethnicity,Өрхийн тэргүүлэгчийн яс үндэс,wealth_assets_housing
C:/tsogoo/Hicheel/erdem shinjilgeenii hural/ecnometric/shine/data/НҮТС-2018/4. Women.sav,НҮТС-2018,4. Women.sav,religion,Өрхийн тэргүүлэгчийн шашин шүтлэг,wealth_assets_housing
C:/tsogoo/Hicheel/erdem shinjilgeenii hural/ecnometric/shine/data/НҮТС-2018/4. Women.sav,НҮТС-2018,4. Women.sav,BH4D_first,Төрсөн өдөр,demographics_geo_weights
C:/tsogoo/Hicheel/erdem shinjilgeenii hural/ecnometric/shine/data/НҮТС-2018/4. Women.sav,НҮТС-2018,4. Women.sav,BH4M_first,Төрсөн сар,demographics_geo_weights
C:/tsogoo/Hicheel/erdem shinjilgeenii hural/ecnometric/shine/data/НҮТС-2018/4. Women.sav,НҮТС-2018,4. Women.sav,BH4Y_first,Төрсөн сар,demographics_geo_weights
C:/tsogoo/Hicheel/erdem shinjilgeenii hural/ecnometric/shine/data/НҮТС-2018/4. Women.sav,НҮТС-2018,4. Women.sav,BH6_first,Хүүхдийн нас,demographics_geo_weights
C:/tsogoo/Hicheel/erdem shinjilgeenii hural/ecnometric/shine/data/НҮТС-2018/4. Women.sav,НҮТС-2018,4. Women.sav,BH3_last,Хамгийн бага хүүхдийн хүйс,demographics_geo_weights
C:/tsogoo/Hicheel/erdem shinjilgeenii hural/ecnometric/shine/data/НҮТС-2018/4. Women.sav,НҮТС-2018,4. Women.sav,BH4D_last,Хамгийн бага хүүхдийн хүйс,demographics_geo_weights
C:/tsogoo/Hicheel/erdem shinjilgeenii hural/ecnometric/shine/data/НҮТС-2018/4. Women.sav,НҮТС-2018,4. Women.sav,BH4M_last,Хамгийн бага хүүхдийн төрсөн сар,demographics_geo_weights
C:/tsogoo/Hicheel/erdem shinjilgeenii hural/ecnometric/shine/data/НҮТС-2018/4. Women.sav,НҮТС-2018,4. Women.sav,BH4Y_last,Хамгийн бага хүүхдийн төрсөн он,demographics_geo_weights
C:/tsogoo/Hicheel/erdem shinjilgeenii hural/ecnometric/shine/data/НҮТС-2018/4. Women.sav,НҮТС-2018,4. Women.sav,BH6_last,Хамгийн бага хүүхдийн нас,demographics_geo_weights
C:/tsogoo/Hicheel/erdem shinjilgeenii hural/ecnometric/shine/data/НҮТС-2018/4. Women.sav,НҮТС-2018,4. Women.sav,wmweight,15-49 насны эмэгтэйчүүдийн түүврийн жин,demographics_geo_weights
C:/tsogoo/Hicheel/erdem shinjilgeenii hural/ecnometric/shine/data/НҮТС-2018/4. Women.sav,НҮТС-2018,4. Women.sav,wmweight_prov,15-49 насны эмэгтэйчүүдийн түүврийн жин (зорилтот аймаг/дүүргийн),demographics_geo_weights
C:/tsogoo/Hicheel/erdem shinjilgeenii hural/ecnometric/shine/data/НҮТС-2018/4. Women.sav,НҮТС-2018,4. Women.sav,wscore,Аж байдлын түвшний нэгдсэн оноо,other
C:/tsogoo/Hicheel/erdem shinjilgeenii hural/ecnometric/shine/data/НҮТС-2018/4. Women.sav,НҮТС-2018,4. Women.sav,windex5,Аж байдлын түвшний квинтиль,other
C:/tsogoo/Hicheel/erdem shinjilgeenii hural/ecnometric/shine/data/НҮТС-2018/4. Women.sav,НҮТС-2018,4. Women.sav,windex10,Аж байдлын түвшний бүлэг,other
C:/tsogoo/Hicheel/erdem shinjilgeenii hural/ecnometric/shine/data/НҮТС-2018/4. Women.sav,НҮТС-2018,4. Women.sav,wscoreu,Аж байдлын түвшний нэгдсэн оноо - Хөдөө,demographics_geo_weights
C:/tsogoo/Hicheel/erdem shinjilgeenii hural/ecnometric/shine/data/НҮТС-2018/4. Women.sav,НҮТС-2018,4. Women.sav,windex5u,Аж байдлын түвшний квинтиль - хот,demographics_geo_weights
C:/tsogoo/Hicheel/erdem shinjilgeenii hural/ecnometric/shine/data/НҮТС-2018/4. Women.sav,НҮТС-2018,4. Women.sav,windex10u,Аж байдлын түвшний бүлэг - хот,demographics_geo_weights
C:/tsogoo/Hicheel/erdem shinjilgeenii hural/ecnometric/shine/data/НҮТС-2018/4. Women.sav,НҮТС-2018,4. Women.sav,wscorer,Аж байдлын түвшний нэгдсэн оноо - Хот,demographics_geo_weights
C:/tsogoo/Hicheel/erdem shinjilgeenii hural/ecnometric/shine/data/НҮТС-2018/4. Women.sav,НҮТС-2018,4. Women.sav,windex5r,Аж байдлын түвшний квинтиль - хөдөө,demographics_geo_weights
C:/tsogoo/Hicheel/erdem shinjilgeenii hural/ecnometric/shine/data/НҮТС-2018/4. Women.sav,НҮТС-2018,4. Women.sav,windex10r,Аж байдлын түвшний бүлэг - хөдөө,demographics_geo_weights
C:/tsogoo/Hicheel/erdem shinjilgeenii hural/ecnometric/shine/data/НҮТС-2018/7. Child under 5.sav,НҮТС-2018,7. Child under 5.sav,HH1,Түүвэрлэгдсэн нэгжийн дугаар,demographics_geo_weights
C:/tsogoo/Hicheel/erdem shinjilgeenii hural/ecnometric/shine/data/НҮТС-2018/7. Child under 5.sav,НҮТС-2018,7. Child under 5.sav,HH2,Өрхийн дугаар,wealth_assets_housing
C:/tsogoo/Hicheel/erdem shinjilgeenii hural/ecnometric/shine/data/НҮТС-2018/7. Child under 5.sav,НҮТС-2018,7. Child under 5.sav,LN,Line number,other
C:/tsogoo/Hicheel/erdem shinjilgeenii hural/ecnometric/shine/data/НҮТС-2018/7. Child under 5.sav,НҮТС-2018,7. Child under 5.sav,UF1,Түүвэрлэгдсэн нэгжийн дугаар,demographics_geo_weights
C:/tsogoo/Hicheel/erdem shinjilgeenii hural/ecnometric/shine/data/НҮТС-2018/7. Child under 5.sav,НҮТС-2018,7. Child under 5.sav,UF2,Өрхийн дугаар,wealth_assets_housing
C:/tsogoo/Hicheel/erdem shinjilgeenii hural/ecnometric/shine/data/НҮТС-2018/7. Child under 5.sav,НҮТС-2018,7. Child under 5.sav,UF3,Хүүхдийн мөрийн дугаар,other
C:/tsogoo/Hicheel/erdem shinjilgeenii hural/ecnometric/shine/data/НҮТС-2018/7. Child under 5.sav,НҮТС-2018,7. Child under 5.sav,UFINT,Ярилцлага өгөгчийн дугаар,other
C:/tsogoo/Hicheel/erdem shinjilgeenii hural/ecnometric/shine/data/НҮТС-2018/7. Child under 5.sav,НҮТС-2018,7. Child under 5.sav,UF4,Эх/ асран хамгаалагчийн мөрийн дугаар,parents_family
C:/tsogoo/Hicheel/erdem shinjilgeenii hural/ecnometric/shine/data/НҮТС-2018/7. Child under 5.sav,НҮТС-2018,7. Child under 5.sav,UF5,Ярилцлага авагчийн дугаар,other
C:/tsogoo/Hicheel/erdem shinjilgeenii hural/ecnometric/shine/data/НҮТС-2018/7. Child under 5.sav,НҮТС-2018,7. Child under 5.sav,UF6,Багийн ахлагчийн дугаар,other
C:/tsogoo/Hicheel/erdem shinjilgeenii hural/ecnometric/shine/data/НҮТС-2018/7. Child under 5.sav,НҮТС-2018,7. Child under 5.sav,UF7Y,Ярилцлага авсан он,other
C:/tsogoo/Hicheel/erdem shinjilgeenii hural/ecnometric/shine/data/НҮТС-2018/7. Child under 5.sav,НҮТС-2018,7. Child under 5.sav,UF7M,Ярилцлага авсан сар,other
C:/tsogoo/Hicheel/erdem shinjilgeenii hural/ecnometric/shine/data/НҮТС-2018/7. Child under 5.sav,НҮТС-2018,7. Child under 5.sav,UF7D,Ярилцлага авсан өдөр,other
C:/tsogoo/Hicheel/erdem shinjilgeenii hural/ecnometric/shine/data/НҮТС-2018/7. Child under 5.sav,НҮТС-2018,7. Child under 5.sav,UF9,Өмнө нь ярилцлага авсан эсэх,parents_family
C:/tsogoo/Hicheel/erdem shinjilgeenii hural/ecnometric/shine/data/НҮТС-2018/7. Child under 5.sav,НҮТС-2018,7. Child under 5.sav,UF10,Зөвшөөрөл өгсөн эсэх,parents_family
C:/tsogoo/Hicheel/erdem shinjilgeenii hural/ecnometric/shine/data/НҮТС-2018/7. Child under 5.sav,НҮТС-2018,7. Child under 5.sav,UF17,Ярилцлагын үр дүн,other
C:/tsogoo/Hicheel/erdem shinjilgeenii hural/ecnometric/shine/data/НҮТС-2018/7. Child under 5.sav,НҮТС-2018,7. Child under 5.sav,UF8H,Ярилцлага эхэлсэн цаг,parents_family
C:/tsogoo/Hicheel/erdem shinjilgeenii hural/ecnometric/shine/data/НҮТС-2018/7. Child under 5.sav,НҮТС-2018,7. Child under 5.sav,UF8M,Ярилцлага эхэлсэн минут,parents_family
C:/tsogoo/Hicheel/erdem shinjilgeenii hural/ecnometric/shine/data/НҮТС-2018/7. Child under 5.sav,НҮТС-2018,7. Child under 5.sav,UF11H,Ярилцлага дууссан цаг,wealth_assets_housing
C:/tsogoo/Hicheel/erdem shinjilgeenii hural/ecnometric/shine/data/НҮТС-2018/7. Child under 5.sav,НҮТС-2018,7. Child under 5.sav,UF11M,Ярилцлага дууссан минут,wealth_assets_housing
C:/tsogoo/Hicheel/erdem shinjilgeenii hural/ecnometric/shine/data/НҮТС-2018/7. Child under 5.sav,НҮТС-2018,7. Child under 5.sav,UF12,Асуулгын хуудас бичигдсэн хэл:,other
C:/tsogoo/Hicheel/erdem shinjilgeenii hural/ecnometric/shine/data/НҮТС-2018/7. Child under 5.sav,НҮТС-2018,7. Child under 5.sav,UF13,Ярилцлага хийсэн хэл,other
C:/tsogoo/Hicheel/erdem shinjilgeenii hural/ecnometric/shine/data/НҮТС-2018/7. Child under 5.sav,НҮТС-2018,7. Child under 5.sav,UF14,Ярилцлага өгөгчийн эх хэл,parents_family
C:/tsogoo/Hicheel/erdem shinjilgeenii hural/ecnometric/shine/data/НҮТС-2018/7. Child under 5.sav,НҮТС-2018,7. Child under 5.sav,UF15,Ярилцлагын явцад орчуулга ашигласан эсэх,parents_family
C:/tsogoo/Hicheel/erdem shinjilgeenii hural/ecnometric/shine/data/НҮТС-2018/7. Child under 5.sav,НҮТС-2018,7. Child under 5.sav,UFAN,"Жин, өндрийн хэмжилт хийхэд бэлдэх",parents_family
C:/tsogoo/Hicheel/erdem shinjilgeenii hural/ecnometric/shine/data/НҮТС-2018/7. Child under 5.sav,НҮТС-2018,7. Child under 5.sav,UFHINT,Өрхийн ярилцлага авагчийн дугаар,wealth_assets_housing
C:/tsogoo/Hicheel/erdem shinjilgeenii hural/ecnometric/shine/data/НҮТС-2018/7. Child under 5.sav,НҮТС-2018,7. Child under 5.sav,CHFIN,Дуусгах,wealth_assets_housing
C:/tsogoo/Hicheel/erdem shinjilgeenii hural/ecnometric/shine/data/НҮТС-2018/7. Child under 5.sav,НҮТС-2018,7. Child under 5.sav,UB1Y,Хүүхдийн төрсөн он,demographics_geo_weights
C:/tsogoo/Hicheel/erdem shinjilgeenii hural/ecnometric/shine/data/НҮТС-2018/7. Child under 5.sav,НҮТС-2018,7. Child under 5.sav,UB1M,Хүүхдийн төрсөн сар,demographics_geo_weights
C:/tsogoo/Hicheel/erdem shinjilgeenii hural/ecnometric/shine/data/НҮТС-2018/7. Child under 5.sav,НҮТС-2018,7. Child under 5.sav,UB1D,Хүүхдийн төрсөн өдөр,demographics_geo_weights
C:/tsogoo/Hicheel/erdem shinjilgeenii hural/ecnometric/shine/data/НҮТС-2018/7. Child under 5.sav,НҮТС-2018,7. Child under 5.sav,UB2,Хүүхдийн нас,demographics_geo_weights
C:/tsogoo/Hicheel/erdem shinjilgeenii hural/ecnometric/shine/data/НҮТС-2018/7. Child under 5.sav,НҮТС-2018,7. Child under 5.sav,UB6,Цэцэрлэг эсвэл хувилбарт сургалтад хамрагдаж байсан эсэх,parents_family
C:/tsogoo/Hicheel/erdem shinjilgeenii hural/ecnometric/shine/data/НҮТС-2018/7. Child under 5.sav,НҮТС-2018,7. Child under 5.sav,UB7,2017 оны 9-р сараас хойш цэцэрлэг эсвэл хувилбарт сургалтад ямар нэг хугацаагаар хамрагдсан эсэх,parents_family
C:/tsogoo/Hicheel/erdem shinjilgeenii hural/ecnometric/shine/data/НҮТС-2018/7. Child under 5.sav,НҮТС-2018,7. Child under 5.sav,UB8,Одоо цэцэрлэг эсвэл хувилбарт сургалтад хамрагдаж байгаа эсэх,parents_family
C:/tsogoo/Hicheel/erdem shinjilgeenii hural/ecnometric/shine/data/НҮТС-2018/7. Child under 5.sav,НҮТС-2018,7. Child under 5.sav,BR1,Төрсний гэрчилгээтэй эсэх,parents_family
C:/tsogoo/Hicheel/erdem shinjilgeenii hural/ecnometric/shine/data/НҮТС-2018/7. Child under 5.sav,НҮТС-2018,7. Child under 5.sav,BR2,Төрснийг иргэний бүртгэлд бүртгүүлсэн эсэх,parents_family
C:/tsogoo/Hicheel/erdem shinjilgeenii hural/ecnometric/shine/data/НҮТС-2018/7. Child under 5.sav,НҮТС-2018,7. Child under 5.sav,BR3,Төрснийг хэрхэн бүртгүүлэхийг мэдэх эсэх,parents_family
C:/tsogoo/Hicheel/erdem shinjilgeenii hural/ecnometric/shine/data/НҮТС-2018/7. Child under 5.sav,НҮТС-2018,7. Child under 5.sav,EC1,Зориулсан хүүхдийн болон зурагтай ном байдаг эсэх,parents_family
C:/tsogoo/Hicheel/erdem shinjilgeenii hural/ecnometric/shine/data/НҮТС-2018/7. Child under 5.sav,НҮТС-2018,7. Child under 5.sav,EC2A,Гар аргаар хийсэн тоглоомоор тоглодог эсэх,parents_family
C:/tsogoo/Hicheel/erdem shinjilgeenii hural/ecnometric/shine/data/НҮТС-2018/7. Child under 5.sav,НҮТС-2018,7. Child under 5.sav,EC2B,Үйлдвэрийн аргаар хийсэн тоглоомоор тоглодог эсэх,parents_family
C:/tsogoo/Hicheel/erdem shinjilgeenii hural/ecnometric/shine/data/НҮТС-2018/7. Child under 5.sav,НҮТС-2018,7. Child under 5.sav,EC2C,Гэр ахуйн эд зүйл эсвэл гаднах орчны зүйлээр тоглодог эсэх,parents_family
C:/tsogoo/Hicheel/erdem shinjilgeenii hural/ecnometric/shine/data/НҮТС-2018/7. Child under 5.sav,НҮТС-2018,7. Child under 5.sav,EC2D,"Гар утас, таблет, компьютерээр тоглодог эсэх",parents_family
C:/tsogoo/Hicheel/erdem shinjilgeenii hural/ecnometric/shine/data/НҮТС-2018/7. Child under 5.sav,НҮТС-2018,7. Child under 5.sav,EC3A,1 цагаас илүү хугацаагаар ганцааранг нь орхисон өдрийн тоо,other
C:/tsogoo/Hicheel/erdem shinjilgeenii hural/ecnometric/shine/data/НҮТС-2018/7. Child under 5.sav,НҮТС-2018,7. Child under 5.sav,EC3B,1 цагаас илүү хугацаагаар 10 хүртэлх насны хүүхдээр харуулж орхисон өдрийн тоо,demographics_geo_weights
C:/tsogoo/Hicheel/erdem shinjilgeenii hural/ecnometric/shine/data/НҮТС-2018/7. Child under 5.sav,НҮТС-2018,7. Child under 5.sav,EC5AA,"Ном уншиж өгч, зурагтай ном хамт үзсэн эсэх - Эх",parents_family
C:/tsogoo/Hicheel/erdem shinjilgeenii hural/ecnometric/shine/data/НҮТС-2018/7. Child under 5.sav,НҮТС-2018,7. Child under 5.sav,EC5AB,"Ном уншиж өгч, зурагтай ном хамт үзсэн эсэх - Эцэг",parents_family
C:/tsogoo/Hicheel/erdem shinjilgeenii hural/ecnometric/shine/data/НҮТС-2018/7. Child under 5.sav,НҮТС-2018,7. Child under 5.sav,EC5AX,"Ном уншиж өгч, зурагтай ном хамт үзсэн эсэх - Бусад",wealth_assets_housing
C:/tsogoo/Hicheel/erdem shinjilgeenii hural/ecnometric/shine/data/НҮТС-2018/7. Child under 5.sav,НҮТС-2018,7. Child under 5.sav,EC5AY,"Ном уншиж өгч, зурагтай ном хамт үзсэн эсэх - Хэн ч цаг гаргаагүй",parents_family
C:/tsogoo/Hicheel/erdem shinjilgeenii hural/ecnometric/shine/data/НҮТС-2018/7. Child under 5.sav,НҮТС-2018,7. Child under 5.sav,EC5ANR,"Ном уншиж өгч, зурагтай ном хамт үзсэн эсэх - Хариулаагүй",parents_family
C:/tsogoo/Hicheel/erdem shinjilgeenii hural/ecnometric/shine/data/НҮТС-2018/7. Child under 5.sav,НҮТС-2018,7. Child under 5.sav,EC5BA,"Үлгэр, түүх, домог ярьж өгсөн эсэх - Эх",parents_family
C:/tsogoo/Hicheel/erdem shinjilgeenii hural/ecnometric/shine/data/НҮТС-2018/7. Child under 5.sav,НҮТС-2018,7. Child under 5.sav,EC5BB,"Үлгэр, түүх, домог ярьж өгсөн эсэх - Эцэг",parents_family
C:/tsogoo/Hicheel/erdem shinjilgeenii hural/ecnometric/shine/data/НҮТС-2018/7. Child under 5.sav,НҮТС-2018,7. Child under 5.sav,EC5BX,"Үлгэр, түүх, домог ярьж өгсөн эсэх - Бусад",wealth_assets_housing
C:/tsogoo/Hicheel/erdem shinjilgeenii hural/ecnometric/shine/data/НҮТС-2018/7. Child under 5.sav,НҮТС-2018,7. Child under 5.sav,EC5BY,"Үлгэр, түүх, домог ярьж өгсөн эсэх - Хэн ч цаг гаргаагүй",parents_family
C:/tsogoo/Hicheel/erdem shinjilgeenii hural/ecnometric/shine/data/НҮТС-2018/7. Child under 5.sav,НҮТС-2018,7. Child under 5.sav,EC5BNR,"Үлгэр, түүх, домог ярьж өгсөн эсэх - Хариулаагүй",parents_family
C:/tsogoo/Hicheel/erdem shinjilgeenii hural/ecnometric/shine/data/НҮТС-2018/7. Child under 5.sav,НҮТС-2018,7. Child under 5.sav,EC5CA,"Хамт дуу дуулж, түүнийг бүүвэйлсэн эсэх - Эх",parents_family
C:/tsogoo/Hicheel/erdem shinjilgeenii hural/ecnometric/shine/data/НҮТС-2018/7. Child under 5.sav,НҮТС-2018,7. Child under 5.sav,EC5CB,"Хамт дуу дуулж, түүнийг бүүвэйлсэн эсэх - Эцэг",parents_family
C:/tsogoo/Hicheel/erdem shinjilgeenii hural/ecnometric/shine/data/НҮТС-2018/7. Child under 5.sav,НҮТС-2018,7. Child under 5.sav,EC5CX,"Хамт дуу дуулж, түүнийг бүүвэйлсэн эсэх - Бусад",wealth_assets_housing
C:/tsogoo/Hicheel/erdem shinjilgeenii hural/ecnometric/shine/data/НҮТС-2018/7. Child under 5.sav,НҮТС-2018,7. Child under 5.sav,EC5CY,"Хамт дуу дуулж, түүнийг бүүвэйлсэн эсэх - Хэн ч цаг гаргаагүй",parents_family
C:/tsogoo/Hicheel/erdem shinjilgeenii hural/ecnometric/shine/data/НҮТС-2018/7. Child under 5.sav,НҮТС-2018,7. Child under 5.sav,EC5CNR,"Хамт дуу дуулж, түүнийг бүүвэйлсэн эсэх - Хариулаагүй",parents_family
C:/tsogoo/Hicheel/erdem shinjilgeenii hural/ecnometric/shine/data/НҮТС-2018/7. Child under 5.sav,НҮТС-2018,7. Child under 5.sav,EC5DA,Гадаа авч гаран хамтдаа зугаалсан эсэх - Эх,parents_family
C:/tsogoo/Hicheel/erdem shinjilgeenii hural/ecnometric/shine/data/НҮТС-2018/7. Child under 5.sav,НҮТС-2018,7. Child under 5.sav,EC5DB,Гадаа авч гаран хамтдаа зугаалсан эсэх - Эцэг,parents_family
C:/tsogoo/Hicheel/erdem shinjilgeenii hural/ecnometric/shine/data/НҮТС-2018/7. Child under 5.sav,НҮТС-2018,7. Child under 5.sav,EC5DX,Гадаа авч гаран хамтдаа зугаалсан эсэх - Бусад,wealth_assets_housing
C:/tsogoo/Hicheel/erdem shinjilgeenii hural/ecnometric/shine/data/НҮТС-2018/7. Child under 5.sav,НҮТС-2018,7. Child under 5.sav,EC5DY,Гадаа авч гаран хамтдаа зугаалсан эсэх - Хэн ч цаг гаргаагүй,parents_family
C:/tsogoo/Hicheel/erdem shinjilgeenii hural/ecnometric/shine/data/НҮТС-2018/7. Child under 5.sav,НҮТС-2018,7. Child under 5.sav,EC5DNR,Гадаа авч гаран хамтдаа зугаалсан эсэх - Хариулаагүй,parents_family
C:/tsogoo/Hicheel/erdem shinjilgeenii hural/ecnometric/shine/data/НҮТС-2018/7. Child under 5.sav,НҮТС-2018,7. Child under 5.sav,EC5EA,Хамт тоглосон эсэх - Эх,parents_family
C:/tsogoo/Hicheel/erdem shinjilgeenii hural/ecnometric/shine/data/НҮТС-2018/7. Child under 5.sav,НҮТС-2018,7. Child under 5.sav,EC5EB,Хамт тоглосон эсэх - Эцэг,parents_family
C:/tsogoo/Hicheel/erdem shinjilgeenii hural/ecnometric/shine/data/НҮТС-2018/7. Child under 5.sav,НҮТС-2018,7. Child under 5.sav,EC5EX,Хамт тоглосон эсэх - Бусад,wealth_assets_housing
C:/tsogoo/Hicheel/erdem shinjilgeenii hural/ecnometric/shine/data/НҮТС-2018/7. Child under 5.sav,НҮТС-2018,7. Child under 5.sav,EC5EY,Хамт тоглосон эсэх - Хэн ч цаг гаргаагүй,parents_family
C:/tsogoo/Hicheel/erdem shinjilgeenii hural/ecnometric/shine/data/НҮТС-2018/7. Child under 5.sav,НҮТС-2018,7. Child under 5.sav,EC5ENR,Хамт тоглосон эсэх - Хариулаагүй,parents_family
C:/tsogoo/Hicheel/erdem shinjilgeenii hural/ecnometric/shine/data/НҮТС-2018/7. Child under 5.sav,НҮТС-2018,7. Child under 5.sav,EC5FA,"Хамтдаа эд юмсыг нэрлэж, тоо тоолж, зураг зурсан эсэх - Эх",parents_family
C:/tsogoo/Hicheel/erdem shinjilgeenii hural/ecnometric/shine/data/НҮТС-2018/7. Child under 5.sav,НҮТС-2018,7. Child under 5.sav,EC5FB,"Хамтдаа эд юмсыг нэрлэж, тоо тоолж, зураг зурсан эсэх - Эцэг",parents_family
C:/tsogoo/Hicheel/erdem shinjilgeenii hural/ecnometric/shine/data/НҮТС-2018/7. Child under 5.sav,НҮТС-2018,7. Child under 5.sav,EC5FX,"Хамтдаа эд юмсыг нэрлэж, тоо тоолж, зураг зурсан эсэх - Бусад",wealth_assets_housing
C:/tsogoo/Hicheel/erdem shinjilgeenii hural/ecnometric/shine/data/НҮТС-2018/7. Child under 5.sav,НҮТС-2018,7. Child under 5.sav,EC5FY,"Хамтдаа эд юмсыг нэрлэж, тоо тоолж, зураг зурсан эсэх - Хэн ч цаг гаргаагүй",parents_family
C:/tsogoo/Hicheel/erdem shinjilgeenii hural/ecnometric/shine/data/НҮТС-2018/7. Child under 5.sav,НҮТС-2018,7. Child under 5.sav,EC5FNR,"Хамтдаа эд юмсыг нэрлэж, тоо тоолж, зураг зурсан эсэх - Хариулаагүй",parents_family
C:/tsogoo/Hicheel/erdem shinjilgeenii hural/ecnometric/shine/data/НҮТС-2018/7. Child under 5.sav,НҮТС-2018,7. Child under 5.sav,EC5H,Өнгө таньж ялгаж чаддаг эсэх,parents_family
C:/tsogoo/Hicheel/erdem shinjilgeenii hural/ecnometric/shine/data/НҮТС-2018/7. Child under 5.sav,НҮТС-2018,7. Child under 5.sav,EC5I,"Гурвалжин, дөрвөлжин, дугуй зэрэг энгийн дүрсийг таньж ялгадаг эсэх",parents_family
C:/tsogoo/Hicheel/erdem shinjilgeenii hural/ecnometric/shine/data/НҮТС-2018/7. Child under 5.sav,НҮТС-2018,7. Child under 5.sav,EC6,Цагаан толгойн үсэгнээс дор хаяж 10 үсэг нэрлэж мэддэг эсэх,parents_family
C:/tsogoo/Hicheel/erdem shinjilgeenii hural/ecnometric/shine/data/НҮТС-2018/7. Child under 5.sav,НҮТС-2018,7. Child under 5.sav,EC7,Энгийн 4 үг уншиж чаддаг эсэх,parents_family
C:/tsogoo/Hicheel/erdem shinjilgeenii hural/ecnometric/shine/data/НҮТС-2018/7. Child under 5.sav,НҮТС-2018,7. Child under 5.sav,EC7A,Тоо тоолж чаддаг эсэх,parents_family
C:/tsogoo/Hicheel/erdem shinjilgeenii hural/ecnometric/shine/data/НҮТС-2018/7. Child under 5.sav,НҮТС-2018,7. Child under 5.sav,EC8,1-ээс 10 хүртэл бичсэн тоог таньж нэрлэдэг эсэх,parents_family
C:/tsogoo/Hicheel/erdem shinjilgeenii hural/ecnometric/shine/data/НҮТС-2018/7. Child under 5.sav,НҮТС-2018,7. Child under 5.sav,EC9,"Жижиг юмыг хоёр хуруугаараа чимхэж, авч чаддаг эсэх",parents_family
C:/tsogoo/Hicheel/erdem shinjilgeenii hural/ecnometric/shine/data/НҮТС-2018/7. Child under 5.sav,НҮТС-2018,7. Child under 5.sav,EC9A,"Эрхий, долоовор, дунд хуруугаараа халбага, сэрээ, үзэг, харандаа зэргийг барьж чаддаг эсэх",parents_family
C:/tsogoo/Hicheel/erdem shinjilgeenii hural/ecnometric/shine/data/НҮТС-2018/7. Child under 5.sav,НҮТС-2018,7. Child under 5.sav,EC10,"Тоглохоос дургүйцэж бие нь тавгүйрхэж, сульддаг эсэх",parents_family
C:/tsogoo/Hicheel/erdem shinjilgeenii hural/ecnometric/shine/data/НҮТС-2018/7. Child under 5.sav,НҮТС-2018,7. Child under 5.sav,EC11,Аливаа зүйлийг хэрхэн хийхийг зааж өгөхөд дагаж хийж чаддаг эсэх,parents_family
C:/tsogoo/Hicheel/erdem shinjilgeenii hural/ecnometric/shine/data/НҮТС-2018/7. Child under 5.sav,НҮТС-2018,7. Child under 5.sav,EC12,Ямар нэг энгийн зүйл хийлгэхээр өгөхөд бие даан хийх чадвартай эсэх,parents_family
C:/tsogoo/Hicheel/erdem shinjilgeenii hural/ecnometric/shine/data/НҮТС-2018/7. Child under 5.sav,НҮТС-2018,7. Child under 5.sav,EC13,Хүүхдүүдтэй тоглохдоо эвтэй байдаг эсэх,parents_family
C:/tsogoo/Hicheel/erdem shinjilgeenii hural/ecnometric/shine/data/НҮТС-2018/7. Child under 5.sav,НҮТС-2018,7. Child under 5.sav,EC14,"Хүүхэд, томчуудыг өшиглөж, хазаж, цохидог эсэх",parents_family
C:/tsogoo/Hicheel/erdem shinjilgeenii hural/ecnometric/shine/data/НҮТС-2018/7. Child under 5.sav,НҮТС-2018,7. Child under 5.sav,EC15,Анхаарал амархан сарнидаг эсэх,parents_family
C:/tsogoo/Hicheel/erdem shinjilgeenii hural/ecnometric/shine/data/НҮТС-2018/7. Child under 5.sav,НҮТС-2018,7. Child under 5.sav,UCD2A,"Дуртай зүйлээ хийх, гэрээс гарахыг хорьсон эсэх",parents_family
C:/tsogoo/Hicheel/erdem shinjilgeenii hural/ecnometric/shine/data/НҮТС-2018/7. Child under 5.sav,НҮТС-2018,7. Child under 5.sav,UCD2B,Гаргасан зан ааш нь яагаад буруу гэдгийг тайлбарлаж хэлсэн эсэх,parents_family
C:/tsogoo/Hicheel/erdem shinjilgeenii hural/ecnometric/shine/data/НҮТС-2018/7. Child under 5.sav,НҮТС-2018,7. Child under 5.sav,UCD2C,"Дугтчиж, сэгсэрсэн эсэх",parents_family
C:/tsogoo/Hicheel/erdem shinjilgeenii hural/ecnometric/shine/data/НҮТС-2018/7. Child under 5.sav,НҮТС-2018,7. Child under 5.sav,UCD2D,"Орилж, хашгирсан эсэх",parents_family
C:/tsogoo/Hicheel/erdem shinjilgeenii hural/ecnometric/shine/data/НҮТС-2018/7. Child under 5.sav,НҮТС-2018,7. Child under 5.sav,UCD2E,Хүмүүжүүлэх зорилгоор ямар нэг зүйл хийлгэсэн эсэх,parents_family
C:/tsogoo/Hicheel/erdem shinjilgeenii hural/ecnometric/shine/data/НҮТС-2018/7. Child under 5.sav,НҮТС-2018,7. Child under 5.sav,UCD2F,"Хонгон дээр нь алгадаж, цохисон эсэх",parents_family
C:/tsogoo/Hicheel/erdem shinjilgeenii hural/ecnometric/shine/data/НҮТС-2018/7. Child under 5.sav,НҮТС-2018,7. Child under 5.sav,UCD2G,"Бүс, саваа зэрэг зүйлээр ороолгосон эсэх",parents_family
C:/tsogoo/Hicheel/erdem shinjilgeenii hural/ecnometric/shine/data/НҮТС-2018/7. Child under 5.sav,НҮТС-2018,7. Child under 5.sav,UCD2H,"Тэнэг, залхуу зэргээр дуудсан эсэх",parents_family
C:/tsogoo/Hicheel/erdem shinjilgeenii hural/ecnometric/shine/data/НҮТС-2018/7. Child under 5.sav,НҮТС-2018,7. Child under 5.sav,UCD2I,"Хацар дээр нь алгадаж, нүүр, толгой руу нь цохиж, чихийг нь мушгисан эсэх",parents_family
C:/tsogoo/Hicheel/erdem shinjilgeenii hural/ecnometric/shine/data/НҮТС-2018/7. Child under 5.sav,НҮТС-2018,7. Child under 5.sav,UCD2J,"Гар, тохой, хөл рүү нь алгадаж, цохисон эсэх",parents_family
C:/tsogoo/Hicheel/erdem shinjilgeenii hural/ecnometric/shine/data/НҮТС-2018/7. Child under 5.sav,НҮТС-2018,7. Child under 5.sav,UCD2K,"Маш хүчтэй олон удаа цохиж, зодсон эсэх",parents_family
C:/tsogoo/Hicheel/erdem shinjilgeenii hural/ecnometric/shine/data/НҮТС-2018/7. Child under 5.sav,НҮТС-2018,7. Child under 5.sav,UCD3,5 хүртэлх насны эсвэл 5-17 насны хүүхдийн асуулгад сонгогдсон 5-14 насны өөр хүүхдийн эх/ асран хамгаалагч мөн эсэх,parents_family
C:/tsogoo/Hicheel/erdem shinjilgeenii hural/ecnometric/shine/data/НҮТС-2018/7. Child under 5.sav,НҮТС-2018,7. Child under 5.sav,UCD4,Өөр хүүхдийн хувьд дараахтай ижил асуултад (Асуулт UCD5 эсвэл FCD5) хариулсан эсэх,parents_family
C:/tsogoo/Hicheel/erdem shinjilgeenii hural/ecnometric/shine/data/НҮТС-2018/7. Child under 5.sav,НҮТС-2018,7. Child under 5.sav,UCD5,"Хүүхдийг зөв өсгөж, хүмүүжүүлэхийн тулд түүнд бие махбодын шийтгэл оногдуулах нь зүйтэй гэж үздэг эсэх",parents_family
C:/tsogoo/Hicheel/erdem shinjilgeenii hural/ecnometric/shine/data/НҮТС-2018/7. Child under 5.sav,НҮТС-2018,7. Child under 5.sav,UCF2,Харааны шил зүүдэг эсэх,parents_family
C:/tsogoo/Hicheel/erdem shinjilgeenii hural/ecnometric/shine/data/НҮТС-2018/7. Child under 5.sav,НҮТС-2018,7. Child under 5.sav,UCF3,Сонсголын аппарат зүүдэг эсэх,parents_family
C:/tsogoo/Hicheel/erdem shinjilgeenii hural/ecnometric/shine/data/НҮТС-2018/7. Child under 5.sav,НҮТС-2018,7. Child under 5.sav,UCF4,Алхахдаа ямар нэгэн дэмжлэг болох туслах хэрэгсэл эсвэл бусдын тусламж авдаг эсэх,wealth_assets_housing
C:/tsogoo/Hicheel/erdem shinjilgeenii hural/ecnometric/shine/data/НҮТС-2018/7. Child under 5.sav,НҮТС-2018,7. Child under 5.sav,UCF7,Юм харахад хүндрэлтэй байдаг эсэх,parents_family
C:/tsogoo/Hicheel/erdem shinjilgeenii hural/ecnometric/shine/data/НҮТС-2018/7. Child under 5.sav,НҮТС-2018,7. Child under 5.sav,UCF9,"Хүмүүсийн яриа, хөгжим зэрэг дуу чимээг сонсоход хүндрэлтэй байдаг эсэх",parents_family
C:/tsogoo/Hicheel/erdem shinjilgeenii hural/ecnometric/shine/data/НҮТС-2018/7. Child under 5.sav,НҮТС-2018,7. Child under 5.sav,UCF11,Дэмжлэг болох туслах хэрэгсэл эсвэл бусдын тусламжгүйгээр алхахад хүндрэлтэй байдаг эсэх,wealth_assets_housing
C:/tsogoo/Hicheel/erdem shinjilgeenii hural/ecnometric/shine/data/НҮТС-2018/7. Child under 5.sav,НҮТС-2018,7. Child under 5.sav,UCF12,Дэмжлэг болох туслах хэрэгсэл эсвэл бусдын тусламжтайгаар алхахад хүндрэлтэй байдаг эсэх,wealth_assets_housing
C:/tsogoo/Hicheel/erdem shinjilgeenii hural/ecnometric/shine/data/НҮТС-2018/7. Child under 5.sav,НҮТС-2018,7. Child under 5.sav,UCF13,Үеийн хүүхдүүдтэй нь харьцуулахад алхахад хүндрэлтэй байдаг эсэх,parents_family
C:/tsogoo/Hicheel/erdem shinjilgeenii hural/ecnometric/shine/data/НҮТС-2018/7. Child under 5.sav,НҮТС-2018,7. Child under 5.sav,UCF14,Үеийн хүүхдүүдтэй нь харьцуулахад жижиг зүйлийг гараараа авахад хүндрэлтэй байдаг эсэх,parents_family
C:/tsogoo/Hicheel/erdem shinjilgeenii hural/ecnometric/shine/data/НҮТС-2018/7. Child under 5.sav,НҮТС-2018,7. Child under 5.sav,UCF15,"Эцэг, эх/ асран хамгаалагчийн хэлснийг ойлгоход хүндрэлтэй байдаг эсэх",parents_family
C:/tsogoo/Hicheel/erdem shinjilgeenii hural/ecnometric/shine/data/НҮТС-2018/7. Child under 5.sav,НҮТС-2018,7. Child under 5.sav,UCF16,Хэл яриаг нь ойлгоход хүндрэлтэй байдаг эсэх,parents_family
C:/tsogoo/Hicheel/erdem shinjilgeenii hural/ecnometric/shine/data/НҮТС-2018/7. Child under 5.sav,НҮТС-2018,7. Child under 5.sav,UCF17,Үеийн хүүхдүүдтэй нь харьцуулахад юм сурахад хүндрэлтэй байдаг эсэх,parents_family
C:/tsogoo/Hicheel/erdem shinjilgeenii hural/ecnometric/shine/data/НҮТС-2018/7. Child under 5.sav,НҮТС-2018,7. Child under 5.sav,UCF18,Үеийн хүүхдүүдтэй нь харьцуулахад тоглоход хүндрэлтэй байдаг эсэх,parents_family
C:/tsogoo/Hicheel/erdem shinjilgeenii hural/ecnometric/shine/data/НҮТС-2018/7. Child under 5.sav,НҮТС-2018,7. Child under 5.sav,UCF19,"Үеийн хүүхдүүдтэй нь харьцуулахад бусдыг хэр их өшиглөж, хазаж, цохидог",wealth_assets_housing
C:/tsogoo/Hicheel/erdem shinjilgeenii hural/ecnometric/shine/data/НҮТС-2018/7. Child under 5.sav,НҮТС-2018,7. Child under 5.sav,BD2,Ер нь эхийн сүүгээр хооллож байсан эсэх,parents_family
C:/tsogoo/Hicheel/erdem shinjilgeenii hural/ecnometric/shine/data/НҮТС-2018/7. Child under 5.sav,НҮТС-2018,7. Child under 5.sav,BD3,Одоо эхийн сүүгээр хооллож байгаа эсэх,parents_family
C:/tsogoo/Hicheel/erdem shinjilgeenii hural/ecnometric/shine/data/НҮТС-2018/7. Child under 5.sav,НҮТС-2018,7. Child under 5.sav,BD4,Сүүлийн 24 цагт угжаар юм уулгасан эсэх,parents_family
C:/tsogoo/Hicheel/erdem shinjilgeenii hural/ecnometric/shine/data/НҮТС-2018/7. Child under 5.sav,НҮТС-2018,7. Child under 5.sav,BD5,Сүүлийн 24 цагт шингэн сэлбэх давсны уусмал (хоросол) уулгасан эсэх,wealth_assets_housing
C:/tsogoo/Hicheel/erdem shinjilgeenii hural/ecnometric/shine/data/НҮТС-2018/7. Child under 5.sav,НҮТС-2018,7. Child under 5.sav,BD6,"Сүүлийн 24 цагт аминдэм, эрдэс бодис агуулсан ямар нэг бэлдмэл эсвэл эм уулгасан эсэх",parents_family
C:/tsogoo/Hicheel/erdem shinjilgeenii hural/ecnometric/shine/data/НҮТС-2018/7. Child under 5.sav,НҮТС-2018,7. Child under 5.sav,BD7A,Сүүлийн 24 цагт ус уулгасан эсэх,wealth_assets_housing
C:/tsogoo/Hicheel/erdem shinjilgeenii hural/ecnometric/shine/data/НҮТС-2018/7. Child under 5.sav,НҮТС-2018,7. Child under 5.sav,BD7B,Сүүлийн 24 цагт жимсний шүүс уулгасан эсэх,parents_family
C:/tsogoo/Hicheel/erdem shinjilgeenii hural/ecnometric/shine/data/НҮТС-2018/7. Child under 5.sav,НҮТС-2018,7. Child under 5.sav,BD7C,Сүүлийн 24 цагт дан шөл уулгасан эсэх,parents_family
C:/tsogoo/Hicheel/erdem shinjilgeenii hural/ecnometric/shine/data/НҮТС-2018/7. Child under 5.sav,НҮТС-2018,7. Child under 5.sav,BD7D,"Сүүлийн 24 цагт эхийн сүүн тэжээл (хай хай, нан, хумана, миласан, нутрилон гэх мэт) уулгасан эсэх",parents_family
C:/tsogoo/Hicheel/erdem shinjilgeenii hural/ecnometric/shine/data/НҮТС-2018/7. Child under 5.sav,НҮТС-2018,7. Child under 5.sav,BD7D1,Хэдэн удаа сүүн тэжээл уулгасан,other
C:/tsogoo/Hicheel/erdem shinjilgeenii hural/ecnometric/shine/data/НҮТС-2018/7. Child under 5.sav,НҮТС-2018,7. Child under 5.sav,BD7E,"Сүүлийн 24 цагт малын сүү, лаазалсан, савласан сүү, хярам уулгасан эсэх",wealth_assets_housing
C:/tsogoo/Hicheel/erdem shinjilgeenii hural/ecnometric/shine/data/НҮТС-2018/7. Child under 5.sav,НҮТС-2018,7. Child under 5.sav,BD7E1,"Хэдэн удаа малын сүү, лаазалсан, савласан сүү, хярам уулгасан",wealth_assets_housing
C:/tsogoo/Hicheel/erdem shinjilgeenii hural/ecnometric/shine/data/НҮТС-2018/7. Child under 5.sav,НҮТС-2018,7. Child under 5.sav,BD7X,Сүүлийн 24 цагт дээрхээс бусад төрлийн шингэн зүйл уулгасан эсэх,wealth_assets_housing
C:/tsogoo/Hicheel/erdem shinjilgeenii hural/ecnometric/shine/data/НҮТС-2018/7. Child under 5.sav,НҮТС-2018,7. Child under 5.sav,BD8A,Сүүлийн 24 цагт тараг идүүлсэн эсэх,parents_family
C:/tsogoo/Hicheel/erdem shinjilgeenii hural/ecnometric/shine/data/НҮТС-2018/7. Child under 5.sav,НҮТС-2018,7. Child under 5.sav,BD8A1,Хэдэн удаа тараг идүүлсэн,other
C:/tsogoo/Hicheel/erdem shinjilgeenii hural/ecnometric/shine/data/НҮТС-2018/7. Child under 5.sav,НҮТС-2018,7. Child under 5.sav,BD8B,"Сүүлийн 24 цагт Гербэр, Хумана, Вакодо, Фруто няня, Агуша зэрэг хүүхдийн брэндийн баяжуулсан хоол хүнс өгсөн эсэх",parents_family
C:/tsogoo/Hicheel/erdem shinjilgeenii hural/ecnometric/shine/data/НҮТС-2018/7. Child under 5.sav,НҮТС-2018,7. Child under 5.sav,BD8C,"Сүүлийн 24 цагт талх, будаа, каша, гоймон болон бусад үр тариагаар хийсэн бүтээгдэхүүн идүүлсэн эсэх",wealth_assets_housing
C:/tsogoo/Hicheel/erdem shinjilgeenii hural/ecnometric/shine/data/НҮТС-2018/7. Child under 5.sav,НҮТС-2018,7. Child under 5.sav,BD8D,"Сүүлийн 24 цагт лууван, хулуу, амтат төмс зэрэг дотроо шар, улбар шар өнгөтэй бүтээгдэхүүн болон шар өнгийн нухаш идүүлсэн эсэх",parents_family
C:/tsogoo/Hicheel/erdem shinjilgeenii hural/ecnometric/shine/data/НҮТС-2018/7. Child under 5.sav,НҮТС-2018,7. Child under 5.sav,BD8E,"Сүүлийн 24 цагт төмс, манжин, цагаан лууван, редиск зэрэг цагаан өнгийн үндэст хүнсний ногоо идүүлсэн эсэх",parents_family
C:/tsogoo/Hicheel/erdem shinjilgeenii hural/ecnometric/shine/data/НҮТС-2018/7. Child under 5.sav,НҮТС-2018,7. Child under 5.sav,BD8F,"Сүүлийн 24 цагт брокколи, бууцай, жууцай, юуцай, салат навч зэрэг гүн ногоон өнгийн навчит хүнсний ногоо идүүлсэн эсэх",parents_family
C:/tsogoo/Hicheel/erdem shinjilgeenii hural/ecnometric/shine/data/НҮТС-2018/7. Child under 5.sav,НҮТС-2018,7. Child under 5.sav,BD8G,"Сүүлийн 24 цагт А аминдэмээр баялаг тоор, чангаанз, интоор, амтат гуа, шийгуа, апельсин гэх мэт жимс идүүлсэн эсэх",parents_family
C:/tsogoo/Hicheel/erdem shinjilgeenii hural/ecnometric/shine/data/НҮТС-2018/7. Child under 5.sav,НҮТС-2018,7. Child under 5.sav,BD8H,"Сүүлийн 24 цагт дээрхээс бусад төрлийн жимс, хүнсний ногоо идүүлсэн эсэх",wealth_assets_housing
C:/tsogoo/Hicheel/erdem shinjilgeenii hural/ecnometric/shine/data/НҮТС-2018/7. Child under 5.sav,НҮТС-2018,7. Child under 5.sav,BD8I,"Сүүлийн 24 цагт дотор мах (элэг, бөөр, зүрх) идүүлсэн эсэх",parents_family
C:/tsogoo/Hicheel/erdem shinjilgeenii hural/ecnometric/shine/data/НҮТС-2018/7. Child under 5.sav,НҮТС-2018,7. Child under 5.sav,BD8J,"Сүүлийн 24 цагт мал, гахай, шувууны мах идүүлсэн эсэх",wealth_assets_housing
C:/tsogoo/Hicheel/erdem shinjilgeenii hural/ecnometric/shine/data/НҮТС-2018/7. Child under 5.sav,НҮТС-2018,7. Child under 5.sav,BD8K,Сүүлийн 24 цагт өндөг идүүлсэн эсэх,parents_family
C:/tsogoo/Hicheel/erdem shinjilgeenii hural/ecnometric/shine/data/НҮТС-2018/7. Child under 5.sav,НҮТС-2018,7. Child under 5.sav,BD8L,"Сүүлийн 24 цагт загас, загасан бүтээгдэхүүн идүүлсэн эсэх",parents_family
C:/tsogoo/Hicheel/erdem shinjilgeenii hural/ecnometric/shine/data/НҮТС-2018/7. Child under 5.sav,НҮТС-2018,7. Child under 5.sav,BD8M,"Сүүлийн 24 цагт буурцагны бүтээгдэхүүн, вандуй, самар, шош идүүлсэн эсэх",parents_family
C:/tsogoo/Hicheel/erdem shinjilgeenii hural/ecnometric/shine/data/НҮТС-2018/7. Child under 5.sav,НҮТС-2018,7. Child under 5.sav,BD8N,"Сүүлийн 24 цагт бяслаг, ээдэм болон бусад төрлийн сүүн бүтээгдэхүүн идүүлсэн эсэх",wealth_assets_housing
C:/tsogoo/Hicheel/erdem shinjilgeenii hural/ecnometric/shine/data/НҮТС-2018/7. Child under 5.sav,НҮТС-2018,7. Child under 5.sav,BD8X,"Сүүлийн 24 цагт дээрхээс бусад төрлийн өтгөн, хагас өтгөн эсвэл шингэн хоол хүнс идүүлсэн эсэх",wealth_assets_housing
C:/tsogoo/Hicheel/erdem shinjilgeenii hural/ecnometric/shine/data/НҮТС-2018/7. Child under 5.sav,НҮТС-2018,7. Child under 5.sav,BD9,"Хэдэн удаа өтгөн, хагас өтгөн, шингэн хоол хүнс идүүлсэн",health_disability_nutrition
C:/tsogoo/Hicheel/erdem shinjilgeenii hural/ecnometric/shine/data/НҮТС-2018/7. Child under 5.sav,НҮТС-2018,7. Child under 5.sav,BD8DUMMY,BD8. Танилцуулга,other
C:/tsogoo/Hicheel/erdem shinjilgeenii hural/ecnometric/shine/data/НҮТС-2018/7. Child under 5.sav,НҮТС-2018,7. Child under 5.sav,IM2,"Эх, хүүхдийн эрүүл мэндийн дэвтэр (ягаан дэвтэр), вакцинжуулалтын карт байгаа эсэх",parents_family
C:/tsogoo/Hicheel/erdem shinjilgeenii hural/ecnometric/shine/data/НҮТС-2018/7. Child under 5.sav,НҮТС-2018,7. Child under 5.sav,IM3,"Ер нь эх, хүүхдийн эрүүл мэндийн дэвтэр эсвэл вакцинжуулалтын карттай байсан эсэх",parents_family
C:/tsogoo/Hicheel/erdem shinjilgeenii hural/ecnometric/shine/data/НҮТС-2018/7. Child under 5.sav,НҮТС-2018,7. Child under 5.sav,IM5,"Эх, хүүхдийн эрүүл мэндийн дэвтэр, вакцинжуулалтын картыг үзүүлсэн эсэх",parents_family
C:/tsogoo/Hicheel/erdem shinjilgeenii hural/ecnometric/shine/data/НҮТС-2018/7. Child under 5.sav,НҮТС-2018,7. Child under 5.sav,IM6BY,Сүрьеэгийн эсрэг вакцин - Он,other
C:/tsogoo/Hicheel/erdem shinjilgeenii hural/ecnometric/shine/data/НҮТС-2018/7. Child under 5.sav,НҮТС-2018,7. Child under 5.sav,IM6BM,Сүрьеэгийн эсрэг вакцин - Сар,other
C:/tsogoo/Hicheel/erdem shinjilgeenii hural/ecnometric/shine/data/НҮТС-2018/7. Child under 5.sav,НҮТС-2018,7. Child under 5.sav,IM6BD,Сүрьеэгийн эсрэг вакцин - Өдөр,other
C:/tsogoo/Hicheel/erdem shinjilgeenii hural/ecnometric/shine/data/НҮТС-2018/7. Child under 5.sav,НҮТС-2018,7. Child under 5.sav,IM6H0Y,Б гепатитын эсрэг вакцин (төрөх үеийн тун) - Он,other
C:/tsogoo/Hicheel/erdem shinjilgeenii hural/ecnometric/shine/data/НҮТС-2018/7. Child under 5.sav,НҮТС-2018,7. Child under 5.sav,IM6H0M,Б гепатитын эсрэг вакцин (төрөх үеийн тун) - Сар,other
C:/tsogoo/Hicheel/erdem shinjilgeenii hural/ecnometric/shine/data/НҮТС-2018/7. Child under 5.sav,НҮТС-2018,7. Child under 5.sav,IM6H0D,Б гепатитын эсрэг вакцин (төрөх үеийн тун) - Өдөр,other
C:/tsogoo/Hicheel/erdem shinjilgeenii hural/ecnometric/shine/data/НҮТС-2018/7. Child under 5.sav,НҮТС-2018,7. Child under 5.sav,IM6P0Y,Халдварт саагийн эсрэг вакцины (төрөх үеийн тун) - Он,other
C:/tsogoo/Hicheel/erdem shinjilgeenii hural/ecnometric/shine/data/НҮТС-2018/7. Child under 5.sav,НҮТС-2018,7. Child under 5.sav,IM6P0M,Халдварт саагийн эсрэг вакцины (төрөх үеийн тун) - Сар,other
C:/tsogoo/Hicheel/erdem shinjilgeenii hural/ecnometric/shine/data/НҮТС-2018/7. Child under 5.sav,НҮТС-2018,7. Child under 5.sav,IM6P0D,Халдварт саагийн эсрэг вакцины (төрөх үеийн тун) - Өдөр,other
C:/tsogoo/Hicheel/erdem shinjilgeenii hural/ecnometric/shine/data/НҮТС-2018/7. Child under 5.sav,НҮТС-2018,7. Child under 5.sav,IM6P1Y,Халдварт саагийн эсрэг вакцины 1-р тун - Он,other
C:/tsogoo/Hicheel/erdem shinjilgeenii hural/ecnometric/shine/data/НҮТС-2018/7. Child under 5.sav,НҮТС-2018,7. Child under 5.sav,IM6P1M,Халдварт саагийн эсрэг вакцины 1-р тун - Сар,other
C:/tsogoo/Hicheel/erdem shinjilgeenii hural/ecnometric/shine/data/НҮТС-2018/7. Child under 5.sav,НҮТС-2018,7. Child under 5.sav,IM6P1D,Халдварт саагийн эсрэг вакцины 1-р тун - Өдөр,other
C:/tsogoo/Hicheel/erdem shinjilgeenii hural/ecnometric/shine/data/НҮТС-2018/7. Child under 5.sav,НҮТС-2018,7. Child under 5.sav,IM6P2Y,Халдварт саагийн эсрэг вакцины 2-р тун - Он,other
C:/tsogoo/Hicheel/erdem shinjilgeenii hural/ecnometric/shine/data/НҮТС-2018/7. Child under 5.sav,НҮТС-2018,7. Child under 5.sav,IM6P2M,Халдварт саагийн эсрэг вакцины 2-р тун - Сар,other
C:/tsogoo/Hicheel/erdem shinjilgeenii hural/ecnometric/shine/data/НҮТС-2018/7. Child under 5.sav,НҮТС-2018,7. Child under 5.sav,IM6P2D,Халдварт саагийн эсрэг вакцины 2-р тун - Өдөр,other
C:/tsogoo/Hicheel/erdem shinjilgeenii hural/ecnometric/shine/data/НҮТС-2018/7. Child under 5.sav,НҮТС-2018,7. Child under 5.sav,IM6P3Y,Халдварт саагийн эсрэг вакцины 3-р тун - Он,other
C:/tsogoo/Hicheel/erdem shinjilgeenii hural/ecnometric/shine/data/НҮТС-2018/7. Child under 5.sav,НҮТС-2018,7. Child under 5.sav,IM6P3M,Халдварт саагийн эсрэг вакцины 3-р тун - Сар,other
C:/tsogoo/Hicheel/erdem shinjilgeenii hural/ecnometric/shine/data/НҮТС-2018/7. Child under 5.sav,НҮТС-2018,7. Child under 5.sav,IM6P3D,Халдварт саагийн эсрэг вакцины 3-р тун - Өдөр,other
C:/tsogoo/Hicheel/erdem shinjilgeenii hural/ecnometric/shine/data/НҮТС-2018/7. Child under 5.sav,НҮТС-2018,7. Child under 5.sav,IM6PENTA1Y,Тавт вакцины 1-р тун - Он,other
C:/tsogoo/Hicheel/erdem shinjilgeenii hural/ecnometric/shine/data/НҮТС-2018/7. Child under 5.sav,НҮТС-2018,7. Child under 5.sav,IM6PENTA1M,Тавт вакцины 1-р тун - Сар,other
C:/tsogoo/Hicheel/erdem shinjilgeenii hural/ecnometric/shine/data/НҮТС-2018/7. Child under 5.sav,НҮТС-2018,7. Child under 5.sav,IM6PENTA1D,Тавт вакцины 1-р тун - Өдөр,other
C:/tsogoo/Hicheel/erdem shinjilgeenii hural/ecnometric/shine/data/НҮТС-2018/7. Child under 5.sav,НҮТС-2018,7. Child under 5.sav,IM6PENTA2Y,Тавт вакцины 2-р тун - Он,other
C:/tsogoo/Hicheel/erdem shinjilgeenii hural/ecnometric/shine/data/НҮТС-2018/7. Child under 5.sav,НҮТС-2018,7. Child under 5.sav,IM6PENTA2M,Тавт вакцины 2-р тун - Сар,other
C:/tsogoo/Hicheel/erdem shinjilgeenii hural/ecnometric/shine/data/НҮТС-2018/7. Child under 5.sav,НҮТС-2018,7. Child under 5.sav,IM6PENTA2D,Тавт вакцины 2-р тун - Өдөр,other
C:/tsogoo/Hicheel/erdem shinjilgeenii hural/ecnometric/shine/data/НҮТС-2018/7. Child under 5.sav,НҮТС-2018,7. Child under 5.sav,IM6PENTA3Y,Тавт вакцины 3-р тун - Он,other
C:/tsogoo/Hicheel/erdem shinjilgeenii hural/ecnometric/shine/data/НҮТС-2018/7. Child under 5.sav,НҮТС-2018,7. Child under 5.sav,IM6PENTA3M,Тавт вакцины 3-р тун - Сар,other
C:/tsogoo/Hicheel/erdem shinjilgeenii hural/ecnometric/shine/data/НҮТС-2018/7. Child under 5.sav,НҮТС-2018,7. Child under 5.sav,IM6PENTA3D,Тавт вакцины 3-р тун - Өдөр,other
C:/tsogoo/Hicheel/erdem shinjilgeenii hural/ecnometric/shine/data/НҮТС-2018/7. Child under 5.sav,НҮТС-2018,7. Child under 5.sav,IM6M1Y,"Улаан бурхан, гахайн хавдар, улаануудын эсрэг вакцины 1-р тун - Он",other
C:/tsogoo/Hicheel/erdem shinjilgeenii hural/ecnometric/shine/data/НҮТС-2018/7. Child under 5.sav,НҮТС-2018,7. Child under 5.sav,IM6M1M,"Улаан бурхан, гахайн хавдар, улаануудын эсрэг вакцины 1-р тун - Сар",other
C:/tsogoo/Hicheel/erdem shinjilgeenii hural/ecnometric/shine/data/НҮТС-2018/7. Child under 5.sav,НҮТС-2018,7. Child under 5.sav,IM6M1D,"Улаан бурхан, гахайн хавдар, улаануудын эсрэг вакцины 1-р тун - Өдөр",other
C:/tsogoo/Hicheel/erdem shinjilgeenii hural/ecnometric/shine/data/НҮТС-2018/7. Child under 5.sav,НҮТС-2018,7. Child under 5.sav,IM6M2Y,"Улаан бурхан, гахайн хавдар, улаануудын эсрэг вакцины 2-р тун - Он",other
C:/tsogoo/Hicheel/erdem shinjilgeenii hural/ecnometric/shine/data/НҮТС-2018/7. Child under 5.sav,НҮТС-2018,7. Child under 5.sav,IM6M2M,"Улаан бурхан, гахайн хавдар, улаануудын эсрэг вакцины 2-р тун - Сар",other
C:/tsogoo/Hicheel/erdem shinjilgeenii hural/ecnometric/shine/data/НҮТС-2018/7. Child under 5.sav,НҮТС-2018,7. Child under 5.sav,IM6M2D,"Улаан бурхан, гахайн хавдар, улаануудын эсрэг вакцины 2-р тун - Өдөр",other
C:/tsogoo/Hicheel/erdem shinjilgeenii hural/ecnometric/shine/data/НҮТС-2018/7. Child under 5.sav,НҮТС-2018,7. Child under 5.sav,IM6HA1Y,А гепатитын эсрэг вакцины 1-р тун - Он,other
C:/tsogoo/Hicheel/erdem shinjilgeenii hural/ecnometric/shine/data/НҮТС-2018/7. Child under 5.sav,НҮТС-2018,7. Child under 5.sav,IM6HA1M,А гепатитын эсрэг вакцины 1-р тун - Сар,other
C:/tsogoo/Hicheel/erdem shinjilgeenii hural/ecnometric/shine/data/НҮТС-2018/7. Child under 5.sav,НҮТС-2018,7. Child under 5.sav,IM6HA1D,А гепатитын эсрэг вакцины 1-р тун - Өдөр,other
C:/tsogoo/Hicheel/erdem shinjilgeenii hural/ecnometric/shine/data/НҮТС-2018/7. Child under 5.sav,НҮТС-2018,7. Child under 5.sav,IM6HA2Y,А гепатитын эсрэг вакцины 2-р тун - Он,other
C:/tsogoo/Hicheel/erdem shinjilgeenii hural/ecnometric/shine/data/НҮТС-2018/7. Child under 5.sav,НҮТС-2018,7. Child under 5.sav,IM6HA2M,А гепатитын эсрэг вакцины 2-р тун - Сар,other
C:/tsogoo/Hicheel/erdem shinjilgeenii hural/ecnometric/shine/data/НҮТС-2018/7. Child under 5.sav,НҮТС-2018,7. Child under 5.sav,IM6HA2D,А гепатитын эсрэг вакцины 2-р тун - Өдөр,other
C:/tsogoo/Hicheel/erdem shinjilgeenii hural/ecnometric/shine/data/НҮТС-2018/7. Child under 5.sav,НҮТС-2018,7. Child under 5.sav,IM8A,5-р сарын вакцинжуулалт,other
C:/tsogoo/Hicheel/erdem shinjilgeenii hural/ecnometric/shine/data/НҮТС-2018/7. Child under 5.sav,НҮТС-2018,7. Child under 5.sav,IM8B,10-р сарын вакцинжуулалт,other
C:/tsogoo/Hicheel/erdem shinjilgeenii hural/ecnometric/shine/data/НҮТС-2018/7. Child under 5.sav,НҮТС-2018,7. Child under 5.sav,IM9,Үзүүлсэн баримт бичигт бүртгэгдсэн вакцинаас гадна өөр вакцин хийлгэсэн эсэх,parents_family
C:/tsogoo/Hicheel/erdem shinjilgeenii hural/ecnometric/shine/data/НҮТС-2018/7. Child under 5.sav,НҮТС-2018,7. Child under 5.sav,IM11,Ямар нэг вакцин хийлгэж байсан эсэх,parents_family
C:/tsogoo/Hicheel/erdem shinjilgeenii hural/ecnometric/shine/data/НҮТС-2018/7. Child under 5.sav,НҮТС-2018,7. Child under 5.sav,IM12A,5-р сарын вакцинжуулалт,other
C:/tsogoo/Hicheel/erdem shinjilgeenii hural/ecnometric/shine/data/НҮТС-2018/7. Child under 5.sav,НҮТС-2018,7. Child under 5.sav,IM12B,10-р сарын вакцинжуулалт,other
C:/tsogoo/Hicheel/erdem shinjilgeenii hural/ecnometric/shine/data/НҮТС-2018/7. Child under 5.sav,НҮТС-2018,7. Child under 5.sav,IM14,Сүрьеэгийн эсрэг вакцин хийлгэж байсан эсэх,parents_family
C:/tsogoo/Hicheel/erdem shinjilgeenii hural/ecnometric/shine/data/НҮТС-2018/7. Child under 5.sav,НҮТС-2018,7. Child under 5.sav,IM15,Төрсний дараа 24 цагийн дотор Б гепатитын эсрэг вакцин хийлгэж байсан эсэх,parents_family
C:/tsogoo/Hicheel/erdem shinjilgeenii hural/ecnometric/shine/data/НҮТС-2018/7. Child under 5.sav,НҮТС-2018,7. Child under 5.sav,IM16,Халдварт саагийн эсрэг вакцин уулгаж байсан эсэх,parents_family
C:/tsogoo/Hicheel/erdem shinjilgeenii hural/ecnometric/shine/data/НҮТС-2018/7. Child under 5.sav,НҮТС-2018,7. Child under 5.sav,IM17,Төрсний дараа 24 цагийн дотор халдварт саагийн эсрэг вакцины эхний тунг уулгасан эсэх,parents_family
C:/tsogoo/Hicheel/erdem shinjilgeenii hural/ecnometric/shine/data/НҮТС-2018/7. Child under 5.sav,НҮТС-2018,7. Child under 5.sav,IM18,Халдварт саагийн эсрэг вакцины хэдэн удаагийн тунг уулгасан,other
C:/tsogoo/Hicheel/erdem shinjilgeenii hural/ecnometric/shine/data/НҮТС-2018/7. Child under 5.sav,НҮТС-2018,7. Child under 5.sav,IM20,Тавт вакцин хийлгэж байсан эсэх,parents_family
C:/tsogoo/Hicheel/erdem shinjilgeenii hural/ecnometric/shine/data/НҮТС-2018/7. Child under 5.sav,НҮТС-2018,7. Child under 5.sav,IM21,Тавт вакциныг хэдэн удаа хийлгэсэн,other
C:/tsogoo/Hicheel/erdem shinjilgeenii hural/ecnometric/shine/data/НҮТС-2018/7. Child under 5.sav,НҮТС-2018,7. Child under 5.sav,IM26,"Улаан бурхан, гахайн хавдар, улаануудын эсрэг вакцин хийлгэж байсан эсэх",parents_family
C:/tsogoo/Hicheel/erdem shinjilgeenii hural/ecnometric/shine/data/НҮТС-2018/7. Child under 5.sav,НҮТС-2018,7. Child under 5.sav,IM26A,"Улаан бурхан, гахайн хавдар, улаануудын эсрэг вакцин хэдэн удаа хийлгэсэн",other
C:/tsogoo/Hicheel/erdem shinjilgeenii hural/ecnometric/shine/data/НҮТС-2018/7. Child under 5.sav,НҮТС-2018,7. Child under 5.sav,IM28A,А гепатитын (халдварт шарын) эсрэг вакцин хийлгэж байсан эсэх,parents_family
C:/tsogoo/Hicheel/erdem shinjilgeenii hural/ecnometric/shine/data/НҮТС-2018/7. Child under 5.sav,НҮТС-2018,7. Child under 5.sav,IM28B,А гепатитын эсрэг вакциныг хэдэн удаа хийлгэсэн,other
C:/tsogoo/Hicheel/erdem shinjilgeenii hural/ecnometric/shine/data/НҮТС-2018/7. Child under 5.sav,НҮТС-2018,7. Child under 5.sav,CA1,"Сүүлийн 14 хоногт баас нь шингэрч, олширч, суулгаж, гүйлгэсэн эсэх",parents_family
C:/tsogoo/Hicheel/erdem shinjilgeenii hural/ecnometric/shine/data/НҮТС-2018/7. Child under 5.sav,НҮТС-2018,7. Child under 5.sav,CA3,"Суулгаж, гүйлгэх үед нь шингэн зүйлийг ердийнхөөс их хэмжээтэй, ердийнхтэй ижил эсвэл ердийнхөөс бага уулгасан эсэх",parents_family
C:/tsogoo/Hicheel/erdem shinjilgeenii hural/ecnometric/shine/data/НҮТС-2018/7. Child under 5.sav,НҮТС-2018,7. Child under 5.sav,CA4,"Суулгаж, гүйлгэх үед нь хоолыг ердийнхөөс их хэмжээтэй, ердийнхтэй ижил эсвэл ердийнхөөс бага эсвэл огт өгөхгүй байсан эсэх",parents_family
C:/tsogoo/Hicheel/erdem shinjilgeenii hural/ecnometric/shine/data/НҮТС-2018/7. Child under 5.sav,НҮТС-2018,7. Child under 5.sav,CA5,"Суулгаж, гүйлгэх үед нь хаа нэг газар, хэн нэгэнд хандан эмчилгээ, зөвлөгөө авсан эсэх",parents_family
C:/tsogoo/Hicheel/erdem shinjilgeenii hural/ecnometric/shine/data/НҮТС-2018/7. Child under 5.sav,НҮТС-2018,7. Child under 5.sav,CA6A,Хандсан газар: Улсын - 3-р шатлалын эмнэлэг,other
C:/tsogoo/Hicheel/erdem shinjilgeenii hural/ecnometric/shine/data/НҮТС-2018/7. Child under 5.sav,НҮТС-2018,7. Child under 5.sav,CA6B,Хандсан газар: Улсын - 2-р шатлалын эмнэлэг,other
C:/tsogoo/Hicheel/erdem shinjilgeenii hural/ecnometric/shine/data/НҮТС-2018/7. Child under 5.sav,НҮТС-2018,7. Child under 5.sav,CA6D,Хандсан газар: Улсын - Сумын / өрхийн эмнэлэг,wealth_assets_housing
C:/tsogoo/Hicheel/erdem shinjilgeenii hural/ecnometric/shine/data/НҮТС-2018/7. Child under 5.sav,НҮТС-2018,7. Child under 5.sav,CA6F,Хандсан газар: Яаралтай түргэн тусламж,wealth_assets_housing
C:/tsogoo/Hicheel/erdem shinjilgeenii hural/ecnometric/shine/data/НҮТС-2018/7. Child under 5.sav,НҮТС-2018,7. Child under 5.sav,CA6I,Хандсан газар: Хувийн - Эмнэлэг,other
C:/tsogoo/Hicheel/erdem shinjilgeenii hural/ecnometric/shine/data/НҮТС-2018/7. Child under 5.sav,НҮТС-2018,7. Child under 5.sav,CA6J,Хандсан газар: Хувийн - Эмч,other
C:/tsogoo/Hicheel/erdem shinjilgeenii hural/ecnometric/shine/data/НҮТС-2018/7. Child under 5.sav,НҮТС-2018,7. Child under 5.sav,CA6K,Хандсан газар: Хувийн - Эмийн сан,other
C:/tsogoo/Hicheel/erdem shinjilgeenii hural/ecnometric/shine/data/НҮТС-2018/7. Child under 5.sav,НҮТС-2018,7. Child under 5.sav,CA6W,"Хандсан газар: Улсын, хувийн аль нь болохыг мэдэхгүй",parents_family
C:/tsogoo/Hicheel/erdem shinjilgeenii hural/ecnometric/shine/data/НҮТС-2018/7. Child under 5.sav,НҮТС-2018,7. Child under 5.sav,CA6P,Хандсан газар: Бусад - Хамаатан / найз,wealth_assets_housing
C:/tsogoo/Hicheel/erdem shinjilgeenii hural/ecnometric/shine/data/НҮТС-2018/7. Child under 5.sav,НҮТС-2018,7. Child under 5.sav,CA6Q,Хандсан газар: Бусад - Дэлгүүр / зах / гудамж,wealth_assets_housing
C:/tsogoo/Hicheel/erdem shinjilgeenii hural/ecnometric/shine/data/НҮТС-2018/7. Child under 5.sav,НҮТС-2018,7. Child under 5.sav,CA6R,Хандсан газар: Бусад - Уламжлалт эмчилгээний эмч,wealth_assets_housing
C:/tsogoo/Hicheel/erdem shinjilgeenii hural/ecnometric/shine/data/НҮТС-2018/7. Child under 5.sav,НҮТС-2018,7. Child under 5.sav,CA6X,Хандсан газар: Бусад (тодруулах),wealth_assets_housing
C:/tsogoo/Hicheel/erdem shinjilgeenii hural/ecnometric/shine/data/НҮТС-2018/7. Child under 5.sav,НҮТС-2018,7. Child under 5.sav,CA6NR,Хандсан газар: Хариулаагүй,other
C:/tsogoo/Hicheel/erdem shinjilgeenii hural/ecnometric/shine/data/НҮТС-2018/7. Child under 5.sav,НҮТС-2018,7. Child under 5.sav,CA7A,Нунтаг ШСДУ уулгасан эсэх,parents_family
C:/tsogoo/Hicheel/erdem shinjilgeenii hural/ecnometric/shine/data/НҮТС-2018/7. Child under 5.sav,НҮТС-2018,7. Child under 5.sav,CA7B,Шингэн ШСДУ уулгасан эсэх,parents_family
C:/tsogoo/Hicheel/erdem shinjilgeenii hural/ecnometric/shine/data/НҮТС-2018/7. Child under 5.sav,НҮТС-2018,7. Child under 5.sav,CA7C,Цайрын бэлдмэл өгсөн эсэх,parents_family
C:/tsogoo/Hicheel/erdem shinjilgeenii hural/ecnometric/shine/data/НҮТС-2018/7. Child under 5.sav,НҮТС-2018,7. Child under 5.sav,CA7D,"Гэрийн нөхцөлд бэлтгэсэн ШСДУ, шингэн шөл, будааны шүүс, тараг, хярам зэрэг шингэн уулгасан эсэх",parents_family
C:/tsogoo/Hicheel/erdem shinjilgeenii hural/ecnometric/shine/data/НҮТС-2018/7. Child under 5.sav,НҮТС-2018,7. Child under 5.sav,CA9A,ШСДУ авсан газар: Улсын - 3-р шатлалын эмнэлэг,other
C:/tsogoo/Hicheel/erdem shinjilgeenii hural/ecnometric/shine/data/НҮТС-2018/7. Child under 5.sav,НҮТС-2018,7. Child under 5.sav,CA9B,ШСДУ авсан газар: Улсын - 2-р шатлалын эмнэлэг,other
C:/tsogoo/Hicheel/erdem shinjilgeenii hural/ecnometric/shine/data/НҮТС-2018/7. Child under 5.sav,НҮТС-2018,7. Child under 5.sav,CA9D,ШСДУ авсан газар: Улсын - Сумын / өрхийн эмнэлэг,wealth_assets_housing
C:/tsogoo/Hicheel/erdem shinjilgeenii hural/ecnometric/shine/data/НҮТС-2018/7. Child under 5.sav,НҮТС-2018,7. Child under 5.sav,CA9I,ШСДУ авсан газар: Хувийн - Эмнэлэг,other
C:/tsogoo/Hicheel/erdem shinjilgeenii hural/ecnometric/shine/data/НҮТС-2018/7. Child under 5.sav,НҮТС-2018,7. Child under 5.sav,CA9J,ШСДУ авсан газар: Хувийн - Эмч,other
C:/tsogoo/Hicheel/erdem shinjilgeenii hural/ecnometric/shine/data/НҮТС-2018/7. Child under 5.sav,НҮТС-2018,7. Child under 5.sav,CA9K,ШСДУ авсан газар: Хувийн - Эмийн сан,other
C:/tsogoo/Hicheel/erdem shinjilgeenii hural/ecnometric/shine/data/НҮТС-2018/7. Child under 5.sav,НҮТС-2018,7. Child under 5.sav,CA9W,"ШСДУ авсан газар: Улсын, хувийн аль нь болохыг мэдэхгүй",parents_family
C:/tsogoo/Hicheel/erdem shinjilgeenii hural/ecnometric/shine/data/НҮТС-2018/7. Child under 5.sav,НҮТС-2018,7. Child under 5.sav,CA9P,ШСДУ авсан газар: Бусад - Хамаатан / найз,wealth_assets_housing
C:/tsogoo/Hicheel/erdem shinjilgeenii hural/ecnometric/shine/data/НҮТС-2018/7. Child under 5.sav,НҮТС-2018,7. Child under 5.sav,CA9Q,ШСДУ авсан газар: Бусад - Дэлгүүр / зах / гудамж,wealth_assets_housing
C:/tsogoo/Hicheel/erdem shinjilgeenii hural/ecnometric/shine/data/НҮТС-2018/7. Child under 5.sav,НҮТС-2018,7. Child under 5.sav,CA9R,ШСДУ авсан газар: Бусад - Уламжлалт эмчилгээний эмч,wealth_assets_housing
C:/tsogoo/Hicheel/erdem shinjilgeenii hural/ecnometric/shine/data/НҮТС-2018/7. Child under 5.sav,НҮТС-2018,7. Child under 5.sav,CA9X,ШСДУ авсан газар: Бусад (тодруулах),wealth_assets_housing
C:/tsogoo/Hicheel/erdem shinjilgeenii hural/ecnometric/shine/data/НҮТС-2018/7. Child under 5.sav,НҮТС-2018,7. Child under 5.sav,CA9Z,ШСДУ авсан газар: Мэдэхгүй / Санахгүй,parents_family
C:/tsogoo/Hicheel/erdem shinjilgeenii hural/ecnometric/shine/data/НҮТС-2018/7. Child under 5.sav,НҮТС-2018,7. Child under 5.sav,CA9NR,ШСДУ авсан газар: Хариулаагүй,other
C:/tsogoo/Hicheel/erdem shinjilgeenii hural/ecnometric/shine/data/НҮТС-2018/7. Child under 5.sav,НҮТС-2018,7. Child under 5.sav,CA11A,Цайрын бэлдмэл авсан газар: Улсын - 3-р шатлалын эмнэлэг,other
C:/tsogoo/Hicheel/erdem shinjilgeenii hural/ecnometric/shine/data/НҮТС-2018/7. Child under 5.sav,НҮТС-2018,7. Child under 5.sav,CA11B,Цайрын бэлдмэл авсан газар: Улсын - 2-р шатлалын эмнэлэг,other
C:/tsogoo/Hicheel/erdem shinjilgeenii hural/ecnometric/shine/data/НҮТС-2018/7. Child under 5.sav,НҮТС-2018,7. Child under 5.sav,CA11D,Цайрын бэлдмэл авсан газар: Улсын - Сумын / өрхийн эмнэлэг,wealth_assets_housing
C:/tsogoo/Hicheel/erdem shinjilgeenii hural/ecnometric/shine/data/НҮТС-2018/7. Child under 5.sav,НҮТС-2018,7. Child under 5.sav,CA11I,Цайрын бэлдмэл авсан газар: Хувийн - Эмнэлэг,other
C:/tsogoo/Hicheel/erdem shinjilgeenii hural/ecnometric/shine/data/НҮТС-2018/7. Child under 5.sav,НҮТС-2018,7. Child under 5.sav,CA11J,Цайрын бэлдмэл авсан газар: Хувийн - Эмч,other
C:/tsogoo/Hicheel/erdem shinjilgeenii hural/ecnometric/shine/data/НҮТС-2018/7. Child under 5.sav,НҮТС-2018,7. Child under 5.sav,CA11K,Цайрын бэлдмэл авсан газар: Хувийн - Эмийн сан,other
C:/tsogoo/Hicheel/erdem shinjilgeenii hural/ecnometric/shine/data/НҮТС-2018/7. Child under 5.sav,НҮТС-2018,7. Child under 5.sav,CA11W,"Цайрын бэлдмэл авсан газар: Улсын, хувийн аль нь болохыг мэдэхгүй",parents_family
C:/tsogoo/Hicheel/erdem shinjilgeenii hural/ecnometric/shine/data/НҮТС-2018/7. Child under 5.sav,НҮТС-2018,7. Child under 5.sav,CA11P,Цайрын бэлдмэл авсан газар: Бусад - Хамаатан / найз,wealth_assets_housing
C:/tsogoo/Hicheel/erdem shinjilgeenii hural/ecnometric/shine/data/НҮТС-2018/7. Child under 5.sav,НҮТС-2018,7. Child under 5.sav,CA11Q,Цайрын бэлдмэл авсан газар: Бусад - Дэлгүүр / зах / гудамж,wealth_assets_housing
C:/tsogoo/Hicheel/erdem shinjilgeenii hural/ecnometric/shine/data/НҮТС-2018/7. Child under 5.sav,НҮТС-2018,7. Child under 5.sav,CA11R,Цайрын бэлдмэл авсан газар: Бусад - Уламжлалт эмчилгээний эмч,wealth_assets_housing
C:/tsogoo/Hicheel/erdem shinjilgeenii hural/ecnometric/shine/data/НҮТС-2018/7. Child under 5.sav,НҮТС-2018,7. Child under 5.sav,CA11X,Цайрын бэлдмэл авсан газар: Бусад (тодруулах),wealth_assets_housing
C:/tsogoo/Hicheel/erdem shinjilgeenii hural/ecnometric/shine/data/НҮТС-2018/7. Child under 5.sav,НҮТС-2018,7. Child under 5.sav,CA11Z,Цайрын бэлдмэл авсан газар: Мэдэхгүй / Санахгүй,parents_family
C:/tsogoo/Hicheel/erdem shinjilgeenii hural/ecnometric/shine/data/НҮТС-2018/7. Child under 5.sav,НҮТС-2018,7. Child under 5.sav,CA11NR,Цайрын бэлдмэл авсан газар: Хариулаагүй,other
C:/tsogoo/Hicheel/erdem shinjilgeenii hural/ecnometric/shine/data/НҮТС-2018/7. Child under 5.sav,НҮТС-2018,7. Child under 5.sav,CA12,"Суулгаж, гүйлгэж байхад өөр эмчилгээ хийсэн эсэх",parents_family
C:/tsogoo/Hicheel/erdem shinjilgeenii hural/ecnometric/shine/data/НҮТС-2018/7. Child under 5.sav,НҮТС-2018,7. Child under 5.sav,CA13A,"Өөр эмчилгээ: Эм, сироп - Антибиотик",other
C:/tsogoo/Hicheel/erdem shinjilgeenii hural/ecnometric/shine/data/НҮТС-2018/7. Child under 5.sav,НҮТС-2018,7. Child under 5.sav,CA13B,"Өөр эмчилгээ: Эм, сироп - Гэдэсний гүрвэлзэх хөдөлгөөн сааруулагч",parents_family
C:/tsogoo/Hicheel/erdem shinjilgeenii hural/ecnometric/shine/data/НҮТС-2018/7. Child under 5.sav,НҮТС-2018,7. Child under 5.sav,CA13G,"Өөр эмчилгээ: Эм, сироп - Бусад",wealth_assets_housing
C:/tsogoo/Hicheel/erdem shinjilgeenii hural/ecnometric/shine/data/НҮТС-2018/7. Child under 5.sav,НҮТС-2018,7. Child under 5.sav,CA13H,"Өөр эмчилгээ: Эм, сироп - Нэрийг нь мэдэхгүй",parents_family
C:/tsogoo/Hicheel/erdem shinjilgeenii hural/ecnometric/shine/data/НҮТС-2018/7. Child under 5.sav,НҮТС-2018,7. Child under 5.sav,CA13L,Өөр эмчилгээ: Тариа - Антибиотик,other
C:/tsogoo/Hicheel/erdem shinjilgeenii hural/ecnometric/shine/data/НҮТС-2018/7. Child under 5.sav,НҮТС-2018,7. Child under 5.sav,CA13M,Өөр эмчилгээ: Тариа - Антибиотик биш,other
C:/tsogoo/Hicheel/erdem shinjilgeenii hural/ecnometric/shine/data/НҮТС-2018/7. Child under 5.sav,НҮТС-2018,7. Child under 5.sav,CA13N,Өөр эмчилгээ: Тариа - Нэрийг нь мэдэхгүй,parents_family
C:/tsogoo/Hicheel/erdem shinjilgeenii hural/ecnometric/shine/data/НҮТС-2018/7. Child under 5.sav,НҮТС-2018,7. Child under 5.sav,CA13O,Өөр эмчилгээ: Дуслын шингэн,wealth_assets_housing
C:/tsogoo/Hicheel/erdem shinjilgeenii hural/ecnometric/shine/data/НҮТС-2018/7. Child under 5.sav,НҮТС-2018,7. Child under 5.sav,CA13R,"Өөр эмчилгээ: Ходоодны ашигтай бактери (линекс, пробовишион)",other
C:/tsogoo/Hicheel/erdem shinjilgeenii hural/ecnometric/shine/data/НҮТС-2018/7. Child under 5.sav,НҮТС-2018,7. Child under 5.sav,CA13Q,Өөр эмчилгээ: Гэрийн нөхцөлд бэлтгэсэн эм / тан,other
C:/tsogoo/Hicheel/erdem shinjilgeenii hural/ecnometric/shine/data/НҮТС-2018/7. Child under 5.sav,НҮТС-2018,7. Child under 5.sav,CA13X,Өөр эмчилгээ: Бусад (тодруулах),wealth_assets_housing
C:/tsogoo/Hicheel/erdem shinjilgeenii hural/ecnometric/shine/data/НҮТС-2018/7. Child under 5.sav,НҮТС-2018,7. Child under 5.sav,CA13NR,Өөр эмчилгээ: Хариулаагүй,other
C:/tsogoo/Hicheel/erdem shinjilgeenii hural/ecnometric/shine/data/НҮТС-2018/7. Child under 5.sav,НҮТС-2018,7. Child under 5.sav,CA14,Сүүлийн 14 хоногт халуурсан эсэх,parents_family
C:/tsogoo/Hicheel/erdem shinjilgeenii hural/ecnometric/shine/data/НҮТС-2018/7. Child under 5.sav,НҮТС-2018,7. Child under 5.sav,CA16,Сүүлийн 14 хоногт ханиад хүрсэн эсэх,parents_family
C:/tsogoo/Hicheel/erdem shinjilgeenii hural/ecnometric/shine/data/НҮТС-2018/7. Child under 5.sav,НҮТС-2018,7. Child under 5.sav,CA17,"Ханиадтай байхдаа амьсгал нь ердийнхөөс олширч эсвэл амьсгалахад хүндрэлтэй, хэцүү болж байсан эсэх",parents_family
C:/tsogoo/Hicheel/erdem shinjilgeenii hural/ecnometric/shine/data/НҮТС-2018/7. Child under 5.sav,НҮТС-2018,7. Child under 5.sav,CA18,"Амьсгал нь олширч, эсвэл амьсгалахад хүндрэлтэй, хэцүү болсон нь цээжнээсээ эсвэл хамар нь битүүрснээс эсэх",parents_family
C:/tsogoo/Hicheel/erdem shinjilgeenii hural/ecnometric/shine/data/НҮТС-2018/7. Child under 5.sav,НҮТС-2018,7. Child under 5.sav,CA20,"Ханиад хүрсэн/халуурсан үед нь хаа нэг газар, хэн нэгэнд хандан эмчилгээ, зөвлөгөө авсан эсэх",parents_family
C:/tsogoo/Hicheel/erdem shinjilgeenii hural/ecnometric/shine/data/НҮТС-2018/7. Child under 5.sav,НҮТС-2018,7. Child under 5.sav,CA21A,Хандсан газар: Улсын - 3-р шатлалын эмнэлэг,other
C:/tsogoo/Hicheel/erdem shinjilgeenii hural/ecnometric/shine/data/НҮТС-2018/7. Child under 5.sav,НҮТС-2018,7. Child under 5.sav,CA21B,Хандсан газар: Улсын - 2-р шатлалын эмнэлэг,other
C:/tsogoo/Hicheel/erdem shinjilgeenii hural/ecnometric/shine/data/НҮТС-2018/7. Child under 5.sav,НҮТС-2018,7. Child under 5.sav,CA21D,Хандсан газар: Улсын - Сумын / өрхийн эмнэлэг,wealth_assets_housing
C:/tsogoo/Hicheel/erdem shinjilgeenii hural/ecnometric/shine/data/НҮТС-2018/7. Child under 5.sav,НҮТС-2018,7. Child under 5.sav,CA21F,Хандсан газар: Яаралтай түргэн тусламж,wealth_assets_housing
C:/tsogoo/Hicheel/erdem shinjilgeenii hural/ecnometric/shine/data/НҮТС-2018/7. Child under 5.sav,НҮТС-2018,7. Child under 5.sav,CA21I,Хандсан газар: Хувийн - Эмнэлэг,other
C:/tsogoo/Hicheel/erdem shinjilgeenii hural/ecnometric/shine/data/НҮТС-2018/7. Child under 5.sav,НҮТС-2018,7. Child under 5.sav,CA21J,Хандсан газар: Хувийн - Эмч,other
C:/tsogoo/Hicheel/erdem shinjilgeenii hural/ecnometric/shine/data/НҮТС-2018/7. Child under 5.sav,НҮТС-2018,7. Child under 5.sav,CA21K,Хандсан газар: Хувийн - Эмийн сан,other
C:/tsogoo/Hicheel/erdem shinjilgeenii hural/ecnometric/shine/data/НҮТС-2018/7. Child under 5.sav,НҮТС-2018,7. Child under 5.sav,CA21W,"Хандсан газар: Улсын, хувийн аль нь болохыг мэдэхгүй",parents_family
C:/tsogoo/Hicheel/erdem shinjilgeenii hural/ecnometric/shine/data/НҮТС-2018/7. Child under 5.sav,НҮТС-2018,7. Child under 5.sav,CA21P,Хандсан газар: Бусад - Хамаатан / найз,wealth_assets_housing
C:/tsogoo/Hicheel/erdem shinjilgeenii hural/ecnometric/shine/data/НҮТС-2018/7. Child under 5.sav,НҮТС-2018,7. Child under 5.sav,CA21Q,Хандсан газар: Бусад - Дэлгүүр / зах / гудамж,wealth_assets_housing
C:/tsogoo/Hicheel/erdem shinjilgeenii hural/ecnometric/shine/data/НҮТС-2018/7. Child under 5.sav,НҮТС-2018,7. Child under 5.sav,CA21R,Хандсан газар: Бусад - Уламжлалт эмчилгээний эмч,wealth_assets_housing
C:/tsogoo/Hicheel/erdem shinjilgeenii hural/ecnometric/shine/data/НҮТС-2018/7. Child under 5.sav,НҮТС-2018,7. Child under 5.sav,CA21X,Хандсан газар: Бусад (тодруулах),wealth_assets_housing
C:/tsogoo/Hicheel/erdem shinjilgeenii hural/ecnometric/shine/data/НҮТС-2018/7. Child under 5.sav,НҮТС-2018,7. Child under 5.sav,CA21NR,Хандсан газар: Хариулаагүй,other
C:/tsogoo/Hicheel/erdem shinjilgeenii hural/ecnometric/shine/data/НҮТС-2018/7. Child under 5.sav,НҮТС-2018,7. Child under 5.sav,CA22,"Ханиад хүрсэн/халуурсан үед нь ямар нэгэн эм, тариа хэрэглэсэн үү?",other
C:/tsogoo/Hicheel/erdem shinjilgeenii hural/ecnometric/shine/data/НҮТС-2018/7. Child under 5.sav,НҮТС-2018,7. Child under 5.sav,CA23L,"Хэрэглэсэн эм, тариа: Антибиотик - Амоксициллин",other
C:/tsogoo/Hicheel/erdem shinjilgeenii hural/ecnometric/shine/data/НҮТС-2018/7. Child under 5.sav,НҮТС-2018,7. Child under 5.sav,CA23M,"Хэрэглэсэн эм, тариа: Антибиотик - Котримоксазол",other
C:/tsogoo/Hicheel/erdem shinjilgeenii hural/ecnometric/shine/data/НҮТС-2018/7. Child under 5.sav,НҮТС-2018,7. Child under 5.sav,CA23N,"Хэрэглэсэн эм, тариа: Антибиотик - Бусад - Шахмал / сироп",wealth_assets_housing
C:/tsogoo/Hicheel/erdem shinjilgeenii hural/ecnometric/shine/data/НҮТС-2018/7. Child under 5.sav,НҮТС-2018,7. Child under 5.sav,CA23O,"Хэрэглэсэн эм, тариа: Антибиотик - Бусад - Тариа",wealth_assets_housing
C:/tsogoo/Hicheel/erdem shinjilgeenii hural/ecnometric/shine/data/НҮТС-2018/7. Child under 5.sav,НҮТС-2018,7. Child under 5.sav,CA23R,"Хэрэглэсэн эм, тариа: Бусад - Парацетамол / Панадол / ацетаминофен",wealth_assets_housing
C:/tsogoo/Hicheel/erdem shinjilgeenii hural/ecnometric/shine/data/НҮТС-2018/7. Child under 5.sav,НҮТС-2018,7. Child under 5.sav,CA23S,"Хэрэглэсэн эм, тариа: Бусад - Аспирин",wealth_assets_housing
C:/tsogoo/Hicheel/erdem shinjilgeenii hural/ecnometric/shine/data/НҮТС-2018/7. Child under 5.sav,НҮТС-2018,7. Child under 5.sav,CA23T,"Хэрэглэсэн эм, тариа: Бусад - Ибупрофен (нурофен)",wealth_assets_housing
C:/tsogoo/Hicheel/erdem shinjilgeenii hural/ecnometric/shine/data/НҮТС-2018/7. Child under 5.sav,НҮТС-2018,7. Child under 5.sav,CA23U,"Хэрэглэсэн эм, тариа: Бусад - Вирусын эсрэг",wealth_assets_housing
C:/tsogoo/Hicheel/erdem shinjilgeenii hural/ecnometric/shine/data/НҮТС-2018/7. Child under 5.sav,НҮТС-2018,7. Child under 5.sav,CA23V,"Хэрэглэсэн эм, тариа: Бусад - Мөөгөнцөрийн эсрэг",wealth_assets_housing
C:/tsogoo/Hicheel/erdem shinjilgeenii hural/ecnometric/shine/data/НҮТС-2018/7. Child under 5.sav,НҮТС-2018,7. Child under 5.sav,CA23P,"Хэрэглэсэн эм, тариа: Бусад - Гэдэсний ашигтай бактери",wealth_assets_housing
C:/tsogoo/Hicheel/erdem shinjilgeenii hural/ecnometric/shine/data/НҮТС-2018/7. Child under 5.sav,НҮТС-2018,7. Child under 5.sav,CA23Q,"Хэрэглэсэн эм, тариа: Бусад - Харшлын эм (Кетотофин, Цитризин, Хлорфинамин)",wealth_assets_housing
C:/tsogoo/Hicheel/erdem shinjilgeenii hural/ecnometric/shine/data/НҮТС-2018/7. Child under 5.sav,НҮТС-2018,7. Child under 5.sav,CA23I,"Хэрэглэсэн эм, тариа: Бусад - Амин дэм (С, Д, мульти витамин)",wealth_assets_housing
C:/tsogoo/Hicheel/erdem shinjilgeenii hural/ecnometric/shine/data/НҮТС-2018/7. Child under 5.sav,НҮТС-2018,7. Child under 5.sav,CA23W,"Хэрэглэсэн эм, тариа: Эм, тарианы төрлийг мэдэхгүй (зөвхөн нэрийг хэлсэн)",parents_family
C:/tsogoo/Hicheel/erdem shinjilgeenii hural/ecnometric/shine/data/НҮТС-2018/7. Child under 5.sav,НҮТС-2018,7. Child under 5.sav,CA23X,"Хэрэглэсэн эм, тариа: Бусад (тодруулах)",wealth_assets_housing
C:/tsogoo/Hicheel/erdem shinjilgeenii hural/ecnometric/shine/data/НҮТС-2018/7. Child under 5.sav,НҮТС-2018,7. Child under 5.sav,CA23Z,"Хэрэглэсэн эм, тариа: Мэдэхгүй",parents_family
C:/tsogoo/Hicheel/erdem shinjilgeenii hural/ecnometric/shine/data/НҮТС-2018/7. Child under 5.sav,НҮТС-2018,7. Child under 5.sav,CA23NR,"Хэрэглэсэн эм, тариа: Хариулаагүй",other
C:/tsogoo/Hicheel/erdem shinjilgeenii hural/ecnometric/shine/data/НҮТС-2018/7. Child under 5.sav,НҮТС-2018,7. Child under 5.sav,CA25A,Антибиотик авсан газар: Улсын - 3-р шатлалын эмнэлэг,other
C:/tsogoo/Hicheel/erdem shinjilgeenii hural/ecnometric/shine/data/НҮТС-2018/7. Child under 5.sav,НҮТС-2018,7. Child under 5.sav,CA25B,Антибиотик авсан газар: Улсын - 2-р шатлалын эмнэлэг,other
C:/tsogoo/Hicheel/erdem shinjilgeenii hural/ecnometric/shine/data/НҮТС-2018/7. Child under 5.sav,НҮТС-2018,7. Child under 5.sav,CA25D,Антибиотик авсан газар: Улсын - Сумын / өрхийн эмнэлэг,wealth_assets_housing
C:/tsogoo/Hicheel/erdem shinjilgeenii hural/ecnometric/shine/data/НҮТС-2018/7. Child under 5.sav,НҮТС-2018,7. Child under 5.sav,CA25I,Антибиотик авсан газар: Хувийн - Эмнэлэг,other
C:/tsogoo/Hicheel/erdem shinjilgeenii hural/ecnometric/shine/data/НҮТС-2018/7. Child under 5.sav,НҮТС-2018,7. Child under 5.sav,CA25J,Антибиотик авсан газар: Хувийн - Эмч,other
C:/tsogoo/Hicheel/erdem shinjilgeenii hural/ecnometric/shine/data/НҮТС-2018/7. Child under 5.sav,НҮТС-2018,7. Child under 5.sav,CA25K,Антибиотик авсан газар: Хувийн - Эмийн сан,other
C:/tsogoo/Hicheel/erdem shinjilgeenii hural/ecnometric/shine/data/НҮТС-2018/7. Child under 5.sav,НҮТС-2018,7. Child under 5.sav,CA25W,"Антибиотик авсан газар: Улсын, хувийн аль нь болохыг мэдэхгүй",parents_family
C:/tsogoo/Hicheel/erdem shinjilgeenii hural/ecnometric/shine/data/НҮТС-2018/7. Child under 5.sav,НҮТС-2018,7. Child under 5.sav,CA25P,Антибиотик авсан газар: Бусад - Хамаатан / найз,wealth_assets_housing
C:/tsogoo/Hicheel/erdem shinjilgeenii hural/ecnometric/shine/data/НҮТС-2018/7. Child under 5.sav,НҮТС-2018,7. Child under 5.sav,CA25Q,Антибиотик авсан газар: Бусад - Дэлгүүр / зах / гудамж,wealth_assets_housing
C:/tsogoo/Hicheel/erdem shinjilgeenii hural/ecnometric/shine/data/НҮТС-2018/7. Child under 5.sav,НҮТС-2018,7. Child under 5.sav,CA25R,Антибиотик авсан газар: Бусад - Уламжлалт эмчилгээний эмч,wealth_assets_housing
C:/tsogoo/Hicheel/erdem shinjilgeenii hural/ecnometric/shine/data/НҮТС-2018/7. Child under 5.sav,НҮТС-2018,7. Child under 5.sav,CA25X,Антибиотик авсан газар: Бусад (тодруулах),wealth_assets_housing
C:/tsogoo/Hicheel/erdem shinjilgeenii hural/ecnometric/shine/data/НҮТС-2018/7. Child under 5.sav,НҮТС-2018,7. Child under 5.sav,CA25Z,Антибиотик авсан газар: Мэдэхгүй / Санахгүй,parents_family
C:/tsogoo/Hicheel/erdem shinjilgeenii hural/ecnometric/shine/data/НҮТС-2018/7. Child under 5.sav,НҮТС-2018,7. Child under 5.sav,CA25NR,Антибиотик авсан газар: Хариулаагүй,other
C:/tsogoo/Hicheel/erdem shinjilgeenii hural/ecnometric/shine/data/НҮТС-2018/7. Child under 5.sav,НҮТС-2018,7. Child under 5.sav,CA31,Хамгийн сүүлд баахад баасыг нь хаана хаясан,other
C:/tsogoo/Hicheel/erdem shinjilgeenii hural/ecnometric/shine/data/НҮТС-2018/7. Child under 5.sav,НҮТС-2018,7. Child under 5.sav,AN1,Түүвэрлэгдсэн нэгжийн дугаар,demographics_geo_weights
C:/tsogoo/Hicheel/erdem shinjilgeenii hural/ecnometric/shine/data/НҮТС-2018/7. Child under 5.sav,НҮТС-2018,7. Child under 5.sav,AN2,Өрхийн дугаар,wealth_assets_housing
C:/tsogoo/Hicheel/erdem shinjilgeenii hural/ecnometric/shine/data/НҮТС-2018/7. Child under 5.sav,НҮТС-2018,7. Child under 5.sav,AN3,Хүүхдийн мөрийн дугаар,other
C:/tsogoo/Hicheel/erdem shinjilgeenii hural/ecnometric/shine/data/НҮТС-2018/7. Child under 5.sav,НҮТС-2018,7. Child under 5.sav,AN4,Хүүхдийн нас,demographics_geo_weights
C:/tsogoo/Hicheel/erdem shinjilgeenii hural/ecnometric/shine/data/НҮТС-2018/7. Child under 5.sav,НҮТС-2018,7. Child under 5.sav,AN5,Эх/ асран хамгаалагчийн мөрийн дугаар,parents_family
C:/tsogoo/Hicheel/erdem shinjilgeenii hural/ecnometric/shine/data/НҮТС-2018/7. Child under 5.sav,НҮТС-2018,7. Child under 5.sav,AN6,Ярилцлага авагчийн дугаар,other
C:/tsogoo/Hicheel/erdem shinjilgeenii hural/ecnometric/shine/data/НҮТС-2018/7. Child under 5.sav,НҮТС-2018,7. Child under 5.sav,AN7,Хэмжигчийн дугаар,other
C:/tsogoo/Hicheel/erdem shinjilgeenii hural/ecnometric/shine/data/НҮТС-2018/7. Child under 5.sav,НҮТС-2018,7. Child under 5.sav,AN8,Хүүхдийн жин,demographics_geo_weights
C:/tsogoo/Hicheel/erdem shinjilgeenii hural/ecnometric/shine/data/НҮТС-2018/7. Child under 5.sav,НҮТС-2018,7. Child under 5.sav,AN9,Хүүхдийн хувцсыг нимгэлсэн эсэх,parents_family
C:/tsogoo/Hicheel/erdem shinjilgeenii hural/ecnometric/shine/data/НҮТС-2018/7. Child under 5.sav,НҮТС-2018,7. Child under 5.sav,AN11,Хүүхдийн урт/ өндөр,health_disability_nutrition
C:/tsogoo/Hicheel/erdem shinjilgeenii hural/ecnometric/shine/data/НҮТС-2018/7. Child under 5.sav,НҮТС-2018,7. Child under 5.sav,AN12,Хүүхдийг хэвтүүлж эсвэл зогсоогоор хэмжсэн эсэх,parents_family
C:/tsogoo/Hicheel/erdem shinjilgeenii hural/ecnometric/shine/data/НҮТС-2018/7. Child under 5.sav,НҮТС-2018,7. Child under 5.sav,AN13Y,Хэмжилт хийсэн он,other
C:/tsogoo/Hicheel/erdem shinjilgeenii hural/ecnometric/shine/data/НҮТС-2018/7. Child under 5.sav,НҮТС-2018,7. Child under 5.sav,AN13M,Хэмжилт хийсэн сар,other
C:/tsogoo/Hicheel/erdem shinjilgeenii hural/ecnometric/shine/data/НҮТС-2018/7. Child under 5.sav,НҮТС-2018,7. Child under 5.sav,AN13D,Хэмжилт хийсэн өдөр,other
C:/tsogoo/Hicheel/erdem shinjilgeenii hural/ecnometric/shine/data/НҮТС-2018/7. Child under 5.sav,НҮТС-2018,7. Child under 5.sav,HF1,Түүвэрлэгдсэн нэгжийн дугаар,demographics_geo_weights
C:/tsogoo/Hicheel/erdem shinjilgeenii hural/ecnometric/shine/data/НҮТС-2018/7. Child under 5.sav,НҮТС-2018,7. Child under 5.sav,HF2,Өрхийн дугаар,wealth_assets_housing
C:/tsogoo/Hicheel/erdem shinjilgeenii hural/ecnometric/shine/data/НҮТС-2018/7. Child under 5.sav,НҮТС-2018,7. Child under 5.sav,HF3,Хүүхдийн мөрийн дугаар,other
C:/tsogoo/Hicheel/erdem shinjilgeenii hural/ecnometric/shine/data/НҮТС-2018/7. Child under 5.sav,НҮТС-2018,7. Child under 5.sav,HF4,Эх/ асран хамгаалагчийн мөрийн дугаар,parents_family
C:/tsogoo/Hicheel/erdem shinjilgeenii hural/ecnometric/shine/data/НҮТС-2018/7. Child under 5.sav,НҮТС-2018,7. Child under 5.sav,HF5,Өрх/ сумын эмнэлгээс мэдээлэл авсан ярилцлага авагчийн дугаар,wealth_assets_housing
C:/tsogoo/Hicheel/erdem shinjilgeenii hural/ecnometric/shine/data/НҮТС-2018/7. Child under 5.sav,НҮТС-2018,7. Child under 5.sav,HF6,Ярилцлага авагчийн дугаар,other
C:/tsogoo/Hicheel/erdem shinjilgeenii hural/ecnometric/shine/data/НҮТС-2018/7. Child under 5.sav,НҮТС-2018,7. Child under 5.sav,HF7Y,Өрх/ сумын эмнэлэгт очсон он,wealth_assets_housing
C:/tsogoo/Hicheel/erdem shinjilgeenii hural/ecnometric/shine/data/НҮТС-2018/7. Child under 5.sav,НҮТС-2018,7. Child under 5.sav,HF7M,Өрх/ сумын эмнэлэгт очсон сар,wealth_assets_housing
C:/tsogoo/Hicheel/erdem shinjilgeenii hural/ecnometric/shine/data/НҮТС-2018/7. Child under 5.sav,НҮТС-2018,7. Child under 5.sav,HF7D,Өрх/ сумын эмнэлэгт очсон өдөр,wealth_assets_housing
C:/tsogoo/Hicheel/erdem shinjilgeenii hural/ecnometric/shine/data/НҮТС-2018/7. Child under 5.sav,НҮТС-2018,7. Child under 5.sav,HF8H,Вакцины мэдээллийг тэмдэглэж эхэлсэн цаг,parents_family
C:/tsogoo/Hicheel/erdem shinjilgeenii hural/ecnometric/shine/data/НҮТС-2018/7. Child under 5.sav,НҮТС-2018,7. Child under 5.sav,HF8M,Вакцины мэдээллийг тэмдэглэж эхэлсэн минут,parents_family
C:/tsogoo/Hicheel/erdem shinjilgeenii hural/ecnometric/shine/data/НҮТС-2018/7. Child under 5.sav,НҮТС-2018,7. Child under 5.sav,HF14H,Вакцины мэдээллийг тэмдэглэж дууссан цаг,wealth_assets_housing
C:/tsogoo/Hicheel/erdem shinjilgeenii hural/ecnometric/shine/data/НҮТС-2018/7. Child under 5.sav,НҮТС-2018,7. Child under 5.sav,HF14M,Вакцины мэдээллийг тэмдэглэж дууссан минут,wealth_assets_housing
C:/tsogoo/Hicheel/erdem shinjilgeenii hural/ecnometric/shine/data/НҮТС-2018/7. Child under 5.sav,НҮТС-2018,7. Child under 5.sav,HF9Y,Хүүхдийн төрсөн он,demographics_geo_weights
C:/tsogoo/Hicheel/erdem shinjilgeenii hural/ecnometric/shine/data/НҮТС-2018/7. Child under 5.sav,НҮТС-2018,7. Child under 5.sav,HF9M,Хүүхдийн төрсөн сар,demographics_geo_weights
C:/tsogoo/Hicheel/erdem shinjilgeenii hural/ecnometric/shine/data/НҮТС-2018/7. Child under 5.sav,НҮТС-2018,7. Child under 5.sav,HF9D,Хүүхдийн төрсөн өдөр,demographics_geo_weights
C:/tsogoo/Hicheel/erdem shinjilgeenii hural/ecnometric/shine/data/НҮТС-2018/7. Child under 5.sav,НҮТС-2018,7. Child under 5.sav,HF15,Өрх/ сумын эмнэлэгт очилтын үр дүн,wealth_assets_housing
C:/tsogoo/Hicheel/erdem shinjilgeenii hural/ecnometric/shine/data/НҮТС-2018/7. Child under 5.sav,НҮТС-2018,7. Child under 5.sav,HF11Y,"Вакцины карт/ эх, хүүхдийн эрүүл мэндийн дэвтэрт тэмдэглэсэн хүүхдийн төрсөн он",parents_family
C:/tsogoo/Hicheel/erdem shinjilgeenii hural/ecnometric/shine/data/НҮТС-2018/7. Child under 5.sav,НҮТС-2018,7. Child under 5.sav,HF11M,"Вакцины карт/ эх, хүүхдийн эрүүл мэндийн дэвтэрт тэмдэглэсэн хүүхдийн төрсөн сар",parents_family
C:/tsogoo/Hicheel/erdem shinjilgeenii hural/ecnometric/shine/data/НҮТС-2018/7. Child under 5.sav,НҮТС-2018,7. Child under 5.sav,HF11D,"Вакцины карт/ эх, хүүхдийн эрүүл мэндийн дэвтэрт тэмдэглэсэн хүүхдийн төрсөн өдөр",parents_family
C:/tsogoo/Hicheel/erdem shinjilgeenii hural/ecnometric/shine/data/НҮТС-2018/7. Child under 5.sav,НҮТС-2018,7. Child under 5.sav,HF12BY,Сүрьеэгийн эсрэг вакцин - Он,other
C:/tsogoo/Hicheel/erdem shinjilgeenii hural/ecnometric/shine/data/НҮТС-2018/7. Child under 5.sav,НҮТС-2018,7. Child under 5.sav,HF12BM,Сүрьеэгийн эсрэг вакцин - Сар,other
C:/tsogoo/Hicheel/erdem shinjilgeenii hural/ecnometric/shine/data/НҮТС-2018/7. Child under 5.sav,НҮТС-2018,7. Child under 5.sav,HF12BD,Сүрьеэгийн эсрэг вакцин - Өдөр,other
C:/tsogoo/Hicheel/erdem shinjilgeenii hural/ecnometric/shine/data/НҮТС-2018/7. Child under 5.sav,НҮТС-2018,7. Child under 5.sav,HF12H0Y,Б гепатитын эсрэг вакцин (төрөх үеийн тун) - Он,other
C:/tsogoo/Hicheel/erdem shinjilgeenii hural/ecnometric/shine/data/НҮТС-2018/7. Child under 5.sav,НҮТС-2018,7. Child under 5.sav,HF12H0M,Б гепатитын эсрэг вакцин (төрөх үеийн тун) - Сар,other
C:/tsogoo/Hicheel/erdem shinjilgeenii hural/ecnometric/shine/data/НҮТС-2018/7. Child under 5.sav,НҮТС-2018,7. Child under 5.sav,HF12H0D,Б гепатитын эсрэг вакцин (төрөх үеийн тун) - Өдөр,other
C:/tsogoo/Hicheel/erdem shinjilgeenii hural/ecnometric/shine/data/НҮТС-2018/7. Child under 5.sav,НҮТС-2018,7. Child under 5.sav,HF12P0Y,Халдварт саагийн эсрэг вакцины (төрөх үеийн тун) - Он,other
C:/tsogoo/Hicheel/erdem shinjilgeenii hural/ecnometric/shine/data/НҮТС-2018/7. Child under 5.sav,НҮТС-2018,7. Child under 5.sav,HF12P0M,Халдварт саагийн эсрэг вакцины (төрөх үеийн тун) - Сар,other
C:/tsogoo/Hicheel/erdem shinjilgeenii hural/ecnometric/shine/data/НҮТС-2018/7. Child under 5.sav,НҮТС-2018,7. Child under 5.sav,HF12P0D,Халдварт саагийн эсрэг вакцины (төрөх үеийн тун) - Өдөр,other
C:/tsogoo/Hicheel/erdem shinjilgeenii hural/ecnometric/shine/data/НҮТС-2018/7. Child under 5.sav,НҮТС-2018,7. Child under 5.sav,HF12P1Y,Халдварт саагийн эсрэг вакцины 1-р тун - Он,other
C:/tsogoo/Hicheel/erdem shinjilgeenii hural/ecnometric/shine/data/НҮТС-2018/7. Child under 5.sav,НҮТС-2018,7. Child under 5.sav,HF12P1M,Халдварт саагийн эсрэг вакцины 1-р тун - Сар,other
C:/tsogoo/Hicheel/erdem shinjilgeenii hural/ecnometric/shine/data/НҮТС-2018/7. Child under 5.sav,НҮТС-2018,7. Child under 5.sav,HF12P1D,Халдварт саагийн эсрэг вакцины 1-р тун - Өдөр,other
C:/tsogoo/Hicheel/erdem shinjilgeenii hural/ecnometric/shine/data/НҮТС-2018/7. Child under 5.sav,НҮТС-2018,7. Child under 5.sav,HF12P2Y,Халдварт саагийн эсрэг вакцины 2-р тун - Он,other
C:/tsogoo/Hicheel/erdem shinjilgeenii hural/ecnometric/shine/data/НҮТС-2018/7. Child under 5.sav,НҮТС-2018,7. Child under 5.sav,HF12P2M,Халдварт саагийн эсрэг вакцины 2-р тун - Сар,other
C:/tsogoo/Hicheel/erdem shinjilgeenii hural/ecnometric/shine/data/НҮТС-2018/7. Child under 5.sav,НҮТС-2018,7. Child under 5.sav,HF12P2D,Халдварт саагийн эсрэг вакцины 2-р тун - Өдөр,other
C:/tsogoo/Hicheel/erdem shinjilgeenii hural/ecnometric/shine/data/НҮТС-2018/7. Child under 5.sav,НҮТС-2018,7. Child under 5.sav,HF12P3Y,Халдварт саагийн эсрэг вакцины 3-р тун - Он,other
C:/tsogoo/Hicheel/erdem shinjilgeenii hural/ecnometric/shine/data/НҮТС-2018/7. Child under 5.sav,НҮТС-2018,7. Child under 5.sav,HF12P3M,Халдварт саагийн эсрэг вакцины 3-р тун - Сар,other
C:/tsogoo/Hicheel/erdem shinjilgeenii hural/ecnometric/shine/data/НҮТС-2018/7. Child under 5.sav,НҮТС-2018,7. Child under 5.sav,HF12P3D,Халдварт саагийн эсрэг вакцины 3-р тун - Өдөр,other
C:/tsogoo/Hicheel/erdem shinjilgeenii hural/ecnometric/shine/data/НҮТС-2018/7. Child under 5.sav,НҮТС-2018,7. Child under 5.sav,HF12PENTA1Y,Тавт вакцины 1-р тун - Он,other
C:/tsogoo/Hicheel/erdem shinjilgeenii hural/ecnometric/shine/data/НҮТС-2018/7. Child under 5.sav,НҮТС-2018,7. Child under 5.sav,HF12PENTA1M,Тавт вакцины 1-р тун - Сар,other
C:/tsogoo/Hicheel/erdem shinjilgeenii hural/ecnometric/shine/data/НҮТС-2018/7. Child under 5.sav,НҮТС-2018,7. Child under 5.sav,HF12PENTA1D,Тавт вакцины 1-р тун - Өдөр,other
C:/tsogoo/Hicheel/erdem shinjilgeenii hural/ecnometric/shine/data/НҮТС-2018/7. Child under 5.sav,НҮТС-2018,7. Child under 5.sav,HF12PENTA2Y,Тавт вакцины 2-р тун - Он,other
C:/tsogoo/Hicheel/erdem shinjilgeenii hural/ecnometric/shine/data/НҮТС-2018/7. Child under 5.sav,НҮТС-2018,7. Child under 5.sav,HF12PENTA2M,Тавт вакцины 2-р тун - Сар,other
C:/tsogoo/Hicheel/erdem shinjilgeenii hural/ecnometric/shine/data/НҮТС-2018/7. Child under 5.sav,НҮТС-2018,7. Child under 5.sav,HF12PENTA2D,Тавт вакцины 2-р тун - Өдөр,other
C:/tsogoo/Hicheel/erdem shinjilgeenii hural/ecnometric/shine/data/НҮТС-2018/7. Child under 5.sav,НҮТС-2018,7. Child under 5.sav,HF12PENTA3Y,Тавт вакцины 3-р тун - Он,other
C:/tsogoo/Hicheel/erdem shinjilgeenii hural/ecnometric/shine/data/НҮТС-2018/7. Child under 5.sav,НҮТС-2018,7. Child under 5.sav,HF12PENTA3M,Тавт вакцины 3-р тун - Сар,other
C:/tsogoo/Hicheel/erdem shinjilgeenii hural/ecnometric/shine/data/НҮТС-2018/7. Child under 5.sav,НҮТС-2018,7. Child under 5.sav,HF12PENTA3D,Тавт вакцины 3-р тун - Өдөр,other
C:/tsogoo/Hicheel/erdem shinjilgeenii hural/ecnometric/shine/data/НҮТС-2018/7. Child under 5.sav,НҮТС-2018,7. Child under 5.sav,HF12M1Y,"Улаан бурхан, гахайн хавдар, улаануудын эсрэг вакцины 1-р тун - Он",other
C:/tsogoo/Hicheel/erdem shinjilgeenii hural/ecnometric/shine/data/НҮТС-2018/7. Child under 5.sav,НҮТС-2018,7. Child under 5.sav,HF12M1M,"Улаан бурхан, гахайн хавдар, улаануудын эсрэг вакцины 1-р тун - Сар",other
C:/tsogoo/Hicheel/erdem shinjilgeenii hural/ecnometric/shine/data/НҮТС-2018/7. Child under 5.sav,НҮТС-2018,7. Child under 5.sav,HF12M1D,"Улаан бурхан, гахайн хавдар, улаануудын эсрэг вакцины 1-р тун - Өдөр",other
C:/tsogoo/Hicheel/erdem shinjilgeenii hural/ecnometric/shine/data/НҮТС-2018/7. Child under 5.sav,НҮТС-2018,7. Child under 5.sav,HF12M2Y,"Улаан бурхан, гахайн хавдар, улаануудын эсрэг вакцины 2-р тун - Он",other
C:/tsogoo/Hicheel/erdem shinjilgeenii hural/ecnometric/shine/data/НҮТС-2018/7. Child under 5.sav,НҮТС-2018,7. Child under 5.sav,HF12M2M,"Улаан бурхан, гахайн хавдар, улаануудын эсрэг вакцины 2-р тун - Сар",other
C:/tsogoo/Hicheel/erdem shinjilgeenii hural/ecnometric/shine/data/НҮТС-2018/7. Child under 5.sav,НҮТС-2018,7. Child under 5.sav,HF12M2D,"Улаан бурхан, гахайн хавдар, улаануудын эсрэг вакцины 2-р тун - Өдөр",other
C:/tsogoo/Hicheel/erdem shinjilgeenii hural/ecnometric/shine/data/НҮТС-2018/7. Child under 5.sav,НҮТС-2018,7. Child under 5.sav,HF12HA1Y,А гепатитын эсрэг вакцины 1-р тун - Он,other
C:/tsogoo/Hicheel/erdem shinjilgeenii hural/ecnometric/shine/data/НҮТС-2018/7. Child under 5.sav,НҮТС-2018,7. Child under 5.sav,HF12HA1M,А гепатитын эсрэг вакцины 1-р тун - Сар,other
C:/tsogoo/Hicheel/erdem shinjilgeenii hural/ecnometric/shine/data/НҮТС-2018/7. Child under 5.sav,НҮТС-2018,7. Child under 5.sav,HF12HA1D,А гепатитын эсрэг вакцины 1-р тун - Өдөр,other
C:/tsogoo/Hicheel/erdem shinjilgeenii hural/ecnometric/shine/data/НҮТС-2018/7. Child under 5.sav,НҮТС-2018,7. Child under 5.sav,HF12HA2Y,А гепатитын эсрэг вакцины 2-р тун - Он,other
C:/tsogoo/Hicheel/erdem shinjilgeenii hural/ecnometric/shine/data/НҮТС-2018/7. Child under 5.sav,НҮТС-2018,7. Child under 5.sav,HF12HA2M,А гепатитын эсрэг вакцины 2-р тун - Сар,other
C:/tsogoo/Hicheel/erdem shinjilgeenii hural/ecnometric/shine/data/НҮТС-2018/7. Child under 5.sav,НҮТС-2018,7. Child under 5.sav,HF12HA2D,А гепатитын эсрэг вакцины 2-р тун - Өдөр,other
C:/tsogoo/Hicheel/erdem shinjilgeenii hural/ecnometric/shine/data/НҮТС-2018/7. Child under 5.sav,НҮТС-2018,7. Child under 5.sav,HH4,Багийн ахлагчийн дугаар,other
C:/tsogoo/Hicheel/erdem shinjilgeenii hural/ecnometric/shine/data/НҮТС-2018/7. Child under 5.sav,НҮТС-2018,7. Child under 5.sav,HL4,Хүйс,demographics_geo_weights
C:/tsogoo/Hicheel/erdem shinjilgeenii hural/ecnometric/shine/data/НҮТС-2018/7. Child under 5.sav,НҮТС-2018,7. Child under 5.sav,ED4,"Цэцэрлэгт явж, сургуульд сурч байсан эсэх",education_schooling
C:/tsogoo/Hicheel/erdem shinjilgeenii hural/ecnometric/shine/data/НҮТС-2018/7. Child under 5.sav,НҮТС-2018,7. Child under 5.sav,ED5A,Сурч байсан хамгийн дээд шатлалын сургууль,education_schooling
C:/tsogoo/Hicheel/erdem shinjilgeenii hural/ecnometric/shine/data/НҮТС-2018/7. Child under 5.sav,НҮТС-2018,7. Child under 5.sav,ED5B,Сурч байсан хамгийн дээд анги/курс,education_schooling
C:/tsogoo/Hicheel/erdem shinjilgeenii hural/ecnometric/shine/data/НҮТС-2018/7. Child under 5.sav,НҮТС-2018,7. Child under 5.sav,ED6,Сурч байсан хамгийн дээд анги/курсээ төгссөн эсэх,education_schooling
C:/tsogoo/Hicheel/erdem shinjilgeenii hural/ecnometric/shine/data/НҮТС-2018/7. Child under 5.sav,НҮТС-2018,7. Child under 5.sav,ED6A,Сурч байсан хамгийн дээд шатлалын сургуулиа төгссөн эсэх,parents_family
C:/tsogoo/Hicheel/erdem shinjilgeenii hural/ecnometric/shine/data/НҮТС-2018/7. Child under 5.sav,НҮТС-2018,7. Child under 5.sav,CDOI,Хүүхдийн асуулга авсан огноо (CMC),other
C:/tsogoo/Hicheel/erdem shinjilgeenii hural/ecnometric/shine/data/НҮТС-2018/7. Child under 5.sav,НҮТС-2018,7. Child under 5.sav,CDOB,Хүүхдийн төрсөн огноо (CMC),demographics_geo_weights
C:/tsogoo/Hicheel/erdem shinjilgeenii hural/ecnometric/shine/data/НҮТС-2018/7. Child under 5.sav,НҮТС-2018,7. Child under 5.sav,CAGE,Нас (сараар),demographics_geo_weights
C:/tsogoo/Hicheel/erdem shinjilgeenii hural/ecnometric/shine/data/НҮТС-2018/7. Child under 5.sav,НҮТС-2018,7. Child under 5.sav,CAGE_6,Нас (сараар),demographics_geo_weights
C:/tsogoo/Hicheel/erdem shinjilgeenii hural/ecnometric/shine/data/НҮТС-2018/7. Child under 5.sav,НҮТС-2018,7. Child under 5.sav,CAGE_11,Нас (сараар),demographics_geo_weights
C:/tsogoo/Hicheel/erdem shinjilgeenii hural/ecnometric/shine/data/НҮТС-2018/7. Child under 5.sav,НҮТС-2018,7. Child under 5.sav,CAGED,Нас (өдрөөр),demographics_geo_weights
C:/tsogoo/Hicheel/erdem shinjilgeenii hural/ecnometric/shine/data/НҮТС-2018/7. Child under 5.sav,НҮТС-2018,7. Child under 5.sav,HAP,Насанд тохирсон өндрийн процентиль (Эрүүл Мэндийн Статистикийн Үндэсний Төв),demographics_geo_weights
C:/tsogoo/Hicheel/erdem shinjilgeenii hural/ecnometric/shine/data/НҮТС-2018/7. Child under 5.sav,НҮТС-2018,7. Child under 5.sav,HAZ,Насанд тохирсон өндрийн z оноо (Эрүүл Мэндийн Статистикийн Үндэсний Төв),demographics_geo_weights
C:/tsogoo/Hicheel/erdem shinjilgeenii hural/ecnometric/shine/data/НҮТС-2018/7. Child under 5.sav,НҮТС-2018,7. Child under 5.sav,HAM,Жишиг голчоос тооцсон насанд тохирсон өндрийн хувь (Эрүүл Мэндийн Статистикийн Үндэсний Төв),demographics_geo_weights
C:/tsogoo/Hicheel/erdem shinjilgeenii hural/ecnometric/shine/data/НҮТС-2018/7. Child under 5.sav,НҮТС-2018,7. Child under 5.sav,WAP,Насанд тохирсон жингийн процентиль (Эрүүл Мэндийн Статистикийн Үндэсний Төв),demographics_geo_weights
C:/tsogoo/Hicheel/erdem shinjilgeenii hural/ecnometric/shine/data/НҮТС-2018/7. Child under 5.sav,НҮТС-2018,7. Child under 5.sav,WAZ,Насанд тохирсон жингийн z оноо (Эрүүл Мэндийн Статистикийн Үндэсний Төв),demographics_geo_weights
C:/tsogoo/Hicheel/erdem shinjilgeenii hural/ecnometric/shine/data/НҮТС-2018/7. Child under 5.sav,НҮТС-2018,7. Child under 5.sav,WAM,Жишиг голчоос тооцсон насанд тохирсон жингийн хувь (Эрүүл Мэндийн Статистикийн Үндэсний Төв),demographics_geo_weights
C:/tsogoo/Hicheel/erdem shinjilgeenii hural/ecnometric/shine/data/НҮТС-2018/7. Child under 5.sav,НҮТС-2018,7. Child under 5.sav,WHP,Өндөрт тохирсон жингийн процентиль (Эрүүл Мэндийн Статистикийн Үндэсний Төв),demographics_geo_weights
C:/tsogoo/Hicheel/erdem shinjilgeenii hural/ecnometric/shine/data/НҮТС-2018/7. Child under 5.sav,НҮТС-2018,7. Child under 5.sav,WHZ,Өндөрт тохирсон жингийн z оноо (Эрүүл Мэндийн Статистикийн Үндэсний Төв),demographics_geo_weights
C:/tsogoo/Hicheel/erdem shinjilgeenii hural/ecnometric/shine/data/НҮТС-2018/7. Child under 5.sav,НҮТС-2018,7. Child under 5.sav,WHM,Жишиг голчоос тооцсон өндөрт тохирсон жингийн хувь (Эрүүл Мэндийн Статистикийн Үндэсний Төв),demographics_geo_weights
C:/tsogoo/Hicheel/erdem shinjilgeenii hural/ecnometric/shine/data/НҮТС-2018/7. Child under 5.sav,НҮТС-2018,7. Child under 5.sav,FLAG,Антропометрийн үзүүлэлтүүдийн тэмдэглэсэн утгууд,other
C:/tsogoo/Hicheel/erdem shinjilgeenii hural/ecnometric/shine/data/НҮТС-2018/7. Child under 5.sav,НҮТС-2018,7. Child under 5.sav,BMI,Биеийн жингийн индексийн z оноо (Дэлхийн Эрүүл Мэндийн Байгууллага),demographics_geo_weights
C:/tsogoo/Hicheel/erdem shinjilgeenii hural/ecnometric/shine/data/НҮТС-2018/7. Child under 5.sav,НҮТС-2018,7. Child under 5.sav,ZBMI,Биеийн жингийн индекс (Дэлхийн Эрүүл Мэндийн Байгууллага),demographics_geo_weights
C:/tsogoo/Hicheel/erdem shinjilgeenii hural/ecnometric/shine/data/НҮТС-2018/7. Child under 5.sav,НҮТС-2018,7. Child under 5.sav,HAZ2,Насанд тохирсон өндрийн z оноо (Дэлхийн Эрүүл Мэндийн Байгууллага),demographics_geo_weights
C:/tsogoo/Hicheel/erdem shinjilgeenii hural/ecnometric/shine/data/НҮТС-2018/7. Child under 5.sav,НҮТС-2018,7. Child under 5.sav,WAZ2,Насанд тохирсон жингийн z оноо (Дэлхийн Эрүүл Мэндийн Байгууллага),demographics_geo_weights
C:/tsogoo/Hicheel/erdem shinjilgeenii hural/ecnometric/shine/data/НҮТС-2018/7. Child under 5.sav,НҮТС-2018,7. Child under 5.sav,WHZ2,Өндөрт тохирсон жингийн z оноо (Дэлхийн Эрүүл Мэндийн Байгууллага),demographics_geo_weights
C:/tsogoo/Hicheel/erdem shinjilgeenii hural/ecnometric/shine/data/НҮТС-2018/7. Child under 5.sav,НҮТС-2018,7. Child under 5.sav,HAZFLAG,Насанд тохирсон өндрийн тэмдэглэсэн утгууд (Дэлхийн Эрүүл Мэндийн Байгууллага),demographics_geo_weights
C:/tsogoo/Hicheel/erdem shinjilgeenii hural/ecnometric/shine/data/НҮТС-2018/7. Child under 5.sav,НҮТС-2018,7. Child under 5.sav,WAZFLAG,Насанд тохирсон жингийн тэмдэглэсэн утгууд (Дэлхийн Эрүүл Мэндийн Байгууллага),demographics_geo_weights
C:/tsogoo/Hicheel/erdem shinjilgeenii hural/ecnometric/shine/data/НҮТС-2018/7. Child under 5.sav,НҮТС-2018,7. Child under 5.sav,WHZFLAG,Өндөрт тохирсон жингийн тэмдэглэсэн утгууд (Дэлхийн Эрүүл Мэндийн Байгууллага),demographics_geo_weights
C:/tsogoo/Hicheel/erdem shinjilgeenii hural/ecnometric/shine/data/НҮТС-2018/7. Child under 5.sav,НҮТС-2018,7. Child under 5.sav,BMIFLAG,Биеийн жингийн индексийн тэмдэглэсэн утгууд (Дэлхийн Эрүүл Мэндийн Байгууллага),demographics_geo_weights
C:/tsogoo/Hicheel/erdem shinjilgeenii hural/ecnometric/shine/data/НҮТС-2018/7. Child under 5.sav,НҮТС-2018,7. Child under 5.sav,WHZNOAGE,Өндөрт тохирсон жин - Насны тэмдэглэсэн утгууд (Дэлхийн Эрүүл Мэндийн Байгууллага),demographics_geo_weights
C:/tsogoo/Hicheel/erdem shinjilgeenii hural/ecnometric/shine/data/НҮТС-2018/7. Child under 5.sav,НҮТС-2018,7. Child under 5.sav,melevel,Эхийн боловсрол,education_schooling
C:/tsogoo/Hicheel/erdem shinjilgeenii hural/ecnometric/shine/data/НҮТС-2018/7. Child under 5.sav,НҮТС-2018,7. Child under 5.sav,cdisability,Үйлдлийн чадварын хүндрэлтэй эсэх (2-4 нас),parents_family
C:/tsogoo/Hicheel/erdem shinjilgeenii hural/ecnometric/shine/data/НҮТС-2018/7. Child under 5.sav,НҮТС-2018,7. Child under 5.sav,caretakerdis,Эх нь үйлдлийн чадварын хүндрэлтэй эсэх (18-49 нас),wealth_assets_housing
C:/tsogoo/Hicheel/erdem shinjilgeenii hural/ecnometric/shine/data/НҮТС-2018/7. Child under 5.sav,НҮТС-2018,7. Child under 5.sav,HH6,"Хот, хөдөө",demographics_geo_weights
C:/tsogoo/Hicheel/erdem shinjilgeenii hural/ecnometric/shine/data/НҮТС-2018/7. Child under 5.sav,НҮТС-2018,7. Child under 5.sav,HH6A,Байршил,other
C:/tsogoo/Hicheel/erdem shinjilgeenii hural/ecnometric/shine/data/НҮТС-2018/7. Child under 5.sav,НҮТС-2018,7. Child under 5.sav,HH7,Бүс,demographics_geo_weights
C:/tsogoo/Hicheel/erdem shinjilgeenii hural/ecnometric/shine/data/НҮТС-2018/7. Child under 5.sav,НҮТС-2018,7. Child under 5.sav,province,Зорилтот аймаг дүүрэг,demographics_geo_weights
C:/tsogoo/Hicheel/erdem shinjilgeenii hural/ecnometric/shine/data/НҮТС-2018/7. Child under 5.sav,НҮТС-2018,7. Child under 5.sav,ethnicity,Өрхийн тэргүүлэгчийн яс үндэс,wealth_assets_housing
C:/tsogoo/Hicheel/erdem shinjilgeenii hural/ecnometric/shine/data/НҮТС-2018/7. Child under 5.sav,НҮТС-2018,7. Child under 5.sav,religion,Өрхийн тэргүүлэгчийн шашин шүтлэг,wealth_assets_housing
C:/tsogoo/Hicheel/erdem shinjilgeenii hural/ecnometric/shine/data/НҮТС-2018/7. Child under 5.sav,НҮТС-2018,7. Child under 5.sav,chweight,5 хүртэлх насны хүүхдийн түүврийн жин,demographics_geo_weights
C:/tsogoo/Hicheel/erdem shinjilgeenii hural/ecnometric/shine/data/НҮТС-2018/7. Child under 5.sav,НҮТС-2018,7. Child under 5.sav,chweight_prov,5 хүртэлх насны хүүхдийн түүврийн жин (зорилтот аймаг/дүүргийн),demographics_geo_weights
C:/tsogoo/Hicheel/erdem shinjilgeenii hural/ecnometric/shine/data/НҮТС-2018/7. Child under 5.sav,НҮТС-2018,7. Child under 5.sav,wscore,Аж байдлын түвшний нэгдсэн оноо,other
C:/tsogoo/Hicheel/erdem shinjilgeenii hural/ecnometric/shine/data/НҮТС-2018/7. Child under 5.sav,НҮТС-2018,7. Child under 5.sav,windex5,Аж байдлын түвшний квинтиль,other
C:/tsogoo/Hicheel/erdem shinjilgeenii hural/ecnometric/shine/data/НҮТС-2018/7. Child under 5.sav,НҮТС-2018,7. Child under 5.sav,windex10,Аж байдлын түвшний бүлэг,other
C:/tsogoo/Hicheel/erdem shinjilgeenii hural/ecnometric/shine/data/НҮТС-2018/7. Child under 5.sav,НҮТС-2018,7. Child under 5.sav,wscoreu,Аж байдлын түвшний нэгдсэн оноо - Хөдөө,demographics_geo_weights
C:/tsogoo/Hicheel/erdem shinjilgeenii hural/ecnometric/shine/data/НҮТС-2018/7. Child under 5.sav,НҮТС-2018,7. Child under 5.sav,windex5u,Аж байдлын түвшний квинтиль - хот,demographics_geo_weights
C:/tsogoo/Hicheel/erdem shinjilgeenii hural/ecnometric/shine/data/НҮТС-2018/7. Child under 5.sav,НҮТС-2018,7. Child under 5.sav,windex10u,Аж байдлын түвшний бүлэг - хот,demographics_geo_weights
C:/tsogoo/Hicheel/erdem shinjilgeenii hural/ecnometric/shine/data/НҮТС-2018/7. Child under 5.sav,НҮТС-2018,7. Child under 5.sav,wscorer,Аж байдлын түвшний нэгдсэн оноо - Хот,demographics_geo_weights
C:/tsogoo/Hicheel/erdem shinjilgeenii hural/ecnometric/shine/data/НҮТС-2018/7. Child under 5.sav,НҮТС-2018,7. Child under 5.sav,windex5r,Аж байдлын түвшний квинтиль - хөдөө,demographics_geo_weights
C:/tsogoo/Hicheel/erdem shinjilgeenii hural/ecnometric/shine/data/НҮТС-2018/7. Child under 5.sav,НҮТС-2018,7. Child under 5.sav,windex10r,Аж байдлын түвшний бүлэг - хөдөө,demographics_geo_weights
C:/tsogoo/Hicheel/erdem shinjilgeenii hural/ecnometric/shine/data/НҮТС-2018/8. Child age 5-17.sav,НҮТС-2018,8. Child age 5-17.sav,HH1,Түүвэрлэгдсэн нэгжийн дугаар,demographics_geo_weights
C:/tsogoo/Hicheel/erdem shinjilgeenii hural/ecnometric/shine/data/НҮТС-2018/8. Child age 5-17.sav,НҮТС-2018,8. Child age 5-17.sav,HH2,Өрхийн дугаар,wealth_assets_housing
C:/tsogoo/Hicheel/erdem shinjilgeenii hural/ecnometric/shine/data/НҮТС-2018/8. Child age 5-17.sav,НҮТС-2018,8. Child age 5-17.sav,LN,Мөрийн дугаар,other
C:/tsogoo/Hicheel/erdem shinjilgeenii hural/ecnometric/shine/data/НҮТС-2018/8. Child age 5-17.sav,НҮТС-2018,8. Child age 5-17.sav,FS1,Түүвэрлэгдсэн нэгжийн дугаар,demographics_geo_weights
C:/tsogoo/Hicheel/erdem shinjilgeenii hural/ecnometric/shine/data/НҮТС-2018/8. Child age 5-17.sav,НҮТС-2018,8. Child age 5-17.sav,FS2,Өрхийн дугаар,wealth_assets_housing
C:/tsogoo/Hicheel/erdem shinjilgeenii hural/ecnometric/shine/data/НҮТС-2018/8. Child age 5-17.sav,НҮТС-2018,8. Child age 5-17.sav,FS3,Хүүхдийн мөрийн дугаар,other
C:/tsogoo/Hicheel/erdem shinjilgeenii hural/ecnometric/shine/data/НҮТС-2018/8. Child age 5-17.sav,НҮТС-2018,8. Child age 5-17.sav,FSINT,Ярилцлага авагчийн дугаар,other
C:/tsogoo/Hicheel/erdem shinjilgeenii hural/ecnometric/shine/data/НҮТС-2018/8. Child age 5-17.sav,НҮТС-2018,8. Child age 5-17.sav,FS4,Эх/ асран хамгаалагчийн мөрийн дугаар,parents_family
C:/tsogoo/Hicheel/erdem shinjilgeenii hural/ecnometric/shine/data/НҮТС-2018/8. Child age 5-17.sav,НҮТС-2018,8. Child age 5-17.sav,FS5,Ярилцлага авагчийн дугаар,other
C:/tsogoo/Hicheel/erdem shinjilgeenii hural/ecnometric/shine/data/НҮТС-2018/8. Child age 5-17.sav,НҮТС-2018,8. Child age 5-17.sav,FS6,Багийн ахлагчийн дугаар,other
C:/tsogoo/Hicheel/erdem shinjilgeenii hural/ecnometric/shine/data/НҮТС-2018/8. Child age 5-17.sav,НҮТС-2018,8. Child age 5-17.sav,FS7Y,Ярилцлага авсан он,other
C:/tsogoo/Hicheel/erdem shinjilgeenii hural/ecnometric/shine/data/НҮТС-2018/8. Child age 5-17.sav,НҮТС-2018,8. Child age 5-17.sav,FS7M,Ярилцлага авсан сар,other
C:/tsogoo/Hicheel/erdem shinjilgeenii hural/ecnometric/shine/data/НҮТС-2018/8. Child age 5-17.sav,НҮТС-2018,8. Child age 5-17.sav,FS7D,Ярилцлага авсан өдөр,other
C:/tsogoo/Hicheel/erdem shinjilgeenii hural/ecnometric/shine/data/НҮТС-2018/8. Child age 5-17.sav,НҮТС-2018,8. Child age 5-17.sav,FS9,Өмнө нь ярилцлага авсан эсэх,parents_family
C:/tsogoo/Hicheel/erdem shinjilgeenii hural/ecnometric/shine/data/НҮТС-2018/8. Child age 5-17.sav,НҮТС-2018,8. Child age 5-17.sav,FS10,Зөвшөөрөл өгсөн эсэх,parents_family
C:/tsogoo/Hicheel/erdem shinjilgeenii hural/ecnometric/shine/data/НҮТС-2018/8. Child age 5-17.sav,НҮТС-2018,8. Child age 5-17.sav,FS17,Ярилцлагын үр дүн,other
C:/tsogoo/Hicheel/erdem shinjilgeenii hural/ecnometric/shine/data/НҮТС-2018/8. Child age 5-17.sav,НҮТС-2018,8. Child age 5-17.sav,FS8H,Ярилцлага эхэлсэн цаг,parents_family
C:/tsogoo/Hicheel/erdem shinjilgeenii hural/ecnometric/shine/data/НҮТС-2018/8. Child age 5-17.sav,НҮТС-2018,8. Child age 5-17.sav,FS8M,Ярилцлага эхэлсэн минут,parents_family
C:/tsogoo/Hicheel/erdem shinjilgeenii hural/ecnometric/shine/data/НҮТС-2018/8. Child age 5-17.sav,НҮТС-2018,8. Child age 5-17.sav,FS11H,Ярилцлага дууссан цаг,wealth_assets_housing
C:/tsogoo/Hicheel/erdem shinjilgeenii hural/ecnometric/shine/data/НҮТС-2018/8. Child age 5-17.sav,НҮТС-2018,8. Child age 5-17.sav,FS11M,Ярилцлага дууссан минут,wealth_assets_housing
C:/tsogoo/Hicheel/erdem shinjilgeenii hural/ecnometric/shine/data/НҮТС-2018/8. Child age 5-17.sav,НҮТС-2018,8. Child age 5-17.sav,FS12,Асуулгын хуудас бичигдсэн хэл,other
C:/tsogoo/Hicheel/erdem shinjilgeenii hural/ecnometric/shine/data/НҮТС-2018/8. Child age 5-17.sav,НҮТС-2018,8. Child age 5-17.sav,FS13,Ярилцлага хийсэн хэл,other
C:/tsogoo/Hicheel/erdem shinjilgeenii hural/ecnometric/shine/data/НҮТС-2018/8. Child age 5-17.sav,НҮТС-2018,8. Child age 5-17.sav,FS14,Ярилцлага өгөгчийн эх хэл,parents_family
C:/tsogoo/Hicheel/erdem shinjilgeenii hural/ecnometric/shine/data/НҮТС-2018/8. Child age 5-17.sav,НҮТС-2018,8. Child age 5-17.sav,FS15,Ярилцлагын явцад орчуулга ашигласан эсэх,parents_family
C:/tsogoo/Hicheel/erdem shinjilgeenii hural/ecnometric/shine/data/НҮТС-2018/8. Child age 5-17.sav,НҮТС-2018,8. Child age 5-17.sav,FSHINT,Өрхийн ярилцлага авагчийн дугаар,wealth_assets_housing
C:/tsogoo/Hicheel/erdem shinjilgeenii hural/ecnometric/shine/data/НҮТС-2018/8. Child age 5-17.sav,НҮТС-2018,8. Child age 5-17.sav,FSFIN,Дуусгах,wealth_assets_housing
C:/tsogoo/Hicheel/erdem shinjilgeenii hural/ecnometric/shine/data/НҮТС-2018/8. Child age 5-17.sav,НҮТС-2018,8. Child age 5-17.sav,CB2Y,Хүүхдийн төрсөн он,demographics_geo_weights
C:/tsogoo/Hicheel/erdem shinjilgeenii hural/ecnometric/shine/data/НҮТС-2018/8. Child age 5-17.sav,НҮТС-2018,8. Child age 5-17.sav,CB2M,Хүүхдийн төрсөн сар,demographics_geo_weights
C:/tsogoo/Hicheel/erdem shinjilgeenii hural/ecnometric/shine/data/НҮТС-2018/8. Child age 5-17.sav,НҮТС-2018,8. Child age 5-17.sav,CB3,Хүүхдийн нас,demographics_geo_weights
C:/tsogoo/Hicheel/erdem shinjilgeenii hural/ecnometric/shine/data/НҮТС-2018/8. Child age 5-17.sav,НҮТС-2018,8. Child age 5-17.sav,CB4,"Цэцэрлэгт явж, сургуульд сурч байсан эсэх",education_schooling
C:/tsogoo/Hicheel/erdem shinjilgeenii hural/ecnometric/shine/data/НҮТС-2018/8. Child age 5-17.sav,НҮТС-2018,8. Child age 5-17.sav,CB5A,Сурч байсан хамгийн дээд шатлалын сургууль,education_schooling
C:/tsogoo/Hicheel/erdem shinjilgeenii hural/ecnometric/shine/data/НҮТС-2018/8. Child age 5-17.sav,НҮТС-2018,8. Child age 5-17.sav,CB5B,Сурч байсан хамгийн дээд анги/курс,education_schooling
C:/tsogoo/Hicheel/erdem shinjilgeenii hural/ecnometric/shine/data/НҮТС-2018/8. Child age 5-17.sav,НҮТС-2018,8. Child age 5-17.sav,CB6,Сурч байсан хамгийн дээд анги/курсээ төгссөн эсэх,education_schooling
C:/tsogoo/Hicheel/erdem shinjilgeenii hural/ecnometric/shine/data/НҮТС-2018/8. Child age 5-17.sav,НҮТС-2018,8. Child age 5-17.sav,CB6A,Сурч байсан хамгийн дээд шатлалын сургуулиа төгссөн эсэх,parents_family
C:/tsogoo/Hicheel/erdem shinjilgeenii hural/ecnometric/shine/data/НҮТС-2018/8. Child age 5-17.sav,НҮТС-2018,8. Child age 5-17.sav,CB7,"Энэ (2018/2019) хичээлийн жилд цэцэрлэгт явж, сургуульд сурч байгаа эсэх",education_schooling
C:/tsogoo/Hicheel/erdem shinjilgeenii hural/ecnometric/shine/data/НҮТС-2018/8. Child age 5-17.sav,НҮТС-2018,8. Child age 5-17.sav,CB8A,Энэ (2018/2019) хичээлийн жилд сурч байгаа сургуулийн шатлал,other
C:/tsogoo/Hicheel/erdem shinjilgeenii hural/ecnometric/shine/data/НҮТС-2018/8. Child age 5-17.sav,НҮТС-2018,8. Child age 5-17.sav,CB8B,Энэ (2018/2019) хичээлийн жилд сурч байгаа анги/курс,education_schooling
C:/tsogoo/Hicheel/erdem shinjilgeenii hural/ecnometric/shine/data/НҮТС-2018/8. Child age 5-17.sav,НҮТС-2018,8. Child age 5-17.sav,CB9,"Өмнөх (2017/2018) хичээлийн жилд цэцэрлэгт явж, сургуульд сурсан эсэх",education_schooling
C:/tsogoo/Hicheel/erdem shinjilgeenii hural/ecnometric/shine/data/НҮТС-2018/8. Child age 5-17.sav,НҮТС-2018,8. Child age 5-17.sav,CB10A,Өмнөх (2017/2018) хичээлийн жилд сурсан сургуулийн шатлал,other
C:/tsogoo/Hicheel/erdem shinjilgeenii hural/ecnometric/shine/data/НҮТС-2018/8. Child age 5-17.sav,НҮТС-2018,8. Child age 5-17.sav,CB10B,Өмнөх (2017/2018) хичээлийн жилд сурсан анги/курс,education_schooling
C:/tsogoo/Hicheel/erdem shinjilgeenii hural/ecnometric/shine/data/НҮТС-2018/8. Child age 5-17.sav,НҮТС-2018,8. Child age 5-17.sav,CL1A,"Сүүлийн 7 хоногт өрхийн мал аж ахуй (МАА), газар тариалангийн ажилд тусалсан эсэх",wealth_assets_housing
C:/tsogoo/Hicheel/erdem shinjilgeenii hural/ecnometric/shine/data/НҮТС-2018/8. Child age 5-17.sav,НҮТС-2018,8. Child age 5-17.sav,CL1B,Сүүлийн 7 хоногт өрхийн болон хамаатныхаа бизнест тусалж эсвэл өөрөө бизнес эрхэлсэн эсэх,wealth_assets_housing
C:/tsogoo/Hicheel/erdem shinjilgeenii hural/ecnometric/shine/data/НҮТС-2018/8. Child age 5-17.sav,НҮТС-2018,8. Child age 5-17.sav,CL1C,"Сүүлийн 7 хоногт ХАА-н болон хүнсний бүтээгдэхүүн, хувцас, гар урлал, эд бараа үйлдвэрлэх, худалдаалах ажил хийсэн эсэх",parents_family
C:/tsogoo/Hicheel/erdem shinjilgeenii hural/ecnometric/shine/data/НҮТС-2018/8. Child age 5-17.sav,НҮТС-2018,8. Child age 5-17.sav,CL1X,Сүүлийн 7 хоногт мөнгөн болон мөнгөн бус хэлбэрээр орлого олох зорилгоор өөр ажил хийсэн эсэх,wealth_assets_housing
C:/tsogoo/Hicheel/erdem shinjilgeenii hural/ecnometric/shine/data/НҮТС-2018/8. Child age 5-17.sav,НҮТС-2018,8. Child age 5-17.sav,CL3,Сүүлийн 7 хоногт дээрх ажилд нийт хэдэн цаг зарцуулсан,work_child_labour
C:/tsogoo/Hicheel/erdem shinjilgeenii hural/ecnometric/shine/data/НҮТС-2018/8. Child age 5-17.sav,НҮТС-2018,8. Child age 5-17.sav,CL4,"Тухайн ажлыг хийх үед хүнд зүйл өргөх, зөөх шаардлага гардаг эсэх",parents_family
C:/tsogoo/Hicheel/erdem shinjilgeenii hural/ecnometric/shine/data/НҮТС-2018/8. Child age 5-17.sav,НҮТС-2018,8. Child age 5-17.sav,CL5,Тухайн ажлыг хийх үед аюултай багаж хэрэгсэл (хутга г.м) болон хүнд машин механизм дээр ажиллах шаардлага гардаг эсэх,parents_family
C:/tsogoo/Hicheel/erdem shinjilgeenii hural/ecnometric/shine/data/НҮТС-2018/8. Child age 5-17.sav,НҮТС-2018,8. Child age 5-17.sav,CL6A,"Ажлын байрны орчин, нөхцөл: тоос, утаа, газ байдаг эсэх",parents_family
C:/tsogoo/Hicheel/erdem shinjilgeenii hural/ecnometric/shine/data/НҮТС-2018/8. Child age 5-17.sav,НҮТС-2018,8. Child age 5-17.sav,CL6B,"Ажлын байрны орчин, нөхцөл: хэт хүйтэн, халуун, чийглэг эсэх",parents_family
C:/tsogoo/Hicheel/erdem shinjilgeenii hural/ecnometric/shine/data/НҮТС-2018/8. Child age 5-17.sav,НҮТС-2018,8. Child age 5-17.sav,CL6C,"Ажлын байрны орчин, нөхцөл: хэт их, дуу чимээ, чичиргээтэй эсэх",parents_family
C:/tsogoo/Hicheel/erdem shinjilgeenii hural/ecnometric/shine/data/НҮТС-2018/8. Child age 5-17.sav,НҮТС-2018,8. Child age 5-17.sav,CL6D,"Ажлын байрны орчин, нөхцөл: 2 метрээс дээш өндөрт ажилладаг эсэх",parents_family
C:/tsogoo/Hicheel/erdem shinjilgeenii hural/ecnometric/shine/data/НҮТС-2018/8. Child age 5-17.sav,НҮТС-2018,8. Child age 5-17.sav,CL6E,"Ажлын байрны орчин, нөхцөл: химийн (шавьж устгах хор, цавуу г.м) болон тэсрэх бодистой харьцдаг эсэх",wealth_assets_housing
C:/tsogoo/Hicheel/erdem shinjilgeenii hural/ecnometric/shine/data/НҮТС-2018/8. Child age 5-17.sav,НҮТС-2018,8. Child age 5-17.sav,CL6X,"Ажлын байрны орчин, нөхцөл: эрүүл мэндэд муугаар нөлөөлөх бусад орчин нөхцөлд ажилладаг эсэх",wealth_assets_housing
C:/tsogoo/Hicheel/erdem shinjilgeenii hural/ecnometric/shine/data/НҮТС-2018/8. Child age 5-17.sav,НҮТС-2018,8. Child age 5-17.sav,CL7,Сүүлийн 7 хоногт өрхийн хэрэглээний усанд явсан эсэх,wealth_assets_housing
C:/tsogoo/Hicheel/erdem shinjilgeenii hural/ecnometric/shine/data/НҮТС-2018/8. Child age 5-17.sav,НҮТС-2018,8. Child age 5-17.sav,CL8,Сүүлийн 7 хоногт өрхийн хэрэглээндээ ус зөөхөд нийт хэдэн цаг зарцуулсан,wealth_assets_housing
C:/tsogoo/Hicheel/erdem shinjilgeenii hural/ecnometric/shine/data/НҮТС-2018/8. Child age 5-17.sav,НҮТС-2018,8. Child age 5-17.sav,CL9,Сүүлийн 7 хоногт өрхийн хэрэглээндээ түлээ түлш бэлтгэх ажил хийсэн эсэх,wealth_assets_housing
C:/tsogoo/Hicheel/erdem shinjilgeenii hural/ecnometric/shine/data/НҮТС-2018/8. Child age 5-17.sav,НҮТС-2018,8. Child age 5-17.sav,CL10,Сүүлийн 7 хоногт өрхийн хэрэглээндээ түлээ түлш бэлтгэх ажилд нийт хэдэн цаг зарцуулсан,wealth_assets_housing
C:/tsogoo/Hicheel/erdem shinjilgeenii hural/ecnometric/shine/data/НҮТС-2018/8. Child age 5-17.sav,НҮТС-2018,8. Child age 5-17.sav,CL11A,Сүүлийн 7 хоногт дэлгүүр явсан эсэх,parents_family
C:/tsogoo/Hicheel/erdem shinjilgeenii hural/ecnometric/shine/data/НҮТС-2018/8. Child age 5-17.sav,НҮТС-2018,8. Child age 5-17.sav,CL11B,"Сүүлийн 7 хоногт хоол, цай бэлтгэсэн эсэх",parents_family
C:/tsogoo/Hicheel/erdem shinjilgeenii hural/ecnometric/shine/data/НҮТС-2018/8. Child age 5-17.sav,НҮТС-2018,8. Child age 5-17.sav,CL11C,"Сүүлийн 7 хоногт аяга, таваг угааж, гэрээ цэвэрлэсэн эсэх",parents_family
C:/tsogoo/Hicheel/erdem shinjilgeenii hural/ecnometric/shine/data/НҮТС-2018/8. Child age 5-17.sav,НҮТС-2018,8. Child age 5-17.sav,CL11D,Сүүлийн 7 хоногт хувцас угаасан эсэх,parents_family
C:/tsogoo/Hicheel/erdem shinjilgeenii hural/ecnometric/shine/data/НҮТС-2018/8. Child age 5-17.sav,НҮТС-2018,8. Child age 5-17.sav,CL11E,Сүүлийн 7 хоногт хүүхэд асарсан эсэх,parents_family
C:/tsogoo/Hicheel/erdem shinjilgeenii hural/ecnometric/shine/data/НҮТС-2018/8. Child age 5-17.sav,НҮТС-2018,8. Child age 5-17.sav,CL11F,"Сүүлийн 7 хоногт өндөр настан, өвчтэй хүн асарсан эсэх",parents_family
C:/tsogoo/Hicheel/erdem shinjilgeenii hural/ecnometric/shine/data/НҮТС-2018/8. Child age 5-17.sav,НҮТС-2018,8. Child age 5-17.sav,CL11X,Сүүлийн 7 хоногт өөр гэрийн ажил хийсэн эсэх,parents_family
C:/tsogoo/Hicheel/erdem shinjilgeenii hural/ecnometric/shine/data/НҮТС-2018/8. Child age 5-17.sav,НҮТС-2018,8. Child age 5-17.sav,CL13,Сүүлийн 7 хоногт дээрх ажилд нийт хэдэн цаг зарцуулсан,work_child_labour
C:/tsogoo/Hicheel/erdem shinjilgeenii hural/ecnometric/shine/data/НҮТС-2018/8. Child age 5-17.sav,НҮТС-2018,8. Child age 5-17.sav,FCD2A,"Дуртай зүйлээ хийх, гэрээс гарахыг хорьсон эсэх",parents_family
C:/tsogoo/Hicheel/erdem shinjilgeenii hural/ecnometric/shine/data/НҮТС-2018/8. Child age 5-17.sav,НҮТС-2018,8. Child age 5-17.sav,FCD2B,Гаргасан зан ааш нь яагаад буруу гэдгийг тайлбарлаж хэлсэн эсэх,parents_family
C:/tsogoo/Hicheel/erdem shinjilgeenii hural/ecnometric/shine/data/НҮТС-2018/8. Child age 5-17.sav,НҮТС-2018,8. Child age 5-17.sav,FCD2C,"Дугтчиж, сэгсэрсэн эсэх",parents_family
C:/tsogoo/Hicheel/erdem shinjilgeenii hural/ecnometric/shine/data/НҮТС-2018/8. Child age 5-17.sav,НҮТС-2018,8. Child age 5-17.sav,FCD2D,"Орилж, хашгирсан эсэх",parents_family
C:/tsogoo/Hicheel/erdem shinjilgeenii hural/ecnometric/shine/data/НҮТС-2018/8. Child age 5-17.sav,НҮТС-2018,8. Child age 5-17.sav,FCD2E,Хүмүүжүүлэх зорилгоор ямар нэг зүйл хийлгэсэн эсэх,parents_family
C:/tsogoo/Hicheel/erdem shinjilgeenii hural/ecnometric/shine/data/НҮТС-2018/8. Child age 5-17.sav,НҮТС-2018,8. Child age 5-17.sav,FCD2F,"Хонгон дээр нь алгадаж, цохисон эсэх",parents_family
C:/tsogoo/Hicheel/erdem shinjilgeenii hural/ecnometric/shine/data/НҮТС-2018/8. Child age 5-17.sav,НҮТС-2018,8. Child age 5-17.sav,FCD2G,"Бүс, саваа зэрэг зүйлээр ороолгосон эсэх",parents_family
C:/tsogoo/Hicheel/erdem shinjilgeenii hural/ecnometric/shine/data/НҮТС-2018/8. Child age 5-17.sav,НҮТС-2018,8. Child age 5-17.sav,FCD2H,"Тэнэг, залхуу зэргээр дуудсан эсэх",parents_family
C:/tsogoo/Hicheel/erdem shinjilgeenii hural/ecnometric/shine/data/НҮТС-2018/8. Child age 5-17.sav,НҮТС-2018,8. Child age 5-17.sav,FCD2I,"Хацар дээр нь алгадаж, нүүр, толгой руу нь цохиж, чихийг нь мушгисан эсэх",parents_family
C:/tsogoo/Hicheel/erdem shinjilgeenii hural/ecnometric/shine/data/НҮТС-2018/8. Child age 5-17.sav,НҮТС-2018,8. Child age 5-17.sav,FCD2J,"Гар, тохой, хөл рүү нь алгадаж, цохисон эсэх",parents_family
C:/tsogoo/Hicheel/erdem shinjilgeenii hural/ecnometric/shine/data/НҮТС-2018/8. Child age 5-17.sav,НҮТС-2018,8. Child age 5-17.sav,FCD2K,"Маш хүчтэй олон удаа цохиж, зодсон эсэх",parents_family
C:/tsogoo/Hicheel/erdem shinjilgeenii hural/ecnometric/shine/data/НҮТС-2018/8. Child age 5-17.sav,НҮТС-2018,8. Child age 5-17.sav,FCD3,5 хүртэлх насны өөр хүүхдийн эх/ асран хамгаалагч мөн эсэх,parents_family
C:/tsogoo/Hicheel/erdem shinjilgeenii hural/ecnometric/shine/data/НҮТС-2018/8. Child age 5-17.sav,НҮТС-2018,8. Child age 5-17.sav,FCD4,Өөр хүүхдийн хувьд дараахтай ижил асуултад (Асуулт UCD5) хариулсан эсэх,parents_family
C:/tsogoo/Hicheel/erdem shinjilgeenii hural/ecnometric/shine/data/НҮТС-2018/8. Child age 5-17.sav,НҮТС-2018,8. Child age 5-17.sav,FCD5,"Хүүхдийг зөв өсгөж, хүмүүжүүлэхийн тулд түүнд бие махбодын шийтгэл оногдуулах нь зүйтэй гэж үздэг эсэх",parents_family
C:/tsogoo/Hicheel/erdem shinjilgeenii hural/ecnometric/shine/data/НҮТС-2018/8. Child age 5-17.sav,НҮТС-2018,8. Child age 5-17.sav,FCF1,Харааны шил эсвэл контакт линз зүүдэг эсэх,parents_family
C:/tsogoo/Hicheel/erdem shinjilgeenii hural/ecnometric/shine/data/НҮТС-2018/8. Child age 5-17.sav,НҮТС-2018,8. Child age 5-17.sav,FCF2,Сонсголын аппарат зүүдэг эсэх,parents_family
C:/tsogoo/Hicheel/erdem shinjilgeenii hural/ecnometric/shine/data/НҮТС-2018/8. Child age 5-17.sav,НҮТС-2018,8. Child age 5-17.sav,FCF3,Алхахдаа ямар нэгэн дэмжлэг болох туслах хэрэгсэл эсвэл бусдын тусламж авдаг эсэх,wealth_assets_housing
C:/tsogoo/Hicheel/erdem shinjilgeenii hural/ecnometric/shine/data/НҮТС-2018/8. Child age 5-17.sav,НҮТС-2018,8. Child age 5-17.sav,FCF6,Юм харахад хүндрэлтэй байдаг эсэх,parents_family
C:/tsogoo/Hicheel/erdem shinjilgeenii hural/ecnometric/shine/data/НҮТС-2018/8. Child age 5-17.sav,НҮТС-2018,8. Child age 5-17.sav,FCF8,"Хүмүүсийн яриа, хөгжим зэрэг дуу чимээг сонсоход хүндрэлтэй байдаг эсэх",parents_family
C:/tsogoo/Hicheel/erdem shinjilgeenii hural/ecnometric/shine/data/НҮТС-2018/8. Child age 5-17.sav,НҮТС-2018,8. Child age 5-17.sav,FCF10,Дэмжлэг болох туслах хэрэгсэл эсвэл бусдын тусламжгүйгээр тэгш газар 100 метр алхахад хүндрэлтэй байдаг эсэх,wealth_assets_housing
C:/tsogoo/Hicheel/erdem shinjilgeenii hural/ecnometric/shine/data/НҮТС-2018/8. Child age 5-17.sav,НҮТС-2018,8. Child age 5-17.sav,FCF11,Дэмжлэг болох туслах хэрэгсэл эсвэл бусдын тусламжгүйгээр тэгш газар 500 метр/хагас км алхахад хүндрэлтэй байдаг эсэх,wealth_assets_housing
C:/tsogoo/Hicheel/erdem shinjilgeenii hural/ecnometric/shine/data/НҮТС-2018/8. Child age 5-17.sav,НҮТС-2018,8. Child age 5-17.sav,FCF12,Дэмжлэг болох туслах хэрэгсэл эсвэл бусдын тусламжтайгаар тэгш газар 100 метр алхахад хүндрэлтэй байдаг эсэх,wealth_assets_housing
C:/tsogoo/Hicheel/erdem shinjilgeenii hural/ecnometric/shine/data/НҮТС-2018/8. Child age 5-17.sav,НҮТС-2018,8. Child age 5-17.sav,FCF13,Дэмжлэг болох туслах хэрэгсэл эсвэл бусдын тусламжтайгаар тэгш газар 500 метр/хагас км алхахад хүндрэлтэй байдаг эсэх,wealth_assets_housing
C:/tsogoo/Hicheel/erdem shinjilgeenii hural/ecnometric/shine/data/НҮТС-2018/8. Child age 5-17.sav,НҮТС-2018,8. Child age 5-17.sav,FCF14,Үеийн хүүхдүүдтэй нь харьцуулахад тэгш газар 100 метр алхахад хүндрэлтэй байдаг эсэх,parents_family
C:/tsogoo/Hicheel/erdem shinjilgeenii hural/ecnometric/shine/data/НҮТС-2018/8. Child age 5-17.sav,НҮТС-2018,8. Child age 5-17.sav,FCF15,Үеийн хүүхдүүдтэй нь харьцуулахад хувьд тэгш газар 500 метр/хагас км алхахад хүндрэлтэй байдаг эсэх,parents_family
C:/tsogoo/Hicheel/erdem shinjilgeenii hural/ecnometric/shine/data/НҮТС-2018/8. Child age 5-17.sav,НҮТС-2018,8. Child age 5-17.sav,FCF16,"Хоолоо идэх, хувцсаа өмсөх зэргээр өөрийгөө арчлахад хүндрэлтэй байдаг эсэх",parents_family
C:/tsogoo/Hicheel/erdem shinjilgeenii hural/ecnometric/shine/data/НҮТС-2018/8. Child age 5-17.sav,НҮТС-2018,8. Child age 5-17.sav,FCF17,Яриаг гэрийнхэн нь ойлгоход хүндрэлтэй байдаг эсэх,parents_family
C:/tsogoo/Hicheel/erdem shinjilgeenii hural/ecnometric/shine/data/НҮТС-2018/8. Child age 5-17.sav,НҮТС-2018,8. Child age 5-17.sav,FCF18,Яриаг гэрийнхнээс нь бусад хүмүүс ойлгоход хүндрэлтэй байдаг эсэх,wealth_assets_housing
C:/tsogoo/Hicheel/erdem shinjilgeenii hural/ecnometric/shine/data/НҮТС-2018/8. Child age 5-17.sav,НҮТС-2018,8. Child age 5-17.sav,FCF19,Үеийн хүүхдүүдтэй нь харьцуулахад ямар нэг зүйл сурахад хүндрэлтэй байдаг эсэх,parents_family
C:/tsogoo/Hicheel/erdem shinjilgeenii hural/ecnometric/shine/data/НҮТС-2018/8. Child age 5-17.sav,НҮТС-2018,8. Child age 5-17.sav,FCF20,"Үеийн хүүхдүүдтэй нь харьцуулахад ямар нэг зүйл санах, тогтооход хүндрэлтэй байдаг эсэх",parents_family
C:/tsogoo/Hicheel/erdem shinjilgeenii hural/ecnometric/shine/data/НҮТС-2018/8. Child age 5-17.sav,НҮТС-2018,8. Child age 5-17.sav,FCF21,Дуртай зүйлээ хийхдээ анхаарлаа төвлөрүүлэхэд хүндрэлтэй байдаг эсэх,parents_family
C:/tsogoo/Hicheel/erdem shinjilgeenii hural/ecnometric/shine/data/НҮТС-2018/8. Child age 5-17.sav,НҮТС-2018,8. Child age 5-17.sav,FCF22,"Өдөр тутмын дадал, зуршилд нь өөрчлөлт ороход хүлээж авахад хүндрэлтэй/хэцүү байдаг эсэх",parents_family
C:/tsogoo/Hicheel/erdem shinjilgeenii hural/ecnometric/shine/data/НҮТС-2018/8. Child age 5-17.sav,НҮТС-2018,8. Child age 5-17.sav,FCF23,Үеийн хүүхдүүдтэй нь харьцуулахад ааш зангаа хянахад хүндрэлтэй байдаг эсэх,parents_family
C:/tsogoo/Hicheel/erdem shinjilgeenii hural/ecnometric/shine/data/НҮТС-2018/8. Child age 5-17.sav,НҮТС-2018,8. Child age 5-17.sav,FCF24,Найз нөхөдтэй болоход хүндрэлтэй байдаг эсэх,parents_family
C:/tsogoo/Hicheel/erdem shinjilgeenii hural/ecnometric/shine/data/НҮТС-2018/8. Child age 5-17.sav,НҮТС-2018,8. Child age 5-17.sav,FCF25,"Сэтгэл түгших, бухимдах, санаа зовсон байдал хэр их илэрдэг",other
C:/tsogoo/Hicheel/erdem shinjilgeenii hural/ecnometric/shine/data/НҮТС-2018/8. Child age 5-17.sav,НҮТС-2018,8. Child age 5-17.sav,FCF26,"Их гуниглах, сэтгэлээр унах байдал хэр их илэрдэг",other
C:/tsogoo/Hicheel/erdem shinjilgeenii hural/ecnometric/shine/data/НҮТС-2018/8. Child age 5-17.sav,НҮТС-2018,8. Child age 5-17.sav,PR3,Сурах бичгээс гадна гэртээ уншдаг ном байдаг эсэх,parents_family
C:/tsogoo/Hicheel/erdem shinjilgeenii hural/ecnometric/shine/data/НҮТС-2018/8. Child age 5-17.sav,НҮТС-2018,8. Child age 5-17.sav,PR5,Ер нь гэрийн даалгавартай байдаг эсэх,parents_family
C:/tsogoo/Hicheel/erdem shinjilgeenii hural/ecnometric/shine/data/НҮТС-2018/8. Child age 5-17.sav,НҮТС-2018,8. Child age 5-17.sav,PR6,Гэрийн даалгавраа хийхэд нь хэн нэгэн тусалдаг эсэх,wealth_assets_housing
C:/tsogoo/Hicheel/erdem shinjilgeenii hural/ecnometric/shine/data/НҮТС-2018/8. Child age 5-17.sav,НҮТС-2018,8. Child age 5-17.sav,PR6A,"Эцэг, эхийн хуралд оролцож байсан эсэх",parents_family
C:/tsogoo/Hicheel/erdem shinjilgeenii hural/ecnometric/shine/data/НҮТС-2018/8. Child age 5-17.sav,НҮТС-2018,8. Child age 5-17.sav,PR6B,"Хамгийн сүүлд болсон эцэг, эхийн хуралд хэн оролцсон",parents_family
C:/tsogoo/Hicheel/erdem shinjilgeenii hural/ecnometric/shine/data/НҮТС-2018/8. Child age 5-17.sav,НҮТС-2018,8. Child age 5-17.sav,PR6C,"ЕБС-д багш, эцэг, эх, сурагч, сургуулийн удирдлага оролцсон сургуулийн зөвлөл байдгийг мэдэх эсэх",parents_family
C:/tsogoo/Hicheel/erdem shinjilgeenii hural/ecnometric/shine/data/НҮТС-2018/8. Child age 5-17.sav,НҮТС-2018,8. Child age 5-17.sav,PR7,"Сургуульд нь эцэг, эхийн төлөөлөл оролцдог Сургуулийн зөвлөл/ Удирдах зөвлөл байдаг эсэх",education_schooling
C:/tsogoo/Hicheel/erdem shinjilgeenii hural/ecnometric/shine/data/НҮТС-2018/8. Child age 5-17.sav,НҮТС-2018,8. Child age 5-17.sav,PR8,Сүүлийн 12 сарын хугацаанд сургуулийн зөвлөл/ удирдах зөвлөлийн хуралд оролцсон эсэх,parents_family
C:/tsogoo/Hicheel/erdem shinjilgeenii hural/ecnometric/shine/data/НҮТС-2018/8. Child age 5-17.sav,НҮТС-2018,8. Child age 5-17.sav,PR9A,"Уг хуралд сургуулийнх нь хөгжлийн бодлого, хөтөлбөр, төлөвлөгөө, дүрмийн талаар хэлэлцсэн эсэх",parents_family
C:/tsogoo/Hicheel/erdem shinjilgeenii hural/ecnometric/shine/data/НҮТС-2018/8. Child age 5-17.sav,НҮТС-2018,8. Child age 5-17.sav,PR9B,"Уг хуралд сургуулийнх нь хөрөнгө оруулалт, төсөв төлөвлөлтийн талаар хэлэлцсэн эсэх",wealth_assets_housing
C:/tsogoo/Hicheel/erdem shinjilgeenii hural/ecnometric/shine/data/НҮТС-2018/8. Child age 5-17.sav,НҮТС-2018,8. Child age 5-17.sav,PR10,Дүнгийнх нь талаар сүүлийн 12 сарын хугацаанд сургуулиас нь мэдээлэл авсан эсэх,parents_family
C:/tsogoo/Hicheel/erdem shinjilgeenii hural/ecnometric/shine/data/НҮТС-2018/8. Child age 5-17.sav,НҮТС-2018,8. Child age 5-17.sav,PR11A,"Сүүлийн 12 сарын хугацаанд сургуулийнх нь баяр ёслол, урлагын үзлэг, спорт өдөрлөгт оролцсон эсэх",parents_family
C:/tsogoo/Hicheel/erdem shinjilgeenii hural/ecnometric/shine/data/НҮТС-2018/8. Child age 5-17.sav,НҮТС-2018,8. Child age 5-17.sav,PR11B,Сүүлийн 12 сарын хугацаанд сургууль руу нь сурлагынх нь талаар түүний багштай ярилцахаар явсан эсэх,education_schooling
C:/tsogoo/Hicheel/erdem shinjilgeenii hural/ecnometric/shine/data/НҮТС-2018/8. Child age 5-17.sav,НҮТС-2018,8. Child age 5-17.sav,PR12A,"Сүүлийн 12 сарын хугацаанд хичээл нь байгалийн гамшгийн (үер, зуд г.м) улмаас ороогүй тохиолдол бий эсэх",parents_family
C:/tsogoo/Hicheel/erdem shinjilgeenii hural/ecnometric/shine/data/НҮТС-2018/8. Child age 5-17.sav,НҮТС-2018,8. Child age 5-17.sav,PR12B,Сүүлийн 12 сарын хугацаанд хичээл нь хүний буруутай үйлдлээс үүдэлтэй гамшгийн (гал түймэр г.м) улмаас ороогүй тохиолдол бий эсэх,parents_family
C:/tsogoo/Hicheel/erdem shinjilgeenii hural/ecnometric/shine/data/НҮТС-2018/8. Child age 5-17.sav,НҮТС-2018,8. Child age 5-17.sav,PR12C,Сүүлийн 12 сарын хугацаанд хичээл нь багш нарын ажил хаялтын улмаас ороогүй тохиолдол бий эсэх,parents_family
C:/tsogoo/Hicheel/erdem shinjilgeenii hural/ecnometric/shine/data/НҮТС-2018/8. Child age 5-17.sav,НҮТС-2018,8. Child age 5-17.sav,PR12X,Сүүлийн 12 сарын хугацаанд хичээл нь бусад шалтгааны (халдварт өвчний дэгдэлт г.м) улмаас ороогүй тохиолдол бий эсэх,wealth_assets_housing
C:/tsogoo/Hicheel/erdem shinjilgeenii hural/ecnometric/shine/data/НҮТС-2018/8. Child age 5-17.sav,НҮТС-2018,8. Child age 5-17.sav,PR13,Сүүлийн 12 сарын хугацаанд хичээл нь багш нь ажилдаа ирээгүйн улмаас ороогүй тохиолдол бий эсэх,parents_family
C:/tsogoo/Hicheel/erdem shinjilgeenii hural/ecnometric/shine/data/НҮТС-2018/8. Child age 5-17.sav,НҮТС-2018,8. Child age 5-17.sav,PR15,(Багш нарын ажил хаялт/ багш нь ажилдаа ирээгүй) үед сургуулийн удирдлага эсвэл сургуулийн зөвлөлийн гишүүнтэй холбоо барьсан эсэх,parents_family
C:/tsogoo/Hicheel/erdem shinjilgeenii hural/ecnometric/shine/data/НҮТС-2018/8. Child age 5-17.sav,НҮТС-2018,8. Child age 5-17.sav,PR16H,Эх/ асран хамгаалагчийн ярилцлагыг дууссан цаг,wealth_assets_housing
C:/tsogoo/Hicheel/erdem shinjilgeenii hural/ecnometric/shine/data/НҮТС-2018/8. Child age 5-17.sav,НҮТС-2018,8. Child age 5-17.sav,PR16M,Эх/ асран хамгаалагчийн ярилцлагыг дууссан минут,wealth_assets_housing
C:/tsogoo/Hicheel/erdem shinjilgeenii hural/ecnometric/shine/data/НҮТС-2018/8. Child age 5-17.sav,НҮТС-2018,8. Child age 5-17.sav,FLCONT,Хүүхдийн ярилцлагыг одоо эхлүүлэх эсвэл дараа эхлүүлэх,parents_family
C:/tsogoo/Hicheel/erdem shinjilgeenii hural/ecnometric/shine/data/НҮТС-2018/8. Child age 5-17.sav,НҮТС-2018,8. Child age 5-17.sav,FL1,Эх/ асран хамгаалагч зөвшөөрөл өгсөн эсэх,parents_family
C:/tsogoo/Hicheel/erdem shinjilgeenii hural/ecnometric/shine/data/НҮТС-2018/8. Child age 5-17.sav,НҮТС-2018,8. Child age 5-17.sav,FL2H,Хүүхдийн ярилцлагыг эхэлсэн цаг,parents_family
C:/tsogoo/Hicheel/erdem shinjilgeenii hural/ecnometric/shine/data/НҮТС-2018/8. Child age 5-17.sav,НҮТС-2018,8. Child age 5-17.sav,FL2M,Хүүхдийн ярилцлагыг эхэлсэн минут,parents_family
C:/tsogoo/Hicheel/erdem shinjilgeenii hural/ecnometric/shine/data/НҮТС-2018/8. Child age 5-17.sav,НҮТС-2018,8. Child age 5-17.sav,FL3,Хүүхэд зөвшөөрөл өгсөн эсэх,parents_family
C:/tsogoo/Hicheel/erdem shinjilgeenii hural/ecnometric/shine/data/НҮТС-2018/8. Child age 5-17.sav,НҮТС-2018,8. Child age 5-17.sav,FL4A,"Ярилцлагын үед хоёулаа үлдэж болохгүй. Эцэг, эх, насанд хүрсэн хүн хүүхэдтэй ойр байх хэрэгтэй",parents_family
C:/tsogoo/Hicheel/erdem shinjilgeenii hural/ecnometric/shine/data/НҮТС-2018/8. Child age 5-17.sav,НҮТС-2018,8. Child age 5-17.sav,FL4B,"Хүүхэдтэй яриа үүсгэн, ойр дотно уур амьсгал бүрдүүлэх хэрэгтэй",parents_family
C:/tsogoo/Hicheel/erdem shinjilgeenii hural/ecnometric/shine/data/НҮТС-2018/8. Child age 5-17.sav,НҮТС-2018,8. Child age 5-17.sav,FL4C,Хүүхэд дасгал хийхэд ямар нэгэн хүндрэлгүйгээр тухтай суусан байх хэрэгтэй. Мөн хүүхдийн хийж буй үйлдлийг хянах боломжтой байх,wealth_assets_housing
C:/tsogoo/Hicheel/erdem shinjilgeenii hural/ecnometric/shine/data/НҮТС-2018/8. Child age 5-17.sav,НҮТС-2018,8. Child age 5-17.sav,FL6A,Гэртээ ном уншдаг эсэх,parents_family
C:/tsogoo/Hicheel/erdem shinjilgeenii hural/ecnometric/shine/data/НҮТС-2018/8. Child age 5-17.sav,НҮТС-2018,8. Child age 5-17.sav,FL6B,"Гэрт нь хэн нэгэн ном, үлгэр уншиж өгдөг эсэх",parents_family
C:/tsogoo/Hicheel/erdem shinjilgeenii hural/ecnometric/shine/data/НҮТС-2018/8. Child age 5-17.sav,НҮТС-2018,8. Child age 5-17.sav,FL7,Гэртээ ихэвчлэн ямар хэлээр ярьдаг,other
C:/tsogoo/Hicheel/erdem shinjilgeenii hural/ecnometric/shine/data/НҮТС-2018/8. Child age 5-17.sav,НҮТС-2018,8. Child age 5-17.sav,FL9,Багш нь ихэвчлэн ямар хэлээр хичээлээ заадаг,other
C:/tsogoo/Hicheel/erdem shinjilgeenii hural/ecnometric/shine/data/НҮТС-2018/8. Child age 5-17.sav,НҮТС-2018,8. Child age 5-17.sav,FL10,Эхийг уншихыг зөвшөөрсөн эсэх,education_schooling
C:/tsogoo/Hicheel/erdem shinjilgeenii hural/ecnometric/shine/data/НҮТС-2018/8. Child age 5-17.sav,НҮТС-2018,8. Child age 5-17.sav,FL13,Хүүхдэд дасгалын номыг өгөөд тайлбарлах,other
C:/tsogoo/Hicheel/erdem shinjilgeenii hural/ecnometric/shine/data/НҮТС-2018/8. Child age 5-17.sav,НҮТС-2018,8. Child age 5-17.sav,FL14,Хүүхэд өгүүлбэрийн бүх үгийг зөв уншсан эсэх,parents_family
C:/tsogoo/Hicheel/erdem shinjilgeenii hural/ecnometric/shine/data/НҮТС-2018/8. Child age 5-17.sav,НҮТС-2018,8. Child age 5-17.sav,FL15,Шалгах асуyлт: Муужгай хэдэн настай вэ?,demographics_geo_weights
C:/tsogoo/Hicheel/erdem shinjilgeenii hural/ecnometric/shine/data/НҮТС-2018/8. Child age 5-17.sav,НҮТС-2018,8. Child age 5-17.sav,FL16,FL16. Муужгай 5 настай,demographics_geo_weights
C:/tsogoo/Hicheel/erdem shinjilgeenii hural/ecnometric/shine/data/НҮТС-2018/8. Child age 5-17.sav,НҮТС-2018,8. Child age 5-17.sav,FL17,Шалгах асулт: Хэн нь ах вэ: Муужгай юу? Банхар уу?,other
C:/tsogoo/Hicheel/erdem shinjilgeenii hural/ecnometric/shine/data/НҮТС-2018/8. Child age 5-17.sav,НҮТС-2018,8. Child age 5-17.sav,FL18,"FL18. Банхар Муужгайнаас ах. Банхар 6 настай, Муужгай 5 настай.",demographics_geo_weights
C:/tsogoo/Hicheel/erdem shinjilgeenii hural/ecnometric/shine/data/НҮТС-2018/8. Child age 5-17.sav,НҮТС-2018,8. Child age 5-17.sav,FLINTRO,FL19. Танилцуулга,other
C:/tsogoo/Hicheel/erdem shinjilgeenii hural/ecnometric/shine/data/НҮТС-2018/8. Child age 5-17.sav,НҮТС-2018,8. Child age 5-17.sav,FL19W1,Үг1,other
C:/tsogoo/Hicheel/erdem shinjilgeenii hural/ecnometric/shine/data/НҮТС-2018/8. Child age 5-17.sav,НҮТС-2018,8. Child age 5-17.sav,FL19W2,Үг2,other
C:/tsogoo/Hicheel/erdem shinjilgeenii hural/ecnometric/shine/data/НҮТС-2018/8. Child age 5-17.sav,НҮТС-2018,8. Child age 5-17.sav,FL19W3,Үг3,other
C:/tsogoo/Hicheel/erdem shinjilgeenii hural/ecnometric/shine/data/НҮТС-2018/8. Child age 5-17.sav,НҮТС-2018,8. Child age 5-17.sav,FL19W4,Үг4,other
C:/tsogoo/Hicheel/erdem shinjilgeenii hural/ecnometric/shine/data/НҮТС-2018/8. Child age 5-17.sav,НҮТС-2018,8. Child age 5-17.sav,FL19W5,Үг5,other
C:/tsogoo/Hicheel/erdem shinjilgeenii hural/ecnometric/shine/data/НҮТС-2018/8. Child age 5-17.sav,НҮТС-2018,8. Child age 5-17.sav,FL19W6,Үг6,other
C:/tsogoo/Hicheel/erdem shinjilgeenii hural/ecnometric/shine/data/НҮТС-2018/8. Child age 5-17.sav,НҮТС-2018,8. Child age 5-17.sav,FL19W7,Үг7,other
C:/tsogoo/Hicheel/erdem shinjilgeenii hural/ecnometric/shine/data/НҮТС-2018/8. Child age 5-17.sav,НҮТС-2018,8. Child age 5-17.sav,FL19W8,Үг8,other
C:/tsogoo/Hicheel/erdem shinjilgeenii hural/ecnometric/shine/data/НҮТС-2018/8. Child age 5-17.sav,НҮТС-2018,8. Child age 5-17.sav,FL19W9,Үг9,other
C:/tsogoo/Hicheel/erdem shinjilgeenii hural/ecnometric/shine/data/НҮТС-2018/8. Child age 5-17.sav,НҮТС-2018,8. Child age 5-17.sav,FL19W10,Үг10,other
C:/tsogoo/Hicheel/erdem shinjilgeenii hural/ecnometric/shine/data/НҮТС-2018/8. Child age 5-17.sav,НҮТС-2018,8. Child age 5-17.sav,FL19W11,Үг11,other
C:/tsogoo/Hicheel/erdem shinjilgeenii hural/ecnometric/shine/data/НҮТС-2018/8. Child age 5-17.sav,НҮТС-2018,8. Child age 5-17.sav,FL19W12,Үг12,other
C:/tsogoo/Hicheel/erdem shinjilgeenii hural/ecnometric/shine/data/НҮТС-2018/8. Child age 5-17.sav,НҮТС-2018,8. Child age 5-17.sav,FL19W13,Үг13,other
C:/tsogoo/Hicheel/erdem shinjilgeenii hural/ecnometric/shine/data/НҮТС-2018/8. Child age 5-17.sav,НҮТС-2018,8. Child age 5-17.sav,FL19W14,Үг14,other
C:/tsogoo/Hicheel/erdem shinjilgeenii hural/ecnometric/shine/data/НҮТС-2018/8. Child age 5-17.sav,НҮТС-2018,8. Child age 5-17.sav,FL19W15,Үг15,other
C:/tsogoo/Hicheel/erdem shinjilgeenii hural/ecnometric/shine/data/НҮТС-2018/8. Child age 5-17.sav,НҮТС-2018,8. Child age 5-17.sav,FL19W16,Үг16,other
C:/tsogoo/Hicheel/erdem shinjilgeenii hural/ecnometric/shine/data/НҮТС-2018/8. Child age 5-17.sav,НҮТС-2018,8. Child age 5-17.sav,FL19W17,Үг17,other
C:/tsogoo/Hicheel/erdem shinjilgeenii hural/ecnometric/shine/data/НҮТС-2018/8. Child age 5-17.sav,НҮТС-2018,8. Child age 5-17.sav,FL19W18,Үг18,other
C:/tsogoo/Hicheel/erdem shinjilgeenii hural/ecnometric/shine/data/НҮТС-2018/8. Child age 5-17.sav,НҮТС-2018,8. Child age 5-17.sav,FL19W19,Үг19,other
C:/tsogoo/Hicheel/erdem shinjilgeenii hural/ecnometric/shine/data/НҮТС-2018/8. Child age 5-17.sav,НҮТС-2018,8. Child age 5-17.sav,FL19W20,Үг20,other
C:/tsogoo/Hicheel/erdem shinjilgeenii hural/ecnometric/shine/data/НҮТС-2018/8. Child age 5-17.sav,НҮТС-2018,8. Child age 5-17.sav,FL19W21,Үг21,other
C:/tsogoo/Hicheel/erdem shinjilgeenii hural/ecnometric/shine/data/НҮТС-2018/8. Child age 5-17.sav,НҮТС-2018,8. Child age 5-17.sav,FL19W22,Үг22,other
C:/tsogoo/Hicheel/erdem shinjilgeenii hural/ecnometric/shine/data/НҮТС-2018/8. Child age 5-17.sav,НҮТС-2018,8. Child age 5-17.sav,FL19W23,Үг23,other
C:/tsogoo/Hicheel/erdem shinjilgeenii hural/ecnometric/shine/data/НҮТС-2018/8. Child age 5-17.sav,НҮТС-2018,8. Child age 5-17.sav,FL19W24,Үг24,other
C:/tsogoo/Hicheel/erdem shinjilgeenii hural/ecnometric/shine/data/НҮТС-2018/8. Child age 5-17.sav,НҮТС-2018,8. Child age 5-17.sav,FL19W25,Үг25,other
C:/tsogoo/Hicheel/erdem shinjilgeenii hural/ecnometric/shine/data/НҮТС-2018/8. Child age 5-17.sav,НҮТС-2018,8. Child age 5-17.sav,FL19W26,Үг26,other
C:/tsogoo/Hicheel/erdem shinjilgeenii hural/ecnometric/shine/data/НҮТС-2018/8. Child age 5-17.sav,НҮТС-2018,8. Child age 5-17.sav,FL19W27,Үг27,other
C:/tsogoo/Hicheel/erdem shinjilgeenii hural/ecnometric/shine/data/НҮТС-2018/8. Child age 5-17.sav,НҮТС-2018,8. Child age 5-17.sav,FL19W28,Үг28,other
C:/tsogoo/Hicheel/erdem shinjilgeenii hural/ecnometric/shine/data/НҮТС-2018/8. Child age 5-17.sav,НҮТС-2018,8. Child age 5-17.sav,FL19W29,Үг29,other
C:/tsogoo/Hicheel/erdem shinjilgeenii hural/ecnometric/shine/data/НҮТС-2018/8. Child age 5-17.sav,НҮТС-2018,8. Child age 5-17.sav,FL19W30,Үг30,other
C:/tsogoo/Hicheel/erdem shinjilgeenii hural/ecnometric/shine/data/НҮТС-2018/8. Child age 5-17.sav,НҮТС-2018,8. Child age 5-17.sav,FL19W31,Үг31,other
C:/tsogoo/Hicheel/erdem shinjilgeenii hural/ecnometric/shine/data/НҮТС-2018/8. Child age 5-17.sav,НҮТС-2018,8. Child age 5-17.sav,FL19W32,Үг32,other
C:/tsogoo/Hicheel/erdem shinjilgeenii hural/ecnometric/shine/data/НҮТС-2018/8. Child age 5-17.sav,НҮТС-2018,8. Child age 5-17.sav,FL19W33,Үг33,other
C:/tsogoo/Hicheel/erdem shinjilgeenii hural/ecnometric/shine/data/НҮТС-2018/8. Child age 5-17.sav,НҮТС-2018,8. Child age 5-17.sav,FL19W34,Үг34,other
C:/tsogoo/Hicheel/erdem shinjilgeenii hural/ecnometric/shine/data/НҮТС-2018/8. Child age 5-17.sav,НҮТС-2018,8. Child age 5-17.sav,FL19W35,Үг35,other
C:/tsogoo/Hicheel/erdem shinjilgeenii hural/ecnometric/shine/data/НҮТС-2018/8. Child age 5-17.sav,НҮТС-2018,8. Child age 5-17.sav,FL19W36,Үг36,other
C:/tsogoo/Hicheel/erdem shinjilgeenii hural/ecnometric/shine/data/НҮТС-2018/8. Child age 5-17.sav,НҮТС-2018,8. Child age 5-17.sav,FL19W37,Үг37,other
C:/tsogoo/Hicheel/erdem shinjilgeenii hural/ecnometric/shine/data/НҮТС-2018/8. Child age 5-17.sav,НҮТС-2018,8. Child age 5-17.sav,FL19W38,Үг38,other
C:/tsogoo/Hicheel/erdem shinjilgeenii hural/ecnometric/shine/data/НҮТС-2018/8. Child age 5-17.sav,НҮТС-2018,8. Child age 5-17.sav,FL19W39,Үг39,other
C:/tsogoo/Hicheel/erdem shinjilgeenii hural/ecnometric/shine/data/НҮТС-2018/8. Child age 5-17.sav,НҮТС-2018,8. Child age 5-17.sav,FL19W40,Үг40,other
C:/tsogoo/Hicheel/erdem shinjilgeenii hural/ecnometric/shine/data/НҮТС-2018/8. Child age 5-17.sav,НҮТС-2018,8. Child age 5-17.sav,FL19W41,Үг41,other
C:/tsogoo/Hicheel/erdem shinjilgeenii hural/ecnometric/shine/data/НҮТС-2018/8. Child age 5-17.sav,НҮТС-2018,8. Child age 5-17.sav,FL19W42,Үг42,other
C:/tsogoo/Hicheel/erdem shinjilgeenii hural/ecnometric/shine/data/НҮТС-2018/8. Child age 5-17.sav,НҮТС-2018,8. Child age 5-17.sav,FL19W43,Үг43,other
C:/tsogoo/Hicheel/erdem shinjilgeenii hural/ecnometric/shine/data/НҮТС-2018/8. Child age 5-17.sav,НҮТС-2018,8. Child age 5-17.sav,FL19W44,Үг44,other
C:/tsogoo/Hicheel/erdem shinjilgeenii hural/ecnometric/shine/data/НҮТС-2018/8. Child age 5-17.sav,НҮТС-2018,8. Child age 5-17.sav,FL19W45,Үг45,other
C:/tsogoo/Hicheel/erdem shinjilgeenii hural/ecnometric/shine/data/НҮТС-2018/8. Child age 5-17.sav,НҮТС-2018,8. Child age 5-17.sav,FL19W46,Үг46,other
C:/tsogoo/Hicheel/erdem shinjilgeenii hural/ecnometric/shine/data/НҮТС-2018/8. Child age 5-17.sav,НҮТС-2018,8. Child age 5-17.sav,FL19W47,Үг47,other
C:/tsogoo/Hicheel/erdem shinjilgeenii hural/ecnometric/shine/data/НҮТС-2018/8. Child age 5-17.sav,НҮТС-2018,8. Child age 5-17.sav,FL19W48,Үг48,other
C:/tsogoo/Hicheel/erdem shinjilgeenii hural/ecnometric/shine/data/НҮТС-2018/8. Child age 5-17.sav,НҮТС-2018,8. Child age 5-17.sav,FL19W49,Үг49,other
C:/tsogoo/Hicheel/erdem shinjilgeenii hural/ecnometric/shine/data/НҮТС-2018/8. Child age 5-17.sav,НҮТС-2018,8. Child age 5-17.sav,FL19W50,Үг50,other
C:/tsogoo/Hicheel/erdem shinjilgeenii hural/ecnometric/shine/data/НҮТС-2018/8. Child age 5-17.sav,НҮТС-2018,8. Child age 5-17.sav,FL19W51,Үг51,other
C:/tsogoo/Hicheel/erdem shinjilgeenii hural/ecnometric/shine/data/НҮТС-2018/8. Child age 5-17.sav,НҮТС-2018,8. Child age 5-17.sav,FL19W52,Үг52,other
C:/tsogoo/Hicheel/erdem shinjilgeenii hural/ecnometric/shine/data/НҮТС-2018/8. Child age 5-17.sav,НҮТС-2018,8. Child age 5-17.sav,FL19W53,Үг53,other
C:/tsogoo/Hicheel/erdem shinjilgeenii hural/ecnometric/shine/data/НҮТС-2018/8. Child age 5-17.sav,НҮТС-2018,8. Child age 5-17.sav,FL19W54,Үг54,other
C:/tsogoo/Hicheel/erdem shinjilgeenii hural/ecnometric/shine/data/НҮТС-2018/8. Child age 5-17.sav,НҮТС-2018,8. Child age 5-17.sav,FL19W55,Үг55,other
C:/tsogoo/Hicheel/erdem shinjilgeenii hural/ecnometric/shine/data/НҮТС-2018/8. Child age 5-17.sav,НҮТС-2018,8. Child age 5-17.sav,FL19W56,Үг56,other
C:/tsogoo/Hicheel/erdem shinjilgeenii hural/ecnometric/shine/data/НҮТС-2018/8. Child age 5-17.sav,НҮТС-2018,8. Child age 5-17.sav,FL19W57,Үг57,other
C:/tsogoo/Hicheel/erdem shinjilgeenii hural/ecnometric/shine/data/НҮТС-2018/8. Child age 5-17.sav,НҮТС-2018,8. Child age 5-17.sav,FL19W58,Үг58,other
C:/tsogoo/Hicheel/erdem shinjilgeenii hural/ecnometric/shine/data/НҮТС-2018/8. Child age 5-17.sav,НҮТС-2018,8. Child age 5-17.sav,FL19W59,Үг59,other
C:/tsogoo/Hicheel/erdem shinjilgeenii hural/ecnometric/shine/data/НҮТС-2018/8. Child age 5-17.sav,НҮТС-2018,8. Child age 5-17.sav,FL19W60,Үг60,other
C:/tsogoo/Hicheel/erdem shinjilgeenii hural/ecnometric/shine/data/НҮТС-2018/8. Child age 5-17.sav,НҮТС-2018,8. Child age 5-17.sav,FL19W61,Үг61,other
C:/tsogoo/Hicheel/erdem shinjilgeenii hural/ecnometric/shine/data/НҮТС-2018/8. Child age 5-17.sav,НҮТС-2018,8. Child age 5-17.sav,FL19W62,Үг62,other
C:/tsogoo/Hicheel/erdem shinjilgeenii hural/ecnometric/shine/data/НҮТС-2018/8. Child age 5-17.sav,НҮТС-2018,8. Child age 5-17.sav,FL19W63,Үг63,other
C:/tsogoo/Hicheel/erdem shinjilgeenii hural/ecnometric/shine/data/НҮТС-2018/8. Child age 5-17.sav,НҮТС-2018,8. Child age 5-17.sav,FL19W64,Үг64,other
C:/tsogoo/Hicheel/erdem shinjilgeenii hural/ecnometric/shine/data/НҮТС-2018/8. Child age 5-17.sav,НҮТС-2018,8. Child age 5-17.sav,FL19W65,Үг65,other
C:/tsogoo/Hicheel/erdem shinjilgeenii hural/ecnometric/shine/data/НҮТС-2018/8. Child age 5-17.sav,НҮТС-2018,8. Child age 5-17.sav,FL19W66,Үг66,other
C:/tsogoo/Hicheel/erdem shinjilgeenii hural/ecnometric/shine/data/НҮТС-2018/8. Child age 5-17.sav,НҮТС-2018,8. Child age 5-17.sav,FL19W67,Үг67,other
C:/tsogoo/Hicheel/erdem shinjilgeenii hural/ecnometric/shine/data/НҮТС-2018/8. Child age 5-17.sav,НҮТС-2018,8. Child age 5-17.sav,FL20A,Хамгийн сүүлд уншсан үг,other
C:/tsogoo/Hicheel/erdem shinjilgeenii hural/ecnometric/shine/data/НҮТС-2018/8. Child age 5-17.sav,НҮТС-2018,8. Child age 5-17.sav,FL20B,Буруу болон алгассан үгийн тоо,other
C:/tsogoo/Hicheel/erdem shinjilgeenii hural/ecnometric/shine/data/НҮТС-2018/8. Child age 5-17.sav,НҮТС-2018,8. Child age 5-17.sav,FL21,Хүүхэд эхийг хэр сайн уншсан,parents_family
C:/tsogoo/Hicheel/erdem shinjilgeenii hural/ecnometric/shine/data/НҮТС-2018/8. Child age 5-17.sav,НҮТС-2018,8. Child age 5-17.sav,FL22A,Эхийг зөв ойлгосон эсэх: Мишээл юунд дуртай вэ?,parents_family
C:/tsogoo/Hicheel/erdem shinjilgeenii hural/ecnometric/shine/data/НҮТС-2018/8. Child age 5-17.sav,НҮТС-2018,8. Child age 5-17.sav,FL22B,Эхийг зөв ойлгосон эсэх: Мишээл харих замдаа юу харсан бэ?,parents_family
C:/tsogoo/Hicheel/erdem shinjilgeenii hural/ecnometric/shine/data/НҮТС-2018/8. Child age 5-17.sav,НҮТС-2018,8. Child age 5-17.sav,FL22C,Эхийг зөв ойлгосон эсэх: Мишээл яагаад уйлсан бэ?,parents_family
C:/tsogoo/Hicheel/erdem shinjilgeenii hural/ecnometric/shine/data/НҮТС-2018/8. Child age 5-17.sav,НҮТС-2018,8. Child age 5-17.sav,FL22D,Эхийг зөв ойлгосон эсэх: Мишээл хаана унасан бэ?,parents_family
C:/tsogoo/Hicheel/erdem shinjilgeenii hural/ecnometric/shine/data/НҮТС-2018/8. Child age 5-17.sav,НҮТС-2018,8. Child age 5-17.sav,FL22E,Эхийг зөв ойлгосон эсэх: Мишээл яагаад баярласан бэ?,parents_family
C:/tsogoo/Hicheel/erdem shinjilgeenii hural/ecnometric/shine/data/НҮТС-2018/8. Child age 5-17.sav,НҮТС-2018,8. Child age 5-17.sav,FL23A,Цифрийг зөв таньсан эсэх: 9,parents_family
C:/tsogoo/Hicheel/erdem shinjilgeenii hural/ecnometric/shine/data/НҮТС-2018/8. Child age 5-17.sav,НҮТС-2018,8. Child age 5-17.sav,FL23B,Цифрийг зөв таньсан эсэх: 12,parents_family
C:/tsogoo/Hicheel/erdem shinjilgeenii hural/ecnometric/shine/data/НҮТС-2018/8. Child age 5-17.sav,НҮТС-2018,8. Child age 5-17.sav,FL23C,Цифрийг зөв таньсан эсэх: 30,parents_family
C:/tsogoo/Hicheel/erdem shinjilgeenii hural/ecnometric/shine/data/НҮТС-2018/8. Child age 5-17.sav,НҮТС-2018,8. Child age 5-17.sav,FL23D,Цифрийг зөв таньсан эсэх: 48,parents_family
C:/tsogoo/Hicheel/erdem shinjilgeenii hural/ecnometric/shine/data/НҮТС-2018/8. Child age 5-17.sav,НҮТС-2018,8. Child age 5-17.sav,FL23E,Цифрийг зөв таньсан эсэх: 74,parents_family
C:/tsogoo/Hicheel/erdem shinjilgeenii hural/ecnometric/shine/data/НҮТС-2018/8. Child age 5-17.sav,НҮТС-2018,8. Child age 5-17.sav,FL23F,Цифрийг зөв таньсан эсэх: 731,parents_family
C:/tsogoo/Hicheel/erdem shinjilgeenii hural/ecnometric/shine/data/НҮТС-2018/8. Child age 5-17.sav,НҮТС-2018,8. Child age 5-17.sav,FL24A,Их тоог зөв хэлсэн эсэх: 7-5,parents_family
C:/tsogoo/Hicheel/erdem shinjilgeenii hural/ecnometric/shine/data/НҮТС-2018/8. Child age 5-17.sav,НҮТС-2018,8. Child age 5-17.sav,FL24B,Их тоог зөв хэлсэн эсэх: 11-24,parents_family
C:/tsogoo/Hicheel/erdem shinjilgeenii hural/ecnometric/shine/data/НҮТС-2018/8. Child age 5-17.sav,НҮТС-2018,8. Child age 5-17.sav,FL24C,Их тоог зөв хэлсэн эсэх: 58-49,parents_family
C:/tsogoo/Hicheel/erdem shinjilgeenii hural/ecnometric/shine/data/НҮТС-2018/8. Child age 5-17.sav,НҮТС-2018,8. Child age 5-17.sav,FL24D,Их тоог зөв хэлсэн эсэх: 65-67,parents_family
C:/tsogoo/Hicheel/erdem shinjilgeenii hural/ecnometric/shine/data/НҮТС-2018/8. Child age 5-17.sav,НҮТС-2018,8. Child age 5-17.sav,FL24E,Их тоог зөв хэлсэн эсэх: 146-154,parents_family
C:/tsogoo/Hicheel/erdem shinjilgeenii hural/ecnometric/shine/data/НҮТС-2018/8. Child age 5-17.sav,НҮТС-2018,8. Child age 5-17.sav,FL25A,Тоонуудыг зөв нэмсэн эсэх: 3+2,parents_family
C:/tsogoo/Hicheel/erdem shinjilgeenii hural/ecnometric/shine/data/НҮТС-2018/8. Child age 5-17.sav,НҮТС-2018,8. Child age 5-17.sav,FL25B,Тоонуудыг зөв нэмсэн эсэх: 8+6,parents_family
C:/tsogoo/Hicheel/erdem shinjilgeenii hural/ecnometric/shine/data/НҮТС-2018/8. Child age 5-17.sav,НҮТС-2018,8. Child age 5-17.sav,FL25C,Тоонуудыг зөв нэмсэн эсэх: 7+3,parents_family
C:/tsogoo/Hicheel/erdem shinjilgeenii hural/ecnometric/shine/data/НҮТС-2018/8. Child age 5-17.sav,НҮТС-2018,8. Child age 5-17.sav,FL25D,Тоонуудыг зөв нэмсэн эсэх: 13+6,parents_family
C:/tsogoo/Hicheel/erdem shinjilgeenii hural/ecnometric/shine/data/НҮТС-2018/8. Child age 5-17.sav,НҮТС-2018,8. Child age 5-17.sav,FL25E,Тоонуудыг зөв нэмсэн эсэх: 12+24,parents_family
C:/tsogoo/Hicheel/erdem shinjilgeenii hural/ecnometric/shine/data/НҮТС-2018/8. Child age 5-17.sav,НҮТС-2018,8. Child age 5-17.sav,FL26,FL27. Танилцуулга,other
C:/tsogoo/Hicheel/erdem shinjilgeenii hural/ecnometric/shine/data/НҮТС-2018/8. Child age 5-17.sav,НҮТС-2018,8. Child age 5-17.sav,FL27A,Дараагийн тоог зөв нэрлэсэн эсэх: 5-6-7-X,parents_family
C:/tsogoo/Hicheel/erdem shinjilgeenii hural/ecnometric/shine/data/НҮТС-2018/8. Child age 5-17.sav,НҮТС-2018,8. Child age 5-17.sav,FL27B,Дараагийн тоог зөв нэрлэсэн эсэх: 14-15-X-17,parents_family
C:/tsogoo/Hicheel/erdem shinjilgeenii hural/ecnometric/shine/data/НҮТС-2018/8. Child age 5-17.sav,НҮТС-2018,8. Child age 5-17.sav,FL27C,Дараагийн тоог зөв нэрлэсэн эсэх: 20-X-40-50,parents_family
C:/tsogoo/Hicheel/erdem shinjilgeenii hural/ecnometric/shine/data/НҮТС-2018/8. Child age 5-17.sav,НҮТС-2018,8. Child age 5-17.sav,FL27D,Дараагийн тоог зөв нэрлэсэн эсэх: 2-4-6-X,parents_family
C:/tsogoo/Hicheel/erdem shinjilgeenii hural/ecnometric/shine/data/НҮТС-2018/8. Child age 5-17.sav,НҮТС-2018,8. Child age 5-17.sav,FL27E,Дараагийн тоог зөв нэрлэсэн эсэх: 5-8-11-X,parents_family
C:/tsogoo/Hicheel/erdem shinjilgeenii hural/ecnometric/shine/data/НҮТС-2018/8. Child age 5-17.sav,НҮТС-2018,8. Child age 5-17.sav,FL28,Хүүхдийн ярилцлагын үр дүн,other
C:/tsogoo/Hicheel/erdem shinjilgeenii hural/ecnometric/shine/data/НҮТС-2018/8. Child age 5-17.sav,НҮТС-2018,8. Child age 5-17.sav,HH4,Багийн ахлагчийн дугаар,other
C:/tsogoo/Hicheel/erdem shinjilgeenii hural/ecnometric/shine/data/НҮТС-2018/8. Child age 5-17.sav,НҮТС-2018,8. Child age 5-17.sav,HH52,5-17 насны судалгаанд хамрагдсан хүүхдийн тоо,demographics_geo_weights
C:/tsogoo/Hicheel/erdem shinjilgeenii hural/ecnometric/shine/data/НҮТС-2018/8. Child age 5-17.sav,НҮТС-2018,8. Child age 5-17.sav,HL4,Хүйс,demographics_geo_weights
C:/tsogoo/Hicheel/erdem shinjilgeenii hural/ecnometric/shine/data/НҮТС-2018/8. Child age 5-17.sav,НҮТС-2018,8. Child age 5-17.sav,ED4,"Цэцэрлэгт явж, сургуульд сурч байсан эсэх",education_schooling
C:/tsogoo/Hicheel/erdem shinjilgeenii hural/ecnometric/shine/data/НҮТС-2018/8. Child age 5-17.sav,НҮТС-2018,8. Child age 5-17.sav,ED5A,Сурч байсан хамгийн дээд шатлалын сургууль,education_schooling
C:/tsogoo/Hicheel/erdem shinjilgeenii hural/ecnometric/shine/data/НҮТС-2018/8. Child age 5-17.sav,НҮТС-2018,8. Child age 5-17.sav,ED5B,Сурч байсан хамгийн дээд анги/курс,education_schooling
C:/tsogoo/Hicheel/erdem shinjilgeenii hural/ecnometric/shine/data/НҮТС-2018/8. Child age 5-17.sav,НҮТС-2018,8. Child age 5-17.sav,ED6,Сурч байсан хамгийн дээд анги/курсээ төгссөн эсэх,education_schooling
C:/tsogoo/Hicheel/erdem shinjilgeenii hural/ecnometric/shine/data/НҮТС-2018/8. Child age 5-17.sav,НҮТС-2018,8. Child age 5-17.sav,ED6A,Сурч байсан хамгийн дээд шатлалын сургуулиа төгссөн эсэх,parents_family
C:/tsogoo/Hicheel/erdem shinjilgeenii hural/ecnometric/shine/data/НҮТС-2018/8. Child age 5-17.sav,НҮТС-2018,8. Child age 5-17.sav,FSAGE,Нас,demographics_geo_weights
C:/tsogoo/Hicheel/erdem shinjilgeenii hural/ecnometric/shine/data/НҮТС-2018/8. Child age 5-17.sav,НҮТС-2018,8. Child age 5-17.sav,FSDOI,5-15 насны хүүхдийн асуулга авсан огноо (CMC),demographics_geo_weights
C:/tsogoo/Hicheel/erdem shinjilgeenii hural/ecnometric/shine/data/НҮТС-2018/8. Child age 5-17.sav,НҮТС-2018,8. Child age 5-17.sav,FSDOB,5-15 насны хүүхдийн төрсөн огноо (CMC),demographics_geo_weights
C:/tsogoo/Hicheel/erdem shinjilgeenii hural/ecnometric/shine/data/НҮТС-2018/8. Child age 5-17.sav,НҮТС-2018,8. Child age 5-17.sav,fselevel,Боловсрол,education_schooling
C:/tsogoo/Hicheel/erdem shinjilgeenii hural/ecnometric/shine/data/НҮТС-2018/8. Child age 5-17.sav,НҮТС-2018,8. Child age 5-17.sav,fsdisability,Үйлдлийн чадвар,health_disability_nutrition
C:/tsogoo/Hicheel/erdem shinjilgeenii hural/ecnometric/shine/data/НҮТС-2018/8. Child age 5-17.sav,НҮТС-2018,8. Child age 5-17.sav,melevel,Эхийн боловсролын түвшин,education_schooling
C:/tsogoo/Hicheel/erdem shinjilgeenii hural/ecnometric/shine/data/НҮТС-2018/8. Child age 5-17.sav,НҮТС-2018,8. Child age 5-17.sav,schage,Сургуульд орсон нас,education_schooling
C:/tsogoo/Hicheel/erdem shinjilgeenii hural/ecnometric/shine/data/НҮТС-2018/8. Child age 5-17.sav,НҮТС-2018,8. Child age 5-17.sav,caretakerdis,Эхийн үйлдлийн чадвар (18-49 нас),wealth_assets_housing
C:/tsogoo/Hicheel/erdem shinjilgeenii hural/ecnometric/shine/data/НҮТС-2018/8. Child age 5-17.sav,НҮТС-2018,8. Child age 5-17.sav,fsweight,Children 5-17's sample weight,demographics_geo_weights
C:/tsogoo/Hicheel/erdem shinjilgeenii hural/ecnometric/shine/data/НҮТС-2018/8. Child age 5-17.sav,НҮТС-2018,8. Child age 5-17.sav,fsweight_prov,Children 5-17's sample weight - target provinces and districts,demographics_geo_weights
C:/tsogoo/Hicheel/erdem shinjilgeenii hural/ecnometric/shine/data/НҮТС-2018/8. Child age 5-17.sav,НҮТС-2018,8. Child age 5-17.sav,HH6,"Хот, хөдөө",demographics_geo_weights
C:/tsogoo/Hicheel/erdem shinjilgeenii hural/ecnometric/shine/data/НҮТС-2018/8. Child age 5-17.sav,НҮТС-2018,8. Child age 5-17.sav,HH6A,Байршил,other
C:/tsogoo/Hicheel/erdem shinjilgeenii hural/ecnometric/shine/data/НҮТС-2018/8. Child age 5-17.sav,НҮТС-2018,8. Child age 5-17.sav,HH7,Бүс,demographics_geo_weights
C:/tsogoo/Hicheel/erdem shinjilgeenii hural/ecnometric/shine/data/НҮТС-2018/8. Child age 5-17.sav,НҮТС-2018,8. Child age 5-17.sav,province,Зорилтот аймаг дүүрэг,demographics_geo_weights
C:/tsogoo/Hicheel/erdem shinjilgeenii hural/ecnometric/shine/data/НҮТС-2018/8. Child age 5-17.sav,НҮТС-2018,8. Child age 5-17.sav,ethnicity,Өрхийн тэргүүлэгчийн яс үндэс,wealth_assets_housing
C:/tsogoo/Hicheel/erdem shinjilgeenii hural/ecnometric/shine/data/НҮТС-2018/8. Child age 5-17.sav,НҮТС-2018,8. Child age 5-17.sav,religion,Өрхийн тэргүүлэгчийн шашин шүтлэг,wealth_assets_housing
C:/tsogoo/Hicheel/erdem shinjilgeenii hural/ecnometric/shine/data/НҮТС-2018/8. Child age 5-17.sav,НҮТС-2018,8. Child age 5-17.sav,fshweight,Children 5-17's household sample weight,demographics_geo_weights
C:/tsogoo/Hicheel/erdem shinjilgeenii hural/ecnometric/shine/data/НҮТС-2018/8. Child age 5-17.sav,НҮТС-2018,8. Child age 5-17.sav,fshweight_prov,Children 5-17's household sample weight - target provinces and districts,demographics_geo_weights
C:/tsogoo/Hicheel/erdem shinjilgeenii hural/ecnometric/shine/data/НҮТС-2018/8. Child age 5-17.sav,НҮТС-2018,8. Child age 5-17.sav,wscore,Combined wealth score,wealth_assets_housing
C:/tsogoo/Hicheel/erdem shinjilgeenii hural/ecnometric/shine/data/НҮТС-2018/8. Child age 5-17.sav,НҮТС-2018,8. Child age 5-17.sav,windex5,Wealth index quintile,wealth_assets_housing
C:/tsogoo/Hicheel/erdem shinjilgeenii hural/ecnometric/shine/data/НҮТС-2018/8. Child age 5-17.sav,НҮТС-2018,8. Child age 5-17.sav,windex10,Percentile Group of com1,other
C:/tsogoo/Hicheel/erdem shinjilgeenii hural/ecnometric/shine/data/НҮТС-2018/8. Child age 5-17.sav,НҮТС-2018,8. Child age 5-17.sav,wscoreu,Urban wealth score,wealth_assets_housing
C:/tsogoo/Hicheel/erdem shinjilgeenii hural/ecnometric/shine/data/НҮТС-2018/8. Child age 5-17.sav,НҮТС-2018,8. Child age 5-17.sav,windex5u,Urban wealth index quintile,wealth_assets_housing
C:/tsogoo/Hicheel/erdem shinjilgeenii hural/ecnometric/shine/data/НҮТС-2018/8. Child age 5-17.sav,НҮТС-2018,8. Child age 5-17.sav,windex10u,Percentile Group of urb1,other
C:/tsogoo/Hicheel/erdem shinjilgeenii hural/ecnometric/shine/data/НҮТС-2018/8. Child age 5-17.sav,НҮТС-2018,8. Child age 5-17.sav,wscorer,Rural wealth score,wealth_assets_housing
C:/tsogoo/Hicheel/erdem shinjilgeenii hural/ecnometric/shine/data/НҮТС-2018/8. Child age 5-17.sav,НҮТС-2018,8. Child age 5-17.sav,windex5r,Rural wealth index quintile,wealth_assets_housing
C:/tsogoo/Hicheel/erdem shinjilgeenii hural/ecnometric/shine/data/НҮТС-2018/8. Child age 5-17.sav,НҮТС-2018,8. Child age 5-17.sav,windex10r,Percentile Group of rur1,other
C:/tsogoo/Hicheel/erdem shinjilgeenii hural/ecnometric/shine/data/НҮТС-2018/Cluster mn.sav,НҮТС-2018,Cluster mn.sav,HH1,,other
C:/tsogoo/Hicheel/erdem shinjilgeenii hural/ecnometric/shine/data/НҮТС-2018/Cluster mn.sav,НҮТС-2018,Cluster mn.sav,AimagCityCode,,demographics_geo_weights
C:/tsogoo/Hicheel/erdem shinjilgeenii hural/ecnometric/shine/data/НҮТС-2018/Cluster mn.sav,НҮТС-2018,Cluster mn.sav,SoumDistrictCode,,other
C:/tsogoo/Hicheel/erdem shinjilgeenii hural/ecnometric/shine/data/НҮТС-2018/Cluster mn.sav,НҮТС-2018,Cluster mn.sav,SoumDistrictName,,other
C:/tsogoo/Hicheel/erdem shinjilgeenii hural/ecnometric/shine/data/НҮТС-2018/Cluster mn.sav,НҮТС-2018,Cluster mn.sav,BagKhorooCode,,other
C:/tsogoo/Hicheel/erdem shinjilgeenii hural/ecnometric/shine/data/НҮТС-2018/Cluster mn.sav,НҮТС-2018,Cluster mn.sav,BagKhorooName,,other
C:/tsogoo/Hicheel/erdem shinjilgeenii hural/ecnometric/shine/data/НҮТС-2018/Cluster mn.sav,НҮТС-2018,Cluster mn.sav,KhesegCode,,other
C:/tsogoo/Hicheel/erdem shinjilgeenii hural/ecnometric/shine/data/НҮТС-2018/Cluster mn.sav,НҮТС-2018,Cluster mn.sav,KhesegName,,other
C:/tsogoo/Hicheel/erdem shinjilgeenii hural/ecnometric/shine/data/НҮТС-2023/ch - MN.sav,НҮТС-2023,ch - MN.sav,HH1,Түүвэрлэдсэн нэгжийн дугаар,demographics_geo_weights
C:/tsogoo/Hicheel/erdem shinjilgeenii hural/ecnometric/shine/data/НҮТС-2023/ch - MN.sav,НҮТС-2023,ch - MN.sav,HH2,Өрхийн дугаар,wealth_assets_housing
C:/tsogoo/Hicheel/erdem shinjilgeenii hural/ecnometric/shine/data/НҮТС-2023/ch - MN.sav,НҮТС-2023,ch - MN.sav,LN,Мөрийн дугаар,other
C:/tsogoo/Hicheel/erdem shinjilgeenii hural/ecnometric/shine/data/НҮТС-2023/ch - MN.sav,НҮТС-2023,ch - MN.sav,UF1,Түүвэрлэдсэн нэгжийн дугаар,demographics_geo_weights
C:/tsogoo/Hicheel/erdem shinjilgeenii hural/ecnometric/shine/data/НҮТС-2023/ch - MN.sav,НҮТС-2023,ch - MN.sav,UF2,Өрхийн дугаар,wealth_assets_housing
C:/tsogoo/Hicheel/erdem shinjilgeenii hural/ecnometric/shine/data/НҮТС-2023/ch - MN.sav,НҮТС-2023,ch - MN.sav,UF3,Хүүхдийн мөрийн дугаар,other
C:/tsogoo/Hicheel/erdem shinjilgeenii hural/ecnometric/shine/data/НҮТС-2023/ch - MN.sav,НҮТС-2023,ch - MN.sav,UFINT,Ярилцлага авагчын дугаар,other
C:/tsogoo/Hicheel/erdem shinjilgeenii hural/ecnometric/shine/data/НҮТС-2023/ch - MN.sav,НҮТС-2023,ch - MN.sav,UF4,Асран хамгаалагчын мөрийн дугаар,other
C:/tsogoo/Hicheel/erdem shinjilgeenii hural/ecnometric/shine/data/НҮТС-2023/ch - MN.sav,НҮТС-2023,ch - MN.sav,UF5,Ярилцлага авагчын дугаар,other
C:/tsogoo/Hicheel/erdem shinjilgeenii hural/ecnometric/shine/data/НҮТС-2023/ch - MN.sav,НҮТС-2023,ch - MN.sav,UF6,Багийн ахлагчийн дугаар,other
C:/tsogoo/Hicheel/erdem shinjilgeenii hural/ecnometric/shine/data/НҮТС-2023/ch - MN.sav,НҮТС-2023,ch - MN.sav,UF7D,Ярилцлага авсан өдөр,other
C:/tsogoo/Hicheel/erdem shinjilgeenii hural/ecnometric/shine/data/НҮТС-2023/ch - MN.sav,НҮТС-2023,ch - MN.sav,UF7M,Ярилцлага авсан сар,other
C:/tsogoo/Hicheel/erdem shinjilgeenii hural/ecnometric/shine/data/НҮТС-2023/ch - MN.sav,НҮТС-2023,ch - MN.sav,UF7Y,Ярилцлага авсан он,other
C:/tsogoo/Hicheel/erdem shinjilgeenii hural/ecnometric/shine/data/НҮТС-2023/ch - MN.sav,НҮТС-2023,ch - MN.sav,UF9,Өмнө нь ярилцлага авсан эсэх,parents_family
C:/tsogoo/Hicheel/erdem shinjilgeenii hural/ecnometric/shine/data/НҮТС-2023/ch - MN.sav,НҮТС-2023,ch - MN.sav,UF10,Зөвшөөрөл өгсөн эсэх,parents_family
C:/tsogoo/Hicheel/erdem shinjilgeenii hural/ecnometric/shine/data/НҮТС-2023/ch - MN.sav,НҮТС-2023,ch - MN.sav,UF17,Ярилцлагын үр дүн,other
C:/tsogoo/Hicheel/erdem shinjilgeenii hural/ecnometric/shine/data/НҮТС-2023/ch - MN.sav,НҮТС-2023,ch - MN.sav,UF12,Асуулгын хуудас бичигдсэн хэл,other
C:/tsogoo/Hicheel/erdem shinjilgeenii hural/ecnometric/shine/data/НҮТС-2023/ch - MN.sav,НҮТС-2023,ch - MN.sav,UF13,Ярилцлага хийсэн хэл,other
C:/tsogoo/Hicheel/erdem shinjilgeenii hural/ecnometric/shine/data/НҮТС-2023/ch - MN.sav,НҮТС-2023,ch - MN.sav,UF14,Ярилцлага өгөгчийн эх хэл,parents_family
C:/tsogoo/Hicheel/erdem shinjilgeenii hural/ecnometric/shine/data/НҮТС-2023/ch - MN.sav,НҮТС-2023,ch - MN.sav,UF15,Ярилцлагын явцад орчуулга ашигласан эсэх,parents_family
C:/tsogoo/Hicheel/erdem shinjilgeenii hural/ecnometric/shine/data/НҮТС-2023/ch - MN.sav,НҮТС-2023,ch - MN.sav,UFHINT,Өрхийн ярилцлага авагчийн дугаар,wealth_assets_housing
C:/tsogoo/Hicheel/erdem shinjilgeenii hural/ecnometric/shine/data/НҮТС-2023/ch - MN.sav,НҮТС-2023,ch - MN.sav,CHFIN,Дуусгах,wealth_assets_housing
C:/tsogoo/Hicheel/erdem shinjilgeenii hural/ecnometric/shine/data/НҮТС-2023/ch - MN.sav,НҮТС-2023,ch - MN.sav,UB1D,Хүүхдийн төрсөн өдөр,demographics_geo_weights
C:/tsogoo/Hicheel/erdem shinjilgeenii hural/ecnometric/shine/data/НҮТС-2023/ch - MN.sav,НҮТС-2023,ch - MN.sav,UB1M,Хүүхдийн төрсөн сар,demographics_geo_weights
C:/tsogoo/Hicheel/erdem shinjilgeenii hural/ecnometric/shine/data/НҮТС-2023/ch - MN.sav,НҮТС-2023,ch - MN.sav,UB1Y,Хүүхдийн төрсөн он,demographics_geo_weights
C:/tsogoo/Hicheel/erdem shinjilgeenii hural/ecnometric/shine/data/НҮТС-2023/ch - MN.sav,НҮТС-2023,ch - MN.sav,UB2,Хүүхдийн нас,demographics_geo_weights
C:/tsogoo/Hicheel/erdem shinjilgeenii hural/ecnometric/shine/data/НҮТС-2023/ch - MN.sav,НҮТС-2023,ch - MN.sav,UB8,Одоо цэцэрлэг эсвэл хувилбарт сургалтад хамрагдаж байгаа эсэх,parents_family
C:/tsogoo/Hicheel/erdem shinjilgeenii hural/ecnometric/shine/data/НҮТС-2023/ch - MN.sav,НҮТС-2023,ch - MN.sav,EC1,Зориулсан хүүхдийн болон зурагтай ном байдаг эсэх,parents_family
C:/tsogoo/Hicheel/erdem shinjilgeenii hural/ecnometric/shine/data/НҮТС-2023/ch - MN.sav,НҮТС-2023,ch - MN.sav,EC2A,Гар аргаар хийсэн тоглоомоор тоглодог эсэх,parents_family
C:/tsogoo/Hicheel/erdem shinjilgeenii hural/ecnometric/shine/data/НҮТС-2023/ch - MN.sav,НҮТС-2023,ch - MN.sav,EC2B,Үйлдвэрийн аргаар хийсэн тоглоомоор тоглодог эсэх,parents_family
C:/tsogoo/Hicheel/erdem shinjilgeenii hural/ecnometric/shine/data/НҮТС-2023/ch - MN.sav,НҮТС-2023,ch - MN.sav,EC2C,Гэр ахуйн эд зүйл эсвэл гаднах орчны зүйлээр тоглодог эсэх,parents_family
C:/tsogoo/Hicheel/erdem shinjilgeenii hural/ecnometric/shine/data/НҮТС-2023/ch - MN.sav,НҮТС-2023,ch - MN.sav,EC2D,"Сүүлийн 3 өдөрт гар утас, таблет, компьютерээр тоглодог эсэх",parents_family
C:/tsogoo/Hicheel/erdem shinjilgeenii hural/ecnometric/shine/data/НҮТС-2023/ch - MN.sav,НҮТС-2023,ch - MN.sav,EC3A,1 цагаас илүү хугацаагаар ганцааранг нь орхисон өдрийн тоо,other
C:/tsogoo/Hicheel/erdem shinjilgeenii hural/ecnometric/shine/data/НҮТС-2023/ch - MN.sav,НҮТС-2023,ch - MN.sav,EC3B,1 цагаас илүү хугацаагаар 10 хүртэлх насны хүүхдээр харуулж орхисон өдрийн тоо,demographics_geo_weights
C:/tsogoo/Hicheel/erdem shinjilgeenii hural/ecnometric/shine/data/НҮТС-2023/ch - MN.sav,НҮТС-2023,ch - MN.sav,EC5A,"Сүүлийн 3 өдөрт ном уншсан, зурагтай ном үзсэн эсэх",parents_family
C:/tsogoo/Hicheel/erdem shinjilgeenii hural/ecnometric/shine/data/НҮТС-2023/ch - MN.sav,НҮТС-2023,ch - MN.sav,EC5A1A,"Ном уншиж өгч, зурагтай ном хамт үзсэн эсэх - Эх",parents_family
C:/tsogoo/Hicheel/erdem shinjilgeenii hural/ecnometric/shine/data/НҮТС-2023/ch - MN.sav,НҮТС-2023,ch - MN.sav,EC5A1B,"Ном уншиж өгч, зурагтай ном хамт үзсэн эсэх - Эцэг",parents_family
C:/tsogoo/Hicheel/erdem shinjilgeenii hural/ecnometric/shine/data/НҮТС-2023/ch - MN.sav,НҮТС-2023,ch - MN.sav,EC5A1X,"Ном уншиж өгч, зурагтай ном хамт үзсэн эсэх - Бусад",wealth_assets_housing
C:/tsogoo/Hicheel/erdem shinjilgeenii hural/ecnometric/shine/data/НҮТС-2023/ch - MN.sav,НҮТС-2023,ch - MN.sav,EC5A1NR,"Ном уншиж өгч, зурагтай ном хамт үзсэн эсэх - Хариулаагүй",parents_family
C:/tsogoo/Hicheel/erdem shinjilgeenii hural/ecnometric/shine/data/НҮТС-2023/ch - MN.sav,НҮТС-2023,ch - MN.sav,EC5B,"Сүүлийн 3 өдөрт үлгэр, түүх, домог ярьж өгсөн эсэх",parents_family
C:/tsogoo/Hicheel/erdem shinjilgeenii hural/ecnometric/shine/data/НҮТС-2023/ch - MN.sav,НҮТС-2023,ch - MN.sav,EC5B1A,"Үлгэр, түүх, домог ярьж өгсөн эсэх - Эх",parents_family
C:/tsogoo/Hicheel/erdem shinjilgeenii hural/ecnometric/shine/data/НҮТС-2023/ch - MN.sav,НҮТС-2023,ch - MN.sav,EC5B1B,"Үлгэр, түүх, домог ярьж өгсөн эсэх - Эцэг",parents_family
C:/tsogoo/Hicheel/erdem shinjilgeenii hural/ecnometric/shine/data/НҮТС-2023/ch - MN.sav,НҮТС-2023,ch - MN.sav,EC5B1X,"Үлгэр, түүх, домог ярьж өгсөн эсэх - Бусад",wealth_assets_housing
C:/tsogoo/Hicheel/erdem shinjilgeenii hural/ecnometric/shine/data/НҮТС-2023/ch - MN.sav,НҮТС-2023,ch - MN.sav,EC5B1NR,"Үлгэр, түүх, домог ярьж өгсөн эсэх - Хариулаагүй",parents_family
C:/tsogoo/Hicheel/erdem shinjilgeenii hural/ecnometric/shine/data/НҮТС-2023/ch - MN.sav,НҮТС-2023,ch - MN.sav,EC5C,"Сүүлийн 3 өдөрт хамт дуу дуулж, түүнийг бүүвэйлсэн эсэх",parents_family
C:/tsogoo/Hicheel/erdem shinjilgeenii hural/ecnometric/shine/data/НҮТС-2023/ch - MN.sav,НҮТС-2023,ch - MN.sav,EC5C1A,"Хамт дуу дуулж, түүнийг бүүвэйлсэн эсэх - Эх",parents_family
C:/tsogoo/Hicheel/erdem shinjilgeenii hural/ecnometric/shine/data/НҮТС-2023/ch - MN.sav,НҮТС-2023,ch - MN.sav,EC5C1B,"Хамт дуу дуулж, түүнийг бүүвэйлсэн эсэх - Эцэг",parents_family
C:/tsogoo/Hicheel/erdem shinjilgeenii hural/ecnometric/shine/data/НҮТС-2023/ch - MN.sav,НҮТС-2023,ch - MN.sav,EC5C1X,"Хамт дуу дуулж, түүнийг бүүвэйлсэн эсэх - Бусад",wealth_assets_housing
C:/tsogoo/Hicheel/erdem shinjilgeenii hural/ecnometric/shine/data/НҮТС-2023/ch - MN.sav,НҮТС-2023,ch - MN.sav,EC5C1NR,"Хамт дуу дуулж, түүнийг бүүвэйлсэн эсэх - Хариулаагүй",parents_family
C:/tsogoo/Hicheel/erdem shinjilgeenii hural/ecnometric/shine/data/НҮТС-2023/ch - MN.sav,НҮТС-2023,ch - MN.sav,EC5D,Сүүлийн 3 өдөрт гадаа авч гаран хамтдаа зугаалсан эсэх,parents_family
C:/tsogoo/Hicheel/erdem shinjilgeenii hural/ecnometric/shine/data/НҮТС-2023/ch - MN.sav,НҮТС-2023,ch - MN.sav,EC5D1A,Гадаа авч гаран хамтдаа зугаалсан эсэх - Эх,parents_family
C:/tsogoo/Hicheel/erdem shinjilgeenii hural/ecnometric/shine/data/НҮТС-2023/ch - MN.sav,НҮТС-2023,ch - MN.sav,EC5D1B,Гадаа авч гаран хамтдаа зугаалсан эсэх - Эцэг,parents_family
C:/tsogoo/Hicheel/erdem shinjilgeenii hural/ecnometric/shine/data/НҮТС-2023/ch - MN.sav,НҮТС-2023,ch - MN.sav,EC5D1X,Гадаа авч гаран хамтдаа зугаалсан эсэх - Бусад,wealth_assets_housing
C:/tsogoo/Hicheel/erdem shinjilgeenii hural/ecnometric/shine/data/НҮТС-2023/ch - MN.sav,НҮТС-2023,ch - MN.sav,EC5D1NR,Гадаа авч гаран хамтдаа зугаалсан эсэх - Хариулаагүй,parents_family
C:/tsogoo/Hicheel/erdem shinjilgeenii hural/ecnometric/shine/data/НҮТС-2023/ch - MN.sav,НҮТС-2023,ch - MN.sav,EC5E,Сүүлийн 3 өдөрт хамт тоглосон эсэх,parents_family
C:/tsogoo/Hicheel/erdem shinjilgeenii hural/ecnometric/shine/data/НҮТС-2023/ch - MN.sav,НҮТС-2023,ch - MN.sav,EC5E1A,Хамт тоглосон эсэх - Эх,parents_family
C:/tsogoo/Hicheel/erdem shinjilgeenii hural/ecnometric/shine/data/НҮТС-2023/ch - MN.sav,НҮТС-2023,ch - MN.sav,EC5E1B,Хамт тоглосон эсэх - Эцэг,parents_family
C:/tsogoo/Hicheel/erdem shinjilgeenii hural/ecnometric/shine/data/НҮТС-2023/ch - MN.sav,НҮТС-2023,ch - MN.sav,EC5E1X,Хамт тоглосон эсэх - Бусад,wealth_assets_housing
C:/tsogoo/Hicheel/erdem shinjilgeenii hural/ecnometric/shine/data/НҮТС-2023/ch - MN.sav,НҮТС-2023,ch - MN.sav,EC5E1NR,Хамт тоглосон эсэх - Хариулаагүй,parents_family
C:/tsogoo/Hicheel/erdem shinjilgeenii hural/ecnometric/shine/data/НҮТС-2023/ch - MN.sav,НҮТС-2023,ch - MN.sav,EC5F,"Сүүлийн 3 өдөрт хамтдаа эд юмсыг нэрлэж, тоо тоолж, зураг зурсан эсэх",parents_family
C:/tsogoo/Hicheel/erdem shinjilgeenii hural/ecnometric/shine/data/НҮТС-2023/ch - MN.sav,НҮТС-2023,ch - MN.sav,EC5F1A,"Хамтдаа эд юмсыг нэрлэж, тоо тоолж, зураг зурсан эсэх - Эх",parents_family
C:/tsogoo/Hicheel/erdem shinjilgeenii hural/ecnometric/shine/data/НҮТС-2023/ch - MN.sav,НҮТС-2023,ch - MN.sav,EC5F1B,"Хамтдаа эд юмсыг нэрлэж, тоо тоолж, зураг зурсан эсэх - Эцэг",parents_family
C:/tsogoo/Hicheel/erdem shinjilgeenii hural/ecnometric/shine/data/НҮТС-2023/ch - MN.sav,НҮТС-2023,ch - MN.sav,EC5F1X,"Хамтдаа эд юмсыг нэрлэж, тоо тоолж, зураг зурсан эсэх - Бусад",wealth_assets_housing
C:/tsogoo/Hicheel/erdem shinjilgeenii hural/ecnometric/shine/data/НҮТС-2023/ch - MN.sav,НҮТС-2023,ch - MN.sav,EC5F1NR,"Хамтдаа эд юмсыг нэрлэж, тоо тоолж, зураг зурсан эсэх - Хариулаагүй",parents_family
C:/tsogoo/Hicheel/erdem shinjilgeenii hural/ecnometric/shine/data/НҮТС-2023/ch - MN.sav,НҮТС-2023,ch - MN.sav,EC5G,Сүүлийн 3 өдөрт хүүхдийн шүдийг угааж өгсөн үү,other
C:/tsogoo/Hicheel/erdem shinjilgeenii hural/ecnometric/shine/data/НҮТС-2023/ch - MN.sav,НҮТС-2023,ch - MN.sav,EC5G1A,Хамтдаа шүдээ угаасан эсэх - Эцэг,parents_family
C:/tsogoo/Hicheel/erdem shinjilgeenii hural/ecnometric/shine/data/НҮТС-2023/ch - MN.sav,НҮТС-2023,ch - MN.sav,EC5G1B,Хамтдаа шүдээ угаасан эсэх - Эх,parents_family
C:/tsogoo/Hicheel/erdem shinjilgeenii hural/ecnometric/shine/data/НҮТС-2023/ch - MN.sav,НҮТС-2023,ch - MN.sav,EC5G1X,Хамтдаа шүдээ угаасан эсэх - Бусад,wealth_assets_housing
C:/tsogoo/Hicheel/erdem shinjilgeenii hural/ecnometric/shine/data/НҮТС-2023/ch - MN.sav,НҮТС-2023,ch - MN.sav,EC5G1NR,Хамтдаа шүдээ угаасан эсэх - Хариулаагүй,parents_family
C:/tsogoo/Hicheel/erdem shinjilgeenii hural/ecnometric/shine/data/НҮТС-2023/ch - MN.sav,НҮТС-2023,ch - MN.sav,EC6,"Хүүхэд нь тэгш бус гадаргуу, жишээлбэл, бартаатай эсвэл эгц зам дээр унахгүйгээр алхаж чадах уу?",wealth_assets_housing
C:/tsogoo/Hicheel/erdem shinjilgeenii hural/ecnometric/shine/data/НҮТС-2023/ch - MN.sav,НҮТС-2023,ch - MN.sav,EC7,Хүүхэд нь хоёр хөлөөрөө газраас үсэрч чадах уу?,other
C:/tsogoo/Hicheel/erdem shinjilgeenii hural/ecnometric/shine/data/НҮТС-2023/ch - MN.sav,НҮТС-2023,ch - MN.sav,EC8,"Хүүхэд нь өөрийгөө хувцаслаж, өөрөөр хэлбэл бусдын тусламжгүй өмд, цамцаа өмсөж чадах уу?",wealth_assets_housing
C:/tsogoo/Hicheel/erdem shinjilgeenii hural/ecnometric/shine/data/НҮТС-2023/ch - MN.sav,НҮТС-2023,ch - MN.sav,EC9,"Хүүхэд нь хэн нэгний тусламжгүйгээр товчоо товчилж, тайлж чадах уу?",wealth_assets_housing
C:/tsogoo/Hicheel/erdem shinjilgeenii hural/ecnometric/shine/data/НҮТС-2023/ch - MN.sav,НҮТС-2023,ch - MN.sav,EC10,Хүүхэд нь 10 ба түүнээс дээш үг хэлж чадах уу?,other
C:/tsogoo/Hicheel/erdem shinjilgeenii hural/ecnometric/shine/data/НҮТС-2023/ch - MN.sav,НҮТС-2023,ch - MN.sav,EC11,Хүүхэд нь 3 ба түүнээс дээш үгтэй өгүүлбэр ашиглан ярьж чадах уу?,other
C:/tsogoo/Hicheel/erdem shinjilgeenii hural/ecnometric/shine/data/НҮТС-2023/ch - MN.sav,НҮТС-2023,ch - MN.sav,EC12,Хүүхэд нь 5 ба түүнээс дээш үгтэй өгүүлбэр ашиглан ярьж чадах уу?,other
C:/tsogoo/Hicheel/erdem shinjilgeenii hural/ecnometric/shine/data/НҮТС-2023/ch - MN.sav,НҮТС-2023,ch - MN.sav,EC13,"Хүүхэд нь “би”, “чи”, “тэр” гэсэн үгсийн аль нэгийг зөв ашиглаж чадах уу, жишээ нь “Би ус ууя” эсвэл “Тэр хоолоо идсэн” гэх мэт?",wealth_assets_housing
C:/tsogoo/Hicheel/erdem shinjilgeenii hural/ecnometric/shine/data/НҮТС-2023/ch - MN.sav,НҮТС-2023,ch - MN.sav,EC14,Хүүхэд нь түүний сайн мэддэг зүйлийг үзүүлбэл тэр үүнийг зөв нэрлэж чадах уу?,other
C:/tsogoo/Hicheel/erdem shinjilgeenii hural/ecnometric/shine/data/НҮТС-2023/ch - MN.sav,НҮТС-2023,ch - MN.sav,EC15,Цагаан толгойн үсгээс хамгийн багадаа 5 үсгийг нэрлэж мэдэх үү?,parents_family
C:/tsogoo/Hicheel/erdem shinjilgeenii hural/ecnometric/shine/data/НҮТС-2023/ch - MN.sav,НҮТС-2023,ch - MN.sav,EC16,Өөрийн нэрийг бичиж чадах уу?,other
C:/tsogoo/Hicheel/erdem shinjilgeenii hural/ecnometric/shine/data/НҮТС-2023/ch - MN.sav,НҮТС-2023,ch - MN.sav,EC17,1-ээс 5 хүртэлх тооны цифрийг бүгдийг нь таних уу?,other
C:/tsogoo/Hicheel/erdem shinjilgeenii hural/ecnometric/shine/data/НҮТС-2023/ch - MN.sav,НҮТС-2023,ch - MN.sav,EC18,Таны асуусан тооны зүйлсийг өгөхийг хүсвэл тэр танд зөв өгдөг үү?,wealth_assets_housing
C:/tsogoo/Hicheel/erdem shinjilgeenii hural/ecnometric/shine/data/НҮТС-2023/ch - MN.sav,НҮТС-2023,ch - MN.sav,EC19,10 дүрсийг алдаагүй тоолж чадах уу?,other
C:/tsogoo/Hicheel/erdem shinjilgeenii hural/ecnometric/shine/data/НҮТС-2023/ch - MN.sav,НҮТС-2023,ch - MN.sav,EC20,"Зурах, будах, дүрс эвлүүлэх, өрж байгуулж тоглох зэргийг бусдаас байнга тусламж асуухгүйгээр хийж чадах уу?",wealth_assets_housing
C:/tsogoo/Hicheel/erdem shinjilgeenii hural/ecnometric/shine/data/НҮТС-2023/ch - MN.sav,НҮТС-2023,ch - MN.sav,EC21,Эцэг эх нь байхгүй үед өөр дотно хүмүүсийг асуудаг уу?,parents_family
C:/tsogoo/Hicheel/erdem shinjilgeenii hural/ecnometric/shine/data/НҮТС-2023/ch - MN.sav,НҮТС-2023,ch - MN.sav,EC22,Тусламж хэрэгтэй байгаа хүнд туслахыг санал болгодог уу?,wealth_assets_housing
C:/tsogoo/Hicheel/erdem shinjilgeenii hural/ecnometric/shine/data/НҮТС-2023/ch - MN.sav,НҮТС-2023,ch - MN.sav,EC23,Бусад хүүхдүүдтэй тоглохдоо эвтэй байдаг уу?,wealth_assets_housing
C:/tsogoo/Hicheel/erdem shinjilgeenii hural/ecnometric/shine/data/НҮТС-2023/ch - MN.sav,НҮТС-2023,ch - MN.sav,EC25,"Хүүхэд, томчуудыг өшиглөж, хазаж, цохидог эсэх",parents_family
C:/tsogoo/Hicheel/erdem shinjilgeenii hural/ecnometric/shine/data/НҮТС-2023/ch - MN.sav,НҮТС-2023,ch - MN.sav,UCD2A,"Дуртай зүйлээ хийх, гэрээс гарахыг хорьсон эсэх",parents_family
C:/tsogoo/Hicheel/erdem shinjilgeenii hural/ecnometric/shine/data/НҮТС-2023/ch - MN.sav,НҮТС-2023,ch - MN.sav,UCD2B,Гаргасан зан ааш нь яагаад буруу гэдгийг тайлбарлаж хэлсэн эсэх,parents_family
C:/tsogoo/Hicheel/erdem shinjilgeenii hural/ecnometric/shine/data/НҮТС-2023/ch - MN.sav,НҮТС-2023,ch - MN.sav,UCD2C,"Дугтчиж, сэгсэрсэн эсэх",parents_family
C:/tsogoo/Hicheel/erdem shinjilgeenii hural/ecnometric/shine/data/НҮТС-2023/ch - MN.sav,НҮТС-2023,ch - MN.sav,UCD2D,"Орилж, хашгирсан эсэх",parents_family
C:/tsogoo/Hicheel/erdem shinjilgeenii hural/ecnometric/shine/data/НҮТС-2023/ch - MN.sav,НҮТС-2023,ch - MN.sav,UCD2E,Хүмүүжүүлэх зорилгоор ямар нэг зүйл хийлгэсэн эсэх,parents_family
C:/tsogoo/Hicheel/erdem shinjilgeenii hural/ecnometric/shine/data/НҮТС-2023/ch - MN.sav,НҮТС-2023,ch - MN.sav,UCD2F,"Хонгон дээр нь алгадаж, цохисон эсэх",parents_family
C:/tsogoo/Hicheel/erdem shinjilgeenii hural/ecnometric/shine/data/НҮТС-2023/ch - MN.sav,НҮТС-2023,ch - MN.sav,UCD2G,"Бүс, саваа зэрэг зүйлээр ороолгосон эсэх",parents_family
C:/tsogoo/Hicheel/erdem shinjilgeenii hural/ecnometric/shine/data/НҮТС-2023/ch - MN.sav,НҮТС-2023,ch - MN.sav,UCD2H,"Тэнэг, залхуу зэргээр дуудсан эсэх",parents_family
C:/tsogoo/Hicheel/erdem shinjilgeenii hural/ecnometric/shine/data/НҮТС-2023/ch - MN.sav,НҮТС-2023,ch - MN.sav,UCD2I,"Хацар дээр нь алгадаж, нүүр, толгой руу нь цохиж, чихийг нь мушгисан эсэх",parents_family
C:/tsogoo/Hicheel/erdem shinjilgeenii hural/ecnometric/shine/data/НҮТС-2023/ch - MN.sav,НҮТС-2023,ch - MN.sav,UCD2J,"Гар, тохой, хөл рүү нь алгадаж, цохисон эсэх",parents_family
C:/tsogoo/Hicheel/erdem shinjilgeenii hural/ecnometric/shine/data/НҮТС-2023/ch - MN.sav,НҮТС-2023,ch - MN.sav,UCD2K,"Маш хүчтэй олон удаа цохиж, зодсон эсэх",parents_family
C:/tsogoo/Hicheel/erdem shinjilgeenii hural/ecnometric/shine/data/НҮТС-2023/ch - MN.sav,НҮТС-2023,ch - MN.sav,UCD3,5 хүртэлх насны эсвэл 5-17 насны хүүхдийн асуулгад сонгогдсон 5-14 насны өөр хүүхдийн эх/ асран хамгаалагч мөн эсэх,parents_family
C:/tsogoo/Hicheel/erdem shinjilgeenii hural/ecnometric/shine/data/НҮТС-2023/ch - MN.sav,НҮТС-2023,ch - MN.sav,UCD4,Өөр хүүхдийн хувьд дараахтай ижил асуултад (Асуулт UCD5 эсвэл FCD5) хариулсан эсэх,parents_family
C:/tsogoo/Hicheel/erdem shinjilgeenii hural/ecnometric/shine/data/НҮТС-2023/ch - MN.sav,НҮТС-2023,ch - MN.sav,UCD5,"Хүүхдийг зөв өсгөж, хүмүүжүүлэхийн тулд түүнд бие махбодын шийтгэл оногдуулах нь зүйтэй гэж үздэг эсэх",parents_family
C:/tsogoo/Hicheel/erdem shinjilgeenii hural/ecnometric/shine/data/НҮТС-2023/ch - MN.sav,НҮТС-2023,ch - MN.sav,UCF2,Харааны шил зүүдэг эсэх,parents_family
C:/tsogoo/Hicheel/erdem shinjilgeenii hural/ecnometric/shine/data/НҮТС-2023/ch - MN.sav,НҮТС-2023,ch - MN.sav,UCF3,Сонсголын аппарат зүүдэг эсэх,parents_family
C:/tsogoo/Hicheel/erdem shinjilgeenii hural/ecnometric/shine/data/НҮТС-2023/ch - MN.sav,НҮТС-2023,ch - MN.sav,UCF4,Алхахдаа ямар нэгэн дэмжлэг болох туслах хэрэгсэл эсвэл бусдын тусламж авдаг эсэх,wealth_assets_housing
C:/tsogoo/Hicheel/erdem shinjilgeenii hural/ecnometric/shine/data/НҮТС-2023/ch - MN.sav,НҮТС-2023,ch - MN.sav,UCF7,Юм харахад хүндрэлтэй байдаг эсэх,parents_family
C:/tsogoo/Hicheel/erdem shinjilgeenii hural/ecnometric/shine/data/НҮТС-2023/ch - MN.sav,НҮТС-2023,ch - MN.sav,UCF9,"Хүмүүсийн яриа, хөгжим зэрэг дуу чимээг сонсоход хүндрэлтэй байдаг эсэх",parents_family
C:/tsogoo/Hicheel/erdem shinjilgeenii hural/ecnometric/shine/data/НҮТС-2023/ch - MN.sav,НҮТС-2023,ch - MN.sav,UCF11,Дэмжлэг болох туслах хэрэгсэл эсвэл бусдын тусламжгүйгээр алхахад хүндрэлтэй байдаг эсэх,wealth_assets_housing
C:/tsogoo/Hicheel/erdem shinjilgeenii hural/ecnometric/shine/data/НҮТС-2023/ch - MN.sav,НҮТС-2023,ch - MN.sav,UCF12,Дэмжлэг болох туслах хэрэгсэл эсвэл бусдын тусламжтайгаар алхахад хүндрэлтэй байдаг эсэх,wealth_assets_housing
C:/tsogoo/Hicheel/erdem shinjilgeenii hural/ecnometric/shine/data/НҮТС-2023/ch - MN.sav,НҮТС-2023,ch - MN.sav,UCF13,Үеийн хүүхдүүдтэй нь харьцуулахад алхахад хүндрэлтэй байдаг эсэх,parents_family
C:/tsogoo/Hicheel/erdem shinjilgeenii hural/ecnometric/shine/data/НҮТС-2023/ch - MN.sav,НҮТС-2023,ch - MN.sav,UCF14,Үеийн хүүхдүүдтэй нь харьцуулахад жижиг зүйлийг гараараа авахад хүндрэлтэй байдаг эсэх,parents_family
C:/tsogoo/Hicheel/erdem shinjilgeenii hural/ecnometric/shine/data/НҮТС-2023/ch - MN.sav,НҮТС-2023,ch - MN.sav,UCF15,"Эцэг, эх/ асран хамгаалагчийн хэлснийг ойлгоход хүндрэлтэй байдаг эсэх",parents_family
C:/tsogoo/Hicheel/erdem shinjilgeenii hural/ecnometric/shine/data/НҮТС-2023/ch - MN.sav,НҮТС-2023,ch - MN.sav,UCF16,Хэл яриаг нь ойлгоход хүндрэлтэй байдаг эсэх,parents_family
C:/tsogoo/Hicheel/erdem shinjilgeenii hural/ecnometric/shine/data/НҮТС-2023/ch - MN.sav,НҮТС-2023,ch - MN.sav,UCF17,Үеийн хүүхдүүдтэй нь харьцуулахад юм сурахад хүндрэлтэй байдаг эсэх,parents_family
C:/tsogoo/Hicheel/erdem shinjilgeenii hural/ecnometric/shine/data/НҮТС-2023/ch - MN.sav,НҮТС-2023,ch - MN.sav,UCF18,Үеийн хүүхдүүдтэй нь харьцуулахад тоглоход хүндрэлтэй байдаг эсэх,parents_family
C:/tsogoo/Hicheel/erdem shinjilgeenii hural/ecnometric/shine/data/НҮТС-2023/ch - MN.sav,НҮТС-2023,ch - MN.sav,BD2,Ер нь эхийн сүүгээр хооллож байсан эсэх,parents_family
C:/tsogoo/Hicheel/erdem shinjilgeenii hural/ecnometric/shine/data/НҮТС-2023/ch - MN.sav,НҮТС-2023,ch - MN.sav,BD3,Одоо эхийн сүүгээр хооллож байгаа эсэх,parents_family
C:/tsogoo/Hicheel/erdem shinjilgeenii hural/ecnometric/shine/data/НҮТС-2023/ch - MN.sav,НҮТС-2023,ch - MN.sav,BD4,Сүүлийн 24 цагт угжаар юм уулгасан эсэх,parents_family
C:/tsogoo/Hicheel/erdem shinjilgeenii hural/ecnometric/shine/data/НҮТС-2023/ch - MN.sav,НҮТС-2023,ch - MN.sav,BD5,Сүүлийн 24 цагт шингэн сэлбэх давсны уусмал (хоросол) уулгасан эсэх,wealth_assets_housing
C:/tsogoo/Hicheel/erdem shinjilgeenii hural/ecnometric/shine/data/НҮТС-2023/ch - MN.sav,НҮТС-2023,ch - MN.sav,BD6,"Сүүлийн 24 цагт аминдэм, эрдэс бодис агуулсан ямар нэг бэлдмэл эсвэл эм уулгасан эсэх",parents_family
C:/tsogoo/Hicheel/erdem shinjilgeenii hural/ecnometric/shine/data/НҮТС-2023/ch - MN.sav,НҮТС-2023,ch - MN.sav,BD7A,Сүүлийн 24 цагт ус уулгасан эсэх,wealth_assets_housing
C:/tsogoo/Hicheel/erdem shinjilgeenii hural/ecnometric/shine/data/НҮТС-2023/ch - MN.sav,НҮТС-2023,ch - MN.sav,BD7B,"Сүүлийн 24 цагт эхийн сүүн тэжээл (хай хай, нан, хумана, миласан, нутрилон гэх мэт) уулгасан эсэх",parents_family
C:/tsogoo/Hicheel/erdem shinjilgeenii hural/ecnometric/shine/data/НҮТС-2023/ch - MN.sav,НҮТС-2023,ch - MN.sav,BD7B1,Хэдэн удаа сүүн тэжээл уулгасан,other
C:/tsogoo/Hicheel/erdem shinjilgeenii hural/ecnometric/shine/data/НҮТС-2023/ch - MN.sav,НҮТС-2023,ch - MN.sav,BD7C,"Сүүлийн 24 цагт малын сүү, лаазалсан, савласан сүү, хярам уулгасан эсэх",wealth_assets_housing
C:/tsogoo/Hicheel/erdem shinjilgeenii hural/ecnometric/shine/data/НҮТС-2023/ch - MN.sav,НҮТС-2023,ch - MN.sav,BD7C1,"Хэдэн удаа малын сүү, лаазалсан, савласан сүү, хярам уулгасан",wealth_assets_housing
C:/tsogoo/Hicheel/erdem shinjilgeenii hural/ecnometric/shine/data/НҮТС-2023/ch - MN.sav,НҮТС-2023,ch - MN.sav,BD7X,Сүүлийн 24 цагт дээрхээс бусад төрлийн шингэн зүйл уулгасан эсэх,wealth_assets_housing
C:/tsogoo/Hicheel/erdem shinjilgeenii hural/ecnometric/shine/data/НҮТС-2023/ch - MN.sav,НҮТС-2023,ch - MN.sav,BD7X2,Эдгээр ундаа нь чихэрлэг байсан эсэх,parents_family
C:/tsogoo/Hicheel/erdem shinjilgeenii hural/ecnometric/shine/data/НҮТС-2023/ch - MN.sav,НҮТС-2023,ch - MN.sav,BD8A,Сүүлийн 24 цагт тараг идүүлсэн эсэх,parents_family
C:/tsogoo/Hicheel/erdem shinjilgeenii hural/ecnometric/shine/data/НҮТС-2023/ch - MN.sav,НҮТС-2023,ch - MN.sav,BD8A1,Хэдэн удаа тараг идүүлсэн,other
C:/tsogoo/Hicheel/erdem shinjilgeenii hural/ecnometric/shine/data/НҮТС-2023/ch - MN.sav,НҮТС-2023,ch - MN.sav,BD8B,"Сүүлийн 24 цагт талх, будаа, каша, гоймон болон бусад үр тариагаар хийсэн бүтээгдэхүүн идүүлсэн эсэх",wealth_assets_housing
C:/tsogoo/Hicheel/erdem shinjilgeenii hural/ecnometric/shine/data/НҮТС-2023/ch - MN.sav,НҮТС-2023,ch - MN.sav,BD8C,"Сүүлийн 24 цагт лууван, хулуу, амтат төмс зэрэг дотроо шар, улбар шар өнгөтэй бүтээгдэхүүн болон шар өнгийн нухаш идүүлсэн эсэх",parents_family
C:/tsogoo/Hicheel/erdem shinjilgeenii hural/ecnometric/shine/data/НҮТС-2023/ch - MN.sav,НҮТС-2023,ch - MN.sav,BD8D,"Сүүлийн 24 цагт төмс, манжин, цагаан лууван, редиск зэрэг цагаан өнгийн үндэст хүнсний ногоо идүүлсэн эсэх",parents_family
C:/tsogoo/Hicheel/erdem shinjilgeenii hural/ecnometric/shine/data/НҮТС-2023/ch - MN.sav,НҮТС-2023,ch - MN.sav,BD8E,"Сүүлийн 24 цагт брокколи, бууцай, жууцай, юуцай, салат навч зэрэг гүн ногоон өнгийн навчит хүнсний ногоо идүүлсэн эсэх",parents_family
C:/tsogoo/Hicheel/erdem shinjilgeenii hural/ecnometric/shine/data/НҮТС-2023/ch - MN.sav,НҮТС-2023,ch - MN.sav,BD8F,Сүүлийн 24 цагт хүнсний ногоо идүүлсэн эсэх,parents_family
C:/tsogoo/Hicheel/erdem shinjilgeenii hural/ecnometric/shine/data/НҮТС-2023/ch - MN.sav,НҮТС-2023,ch - MN.sav,BD8G,"Сүүлийн 24 цагт А аминдэмээр баялаг тоор, чангаанз, интоор, амтат гуа, шийгуа, апельсин гэх мэт жимс идүүлсэн эсэх",parents_family
C:/tsogoo/Hicheel/erdem shinjilgeenii hural/ecnometric/shine/data/НҮТС-2023/ch - MN.sav,НҮТС-2023,ch - MN.sav,BD8H,Сүүлийн 24 цагт жимс идүүлсэн эсэх,parents_family
C:/tsogoo/Hicheel/erdem shinjilgeenii hural/ecnometric/shine/data/НҮТС-2023/ch - MN.sav,НҮТС-2023,ch - MN.sav,BD8I,"Сүүлийн 24 цагт дотор мах (элэг, бөөр, зүрх) идүүлсэн эсэх",parents_family
C:/tsogoo/Hicheel/erdem shinjilgeenii hural/ecnometric/shine/data/НҮТС-2023/ch - MN.sav,НҮТС-2023,ch - MN.sav,BD8K,"Сүүлийн 24 цагт мал, гахай, шувууны мах идүүлсэн эсэх",wealth_assets_housing
C:/tsogoo/Hicheel/erdem shinjilgeenii hural/ecnometric/shine/data/НҮТС-2023/ch - MN.sav,НҮТС-2023,ch - MN.sav,BD8L,Сүүлийн 24 цагт өндөг идүүлсэн эсэх,parents_family
C:/tsogoo/Hicheel/erdem shinjilgeenii hural/ecnometric/shine/data/НҮТС-2023/ch - MN.sav,НҮТС-2023,ch - MN.sav,BD8M,"Сүүлийн 24 цагт загас, загасан бүтээгдэхүүн идүүлсэн эсэх",parents_family
C:/tsogoo/Hicheel/erdem shinjilgeenii hural/ecnometric/shine/data/НҮТС-2023/ch - MN.sav,НҮТС-2023,ch - MN.sav,BD8N,"Сүүлийн 24 цагт буурцагны бүтээгдэхүүн, вандуй, самар, шош идүүлсэн эсэх",parents_family
C:/tsogoo/Hicheel/erdem shinjilgeenii hural/ecnometric/shine/data/НҮТС-2023/ch - MN.sav,НҮТС-2023,ch - MN.sav,BD8O,"Сүүлийн 24 цагт бяслаг, ээдэм болон бусад төрлийн сүүн бүтээгдэхүүн идүүлсэн эсэх",wealth_assets_housing
C:/tsogoo/Hicheel/erdem shinjilgeenii hural/ecnometric/shine/data/НҮТС-2023/ch - MN.sav,НҮТС-2023,ch - MN.sav,BD8X,"Сүүлийн 24 цагт дээрхээс бусад төрлийн өтгөн, хагас өтгөн эсвэл шингэн хоол хүнс идүүлсэн эсэх",wealth_assets_housing
C:/tsogoo/Hicheel/erdem shinjilgeenii hural/ecnometric/shine/data/НҮТС-2023/ch - MN.sav,НҮТС-2023,ch - MN.sav,BD9,"Хэдэн удаа өтгөн, хагас өтгөн, шингэн хоол хүнс идүүлсэн",health_disability_nutrition
C:/tsogoo/Hicheel/erdem shinjilgeenii hural/ecnometric/shine/data/НҮТС-2023/ch - MN.sav,НҮТС-2023,ch - MN.sav,IM2,"Эх, хүүхдийн эрүүл мэндийн дэвтэр (ягаан дэвтэр), вакцинжуулалтын карт байгаа эсэх",parents_family
C:/tsogoo/Hicheel/erdem shinjilgeenii hural/ecnometric/shine/data/НҮТС-2023/ch - MN.sav,НҮТС-2023,ch - MN.sav,IM3,"Ер нь эх, хүүхдийн эрүүл мэндийн дэвтэр эсвэл вакцинжуулалтын карттай байсан эсэх",parents_family
C:/tsogoo/Hicheel/erdem shinjilgeenii hural/ecnometric/shine/data/НҮТС-2023/ch - MN.sav,НҮТС-2023,ch - MN.sav,IM5,"Эх, хүүхдийн эрүүл мэндийн дэвтэр, вакцинжуулалтын картыг үзүүлсэн эсэх",parents_family
C:/tsogoo/Hicheel/erdem shinjilgeenii hural/ecnometric/shine/data/НҮТС-2023/ch - MN.sav,НҮТС-2023,ch - MN.sav,IM6BD,Сүрьеэгийн эсрэг вакцин - Өдөр,other
C:/tsogoo/Hicheel/erdem shinjilgeenii hural/ecnometric/shine/data/НҮТС-2023/ch - MN.sav,НҮТС-2023,ch - MN.sav,IM6BM,Сүрьеэгийн эсрэг вакцин - Сар,other
C:/tsogoo/Hicheel/erdem shinjilgeenii hural/ecnometric/shine/data/НҮТС-2023/ch - MN.sav,НҮТС-2023,ch - MN.sav,IM6BY,Сүрьеэгийн эсрэг вакцин - Он,other
C:/tsogoo/Hicheel/erdem shinjilgeenii hural/ecnometric/shine/data/НҮТС-2023/ch - MN.sav,НҮТС-2023,ch - MN.sav,IM6H0D,Б гепатитын эсрэг вакцин (төрөх үеийн тун) - Өдөр,other
C:/tsogoo/Hicheel/erdem shinjilgeenii hural/ecnometric/shine/data/НҮТС-2023/ch - MN.sav,НҮТС-2023,ch - MN.sav,IM6H0M,Б гепатитын эсрэг вакцин (төрөх үеийн тун) - Сар,other
C:/tsogoo/Hicheel/erdem shinjilgeenii hural/ecnometric/shine/data/НҮТС-2023/ch - MN.sav,НҮТС-2023,ch - MN.sav,IM6H0Y,Б гепатитын эсрэг вакцин (төрөх үеийн тун) - Он,other
C:/tsogoo/Hicheel/erdem shinjilgeenii hural/ecnometric/shine/data/НҮТС-2023/ch - MN.sav,НҮТС-2023,ch - MN.sav,IM6P0D,Халдварт саагийн эсрэг вакцины (төрөх үеийн тун) - Өдөр,other
C:/tsogoo/Hicheel/erdem shinjilgeenii hural/ecnometric/shine/data/НҮТС-2023/ch - MN.sav,НҮТС-2023,ch - MN.sav,IM6P0M,Халдварт саагийн эсрэг вакцины (төрөх үеийн тун) - Сар,other
C:/tsogoo/Hicheel/erdem shinjilgeenii hural/ecnometric/shine/data/НҮТС-2023/ch - MN.sav,НҮТС-2023,ch - MN.sav,IM6P0Y,Халдварт саагийн эсрэг вакцины (төрөх үеийн тун) - Он,other
C:/tsogoo/Hicheel/erdem shinjilgeenii hural/ecnometric/shine/data/НҮТС-2023/ch - MN.sav,НҮТС-2023,ch - MN.sav,IM6P1D,Халдварт саагийн эсрэг вакцины 1-р тун - Өдөр,other
C:/tsogoo/Hicheel/erdem shinjilgeenii hural/ecnometric/shine/data/НҮТС-2023/ch - MN.sav,НҮТС-2023,ch - MN.sav,IM6P1M,Халдварт саагийн эсрэг вакцины 1-р тун - Сар,other
C:/tsogoo/Hicheel/erdem shinjilgeenii hural/ecnometric/shine/data/НҮТС-2023/ch - MN.sav,НҮТС-2023,ch - MN.sav,IM6P1Y,Халдварт саагийн эсрэг вакцины 1-р тун - Он,other
C:/tsogoo/Hicheel/erdem shinjilgeenii hural/ecnometric/shine/data/НҮТС-2023/ch - MN.sav,НҮТС-2023,ch - MN.sav,IM6P2D,Халдварт саагийн эсрэг вакцины 2-р тун - Өдөр,other
C:/tsogoo/Hicheel/erdem shinjilgeenii hural/ecnometric/shine/data/НҮТС-2023/ch - MN.sav,НҮТС-2023,ch - MN.sav,IM6P2M,Халдварт саагийн эсрэг вакцины 2-р тун - Сар,other
C:/tsogoo/Hicheel/erdem shinjilgeenii hural/ecnometric/shine/data/НҮТС-2023/ch - MN.sav,НҮТС-2023,ch - MN.sav,IM6P2Y,Халдварт саагийн эсрэг вакцины 2-р тун - Он,other
C:/tsogoo/Hicheel/erdem shinjilgeenii hural/ecnometric/shine/data/НҮТС-2023/ch - MN.sav,НҮТС-2023,ch - MN.sav,IM6P3D,Халдварт саагийн эсрэг вакцины 3-р тун - Өдөр,other
C:/tsogoo/Hicheel/erdem shinjilgeenii hural/ecnometric/shine/data/НҮТС-2023/ch - MN.sav,НҮТС-2023,ch - MN.sav,IM6P3M,Халдварт саагийн эсрэг вакцины 3-р тун - Сар,other
C:/tsogoo/Hicheel/erdem shinjilgeenii hural/ecnometric/shine/data/НҮТС-2023/ch - MN.sav,НҮТС-2023,ch - MN.sav,IM6P3Y,Халдварт саагийн эсрэг вакцины 3-р тун - Он,other
C:/tsogoo/Hicheel/erdem shinjilgeenii hural/ecnometric/shine/data/НҮТС-2023/ch - MN.sav,НҮТС-2023,ch - MN.sav,IM6PENTA1D,Тавт вакцины 1-р тун - Өдөр,other
C:/tsogoo/Hicheel/erdem shinjilgeenii hural/ecnometric/shine/data/НҮТС-2023/ch - MN.sav,НҮТС-2023,ch - MN.sav,IM6PENTA1M,Тавт вакцины 1-р тун - Сар,other
C:/tsogoo/Hicheel/erdem shinjilgeenii hural/ecnometric/shine/data/НҮТС-2023/ch - MN.sav,НҮТС-2023,ch - MN.sav,IM6PENTA1Y,Тавт вакцины 1-р тун - Он,other
C:/tsogoo/Hicheel/erdem shinjilgeenii hural/ecnometric/shine/data/НҮТС-2023/ch - MN.sav,НҮТС-2023,ch - MN.sav,IM6PENTA2D,Тавт вакцины 2-р тун - Өдөр,other
C:/tsogoo/Hicheel/erdem shinjilgeenii hural/ecnometric/shine/data/НҮТС-2023/ch - MN.sav,НҮТС-2023,ch - MN.sav,IM6PENTA2M,Тавт вакцины 2-р тун - Сар,other
C:/tsogoo/Hicheel/erdem shinjilgeenii hural/ecnometric/shine/data/НҮТС-2023/ch - MN.sav,НҮТС-2023,ch - MN.sav,IM6PENTA2Y,Тавт вакцины 2-р тун - Он,other
C:/tsogoo/Hicheel/erdem shinjilgeenii hural/ecnometric/shine/data/НҮТС-2023/ch - MN.sav,НҮТС-2023,ch - MN.sav,IM6PENTA3D,Тавт вакцины 3-р тун - Өдөр,other
C:/tsogoo/Hicheel/erdem shinjilgeenii hural/ecnometric/shine/data/НҮТС-2023/ch - MN.sav,НҮТС-2023,ch - MN.sav,IM6PENTA3M,Тавт вакцины 3-р тун - Сар,other
C:/tsogoo/Hicheel/erdem shinjilgeenii hural/ecnometric/shine/data/НҮТС-2023/ch - MN.sav,НҮТС-2023,ch - MN.sav,IM6PENTA3Y,Тавт вакцины 3-р тун - Он,other
C:/tsogoo/Hicheel/erdem shinjilgeenii hural/ecnometric/shine/data/НҮТС-2023/ch - MN.sav,НҮТС-2023,ch - MN.sav,IM6PCV1D,"Улаан бурхан, гахайн хавдар, улаануудын эсрэг вакцины 1-р тун - Өдөр",other
C:/tsogoo/Hicheel/erdem shinjilgeenii hural/ecnometric/shine/data/НҮТС-2023/ch - MN.sav,НҮТС-2023,ch - MN.sav,IM6PCV1M,"Улаан бурхан, гахайн хавдар, улаануудын эсрэг вакцины 1-р тун - Сар",other
C:/tsogoo/Hicheel/erdem shinjilgeenii hural/ecnometric/shine/data/НҮТС-2023/ch - MN.sav,НҮТС-2023,ch - MN.sav,IM6PCV1Y,"Улаан бурхан, гахайн хавдар, улаануудын эсрэг вакцины 1-р тун - Он",other
C:/tsogoo/Hicheel/erdem shinjilgeenii hural/ecnometric/shine/data/НҮТС-2023/ch - MN.sav,НҮТС-2023,ch - MN.sav,IM6PCV2D,"Улаан бурхан, гахайн хавдар, улаануудын эсрэг вакцины 2-р тун - Өдөр",other
C:/tsogoo/Hicheel/erdem shinjilgeenii hural/ecnometric/shine/data/НҮТС-2023/ch - MN.sav,НҮТС-2023,ch - MN.sav,IM6PCV2M,"Улаан бурхан, гахайн хавдар, улаануудын эсрэг вакцины 2-р тун - Сар",other
C:/tsogoo/Hicheel/erdem shinjilgeenii hural/ecnometric/shine/data/НҮТС-2023/ch - MN.sav,НҮТС-2023,ch - MN.sav,IM6PCV2Y,"Улаан бурхан, гахайн хавдар, улаануудын эсрэг вакцины 2-р тун - Он",other
C:/tsogoo/Hicheel/erdem shinjilgeenii hural/ecnometric/shine/data/НҮТС-2023/ch - MN.sav,НҮТС-2023,ch - MN.sav,IM6PCV3D,"Улаан бурхан, гахайн хавдар, улаануудын эсрэг вакцины 3-р тун - Өдөр",other
C:/tsogoo/Hicheel/erdem shinjilgeenii hural/ecnometric/shine/data/НҮТС-2023/ch - MN.sav,НҮТС-2023,ch - MN.sav,IM6PCV3M,"Улаан бурхан, гахайн хавдар, улаануудын эсрэг вакцины 3-р тун - Сар",other
C:/tsogoo/Hicheel/erdem shinjilgeenii hural/ecnometric/shine/data/НҮТС-2023/ch - MN.sav,НҮТС-2023,ch - MN.sav,IM6PCV3Y,"Улаан бурхан, гахайн хавдар, улаануудын эсрэг вакцины 3-р тун - Он",other
C:/tsogoo/Hicheel/erdem shinjilgeenii hural/ecnometric/shine/data/НҮТС-2023/ch - MN.sav,НҮТС-2023,ch - MN.sav,IM6M1D,А гепатитын эсрэг вакцины 1-р тун - Өдөр,other
C:/tsogoo/Hicheel/erdem shinjilgeenii hural/ecnometric/shine/data/НҮТС-2023/ch - MN.sav,НҮТС-2023,ch - MN.sav,IM6M1M,А гепатитын эсрэг вакцины 1-р тун - Сар,other
C:/tsogoo/Hicheel/erdem shinjilgeenii hural/ecnometric/shine/data/НҮТС-2023/ch - MN.sav,НҮТС-2023,ch - MN.sav,IM6M1Y,А гепатитын эсрэг вакцины 1-р тун - Он,other
C:/tsogoo/Hicheel/erdem shinjilgeenii hural/ecnometric/shine/data/НҮТС-2023/ch - MN.sav,НҮТС-2023,ch - MN.sav,IM6M2D,А гепатитын эсрэг вакцины 2-р тун - Өдөр,other
C:/tsogoo/Hicheel/erdem shinjilgeenii hural/ecnometric/shine/data/НҮТС-2023/ch - MN.sav,НҮТС-2023,ch - MN.sav,IM6M2M,А гепатитын эсрэг вакцины 2-р тун - Сар,other
C:/tsogoo/Hicheel/erdem shinjilgeenii hural/ecnometric/shine/data/НҮТС-2023/ch - MN.sav,НҮТС-2023,ch - MN.sav,IM6M2Y,А гепатитын эсрэг вакцины 2-р тун - Он,other
C:/tsogoo/Hicheel/erdem shinjilgeenii hural/ecnometric/shine/data/НҮТС-2023/ch - MN.sav,НҮТС-2023,ch - MN.sav,IM8A,5-р сарын вакцинжуулалт,other
C:/tsogoo/Hicheel/erdem shinjilgeenii hural/ecnometric/shine/data/НҮТС-2023/ch - MN.sav,НҮТС-2023,ch - MN.sav,IM8B,10-р сарын вакцинжуулалт,other
C:/tsogoo/Hicheel/erdem shinjilgeenii hural/ecnometric/shine/data/НҮТС-2023/ch - MN.sav,НҮТС-2023,ch - MN.sav,IM9,Үзүүлсэн баримт бичигт бүртгэгдсэн вакцинаас гадна өөр вакцин хийлгэсэн эсэх,parents_family
C:/tsogoo/Hicheel/erdem shinjilgeenii hural/ecnometric/shine/data/НҮТС-2023/ch - MN.sav,НҮТС-2023,ch - MN.sav,IM11,Ямар нэг вакцин хийлгэж байсан эсэх,parents_family
C:/tsogoo/Hicheel/erdem shinjilgeenii hural/ecnometric/shine/data/НҮТС-2023/ch - MN.sav,НҮТС-2023,ch - MN.sav,IM12A,5-р сарын вакцинжуулалт,other
C:/tsogoo/Hicheel/erdem shinjilgeenii hural/ecnometric/shine/data/НҮТС-2023/ch - MN.sav,НҮТС-2023,ch - MN.sav,IM12B,10-р сарын вакцинжуулалт,other
C:/tsogoo/Hicheel/erdem shinjilgeenii hural/ecnometric/shine/data/НҮТС-2023/ch - MN.sav,НҮТС-2023,ch - MN.sav,IM14,Сүрьеэгийн эсрэг вакцин хийлгэж байсан эсэх,parents_family
C:/tsogoo/Hicheel/erdem shinjilgeenii hural/ecnometric/shine/data/НҮТС-2023/ch - MN.sav,НҮТС-2023,ch - MN.sav,IM15A,Төрсний дараа 24 цагийн дотор Б гепатитын эсрэг вакцин хийлгэж байсан эсэх,parents_family
C:/tsogoo/Hicheel/erdem shinjilgeenii hural/ecnometric/shine/data/НҮТС-2023/ch - MN.sav,НҮТС-2023,ch - MN.sav,IM16,Халдварт саагийн эсрэг вакцин уулгаж байсан эсэх,parents_family
C:/tsogoo/Hicheel/erdem shinjilgeenii hural/ecnometric/shine/data/НҮТС-2023/ch - MN.sav,НҮТС-2023,ch - MN.sav,IM17,Төрсний дараа 24 цагийн дотор халдварт саагийн эсрэг вакцины эхний тунг уулгасан эсэх,parents_family
C:/tsogoo/Hicheel/erdem shinjilgeenii hural/ecnometric/shine/data/НҮТС-2023/ch - MN.sav,НҮТС-2023,ch - MN.sav,IM18,Халдварт саагийн эсрэг вакцины хэдэн удаагийн тунг уулгасан,other
C:/tsogoo/Hicheel/erdem shinjilgeenii hural/ecnometric/shine/data/НҮТС-2023/ch - MN.sav,НҮТС-2023,ch - MN.sav,IM20,Тавт вакцин хийлгэж байсан эсэх,parents_family
C:/tsogoo/Hicheel/erdem shinjilgeenii hural/ecnometric/shine/data/НҮТС-2023/ch - MN.sav,НҮТС-2023,ch - MN.sav,IM21,Тавт вакциныг хэдэн удаа хийлгэсэн,other
C:/tsogoo/Hicheel/erdem shinjilgeenii hural/ecnometric/shine/data/НҮТС-2023/ch - MN.sav,НҮТС-2023,ch - MN.sav,IM26,"Улаан бурхан, гахайн хавдар, улаануудын эсрэг вакцин хийлгэж байсан эсэх",parents_family
C:/tsogoo/Hicheel/erdem shinjilgeenii hural/ecnometric/shine/data/НҮТС-2023/ch - MN.sav,НҮТС-2023,ch - MN.sav,IM26A,"Улаан бурхан, гахайн хавдар, улаануудын эсрэг вакцин хэдэн удаа хийлгэсэн",other
C:/tsogoo/Hicheel/erdem shinjilgeenii hural/ecnometric/shine/data/НҮТС-2023/ch - MN.sav,НҮТС-2023,ch - MN.sav,DA1,"Сүүлийн 14 хоногт суулгаж, гүйлгэсэн эсэх",parents_family
C:/tsogoo/Hicheel/erdem shinjilgeenii hural/ecnometric/shine/data/НҮТС-2023/ch - MN.sav,НҮТС-2023,ch - MN.sav,DA3,"Суулгаж, гүйлгэх үед нь шингэн зүйлийг ердийнхөөс их хэмжээтэй, ердийнхтэй ижил, эсвэл ердийнхөөс бага уулгасан уу?",parents_family
C:/tsogoo/Hicheel/erdem shinjilgeenii hural/ecnometric/shine/data/НҮТС-2023/ch - MN.sav,НҮТС-2023,ch - MN.sav,DA4,"Суулгаж, гүйлгэх үед нь идэх зүйлийг ердийнхөөс их хэмжээтэй, ердийнхтэй ижил, эсвэл ердийнхөөс бага идүүлсэн үү?",parents_family
C:/tsogoo/Hicheel/erdem shinjilgeenii hural/ecnometric/shine/data/НҮТС-2023/ch - MN.sav,НҮТС-2023,ch - MN.sav,DA5,"Суулгаж, гүйлгэх үед нь хаа нэг газар, хэн нэгэнд хандан эмчилгээ, зөвлөгөө авсан эсэх",parents_family
C:/tsogoo/Hicheel/erdem shinjilgeenii hural/ecnometric/shine/data/НҮТС-2023/ch - MN.sav,НҮТС-2023,ch - MN.sav,DA6A,Хандсан газар: Улсын - 3-р шатлалын эмнэлэг,other
C:/tsogoo/Hicheel/erdem shinjilgeenii hural/ecnometric/shine/data/НҮТС-2023/ch - MN.sav,НҮТС-2023,ch - MN.sav,DA6B,"Хандсан газар: Эх, хүүхдийн эрүүл мэндийн төв",parents_family
C:/tsogoo/Hicheel/erdem shinjilgeenii hural/ecnometric/shine/data/НҮТС-2023/ch - MN.sav,НҮТС-2023,ch - MN.sav,DA6C,Хандсан газар: Улсын - 2-р шатлалын эмнэлэг,other
C:/tsogoo/Hicheel/erdem shinjilgeenii hural/ecnometric/shine/data/НҮТС-2023/ch - MN.sav,НҮТС-2023,ch - MN.sav,DA6D,Хандсан газар: Улсын - Сумын / өрхийн эмнэлэг,wealth_assets_housing
C:/tsogoo/Hicheel/erdem shinjilgeenii hural/ecnometric/shine/data/НҮТС-2023/ch - MN.sav,НҮТС-2023,ch - MN.sav,DA6F,Хандсан газар: Яаралтай түргэн тусламж,wealth_assets_housing
C:/tsogoo/Hicheel/erdem shinjilgeenii hural/ecnometric/shine/data/НҮТС-2023/ch - MN.sav,НҮТС-2023,ch - MN.sav,DA6I,Хандсан газар: Хувийн - Эмнэлэг,other
C:/tsogoo/Hicheel/erdem shinjilgeenii hural/ecnometric/shine/data/НҮТС-2023/ch - MN.sav,НҮТС-2023,ch - MN.sav,DA6J,Хандсан газар: Хувийн - Эмч,other
C:/tsogoo/Hicheel/erdem shinjilgeenii hural/ecnometric/shine/data/НҮТС-2023/ch - MN.sav,НҮТС-2023,ch - MN.sav,DA6K,Хандсан газар: Хувийн - Эмийн сан,other
C:/tsogoo/Hicheel/erdem shinjilgeenii hural/ecnometric/shine/data/НҮТС-2023/ch - MN.sav,НҮТС-2023,ch - MN.sav,DA6P,Хандсан газар: Бусад - Хамаатан / найз,wealth_assets_housing
C:/tsogoo/Hicheel/erdem shinjilgeenii hural/ecnometric/shine/data/НҮТС-2023/ch - MN.sav,НҮТС-2023,ch - MN.sav,DA6Q,Хандсан газар: Бусад - Дэлгүүр / зах / гудамж,wealth_assets_housing
C:/tsogoo/Hicheel/erdem shinjilgeenii hural/ecnometric/shine/data/НҮТС-2023/ch - MN.sav,НҮТС-2023,ch - MN.sav,DA6R,Хандсан газар: Бусад - Уламжлалт эмчилгээний эмч,wealth_assets_housing
C:/tsogoo/Hicheel/erdem shinjilgeenii hural/ecnometric/shine/data/НҮТС-2023/ch - MN.sav,НҮТС-2023,ch - MN.sav,DA6X,Хандсан газар: Бусад (тодруулах),wealth_assets_housing
C:/tsogoo/Hicheel/erdem shinjilgeenii hural/ecnometric/shine/data/НҮТС-2023/ch - MN.sav,НҮТС-2023,ch - MN.sav,DA6Z,Хандсан газар: Мэдэхгүй / Санахгүй байна,parents_family
C:/tsogoo/Hicheel/erdem shinjilgeenii hural/ecnometric/shine/data/НҮТС-2023/ch - MN.sav,НҮТС-2023,ch - MN.sav,DA6NR,Хандсан газар: Хариулаагүй,other
C:/tsogoo/Hicheel/erdem shinjilgeenii hural/ecnometric/shine/data/НҮТС-2023/ch - MN.sav,НҮТС-2023,ch - MN.sav,DA8,"Анх хаана, хэнд хандсан бэ?",other
C:/tsogoo/Hicheel/erdem shinjilgeenii hural/ecnometric/shine/data/НҮТС-2023/ch - MN.sav,НҮТС-2023,ch - MN.sav,DA9A,Нунтаг шингэн сэлбэх давсны уусмал уулгасан эсэх,wealth_assets_housing
C:/tsogoo/Hicheel/erdem shinjilgeenii hural/ecnometric/shine/data/НҮТС-2023/ch - MN.sav,НҮТС-2023,ch - MN.sav,DA9B,Шингэн шингэн сэлбэх давсны уусмал уулгасан эсэх,wealth_assets_housing
C:/tsogoo/Hicheel/erdem shinjilgeenii hural/ecnometric/shine/data/НҮТС-2023/ch - MN.sav,НҮТС-2023,ch - MN.sav,DA9C,Цайрын бэлдмэл,other
C:/tsogoo/Hicheel/erdem shinjilgeenii hural/ecnometric/shine/data/НҮТС-2023/ch - MN.sav,НҮТС-2023,ch - MN.sav,DA9D,"Гэрийн нөхцөлд бэлтгэсэн ШСДУ, шингэн шөл, будааны шүүс, тараг, хярам зэрэг шингэн уулгасан эсэх",parents_family
C:/tsogoo/Hicheel/erdem shinjilgeenii hural/ecnometric/shine/data/НҮТС-2023/ch - MN.sav,НҮТС-2023,ch - MN.sav,DA10,"Суулгаж, гүйлгэж байхад өөр эмчилгээ хийсэн эсэх",parents_family
C:/tsogoo/Hicheel/erdem shinjilgeenii hural/ecnometric/shine/data/НҮТС-2023/ch - MN.sav,НҮТС-2023,ch - MN.sav,DA11A,"Өөр эмчилгээ: Эм, сироп - Антибиотик",other
C:/tsogoo/Hicheel/erdem shinjilgeenii hural/ecnometric/shine/data/НҮТС-2023/ch - MN.sav,НҮТС-2023,ch - MN.sav,DA11B,"Өөр эмчилгээ: Эм, сироп - Гэдэсний гүрвэлзэх хөдөлгөөн сааруулагч",parents_family
C:/tsogoo/Hicheel/erdem shinjilgeenii hural/ecnometric/shine/data/НҮТС-2023/ch - MN.sav,НҮТС-2023,ch - MN.sav,DA11G,"Өөр эмчилгээ: Эм, сироп - Бусад",wealth_assets_housing
C:/tsogoo/Hicheel/erdem shinjilgeenii hural/ecnometric/shine/data/НҮТС-2023/ch - MN.sav,НҮТС-2023,ch - MN.sav,DA11H,"Өөр эмчилгээ: Эм, сироп - Нэрийг нь мэдэхгүй",parents_family
C:/tsogoo/Hicheel/erdem shinjilgeenii hural/ecnometric/shine/data/НҮТС-2023/ch - MN.sav,НҮТС-2023,ch - MN.sav,DA11L,Өөр эмчилгээ: Тариа - Антибиотик,other
C:/tsogoo/Hicheel/erdem shinjilgeenii hural/ecnometric/shine/data/НҮТС-2023/ch - MN.sav,НҮТС-2023,ch - MN.sav,DA11M,Өөр эмчилгээ: Тариа - Антибиотик биш,other
C:/tsogoo/Hicheel/erdem shinjilgeenii hural/ecnometric/shine/data/НҮТС-2023/ch - MN.sav,НҮТС-2023,ch - MN.sav,DA11N,Өөр эмчилгээ: Тариа - Нэрийг нь мэдэхгүй,parents_family
C:/tsogoo/Hicheel/erdem shinjilgeenii hural/ecnometric/shine/data/НҮТС-2023/ch - MN.sav,НҮТС-2023,ch - MN.sav,DA11O,Өөр эмчилгээ: Дуслын шингэн,wealth_assets_housing
C:/tsogoo/Hicheel/erdem shinjilgeenii hural/ecnometric/shine/data/НҮТС-2023/ch - MN.sav,НҮТС-2023,ch - MN.sav,DA11Q,Өөр эмчилгээ: Гэрийн нөхцөлд бэлтгэсэн эм / тан,other
C:/tsogoo/Hicheel/erdem shinjilgeenii hural/ecnometric/shine/data/НҮТС-2023/ch - MN.sav,НҮТС-2023,ch - MN.sav,DA11X,Өөр эмчилгээ: Бусад (тодруулах),wealth_assets_housing
C:/tsogoo/Hicheel/erdem shinjilgeenii hural/ecnometric/shine/data/НҮТС-2023/ch - MN.sav,НҮТС-2023,ch - MN.sav,DA11NR,Өөр эмчилгээ: Хариулаагүй,other
C:/tsogoo/Hicheel/erdem shinjilgeenii hural/ecnometric/shine/data/НҮТС-2023/ch - MN.sav,НҮТС-2023,ch - MN.sav,AR1,Сүүлийн 14 хоногт ханиад хүрсэн эсэх,parents_family
C:/tsogoo/Hicheel/erdem shinjilgeenii hural/ecnometric/shine/data/НҮТС-2023/ch - MN.sav,НҮТС-2023,ch - MN.sav,AR2,"Ханиадтай байхдаа амьсгал нь ердийнхөөс олширч эсвэл амьсгалахад хүндрэлтэй, хэцүү болж байсан эсэх",parents_family
C:/tsogoo/Hicheel/erdem shinjilgeenii hural/ecnometric/shine/data/НҮТС-2023/ch - MN.sav,НҮТС-2023,ch - MN.sav,AR3,"Амьсгал нь олширч, эсвэл амьсгалахад хүндрэлтэй, хэцүү болсон нь цээжнээсээ эсвэл хамар нь битүүрснээс эсэх",parents_family
C:/tsogoo/Hicheel/erdem shinjilgeenii hural/ecnometric/shine/data/НҮТС-2023/ch - MN.sav,НҮТС-2023,ch - MN.sav,AR4,"Ханиад хүрсэн/халуурсан үед нь хаа нэг газар, хэн нэгэнд хандан эмчилгээ, зөвлөгөө авсан эсэх",parents_family
C:/tsogoo/Hicheel/erdem shinjilgeenii hural/ecnometric/shine/data/НҮТС-2023/ch - MN.sav,НҮТС-2023,ch - MN.sav,AR5A,Хандсан газар: Улсын - 3-р шатлалын эмнэлэг,other
C:/tsogoo/Hicheel/erdem shinjilgeenii hural/ecnometric/shine/data/НҮТС-2023/ch - MN.sav,НҮТС-2023,ch - MN.sav,AR5B,"Хандсан газар: Эх, хүүхдийн эрүүл мэндийн төв",parents_family
C:/tsogoo/Hicheel/erdem shinjilgeenii hural/ecnometric/shine/data/НҮТС-2023/ch - MN.sav,НҮТС-2023,ch - MN.sav,AR5C,Хандсан газар: Улсын - 2-р шатлалын эмнэлэг,other
C:/tsogoo/Hicheel/erdem shinjilgeenii hural/ecnometric/shine/data/НҮТС-2023/ch - MN.sav,НҮТС-2023,ch - MN.sav,AR5D,Хандсан газар: Улсын - Сумын / өрхийн эмнэлэг,wealth_assets_housing
C:/tsogoo/Hicheel/erdem shinjilgeenii hural/ecnometric/shine/data/НҮТС-2023/ch - MN.sav,НҮТС-2023,ch - MN.sav,AR5F,Хандсан газар: Яаралтай түргэн тусламж,wealth_assets_housing
C:/tsogoo/Hicheel/erdem shinjilgeenii hural/ecnometric/shine/data/НҮТС-2023/ch - MN.sav,НҮТС-2023,ch - MN.sav,AR5I,Хандсан газар: Хувийн - Эмнэлэг,other
C:/tsogoo/Hicheel/erdem shinjilgeenii hural/ecnometric/shine/data/НҮТС-2023/ch - MN.sav,НҮТС-2023,ch - MN.sav,AR5J,Хандсан газар: Хувийн - Эмч,other
C:/tsogoo/Hicheel/erdem shinjilgeenii hural/ecnometric/shine/data/НҮТС-2023/ch - MN.sav,НҮТС-2023,ch - MN.sav,AR5K,Хандсан газар: Хувийн - Эмийн сан,other
C:/tsogoo/Hicheel/erdem shinjilgeenii hural/ecnometric/shine/data/НҮТС-2023/ch - MN.sav,НҮТС-2023,ch - MN.sav,AR5W,"Хандсан газар: Улсын, хувийн аль нь болохыг мэдэхгүй",parents_family
C:/tsogoo/Hicheel/erdem shinjilgeenii hural/ecnometric/shine/data/НҮТС-2023/ch - MN.sav,НҮТС-2023,ch - MN.sav,AR5P,Хандсан газар: Бусад - Хамаатан / найз,wealth_assets_housing
C:/tsogoo/Hicheel/erdem shinjilgeenii hural/ecnometric/shine/data/НҮТС-2023/ch - MN.sav,НҮТС-2023,ch - MN.sav,AR5Q,Хандсан газар: Бусад - Дэлгүүр / зах / гудамж,wealth_assets_housing
C:/tsogoo/Hicheel/erdem shinjilgeenii hural/ecnometric/shine/data/НҮТС-2023/ch - MN.sav,НҮТС-2023,ch - MN.sav,AR5R,Хандсан газар: Бусад - Уламжлалт эмчилгээний эмч,wealth_assets_housing
C:/tsogoo/Hicheel/erdem shinjilgeenii hural/ecnometric/shine/data/НҮТС-2023/ch - MN.sav,НҮТС-2023,ch - MN.sav,AR5X,Хандсан газар: Бусад (тодруулах),wealth_assets_housing
C:/tsogoo/Hicheel/erdem shinjilgeenii hural/ecnometric/shine/data/НҮТС-2023/ch - MN.sav,НҮТС-2023,ch - MN.sav,AR5Z,Хандсан газар: Мэдэхгүй / Санахгүй байна,parents_family
C:/tsogoo/Hicheel/erdem shinjilgeenii hural/ecnometric/shine/data/НҮТС-2023/ch - MN.sav,НҮТС-2023,ch - MN.sav,AR5NR,Хандсан газар: Хариулаагүй,other
C:/tsogoo/Hicheel/erdem shinjilgeenii hural/ecnometric/shine/data/НҮТС-2023/ch - MN.sav,НҮТС-2023,ch - MN.sav,AR7,"Анх хаана, хэнд хандсан бэ?",other
C:/tsogoo/Hicheel/erdem shinjilgeenii hural/ecnometric/shine/data/НҮТС-2023/ch - MN.sav,НҮТС-2023,ch - MN.sav,AR8,Өвдөж эхэлснээс хойш хэдэн хоногын дараа тусламж авахаар хандсан бэ?,wealth_assets_housing
C:/tsogoo/Hicheel/erdem shinjilgeenii hural/ecnometric/shine/data/НҮТС-2023/ch - MN.sav,НҮТС-2023,ch - MN.sav,AR9,"Ханиад хүрсэн/халуурсан үед нь ямар нэгэн эм, тариа хэрэглэсэн үү?",other
C:/tsogoo/Hicheel/erdem shinjilgeenii hural/ecnometric/shine/data/НҮТС-2023/ch - MN.sav,НҮТС-2023,ch - MN.sav,AR10L,"Хэрэглэсэн эм, тариа: Антибиотик - Амоксициллин",other
C:/tsogoo/Hicheel/erdem shinjilgeenii hural/ecnometric/shine/data/НҮТС-2023/ch - MN.sav,НҮТС-2023,ch - MN.sav,AR10M,"Хэрэглэсэн эм, тариа: Антибиотик - Котримоксазол",other
C:/tsogoo/Hicheel/erdem shinjilgeenii hural/ecnometric/shine/data/НҮТС-2023/ch - MN.sav,НҮТС-2023,ch - MN.sav,AR10N,"Хэрэглэсэн эм, тариа: Антибиотик - Бусад - Шахмал / сироп",wealth_assets_housing
C:/tsogoo/Hicheel/erdem shinjilgeenii hural/ecnometric/shine/data/НҮТС-2023/ch - MN.sav,НҮТС-2023,ch - MN.sav,AR10O,"Хэрэглэсэн эм, тариа: Антибиотик - Бусад - Тариа",wealth_assets_housing
C:/tsogoo/Hicheel/erdem shinjilgeenii hural/ecnometric/shine/data/НҮТС-2023/ch - MN.sav,НҮТС-2023,ch - MN.sav,AR10R,"Хэрэглэсэн эм, тариа: Бусад - Парацетамол / Панадол / ацетаминофен",wealth_assets_housing
C:/tsogoo/Hicheel/erdem shinjilgeenii hural/ecnometric/shine/data/НҮТС-2023/ch - MN.sav,НҮТС-2023,ch - MN.sav,AR10S,"Хэрэглэсэн эм, тариа: Бусад - Аспирин",wealth_assets_housing
C:/tsogoo/Hicheel/erdem shinjilgeenii hural/ecnometric/shine/data/НҮТС-2023/ch - MN.sav,НҮТС-2023,ch - MN.sav,AR10T,"Хэрэглэсэн эм, тариа: Бусад - Ибупрофен (нурофен)",wealth_assets_housing
C:/tsogoo/Hicheel/erdem shinjilgeenii hural/ecnometric/shine/data/НҮТС-2023/ch - MN.sav,НҮТС-2023,ch - MN.sav,AR10U,"Хэрэглэсэн эм, тариа: Бусад - Вирусын эсрэг",wealth_assets_housing
C:/tsogoo/Hicheel/erdem shinjilgeenii hural/ecnometric/shine/data/НҮТС-2023/ch - MN.sav,НҮТС-2023,ch - MN.sav,AR10V,"Хэрэглэсэн эм, тариа: Бусад - Мөөгөнцөрийн эсрэг",wealth_assets_housing
C:/tsogoo/Hicheel/erdem shinjilgeenii hural/ecnometric/shine/data/НҮТС-2023/ch - MN.sav,НҮТС-2023,ch - MN.sav,AR10P,"Хэрэглэсэн эм, тариа: Бусад - Гэдэсний ашигтай бактери",wealth_assets_housing
C:/tsogoo/Hicheel/erdem shinjilgeenii hural/ecnometric/shine/data/НҮТС-2023/ch - MN.sav,НҮТС-2023,ch - MN.sav,AR10Q,"Хэрэглэсэн эм, тариа: Бусад - Харшлын эм (Кетотофин, Цитризин, Хлорфинамин)",wealth_assets_housing
C:/tsogoo/Hicheel/erdem shinjilgeenii hural/ecnometric/shine/data/НҮТС-2023/ch - MN.sav,НҮТС-2023,ch - MN.sav,AR10I,"Хэрэглэсэн эм, тариа: Бусад - Амин дэм (С, Д, мульти витамин)",wealth_assets_housing
C:/tsogoo/Hicheel/erdem shinjilgeenii hural/ecnometric/shine/data/НҮТС-2023/ch - MN.sav,НҮТС-2023,ch - MN.sav,AR10W,"Хэрэглэсэн эм, тариа: Эм, тарианы төрлийг мэдэхгүй (зөвхөн нэрийг хэлсэн)",parents_family
C:/tsogoo/Hicheel/erdem shinjilgeenii hural/ecnometric/shine/data/НҮТС-2023/ch - MN.sav,НҮТС-2023,ch - MN.sav,AR10X,"Хэрэглэсэн эм, тариа: Бусад (тодруулах)",wealth_assets_housing
C:/tsogoo/Hicheel/erdem shinjilgeenii hural/ecnometric/shine/data/НҮТС-2023/ch - MN.sav,НҮТС-2023,ch - MN.sav,AR10Z,"Хэрэглэсэн эм, тариа: Мэдэхгүй",parents_family
C:/tsogoo/Hicheel/erdem shinjilgeenii hural/ecnometric/shine/data/НҮТС-2023/ch - MN.sav,НҮТС-2023,ch - MN.sav,AR10NR,"Хэрэглэсэн эм, тариа: Хариулаагүй",other
C:/tsogoo/Hicheel/erdem shinjilgeenii hural/ecnometric/shine/data/НҮТС-2023/ch - MN.sav,НҮТС-2023,ch - MN.sav,AN1,Түүвэрлэгдсэн нэгжийн дугаар,demographics_geo_weights
C:/tsogoo/Hicheel/erdem shinjilgeenii hural/ecnometric/shine/data/НҮТС-2023/ch - MN.sav,НҮТС-2023,ch - MN.sav,AN2,Өрхийн дугаар,wealth_assets_housing
C:/tsogoo/Hicheel/erdem shinjilgeenii hural/ecnometric/shine/data/НҮТС-2023/ch - MN.sav,НҮТС-2023,ch - MN.sav,AN3,Хүүхдийн мөрийн дугаар,other
C:/tsogoo/Hicheel/erdem shinjilgeenii hural/ecnometric/shine/data/НҮТС-2023/ch - MN.sav,НҮТС-2023,ch - MN.sav,AN4,Хүүхдийн нас,demographics_geo_weights
C:/tsogoo/Hicheel/erdem shinjilgeenii hural/ecnometric/shine/data/НҮТС-2023/ch - MN.sav,НҮТС-2023,ch - MN.sav,AN5,Эх/ асран хамгаалагчийн мөрийн дугаар,parents_family
C:/tsogoo/Hicheel/erdem shinjilgeenii hural/ecnometric/shine/data/НҮТС-2023/ch - MN.sav,НҮТС-2023,ch - MN.sav,AN6,Ярилцлага авагчийн дугаар,other
C:/tsogoo/Hicheel/erdem shinjilgeenii hural/ecnometric/shine/data/НҮТС-2023/ch - MN.sav,НҮТС-2023,ch - MN.sav,AN8,Хүүхдийн жин,demographics_geo_weights
C:/tsogoo/Hicheel/erdem shinjilgeenii hural/ecnometric/shine/data/НҮТС-2023/ch - MN.sav,НҮТС-2023,ch - MN.sav,AN9,Хүүхдийн хувцсыг нимгэлсэн эсэх,parents_family
C:/tsogoo/Hicheel/erdem shinjilgeenii hural/ecnometric/shine/data/НҮТС-2023/ch - MN.sav,НҮТС-2023,ch - MN.sav,AN11,Хүүхдийн урт/ өндөр,health_disability_nutrition
C:/tsogoo/Hicheel/erdem shinjilgeenii hural/ecnometric/shine/data/НҮТС-2023/ch - MN.sav,НҮТС-2023,ch - MN.sav,AN12,Хүүхдийг хэвтүүлж эсвэл зогсоогоор хэмжсэн эсэх,parents_family
C:/tsogoo/Hicheel/erdem shinjilgeenii hural/ecnometric/shine/data/НҮТС-2023/ch - MN.sav,НҮТС-2023,ch - MN.sav,AN14D,Хэмжилт хийсэн өдөр,other
C:/tsogoo/Hicheel/erdem shinjilgeenii hural/ecnometric/shine/data/НҮТС-2023/ch - MN.sav,НҮТС-2023,ch - MN.sav,AN14M,Хэмжилт хийсэн сар,other
C:/tsogoo/Hicheel/erdem shinjilgeenii hural/ecnometric/shine/data/НҮТС-2023/ch - MN.sav,НҮТС-2023,ch - MN.sav,AN14Y,Хэмжилт хийсэн он,other
C:/tsogoo/Hicheel/erdem shinjilgeenii hural/ecnometric/shine/data/НҮТС-2023/ch - MN.sav,НҮТС-2023,ch - MN.sav,HF1,Түүвэрлэгдсэн нэгжийн дугаар,demographics_geo_weights
C:/tsogoo/Hicheel/erdem shinjilgeenii hural/ecnometric/shine/data/НҮТС-2023/ch - MN.sav,НҮТС-2023,ch - MN.sav,HF2,Өрхийн дугаар,wealth_assets_housing
C:/tsogoo/Hicheel/erdem shinjilgeenii hural/ecnometric/shine/data/НҮТС-2023/ch - MN.sav,НҮТС-2023,ch - MN.sav,HF3,Хүүхдийн мөрийн дугаар,other
C:/tsogoo/Hicheel/erdem shinjilgeenii hural/ecnometric/shine/data/НҮТС-2023/ch - MN.sav,НҮТС-2023,ch - MN.sav,HF4,Эх/ асран хамгаалагчийн мөрийн дугаар,parents_family
C:/tsogoo/Hicheel/erdem shinjilgeenii hural/ecnometric/shine/data/НҮТС-2023/ch - MN.sav,НҮТС-2023,ch - MN.sav,HF5,Ярилцлага авагчийн дугаар,other
C:/tsogoo/Hicheel/erdem shinjilgeenii hural/ecnometric/shine/data/НҮТС-2023/ch - MN.sav,НҮТС-2023,ch - MN.sav,HF11D,"Вакцины карт/ эх, хүүхдийн эрүүл мэндийн дэвтэрт тэмдэглэсэн хүүхдийн төрсөн өдөр",parents_family
C:/tsogoo/Hicheel/erdem shinjilgeenii hural/ecnometric/shine/data/НҮТС-2023/ch - MN.sav,НҮТС-2023,ch - MN.sav,HF11M,"Вакцины карт/ эх, хүүхдийн эрүүл мэндийн дэвтэрт тэмдэглэсэн хүүхдийн төрсөн сар",parents_family
C:/tsogoo/Hicheel/erdem shinjilgeenii hural/ecnometric/shine/data/НҮТС-2023/ch - MN.sav,НҮТС-2023,ch - MN.sav,HF11Y,"Вакцины карт/ эх, хүүхдийн эрүүл мэндийн дэвтэрт тэмдэглэсэн хүүхдийн төрсөн он",parents_family
C:/tsogoo/Hicheel/erdem shinjilgeenii hural/ecnometric/shine/data/НҮТС-2023/ch - MN.sav,НҮТС-2023,ch - MN.sav,HF12BD,Сүрьеэгийн эсрэг вакцин - Өдөр,other
C:/tsogoo/Hicheel/erdem shinjilgeenii hural/ecnometric/shine/data/НҮТС-2023/ch - MN.sav,НҮТС-2023,ch - MN.sav,HF12BM,Сүрьеэгийн эсрэг вакцин - Сар,other
C:/tsogoo/Hicheel/erdem shinjilgeenii hural/ecnometric/shine/data/НҮТС-2023/ch - MN.sav,НҮТС-2023,ch - MN.sav,HF12BY,Сүрьеэгийн эсрэг вакцин - Он,other
C:/tsogoo/Hicheel/erdem shinjilgeenii hural/ecnometric/shine/data/НҮТС-2023/ch - MN.sav,НҮТС-2023,ch - MN.sav,HF12H0D,Б гепатитын эсрэг вакцин (төрөх үеийн тун) - Өдөр,other
C:/tsogoo/Hicheel/erdem shinjilgeenii hural/ecnometric/shine/data/НҮТС-2023/ch - MN.sav,НҮТС-2023,ch - MN.sav,HF12H0M,Б гепатитын эсрэг вакцин (төрөх үеийн тун) - Сар,other
C:/tsogoo/Hicheel/erdem shinjilgeenii hural/ecnometric/shine/data/НҮТС-2023/ch - MN.sav,НҮТС-2023,ch - MN.sav,HF12H0Y,Б гепатитын эсрэг вакцин (төрөх үеийн тун) - Он,other
C:/tsogoo/Hicheel/erdem shinjilgeenii hural/ecnometric/shine/data/НҮТС-2023/ch - MN.sav,НҮТС-2023,ch - MN.sav,HF12P0D,Халдварт саагийн эсрэг вакцины (төрөх үеийн тун) - Өдөр,other
C:/tsogoo/Hicheel/erdem shinjilgeenii hural/ecnometric/shine/data/НҮТС-2023/ch - MN.sav,НҮТС-2023,ch - MN.sav,HF12P0M,Халдварт саагийн эсрэг вакцины (төрөх үеийн тун) - Сар,other
C:/tsogoo/Hicheel/erdem shinjilgeenii hural/ecnometric/shine/data/НҮТС-2023/ch - MN.sav,НҮТС-2023,ch - MN.sav,HF12P0Y,Халдварт саагийн эсрэг вакцины (төрөх үеийн тун) - Он,other
C:/tsogoo/Hicheel/erdem shinjilgeenii hural/ecnometric/shine/data/НҮТС-2023/ch - MN.sav,НҮТС-2023,ch - MN.sav,HF12P1D,Халдварт саагийн эсрэг вакцины 1-р тун - Өдөр,other
C:/tsogoo/Hicheel/erdem shinjilgeenii hural/ecnometric/shine/data/НҮТС-2023/ch - MN.sav,НҮТС-2023,ch - MN.sav,HF12P1M,Халдварт саагийн эсрэг вакцины 1-р тун - Сар,other
C:/tsogoo/Hicheel/erdem shinjilgeenii hural/ecnometric/shine/data/НҮТС-2023/ch - MN.sav,НҮТС-2023,ch - MN.sav,HF12P1Y,Халдварт саагийн эсрэг вакцины 1-р тун - Он,other
C:/tsogoo/Hicheel/erdem shinjilgeenii hural/ecnometric/shine/data/НҮТС-2023/ch - MN.sav,НҮТС-2023,ch - MN.sav,HF12P2D,Халдварт саагийн эсрэг вакцины 2-р тун - Өдөр,other
C:/tsogoo/Hicheel/erdem shinjilgeenii hural/ecnometric/shine/data/НҮТС-2023/ch - MN.sav,НҮТС-2023,ch - MN.sav,HF12P2M,Халдварт саагийн эсрэг вакцины 2-р тун - Сар,other
C:/tsogoo/Hicheel/erdem shinjilgeenii hural/ecnometric/shine/data/НҮТС-2023/ch - MN.sav,НҮТС-2023,ch - MN.sav,HF12P2Y,Халдварт саагийн эсрэг вакцины 2-р тун - Он,other
C:/tsogoo/Hicheel/erdem shinjilgeenii hural/ecnometric/shine/data/НҮТС-2023/ch - MN.sav,НҮТС-2023,ch - MN.sav,HF12P3D,Халдварт саагийн эсрэг вакцины 3-р тун - Өдөр,other
C:/tsogoo/Hicheel/erdem shinjilgeenii hural/ecnometric/shine/data/НҮТС-2023/ch - MN.sav,НҮТС-2023,ch - MN.sav,HF12P3M,Халдварт саагийн эсрэг вакцины 3-р тун - Сар,other
C:/tsogoo/Hicheel/erdem shinjilgeenii hural/ecnometric/shine/data/НҮТС-2023/ch - MN.sav,НҮТС-2023,ch - MN.sav,HF12P3Y,Халдварт саагийн эсрэг вакцины 3-р тун - Он,other
C:/tsogoo/Hicheel/erdem shinjilgeenii hural/ecnometric/shine/data/НҮТС-2023/ch - MN.sav,НҮТС-2023,ch - MN.sav,HF12PENTA1D,Тавт вакцины 1-р тун - Өдөр,other
C:/tsogoo/Hicheel/erdem shinjilgeenii hural/ecnometric/shine/data/НҮТС-2023/ch - MN.sav,НҮТС-2023,ch - MN.sav,HF12PENTA1M,Тавт вакцины 1-р тун - Сар,other
C:/tsogoo/Hicheel/erdem shinjilgeenii hural/ecnometric/shine/data/НҮТС-2023/ch - MN.sav,НҮТС-2023,ch - MN.sav,HF12PENTA1Y,Тавт вакцины 1-р тун - Он,other
C:/tsogoo/Hicheel/erdem shinjilgeenii hural/ecnometric/shine/data/НҮТС-2023/ch - MN.sav,НҮТС-2023,ch - MN.sav,HF12PENTA2D,Тавт вакцины 2-р тун - Өдөр,other
C:/tsogoo/Hicheel/erdem shinjilgeenii hural/ecnometric/shine/data/НҮТС-2023/ch - MN.sav,НҮТС-2023,ch - MN.sav,HF12PENTA2M,Тавт вакцины 2-р тун - Сар,other
C:/tsogoo/Hicheel/erdem shinjilgeenii hural/ecnometric/shine/data/НҮТС-2023/ch - MN.sav,НҮТС-2023,ch - MN.sav,HF12PENTA2Y,Тавт вакцины 2-р тун - Он,other
C:/tsogoo/Hicheel/erdem shinjilgeenii hural/ecnometric/shine/data/НҮТС-2023/ch - MN.sav,НҮТС-2023,ch - MN.sav,HF12PENTA3D,Тавт вакцины 3-р тун - Өдөр,other
C:/tsogoo/Hicheel/erdem shinjilgeenii hural/ecnometric/shine/data/НҮТС-2023/ch - MN.sav,НҮТС-2023,ch - MN.sav,HF12PENTA3M,Тавт вакцины 3-р тун - Сар,other
C:/tsogoo/Hicheel/erdem shinjilgeenii hural/ecnometric/shine/data/НҮТС-2023/ch - MN.sav,НҮТС-2023,ch - MN.sav,HF12PENTA3Y,Тавт вакцины 3-р тун - Он,other
C:/tsogoo/Hicheel/erdem shinjilgeenii hural/ecnometric/shine/data/НҮТС-2023/ch - MN.sav,НҮТС-2023,ch - MN.sav,HF12PCV1D,"Улаан бурхан, гахайн хавдар, улаануудын эсрэг вакцины 1-р тун - Өдөр",other
C:/tsogoo/Hicheel/erdem shinjilgeenii hural/ecnometric/shine/data/НҮТС-2023/ch - MN.sav,НҮТС-2023,ch - MN.sav,HF12PCV1M,"Улаан бурхан, гахайн хавдар, улаануудын эсрэг вакцины 1-р тун - Сар",other
C:/tsogoo/Hicheel/erdem shinjilgeenii hural/ecnometric/shine/data/НҮТС-2023/ch - MN.sav,НҮТС-2023,ch - MN.sav,HF12PCV1Y,"Улаан бурхан, гахайн хавдар, улаануудын эсрэг вакцины 1-р тун - Он",other
C:/tsogoo/Hicheel/erdem shinjilgeenii hural/ecnometric/shine/data/НҮТС-2023/ch - MN.sav,НҮТС-2023,ch - MN.sav,HF12PCV2D,"Улаан бурхан, гахайн хавдар, улаануудын эсрэг вакцины 2-р тун - Өдөр",other
C:/tsogoo/Hicheel/erdem shinjilgeenii hural/ecnometric/shine/data/НҮТС-2023/ch - MN.sav,НҮТС-2023,ch - MN.sav,HF12PCV2M,"Улаан бурхан, гахайн хавдар, улаануудын эсрэг вакцины 2-р тун - Сар",other
C:/tsogoo/Hicheel/erdem shinjilgeenii hural/ecnometric/shine/data/НҮТС-2023/ch - MN.sav,НҮТС-2023,ch - MN.sav,HF12PCV2Y,"Улаан бурхан, гахайн хавдар, улаануудын эсрэг вакцины 2-р тун - Он",other
C:/tsogoo/Hicheel/erdem shinjilgeenii hural/ecnometric/shine/data/НҮТС-2023/ch - MN.sav,НҮТС-2023,ch - MN.sav,HF12PCV3D,"Улаан бурхан, гахайн хавдар, улаануудын эсрэг вакцины 3-р тун - Өдөр",other
C:/tsogoo/Hicheel/erdem shinjilgeenii hural/ecnometric/shine/data/НҮТС-2023/ch - MN.sav,НҮТС-2023,ch - MN.sav,HF12PCV3M,"Улаан бурхан, гахайн хавдар, улаануудын эсрэг вакцины 3-р тун - Сар",other
C:/tsogoo/Hicheel/erdem shinjilgeenii hural/ecnometric/shine/data/НҮТС-2023/ch - MN.sav,НҮТС-2023,ch - MN.sav,HF12PCV3Y,"Улаан бурхан, гахайн хавдар, улаануудын эсрэг вакцины 3-р тун - Он",other
C:/tsogoo/Hicheel/erdem shinjilgeenii hural/ecnometric/shine/data/НҮТС-2023/ch - MN.sav,НҮТС-2023,ch - MN.sav,HF12M1D,А гепатитын эсрэг вакцины 1-р тун - Өдөр,other
C:/tsogoo/Hicheel/erdem shinjilgeenii hural/ecnometric/shine/data/НҮТС-2023/ch - MN.sav,НҮТС-2023,ch - MN.sav,HF12M1M,А гепатитын эсрэг вакцины 1-р тун - Сар,other
C:/tsogoo/Hicheel/erdem shinjilgeenii hural/ecnometric/shine/data/НҮТС-2023/ch - MN.sav,НҮТС-2023,ch - MN.sav,HF12M1Y,А гепатитын эсрэг вакцины 1-р тун - Он,other
C:/tsogoo/Hicheel/erdem shinjilgeenii hural/ecnometric/shine/data/НҮТС-2023/ch - MN.sav,НҮТС-2023,ch - MN.sav,HF12M2D,А гепатитын эсрэг вакцины 2-р тун - Өдөр,other
C:/tsogoo/Hicheel/erdem shinjilgeenii hural/ecnometric/shine/data/НҮТС-2023/ch - MN.sav,НҮТС-2023,ch - MN.sav,HF12M2M,А гепатитын эсрэг вакцины 2-р тун - Сар,other
C:/tsogoo/Hicheel/erdem shinjilgeenii hural/ecnometric/shine/data/НҮТС-2023/ch - MN.sav,НҮТС-2023,ch - MN.sav,HF12M2Y,А гепатитын эсрэг вакцины 2-р тун - Он,other
C:/tsogoo/Hicheel/erdem shinjilgeenii hural/ecnometric/shine/data/НҮТС-2023/ch - MN.sav,НҮТС-2023,ch - MN.sav,HH4,Багийн ахлагчийн дугаар,other
C:/tsogoo/Hicheel/erdem shinjilgeenii hural/ecnometric/shine/data/НҮТС-2023/ch - MN.sav,НҮТС-2023,ch - MN.sav,HH6,Байршил,other
C:/tsogoo/Hicheel/erdem shinjilgeenii hural/ecnometric/shine/data/НҮТС-2023/ch - MN.sav,НҮТС-2023,ch - MN.sav,HH7,Бүс,demographics_geo_weights
C:/tsogoo/Hicheel/erdem shinjilgeenii hural/ecnometric/shine/data/НҮТС-2023/ch - MN.sav,НҮТС-2023,ch - MN.sav,HL4,Хүйс,demographics_geo_weights
C:/tsogoo/Hicheel/erdem shinjilgeenii hural/ecnometric/shine/data/НҮТС-2023/ch - MN.sav,НҮТС-2023,ch - MN.sav,ED5A,"Цэцэрлэгт явж, сургуульд сурч байсан эсэх",education_schooling
C:/tsogoo/Hicheel/erdem shinjilgeenii hural/ecnometric/shine/data/НҮТС-2023/ch - MN.sav,НҮТС-2023,ch - MN.sav,ED5B,Сурч байсан хамгийн дээд шатлалын сургууль,education_schooling
C:/tsogoo/Hicheel/erdem shinjilgeenii hural/ecnometric/shine/data/НҮТС-2023/ch - MN.sav,НҮТС-2023,ch - MN.sav,CDOI,Хүүхдийн асуулга авсан огноо (CMC),other
C:/tsogoo/Hicheel/erdem shinjilgeenii hural/ecnometric/shine/data/НҮТС-2023/ch - MN.sav,НҮТС-2023,ch - MN.sav,CDOB,Хүүхдийн төрсөн огноо (CMC),demographics_geo_weights
C:/tsogoo/Hicheel/erdem shinjilgeenii hural/ecnometric/shine/data/НҮТС-2023/ch - MN.sav,НҮТС-2023,ch - MN.sav,CAGE,Нас (сараар),demographics_geo_weights
C:/tsogoo/Hicheel/erdem shinjilgeenii hural/ecnometric/shine/data/НҮТС-2023/ch - MN.sav,НҮТС-2023,ch - MN.sav,CAGE_6,Нас (сараар),demographics_geo_weights
C:/tsogoo/Hicheel/erdem shinjilgeenii hural/ecnometric/shine/data/НҮТС-2023/ch - MN.sav,НҮТС-2023,ch - MN.sav,CAGE_11,Нас (сараар),demographics_geo_weights
C:/tsogoo/Hicheel/erdem shinjilgeenii hural/ecnometric/shine/data/НҮТС-2023/ch - MN.sav,НҮТС-2023,ch - MN.sav,CAGED,Нас (өдрөөр),demographics_geo_weights
C:/tsogoo/Hicheel/erdem shinjilgeenii hural/ecnometric/shine/data/НҮТС-2023/ch - MN.sav,НҮТС-2023,ch - MN.sav,HAP,Насанд тохирсон өндрийн процентиль (Эрүүл Мэндийн Статистикийн Үндэсний Төв),demographics_geo_weights
C:/tsogoo/Hicheel/erdem shinjilgeenii hural/ecnometric/shine/data/НҮТС-2023/ch - MN.sav,НҮТС-2023,ch - MN.sav,HAZ,Насанд тохирсон өндрийн z оноо (Эрүүл Мэндийн Статистикийн Үндэсний Төв),demographics_geo_weights
C:/tsogoo/Hicheel/erdem shinjilgeenii hural/ecnometric/shine/data/НҮТС-2023/ch - MN.sav,НҮТС-2023,ch - MN.sav,HAM,Жишиг голчоос тооцсон насанд тохирсон өндрийн хувь (Эрүүл Мэндийн Статистикийн Үндэсний Төв),demographics_geo_weights
C:/tsogoo/Hicheel/erdem shinjilgeenii hural/ecnometric/shine/data/НҮТС-2023/ch - MN.sav,НҮТС-2023,ch - MN.sav,WAP,Насанд тохирсон жингийн процентиль (Эрүүл Мэндийн Статистикийн Үндэсний Төв),demographics_geo_weights
C:/tsogoo/Hicheel/erdem shinjilgeenii hural/ecnometric/shine/data/НҮТС-2023/ch - MN.sav,НҮТС-2023,ch - MN.sav,WAZ,Насанд тохирсон жингийн z оноо (Эрүүл Мэндийн Статистикийн Үндэсний Төв),demographics_geo_weights
C:/tsogoo/Hicheel/erdem shinjilgeenii hural/ecnometric/shine/data/НҮТС-2023/ch - MN.sav,НҮТС-2023,ch - MN.sav,WAM,Жишиг голчоос тооцсон насанд тохирсон жингийн хувь (Эрүүл Мэндийн Статистикийн Үндэсний Төв),demographics_geo_weights
C:/tsogoo/Hicheel/erdem shinjilgeenii hural/ecnometric/shine/data/НҮТС-2023/ch - MN.sav,НҮТС-2023,ch - MN.sav,WHP,Өндөрт тохирсон жингийн процентиль (Эрүүл Мэндийн Статистикийн Үндэсний Төв),demographics_geo_weights
C:/tsogoo/Hicheel/erdem shinjilgeenii hural/ecnometric/shine/data/НҮТС-2023/ch - MN.sav,НҮТС-2023,ch - MN.sav,WHZ,Өндөрт тохирсон жингийн z оноо (Эрүүл Мэндийн Статистикийн Үндэсний Төв),demographics_geo_weights
C:/tsogoo/Hicheel/erdem shinjilgeenii hural/ecnometric/shine/data/НҮТС-2023/ch - MN.sav,НҮТС-2023,ch - MN.sav,WHM,Жишиг голчоос тооцсон өндөрт тохирсон жингийн хувь (Эрүүл Мэндийн Статистикийн Үндэсний Төв),demographics_geo_weights
C:/tsogoo/Hicheel/erdem shinjilgeenii hural/ecnometric/shine/data/НҮТС-2023/ch - MN.sav,НҮТС-2023,ch - MN.sav,FLAG,Антропометрийн үзүүлэлтүүдийн тэмдэглэсэн утгууд,other
C:/tsogoo/Hicheel/erdem shinjilgeenii hural/ecnometric/shine/data/НҮТС-2023/ch - MN.sav,НҮТС-2023,ch - MN.sav,BMI,Биеийн жингийн индекс (Дэлхийн Эрүүл Мэндийн Байгууллага),demographics_geo_weights
C:/tsogoo/Hicheel/erdem shinjilgeenii hural/ecnometric/shine/data/НҮТС-2023/ch - MN.sav,НҮТС-2023,ch - MN.sav,ZBMI,Биеийн жингийн индексийн z оноо (Дэлхийн Эрүүл Мэндийн Байгууллага),demographics_geo_weights
C:/tsogoo/Hicheel/erdem shinjilgeenii hural/ecnometric/shine/data/НҮТС-2023/ch - MN.sav,НҮТС-2023,ch - MN.sav,HAZ2,Насанд тохирсон өндрийн z оноо (Дэлхийн Эрүүл Мэндийн Байгууллага),demographics_geo_weights
C:/tsogoo/Hicheel/erdem shinjilgeenii hural/ecnometric/shine/data/НҮТС-2023/ch - MN.sav,НҮТС-2023,ch - MN.sav,WAZ2,Насанд тохирсон жингийн z оноо (Дэлхийн Эрүүл Мэндийн Байгууллага),demographics_geo_weights
C:/tsogoo/Hicheel/erdem shinjilgeenii hural/ecnometric/shine/data/НҮТС-2023/ch - MN.sav,НҮТС-2023,ch - MN.sav,WHZ2,Өндөрт тохирсон жингийн z оноо (Дэлхийн Эрүүл Мэндийн Байгууллага),demographics_geo_weights
C:/tsogoo/Hicheel/erdem shinjilgeenii hural/ecnometric/shine/data/НҮТС-2023/ch - MN.sav,НҮТС-2023,ch - MN.sav,HAZFLAG,Насанд тохирсон өндрийн тэмдэглэсэн утгууд (Дэлхийн Эрүүл Мэндийн Байгууллага),demographics_geo_weights
C:/tsogoo/Hicheel/erdem shinjilgeenii hural/ecnometric/shine/data/НҮТС-2023/ch - MN.sav,НҮТС-2023,ch - MN.sav,WAZFLAG,Насанд тохирсон жингийн тэмдэглэсэн утгууд (Дэлхийн Эрүүл Мэндийн Байгууллага),demographics_geo_weights
C:/tsogoo/Hicheel/erdem shinjilgeenii hural/ecnometric/shine/data/НҮТС-2023/ch - MN.sav,НҮТС-2023,ch - MN.sav,WHZFLAG,Өндөрт тохирсон жингийн тэмдэглэсэн утгууд (Дэлхийн Эрүүл Мэндийн Байгууллага),demographics_geo_weights
C:/tsogoo/Hicheel/erdem shinjilgeenii hural/ecnometric/shine/data/НҮТС-2023/ch - MN.sav,НҮТС-2023,ch - MN.sav,BMIFLAG,Биеийн жингийн индексийн тэмдэглэсэн утгууд (Дэлхийн Эрүүл Мэндийн Байгууллага),demographics_geo_weights
C:/tsogoo/Hicheel/erdem shinjilgeenii hural/ecnometric/shine/data/НҮТС-2023/ch - MN.sav,НҮТС-2023,ch - MN.sav,WHZNOAGE,Өндөрт тохирсон жин - Насны тэмдэглэсэн утгууд (Дэлхийн Эрүүл Мэндийн Байгууллага),demographics_geo_weights
C:/tsogoo/Hicheel/erdem shinjilgeenii hural/ecnometric/shine/data/НҮТС-2023/ch - MN.sav,НҮТС-2023,ch - MN.sav,chweight,5 хүртэлх насны хүүхдийн түүврийн жин,demographics_geo_weights
C:/tsogoo/Hicheel/erdem shinjilgeenii hural/ecnometric/shine/data/НҮТС-2023/ch - MN.sav,НҮТС-2023,ch - MN.sav,wscore,Аж байдлын түвшний нэгдсэн оноо,other
C:/tsogoo/Hicheel/erdem shinjilgeenii hural/ecnometric/shine/data/НҮТС-2023/ch - MN.sav,НҮТС-2023,ch - MN.sav,windex5,Аж байдлын түвшний квинтиль,other
C:/tsogoo/Hicheel/erdem shinjilgeenii hural/ecnometric/shine/data/НҮТС-2023/ch - MN.sav,НҮТС-2023,ch - MN.sav,windex10,Аж байдлын түвшний бүлэг,other
C:/tsogoo/Hicheel/erdem shinjilgeenii hural/ecnometric/shine/data/НҮТС-2023/ch - MN.sav,НҮТС-2023,ch - MN.sav,wscoreu,Аж байдлын түвшний нэгдсэн оноо - Хот,demographics_geo_weights
C:/tsogoo/Hicheel/erdem shinjilgeenii hural/ecnometric/shine/data/НҮТС-2023/ch - MN.sav,НҮТС-2023,ch - MN.sav,windex5u,Аж байдлын түвшний квинтиль - хот,demographics_geo_weights
C:/tsogoo/Hicheel/erdem shinjilgeenii hural/ecnometric/shine/data/НҮТС-2023/ch - MN.sav,НҮТС-2023,ch - MN.sav,windex10u,Аж байдлын түвшний бүлэг - хот,demographics_geo_weights
C:/tsogoo/Hicheel/erdem shinjilgeenii hural/ecnometric/shine/data/НҮТС-2023/ch - MN.sav,НҮТС-2023,ch - MN.sav,wscorer,Аж байдлын түвшний нэгдсэн оноо - Хөдөө,demographics_geo_weights
C:/tsogoo/Hicheel/erdem shinjilgeenii hural/ecnometric/shine/data/НҮТС-2023/ch - MN.sav,НҮТС-2023,ch - MN.sav,windex5r,Аж байдлын түвшний квинтиль - хөдөө,demographics_geo_weights
C:/tsogoo/Hicheel/erdem shinjilgeenii hural/ecnometric/shine/data/НҮТС-2023/ch - MN.sav,НҮТС-2023,ch - MN.sav,windex10r,Аж байдлын түвшний бүлэг - хөдөө,demographics_geo_weights
C:/tsogoo/Hicheel/erdem shinjilgeenii hural/ecnometric/shine/data/НҮТС-2023/ch - MN.sav,НҮТС-2023,ch - MN.sav,melevel,Эхийн боловсрол,education_schooling
C:/tsogoo/Hicheel/erdem shinjilgeenii hural/ecnometric/shine/data/НҮТС-2023/ch - MN.sav,НҮТС-2023,ch - MN.sav,cdisability,Үйлдлийн чадварын хүндрэлтэй эсэх (2-4 нас),parents_family
C:/tsogoo/Hicheel/erdem shinjilgeenii hural/ecnometric/shine/data/НҮТС-2023/ch - MN.sav,НҮТС-2023,ch - MN.sav,ListCat,Жагсаалт гаргаж байх үед өрхөд амьдарч байсан 5 болон түүнээс доош насны хүүхэд,wealth_assets_housing
C:/tsogoo/Hicheel/erdem shinjilgeenii hural/ecnometric/shine/data/НҮТС-2023/ch - MN.sav,НҮТС-2023,ch - MN.sav,ethnicity,Өрхийн тэргүүлэгчийн яс үндэс,wealth_assets_housing
C:/tsogoo/Hicheel/erdem shinjilgeenii hural/ecnometric/shine/data/НҮТС-2023/ch - MN.sav,НҮТС-2023,ch - MN.sav,area,"Хот, хөдөө",demographics_geo_weights
C:/tsogoo/Hicheel/erdem shinjilgeenii hural/ecnometric/shine/data/НҮТС-2023/ch - MN.sav,НҮТС-2023,ch - MN.sav,caretakerdis,Эх нь үйлдлийн чадварын хүндрэлтэй эсэх (18-49 нас),wealth_assets_housing
C:/tsogoo/Hicheel/erdem shinjilgeenii hural/ecnometric/shine/data/НҮТС-2023/fs - MN.sav,НҮТС-2023,fs - MN.sav,HH1,Түүвэрлэгдсэн нэгжийн дугаар,demographics_geo_weights
C:/tsogoo/Hicheel/erdem shinjilgeenii hural/ecnometric/shine/data/НҮТС-2023/fs - MN.sav,НҮТС-2023,fs - MN.sav,HH2,Өрхийн дугаар,wealth_assets_housing
C:/tsogoo/Hicheel/erdem shinjilgeenii hural/ecnometric/shine/data/НҮТС-2023/fs - MN.sav,НҮТС-2023,fs - MN.sav,LN,Мөрийн дугаар,other
C:/tsogoo/Hicheel/erdem shinjilgeenii hural/ecnometric/shine/data/НҮТС-2023/fs - MN.sav,НҮТС-2023,fs - MN.sav,FS1,Түүвэрлэгдсэн нэгжийн дугаар,demographics_geo_weights
C:/tsogoo/Hicheel/erdem shinjilgeenii hural/ecnometric/shine/data/НҮТС-2023/fs - MN.sav,НҮТС-2023,fs - MN.sav,FS2,Өрхийн дугаар,wealth_assets_housing
C:/tsogoo/Hicheel/erdem shinjilgeenii hural/ecnometric/shine/data/НҮТС-2023/fs - MN.sav,НҮТС-2023,fs - MN.sav,FS3,Хүүхдийн мөрийн дугаар,other
C:/tsogoo/Hicheel/erdem shinjilgeenii hural/ecnometric/shine/data/НҮТС-2023/fs - MN.sav,НҮТС-2023,fs - MN.sav,FSINT,Ярилцлага авагчийн дугаар,other
C:/tsogoo/Hicheel/erdem shinjilgeenii hural/ecnometric/shine/data/НҮТС-2023/fs - MN.sav,НҮТС-2023,fs - MN.sav,FS3A,Хүүхдийн нэр,other
C:/tsogoo/Hicheel/erdem shinjilgeenii hural/ecnometric/shine/data/НҮТС-2023/fs - MN.sav,НҮТС-2023,fs - MN.sav,FS4A,Эх/ асран хамгаалагчийн нэр,parents_family
C:/tsogoo/Hicheel/erdem shinjilgeenii hural/ecnometric/shine/data/НҮТС-2023/fs - MN.sav,НҮТС-2023,fs - MN.sav,FS4,Эх/ асран хамгаалагчийн мөрийн дугаар,parents_family
C:/tsogoo/Hicheel/erdem shinjilgeenii hural/ecnometric/shine/data/НҮТС-2023/fs - MN.sav,НҮТС-2023,fs - MN.sav,FS5,Ярилцлага авагчийн дугаар,other
C:/tsogoo/Hicheel/erdem shinjilgeenii hural/ecnometric/shine/data/НҮТС-2023/fs - MN.sav,НҮТС-2023,fs - MN.sav,FS6,Багийн ахлагчийн дугаар,other
C:/tsogoo/Hicheel/erdem shinjilgeenii hural/ecnometric/shine/data/НҮТС-2023/fs - MN.sav,НҮТС-2023,fs - MN.sav,FS7D,Ярилцлага авсан өдөр,other
C:/tsogoo/Hicheel/erdem shinjilgeenii hural/ecnometric/shine/data/НҮТС-2023/fs - MN.sav,НҮТС-2023,fs - MN.sav,FS7M,Ярилцлага авсан сар,other
C:/tsogoo/Hicheel/erdem shinjilgeenii hural/ecnometric/shine/data/НҮТС-2023/fs - MN.sav,НҮТС-2023,fs - MN.sav,FS7Y,Ярилцлага авсан он,other
C:/tsogoo/Hicheel/erdem shinjilgeenii hural/ecnometric/shine/data/НҮТС-2023/fs - MN.sav,НҮТС-2023,fs - MN.sav,FS9,Өмнө нь ярилцлага авсан эсэх,parents_family
C:/tsogoo/Hicheel/erdem shinjilgeenii hural/ecnometric/shine/data/НҮТС-2023/fs - MN.sav,НҮТС-2023,fs - MN.sav,FS10,Зөвшөөрөл өгсөн эсэх,parents_family
C:/tsogoo/Hicheel/erdem shinjilgeenii hural/ecnometric/shine/data/НҮТС-2023/fs - MN.sav,НҮТС-2023,fs - MN.sav,FS17,Ярилцлагын үр дүн,other
C:/tsogoo/Hicheel/erdem shinjilgeenii hural/ecnometric/shine/data/НҮТС-2023/fs - MN.sav,НҮТС-2023,fs - MN.sav,FS8H,Ярилцлага эхэлсэн цаг,parents_family
C:/tsogoo/Hicheel/erdem shinjilgeenii hural/ecnometric/shine/data/НҮТС-2023/fs - MN.sav,НҮТС-2023,fs - MN.sav,FS8M,Ярилцлага эхэлсэн минут,parents_family
C:/tsogoo/Hicheel/erdem shinjilgeenii hural/ecnometric/shine/data/НҮТС-2023/fs - MN.sav,НҮТС-2023,fs - MN.sav,FS11H,Ярилцлага дууссан цаг,wealth_assets_housing
C:/tsogoo/Hicheel/erdem shinjilgeenii hural/ecnometric/shine/data/НҮТС-2023/fs - MN.sav,НҮТС-2023,fs - MN.sav,FS11M,Ярилцлага дууссан минут,wealth_assets_housing
C:/tsogoo/Hicheel/erdem shinjilgeenii hural/ecnometric/shine/data/НҮТС-2023/fs - MN.sav,НҮТС-2023,fs - MN.sav,FS12,Асуулгын хуудас бичигдсэн хэл,other
C:/tsogoo/Hicheel/erdem shinjilgeenii hural/ecnometric/shine/data/НҮТС-2023/fs - MN.sav,НҮТС-2023,fs - MN.sav,FS13,Ярилцлага хийсэн хэл,other
C:/tsogoo/Hicheel/erdem shinjilgeenii hural/ecnometric/shine/data/НҮТС-2023/fs - MN.sav,НҮТС-2023,fs - MN.sav,FS14,Ярилцлага өгөгчийн эх хэл,parents_family
C:/tsogoo/Hicheel/erdem shinjilgeenii hural/ecnometric/shine/data/НҮТС-2023/fs - MN.sav,НҮТС-2023,fs - MN.sav,FS15,Ярилцлагын явцад орчуулга ашигласан эсэх,parents_family
C:/tsogoo/Hicheel/erdem shinjilgeenii hural/ecnometric/shine/data/НҮТС-2023/fs - MN.sav,НҮТС-2023,fs - MN.sav,FS15C,Өмнө нь ярилцлага авсан эсэх,parents_family
C:/tsogoo/Hicheel/erdem shinjilgeenii hural/ecnometric/shine/data/НҮТС-2023/fs - MN.sav,НҮТС-2023,fs - MN.sav,FS15EF,Утсаар ярилцлага өгөхийг зөвшөөрсөн эсэх,parents_family
C:/tsogoo/Hicheel/erdem shinjilgeenii hural/ecnometric/shine/data/НҮТС-2023/fs - MN.sav,НҮТС-2023,fs - MN.sav,FS15GH,Өрхийн хэн нэгэн гар утастай эсэх,wealth_assets_housing
C:/tsogoo/Hicheel/erdem shinjilgeenii hural/ecnometric/shine/data/НҮТС-2023/fs - MN.sav,НҮТС-2023,fs - MN.sav,FS15I,Утасны дугаараа өгсөн эсэх,parents_family
C:/tsogoo/Hicheel/erdem shinjilgeenii hural/ecnometric/shine/data/НҮТС-2023/fs - MN.sav,НҮТС-2023,fs - MN.sav,FSHINT,Өрхийн ярилцлага авагчийн дугаар,wealth_assets_housing
C:/tsogoo/Hicheel/erdem shinjilgeenii hural/ecnometric/shine/data/НҮТС-2023/fs - MN.sav,НҮТС-2023,fs - MN.sav,FSFIN,Дуусгах,wealth_assets_housing
C:/tsogoo/Hicheel/erdem shinjilgeenii hural/ecnometric/shine/data/НҮТС-2023/fs - MN.sav,НҮТС-2023,fs - MN.sav,CB0A,Төрсөн эцэг/эх мөн эсэх,parents_family
C:/tsogoo/Hicheel/erdem shinjilgeenii hural/ecnometric/shine/data/НҮТС-2023/fs - MN.sav,НҮТС-2023,fs - MN.sav,CB0B,Асран хамгаалагчын хамаарал,other
C:/tsogoo/Hicheel/erdem shinjilgeenii hural/ecnometric/shine/data/НҮТС-2023/fs - MN.sav,НҮТС-2023,fs - MN.sav,CB2D,Хүүхдийн төрсөн өдөр,demographics_geo_weights
C:/tsogoo/Hicheel/erdem shinjilgeenii hural/ecnometric/shine/data/НҮТС-2023/fs - MN.sav,НҮТС-2023,fs - MN.sav,CB2M,Хүүхдийн төрсөн сар,demographics_geo_weights
C:/tsogoo/Hicheel/erdem shinjilgeenii hural/ecnometric/shine/data/НҮТС-2023/fs - MN.sav,НҮТС-2023,fs - MN.sav,CB2Y,Хүүхдийн төрсөн он,demographics_geo_weights
C:/tsogoo/Hicheel/erdem shinjilgeenii hural/ecnometric/shine/data/НҮТС-2023/fs - MN.sav,НҮТС-2023,fs - MN.sav,CB3,Хүүхдийн нас,demographics_geo_weights
C:/tsogoo/Hicheel/erdem shinjilgeenii hural/ecnometric/shine/data/НҮТС-2023/fs - MN.sav,НҮТС-2023,fs - MN.sav,CB5,"Цэцэрлэгт явж, сургуульд сурч байсан эсэх",education_schooling
C:/tsogoo/Hicheel/erdem shinjilgeenii hural/ecnometric/shine/data/НҮТС-2023/fs - MN.sav,НҮТС-2023,fs - MN.sav,CL1A,"Сүүлийн 7 хоногт өрхийн мал аж ахуй (МАА), газар тариалангийн ажилд тусалсан эсэх",wealth_assets_housing
C:/tsogoo/Hicheel/erdem shinjilgeenii hural/ecnometric/shine/data/НҮТС-2023/fs - MN.sav,НҮТС-2023,fs - MN.sav,CL1B,Сүүлийн 7 хоногт өрхийн болон хамаатныхаа бизнест тусалж эсвэл өөрөө бизнес эрхэлсэн эсэх,wealth_assets_housing
C:/tsogoo/Hicheel/erdem shinjilgeenii hural/ecnometric/shine/data/НҮТС-2023/fs - MN.sav,НҮТС-2023,fs - MN.sav,CL1C,"Сүүлийн 7 хоногт ХАА-н болон хүнсний бүтээгдэхүүн, хувцас, гар урлал, эд бараа үйлдвэрлэх, худалдаалах ажил хийсэн эсэх",parents_family
C:/tsogoo/Hicheel/erdem shinjilgeenii hural/ecnometric/shine/data/НҮТС-2023/fs - MN.sav,НҮТС-2023,fs - MN.sav,CL1X,Сүүлийн 7 хоногт мөнгөн болон мөнгөн бус хэлбэрээр орлого олох зорилгоор өөр ажил хийсэн эсэх,wealth_assets_housing
C:/tsogoo/Hicheel/erdem shinjilgeenii hural/ecnometric/shine/data/НҮТС-2023/fs - MN.sav,НҮТС-2023,fs - MN.sav,CL3,Сүүлийн 7 хоногт дээрх ажилд нийт хэдэн цаг зарцуулсан,work_child_labour
C:/tsogoo/Hicheel/erdem shinjilgeenii hural/ecnometric/shine/data/НҮТС-2023/fs - MN.sav,НҮТС-2023,fs - MN.sav,CL4,"Тухайн ажлыг хийх үед хүнд зүйл өргөх, зөөх шаардлага гардаг эсэх",parents_family
C:/tsogoo/Hicheel/erdem shinjilgeenii hural/ecnometric/shine/data/НҮТС-2023/fs - MN.sav,НҮТС-2023,fs - MN.sav,CL5,Тухайн ажлыг хийх үед аюултай багаж хэрэгсэл (хутга г.м) болон хүнд машин механизм дээр ажиллах шаардлага гардаг эсэх,parents_family
C:/tsogoo/Hicheel/erdem shinjilgeenii hural/ecnometric/shine/data/НҮТС-2023/fs - MN.sav,НҮТС-2023,fs - MN.sav,CL6A,"Ажлын байрны орчин, нөхцөл: тоос, утаа, газ байдаг эсэх",parents_family
C:/tsogoo/Hicheel/erdem shinjilgeenii hural/ecnometric/shine/data/НҮТС-2023/fs - MN.sav,НҮТС-2023,fs - MN.sav,CL6B,"Ажлын байрны орчин, нөхцөл: хэт хүйтэн, халуун, чийглэг эсэх",parents_family
C:/tsogoo/Hicheel/erdem shinjilgeenii hural/ecnometric/shine/data/НҮТС-2023/fs - MN.sav,НҮТС-2023,fs - MN.sav,CL6C,"Ажлын байрны орчин, нөхцөл: хэт их, дуу чимээ, чичиргээтэй эсэх",parents_family
C:/tsogoo/Hicheel/erdem shinjilgeenii hural/ecnometric/shine/data/НҮТС-2023/fs - MN.sav,НҮТС-2023,fs - MN.sav,CL6D,"Ажлын байрны орчин, нөхцөл: 2 метрээс дээш өндөрт ажилладаг эсэх",parents_family
C:/tsogoo/Hicheel/erdem shinjilgeenii hural/ecnometric/shine/data/НҮТС-2023/fs - MN.sav,НҮТС-2023,fs - MN.sav,CL6E,"Ажлын байрны орчин, нөхцөл: химийн (шавьж устгах хор, цавуу г.м) болон тэсрэх бодистой харьцдаг эсэх",wealth_assets_housing
C:/tsogoo/Hicheel/erdem shinjilgeenii hural/ecnometric/shine/data/НҮТС-2023/fs - MN.sav,НҮТС-2023,fs - MN.sav,CL6X,"Ажлын байрны орчин, нөхцөл: эрүүл мэндэд муугаар нөлөөлөх бусад орчин нөхцөлд ажилладаг эсэх",wealth_assets_housing
C:/tsogoo/Hicheel/erdem shinjilgeenii hural/ecnometric/shine/data/НҮТС-2023/fs - MN.sav,НҮТС-2023,fs - MN.sav,CL7,Сүүлийн 7 хоногт өрхийн хэрэглээний усанд явсан эсэх,wealth_assets_housing
C:/tsogoo/Hicheel/erdem shinjilgeenii hural/ecnometric/shine/data/НҮТС-2023/fs - MN.sav,НҮТС-2023,fs - MN.sav,CL8,Сүүлийн 7 хоногт өрхийн хэрэглээндээ ус зөөхөд нийт хэдэн цаг зарцуулсан,wealth_assets_housing
C:/tsogoo/Hicheel/erdem shinjilgeenii hural/ecnometric/shine/data/НҮТС-2023/fs - MN.sav,НҮТС-2023,fs - MN.sav,CL9,Сүүлийн 7 хоногт өрхийн хэрэглээндээ түлээ түлш бэлтгэх ажил хийсэн эсэх,wealth_assets_housing
C:/tsogoo/Hicheel/erdem shinjilgeenii hural/ecnometric/shine/data/НҮТС-2023/fs - MN.sav,НҮТС-2023,fs - MN.sav,CL10,Сүүлийн 7 хоногт өрхийн хэрэглээндээ түлээ түлш бэлтгэх ажилд нийт хэдэн цаг зарцуулсан,wealth_assets_housing
C:/tsogoo/Hicheel/erdem shinjilgeenii hural/ecnometric/shine/data/НҮТС-2023/fs - MN.sav,НҮТС-2023,fs - MN.sav,CL11A,Сүүлийн 7 хоногт дэлгүүр явсан эсэх,parents_family
C:/tsogoo/Hicheel/erdem shinjilgeenii hural/ecnometric/shine/data/НҮТС-2023/fs - MN.sav,НҮТС-2023,fs - MN.sav,CL11B,"Сүүлийн 7 хоногт хоол, цай бэлтгэсэн эсэх",parents_family
C:/tsogoo/Hicheel/erdem shinjilgeenii hural/ecnometric/shine/data/НҮТС-2023/fs - MN.sav,НҮТС-2023,fs - MN.sav,CL11C,"Сүүлийн 7 хоногт аяга, таваг угааж, гэрээ цэвэрлэсэн эсэх",parents_family
C:/tsogoo/Hicheel/erdem shinjilgeenii hural/ecnometric/shine/data/НҮТС-2023/fs - MN.sav,НҮТС-2023,fs - MN.sav,CL11D,Сүүлийн 7 хоногт хувцас угаасан эсэх,parents_family
C:/tsogoo/Hicheel/erdem shinjilgeenii hural/ecnometric/shine/data/НҮТС-2023/fs - MN.sav,НҮТС-2023,fs - MN.sav,CL11E,Сүүлийн 7 хоногт хүүхэд асарсан эсэх,parents_family
C:/tsogoo/Hicheel/erdem shinjilgeenii hural/ecnometric/shine/data/НҮТС-2023/fs - MN.sav,НҮТС-2023,fs - MN.sav,CL11F,"Сүүлийн 7 хоногт өндөр настан, өвчтэй хүн асарсан эсэх",parents_family
C:/tsogoo/Hicheel/erdem shinjilgeenii hural/ecnometric/shine/data/НҮТС-2023/fs - MN.sav,НҮТС-2023,fs - MN.sav,CL11X,Сүүлийн 7 хоногт өөр гэрийн ажил хийсэн эсэх,parents_family
C:/tsogoo/Hicheel/erdem shinjilgeenii hural/ecnometric/shine/data/НҮТС-2023/fs - MN.sav,НҮТС-2023,fs - MN.sav,CL13,Сүүлийн 7 хоногт дээрх ажилд нийт хэдэн цаг зарцуулсан,work_child_labour
C:/tsogoo/Hicheel/erdem shinjilgeenii hural/ecnometric/shine/data/НҮТС-2023/fs - MN.sav,НҮТС-2023,fs - MN.sav,FCD2A,"Дуртай зүйлээ хийх, гэрээс гарахыг хорьсон эсэх",parents_family
C:/tsogoo/Hicheel/erdem shinjilgeenii hural/ecnometric/shine/data/НҮТС-2023/fs - MN.sav,НҮТС-2023,fs - MN.sav,FCD2B,Гаргасан зан ааш нь яагаад буруу гэдгийг тайлбарлаж хэлсэн эсэх,parents_family
C:/tsogoo/Hicheel/erdem shinjilgeenii hural/ecnometric/shine/data/НҮТС-2023/fs - MN.sav,НҮТС-2023,fs - MN.sav,FCD2C,"Дугтчиж, сэгсэрсэн эсэх",parents_family
C:/tsogoo/Hicheel/erdem shinjilgeenii hural/ecnometric/shine/data/НҮТС-2023/fs - MN.sav,НҮТС-2023,fs - MN.sav,FCD2D,"Дугтчиж, сэгсэрсэн эсэх",parents_family
C:/tsogoo/Hicheel/erdem shinjilgeenii hural/ecnometric/shine/data/НҮТС-2023/fs - MN.sav,НҮТС-2023,fs - MN.sav,FCD2E,"Орилж, хашгирсан эсэх",parents_family
C:/tsogoo/Hicheel/erdem shinjilgeenii hural/ecnometric/shine/data/НҮТС-2023/fs - MN.sav,НҮТС-2023,fs - MN.sav,FCD2F,Хүмүүжүүлэх зорилгоор ямар нэг зүйл хийлгэсэн эсэх,parents_family
C:/tsogoo/Hicheel/erdem shinjilgeenii hural/ecnometric/shine/data/НҮТС-2023/fs - MN.sav,НҮТС-2023,fs - MN.sav,FCD2G,"Хонгон дээр нь алгадаж, цохисон эсэх",parents_family
C:/tsogoo/Hicheel/erdem shinjilgeenii hural/ecnometric/shine/data/НҮТС-2023/fs - MN.sav,НҮТС-2023,fs - MN.sav,FCD2H,"Бүс, саваа зэрэг зүйлээр ороолгосон эсэх",parents_family
C:/tsogoo/Hicheel/erdem shinjilgeenii hural/ecnometric/shine/data/НҮТС-2023/fs - MN.sav,НҮТС-2023,fs - MN.sav,FCD2I,"Тэнэг, залхуу зэргээр дуудсан эсэх",parents_family
C:/tsogoo/Hicheel/erdem shinjilgeenii hural/ecnometric/shine/data/НҮТС-2023/fs - MN.sav,НҮТС-2023,fs - MN.sav,FCD2J,"Хацар дээр нь алгадаж, нүүр, толгой руу нь цохиж, чихийг нь мушгисан эсэх",parents_family
C:/tsogoo/Hicheel/erdem shinjilgeenii hural/ecnometric/shine/data/НҮТС-2023/fs - MN.sav,НҮТС-2023,fs - MN.sav,FCD2K,"Гар, тохой, хөл рүү нь алгадаж, цохисон эсэх",parents_family
C:/tsogoo/Hicheel/erdem shinjilgeenii hural/ecnometric/shine/data/НҮТС-2023/fs - MN.sav,НҮТС-2023,fs - MN.sav,FCD3,"Маш хүчтэй олон удаа цохиж, зодсон эсэх",parents_family
C:/tsogoo/Hicheel/erdem shinjilgeenii hural/ecnometric/shine/data/НҮТС-2023/fs - MN.sav,НҮТС-2023,fs - MN.sav,FCD4,5 хүртэлх насны өөр хүүхдийн эх/ асран хамгаалагч мөн эсэх,parents_family
C:/tsogoo/Hicheel/erdem shinjilgeenii hural/ecnometric/shine/data/НҮТС-2023/fs - MN.sav,НҮТС-2023,fs - MN.sav,FCD5,Өөр хүүхдийн хувьд дараахтай ижил асуултад (Асуулт UCD5) хариулсан эсэх,parents_family
C:/tsogoo/Hicheel/erdem shinjilgeenii hural/ecnometric/shine/data/НҮТС-2023/fs - MN.sav,НҮТС-2023,fs - MN.sav,FCF1,"Хүүхдийг зөв өсгөж, хүмүүжүүлэхийн тулд түүнд бие махбодын шийтгэл оногдуулах нь зүйтэй гэж үздэг эсэх",parents_family
C:/tsogoo/Hicheel/erdem shinjilgeenii hural/ecnometric/shine/data/НҮТС-2023/fs - MN.sav,НҮТС-2023,fs - MN.sav,FCF2,Харааны шил эсвэл контакт линз зүүдэг эсэх,parents_family
C:/tsogoo/Hicheel/erdem shinjilgeenii hural/ecnometric/shine/data/НҮТС-2023/fs - MN.sav,НҮТС-2023,fs - MN.sav,FCF3,Сонсголын аппарат зүүдэг эсэх,parents_family
C:/tsogoo/Hicheel/erdem shinjilgeenii hural/ecnometric/shine/data/НҮТС-2023/fs - MN.sav,НҮТС-2023,fs - MN.sav,FCF6,Алхахдаа ямар нэгэн дэмжлэг болох туслах хэрэгсэл эсвэл бусдын тусламж авдаг эсэх,wealth_assets_housing
C:/tsogoo/Hicheel/erdem shinjilgeenii hural/ecnometric/shine/data/НҮТС-2023/fs - MN.sav,НҮТС-2023,fs - MN.sav,FCF8,Юм харахад хүндрэлтэй байдаг эсэх,parents_family
C:/tsogoo/Hicheel/erdem shinjilgeenii hural/ecnometric/shine/data/НҮТС-2023/fs - MN.sav,НҮТС-2023,fs - MN.sav,FCF10,"Хүмүүсийн яриа, хөгжим зэрэг дуу чимээг сонсоход хүндрэлтэй байдаг эсэх",parents_family
C:/tsogoo/Hicheel/erdem shinjilgeenii hural/ecnometric/shine/data/НҮТС-2023/fs - MN.sav,НҮТС-2023,fs - MN.sav,FCF11,Дэмжлэг болох туслах хэрэгсэл эсвэл бусдын тусламжгүйгээр тэгш газар 100 метр алхахад хүндрэлтэй байдаг эсэх,wealth_assets_housing
C:/tsogoo/Hicheel/erdem shinjilgeenii hural/ecnometric/shine/data/НҮТС-2023/fs - MN.sav,НҮТС-2023,fs - MN.sav,FCF12,Дэмжлэг болох туслах хэрэгсэл эсвэл бусдын тусламжгүйгээр тэгш газар 500 метр/хагас км алхахад хүндрэлтэй байдаг эсэх,wealth_assets_housing
C:/tsogoo/Hicheel/erdem shinjilgeenii hural/ecnometric/shine/data/НҮТС-2023/fs - MN.sav,НҮТС-2023,fs - MN.sav,FCF13,Дэмжлэг болох туслах хэрэгсэл эсвэл бусдын тусламжтайгаар тэгш газар 100 метр алхахад хүндрэлтэй байдаг эсэх,wealth_assets_housing
C:/tsogoo/Hicheel/erdem shinjilgeenii hural/ecnometric/shine/data/НҮТС-2023/fs - MN.sav,НҮТС-2023,fs - MN.sav,FCF14,Дэмжлэг болох туслах хэрэгсэл эсвэл бусдын тусламжтайгаар тэгш газар 500 метр/хагас км алхахад хүндрэлтэй байдаг эсэх,wealth_assets_housing
C:/tsogoo/Hicheel/erdem shinjilgeenii hural/ecnometric/shine/data/НҮТС-2023/fs - MN.sav,НҮТС-2023,fs - MN.sav,FCF15,Үеийн хүүхдүүдтэй нь харьцуулахад тэгш газар 100 метр алхахад хүндрэлтэй байдаг эсэх,parents_family
C:/tsogoo/Hicheel/erdem shinjilgeenii hural/ecnometric/shine/data/НҮТС-2023/fs - MN.sav,НҮТС-2023,fs - MN.sav,FCF16,"Хоолоо идэх, хувцсаа өмсөх зэргээр өөрийгөө арчлахад хүндрэлтэй байдаг эсэх",parents_family
C:/tsogoo/Hicheel/erdem shinjilgeenii hural/ecnometric/shine/data/НҮТС-2023/fs - MN.sav,НҮТС-2023,fs - MN.sav,FCF17,Яриаг гэрийнхэн нь ойлгоход хүндрэлтэй байдаг эсэх,parents_family
C:/tsogoo/Hicheel/erdem shinjilgeenii hural/ecnometric/shine/data/НҮТС-2023/fs - MN.sav,НҮТС-2023,fs - MN.sav,FCF18,Яриаг гэрийнхнээс нь бусад хүмүүс ойлгоход хүндрэлтэй байдаг эсэх,wealth_assets_housing
C:/tsogoo/Hicheel/erdem shinjilgeenii hural/ecnometric/shine/data/НҮТС-2023/fs - MN.sav,НҮТС-2023,fs - MN.sav,FCF19,Үеийн хүүхдүүдтэй нь харьцуулахад ямар нэг зүйл сурахад хүндрэлтэй байдаг эсэх,parents_family
C:/tsogoo/Hicheel/erdem shinjilgeenii hural/ecnometric/shine/data/НҮТС-2023/fs - MN.sav,НҮТС-2023,fs - MN.sav,FCF20,"Үеийн хүүхдүүдтэй нь харьцуулахад ямар нэг зүйл санах, тогтооход хүндрэлтэй байдаг эсэх",parents_family
C:/tsogoo/Hicheel/erdem shinjilgeenii hural/ecnometric/shine/data/НҮТС-2023/fs - MN.sav,НҮТС-2023,fs - MN.sav,FCF21,Дуртай зүйлээ хийхдээ анхаарлаа төвлөрүүлэхэд хүндрэлтэй байдаг эсэх,parents_family
C:/tsogoo/Hicheel/erdem shinjilgeenii hural/ecnometric/shine/data/НҮТС-2023/fs - MN.sav,НҮТС-2023,fs - MN.sav,FCF22,"Өдөр тутмын дадал, зуршилд нь өөрчлөлт ороход хүлээж авахад хүндрэлтэй/хэцүү байдаг эсэх",parents_family
C:/tsogoo/Hicheel/erdem shinjilgeenii hural/ecnometric/shine/data/НҮТС-2023/fs - MN.sav,НҮТС-2023,fs - MN.sav,FCF23,Үеийн хүүхдүүдтэй нь харьцуулахад ааш зангаа хянахад хүндрэлтэй байдаг эсэх,parents_family
C:/tsogoo/Hicheel/erdem shinjilgeenii hural/ecnometric/shine/data/НҮТС-2023/fs - MN.sav,НҮТС-2023,fs - MN.sav,FCF24,Найз нөхөдтэй болоход хүндрэлтэй байдаг эсэх,parents_family
C:/tsogoo/Hicheel/erdem shinjilgeenii hural/ecnometric/shine/data/НҮТС-2023/fs - MN.sav,НҮТС-2023,fs - MN.sav,FCF25,"Сэтгэл түгших, бухимдах, санаа зовсон байдал хэр их илэрдэг",other
C:/tsogoo/Hicheel/erdem shinjilgeenii hural/ecnometric/shine/data/НҮТС-2023/fs - MN.sav,НҮТС-2023,fs - MN.sav,FCF26,"Их гуниглах, сэтгэлээр унах байдал хэр их илэрдэг",other
C:/tsogoo/Hicheel/erdem shinjilgeenii hural/ecnometric/shine/data/НҮТС-2023/fs - MN.sav,НҮТС-2023,fs - MN.sav,FEC2D,"ТВ, компьютер, таблет, гар утас гэх мэт хэрэгслээр нэвтрүүлэг үзэх, тоглоом тоглох, интернэтэд болон олон нийтийн сүлжээнд нэвтэрдэг эсэх",parents_family
C:/tsogoo/Hicheel/erdem shinjilgeenii hural/ecnometric/shine/data/НҮТС-2023/fs - MN.sav,НҮТС-2023,fs - MN.sav,FEC2D1,"Өдөрт дунджаар хэдэн цагийг ТВ, компьютер, таблет, гар утас үзэх, интернэтэд болон олон нийтийн сүлжээнд нэвтрэх зэрэгт зарцуулж байна вэ?",parents_family
C:/tsogoo/Hicheel/erdem shinjilgeenii hural/ecnometric/shine/data/НҮТС-2023/fs - MN.sav,НҮТС-2023,fs - MN.sav,FEC2D2,"ТВ, компьютер, таблет, гар утас гэх мэт дэлгэц харж өнгөрүүлж байгаа хугацаанд нь санаа зовж байгаа юу?",parents_family
C:/tsogoo/Hicheel/erdem shinjilgeenii hural/ecnometric/shine/data/НҮТС-2023/fs - MN.sav,НҮТС-2023,fs - MN.sav,PR3,Сурах бичгээс гадна гэртээ уншдаг ном байдаг эсэх,parents_family
C:/tsogoo/Hicheel/erdem shinjilgeenii hural/ecnometric/shine/data/НҮТС-2023/fs - MN.sav,НҮТС-2023,fs - MN.sav,PR5,Ер нь гэрийн даалгавартай байдаг эсэх,parents_family
C:/tsogoo/Hicheel/erdem shinjilgeenii hural/ecnometric/shine/data/НҮТС-2023/fs - MN.sav,НҮТС-2023,fs - MN.sav,PR6,Гэрийн даалгавраа хийхэд нь хэн нэгэн тусалдаг эсэх,wealth_assets_housing
C:/tsogoo/Hicheel/erdem shinjilgeenii hural/ecnometric/shine/data/НҮТС-2023/fs - MN.sav,НҮТС-2023,fs - MN.sav,PR6A,"Эцэг, эхийн хуралд оролцож байсан эсэх",parents_family
C:/tsogoo/Hicheel/erdem shinjilgeenii hural/ecnometric/shine/data/НҮТС-2023/fs - MN.sav,НҮТС-2023,fs - MN.sav,PR6B,"Хамгийн сүүлд болсон эцэг, эхийн хуралд хэн оролцсон",parents_family
C:/tsogoo/Hicheel/erdem shinjilgeenii hural/ecnometric/shine/data/НҮТС-2023/fs - MN.sav,НҮТС-2023,fs - MN.sav,PR7,Дүнгийнх нь талаар сүүлийн 12 сарын хугацаанд сургуулиас нь мэдээлэл авсан эсэх,parents_family
C:/tsogoo/Hicheel/erdem shinjilgeenii hural/ecnometric/shine/data/НҮТС-2023/fs - MN.sav,НҮТС-2023,fs - MN.sav,PR8,Сүүлийн 12 сарын хугацаанд сургууль руу нь сурлагынх нь талаар түүний багштай ярилцахаар явсан эсэх,education_schooling
C:/tsogoo/Hicheel/erdem shinjilgeenii hural/ecnometric/shine/data/НҮТС-2023/fs - MN.sav,НҮТС-2023,fs - MN.sav,PR9,"Сургуульд эцэг, эхийн төлөөлөл оролцдог Сургуулийн зөвлөл/ Удирдах зөвлөл байдаг уу?",education_schooling
C:/tsogoo/Hicheel/erdem shinjilgeenii hural/ecnometric/shine/data/НҮТС-2023/fs - MN.sav,НҮТС-2023,fs - MN.sav,PR10,Сүүлийн 12 сарын хугацаанд сургуулийн зөвлөл/ удирдах зөвлөлийн хуралд оролцсон эсэх,parents_family
C:/tsogoo/Hicheel/erdem shinjilgeenii hural/ecnometric/shine/data/НҮТС-2023/fs - MN.sav,НҮТС-2023,fs - MN.sav,PR10A,"Уг хуралд сургуулийнх нь хөгжлийн бодлого, хөтөлбөр, төлөвлөгөө, дүрмийн талаар хэлэлцсэн эсэх",parents_family
C:/tsogoo/Hicheel/erdem shinjilgeenii hural/ecnometric/shine/data/НҮТС-2023/fs - MN.sav,НҮТС-2023,fs - MN.sav,PR10B,"Уг хуралд сургуулийнх нь хөрөнгө оруулалт, төсөв төлөвлөлтийн талаар хэлэлцсэн эсэх",wealth_assets_housing
C:/tsogoo/Hicheel/erdem shinjilgeenii hural/ecnometric/shine/data/НҮТС-2023/fs - MN.sav,НҮТС-2023,fs - MN.sav,PR11,Сургууль сургуулийн тайланг нийтэлдэг үү?,education_schooling
C:/tsogoo/Hicheel/erdem shinjilgeenii hural/ecnometric/shine/data/НҮТС-2023/fs - MN.sav,НҮТС-2023,fs - MN.sav,FL1,Эх/ асран хамгаалагч зөвшөөрөл өгсөн эсэх,parents_family
C:/tsogoo/Hicheel/erdem shinjilgeenii hural/ecnometric/shine/data/НҮТС-2023/fs - MN.sav,НҮТС-2023,fs - MN.sav,FL2H,Хүүхдийн ярилцлагыг эхэлсэн цаг,parents_family
C:/tsogoo/Hicheel/erdem shinjilgeenii hural/ecnometric/shine/data/НҮТС-2023/fs - MN.sav,НҮТС-2023,fs - MN.sav,FL2M,Хүүхдийн ярилцлагыг эхэлсэн минут,parents_family
C:/tsogoo/Hicheel/erdem shinjilgeenii hural/ecnometric/shine/data/НҮТС-2023/fs - MN.sav,НҮТС-2023,fs - MN.sav,FL3,Хүүхэд зөвшөөрөл өгсөн эсэх,parents_family
C:/tsogoo/Hicheel/erdem shinjilgeenii hural/ecnometric/shine/data/НҮТС-2023/fs - MN.sav,НҮТС-2023,fs - MN.sav,FL4A,"Ярилцлагын үед хоёулаа үлдэж болохгүй. Эцэг, эх, насанд хүрсэн хүн хүүхэдтэй ойр байх хэрэгтэй",parents_family
C:/tsogoo/Hicheel/erdem shinjilgeenii hural/ecnometric/shine/data/НҮТС-2023/fs - MN.sav,НҮТС-2023,fs - MN.sav,FL4B,"Хүүхэдтэй яриа үүсгэн, ойр дотно уур амьсгал бүрдүүлэх хэрэгтэй",parents_family
C:/tsogoo/Hicheel/erdem shinjilgeenii hural/ecnometric/shine/data/НҮТС-2023/fs - MN.sav,НҮТС-2023,fs - MN.sav,FL4C,Хүүхэд дасгал хийхэд ямар нэгэн хүндрэлгүйгээр тухтай суусан байх хэрэгтэй. Мөн хүүхдийн хийж буй үйлдлийг хянах боломжтой байх,wealth_assets_housing
C:/tsogoo/Hicheel/erdem shinjilgeenii hural/ecnometric/shine/data/НҮТС-2023/fs - MN.sav,НҮТС-2023,fs - MN.sav,FL6A,Гэртээ ном уншдаг эсэх,parents_family
C:/tsogoo/Hicheel/erdem shinjilgeenii hural/ecnometric/shine/data/НҮТС-2023/fs - MN.sav,НҮТС-2023,fs - MN.sav,FL6B,"Гэрт нь хэн нэгэн ном, үлгэр уншиж өгдөг эсэх",parents_family
C:/tsogoo/Hicheel/erdem shinjilgeenii hural/ecnometric/shine/data/НҮТС-2023/fs - MN.sav,НҮТС-2023,fs - MN.sav,FL7,Гэртээ ихэвчлэн ямар хэлээр ярьдаг,other
C:/tsogoo/Hicheel/erdem shinjilgeenii hural/ecnometric/shine/data/НҮТС-2023/fs - MN.sav,НҮТС-2023,fs - MN.sav,FL9,Багш нь ихэвчлэн ямар хэлээр хичээлээ заадаг,other
C:/tsogoo/Hicheel/erdem shinjilgeenii hural/ecnometric/shine/data/НҮТС-2023/fs - MN.sav,НҮТС-2023,fs - MN.sav,FL14,Хүүхэд өгүүлбэрийн бүх үгийг зөв уншсан эсэх,parents_family
C:/tsogoo/Hicheel/erdem shinjilgeenii hural/ecnometric/shine/data/НҮТС-2023/fs - MN.sav,НҮТС-2023,fs - MN.sav,FL19W1,Үг1,other
C:/tsogoo/Hicheel/erdem shinjilgeenii hural/ecnometric/shine/data/НҮТС-2023/fs - MN.sav,НҮТС-2023,fs - MN.sav,FL19W2,Үг2,other
C:/tsogoo/Hicheel/erdem shinjilgeenii hural/ecnometric/shine/data/НҮТС-2023/fs - MN.sav,НҮТС-2023,fs - MN.sav,FL19W3,Үг3,other
C:/tsogoo/Hicheel/erdem shinjilgeenii hural/ecnometric/shine/data/НҮТС-2023/fs - MN.sav,НҮТС-2023,fs - MN.sav,FL19W4,Үг4,other
C:/tsogoo/Hicheel/erdem shinjilgeenii hural/ecnometric/shine/data/НҮТС-2023/fs - MN.sav,НҮТС-2023,fs - MN.sav,FL19W5,Үг5,other
C:/tsogoo/Hicheel/erdem shinjilgeenii hural/ecnometric/shine/data/НҮТС-2023/fs - MN.sav,НҮТС-2023,fs - MN.sav,FL19W6,Үг6,other
C:/tsogoo/Hicheel/erdem shinjilgeenii hural/ecnometric/shine/data/НҮТС-2023/fs - MN.sav,НҮТС-2023,fs - MN.sav,FL19W7,Үг7,other
C:/tsogoo/Hicheel/erdem shinjilgeenii hural/ecnometric/shine/data/НҮТС-2023/fs - MN.sav,НҮТС-2023,fs - MN.sav,FL19W8,Үг8,other
C:/tsogoo/Hicheel/erdem shinjilgeenii hural/ecnometric/shine/data/НҮТС-2023/fs - MN.sav,НҮТС-2023,fs - MN.sav,FL19W9,Үг9,other
C:/tsogoo/Hicheel/erdem shinjilgeenii hural/ecnometric/shine/data/НҮТС-2023/fs - MN.sav,НҮТС-2023,fs - MN.sav,FL19W10,Үг10,other
C:/tsogoo/Hicheel/erdem shinjilgeenii hural/ecnometric/shine/data/НҮТС-2023/fs - MN.sav,НҮТС-2023,fs - MN.sav,FL19W11,Үг11,other
C:/tsogoo/Hicheel/erdem shinjilgeenii hural/ecnometric/shine/data/НҮТС-2023/fs - MN.sav,НҮТС-2023,fs - MN.sav,FL19W12,Үг12,other
C:/tsogoo/Hicheel/erdem shinjilgeenii hural/ecnometric/shine/data/НҮТС-2023/fs - MN.sav,НҮТС-2023,fs - MN.sav,FL19W13,Үг13,other
C:/tsogoo/Hicheel/erdem shinjilgeenii hural/ecnometric/shine/data/НҮТС-2023/fs - MN.sav,НҮТС-2023,fs - MN.sav,FL19W14,Үг14,other
C:/tsogoo/Hicheel/erdem shinjilgeenii hural/ecnometric/shine/data/НҮТС-2023/fs - MN.sav,НҮТС-2023,fs - MN.sav,FL19W15,Үг15,other
C:/tsogoo/Hicheel/erdem shinjilgeenii hural/ecnometric/shine/data/НҮТС-2023/fs - MN.sav,НҮТС-2023,fs - MN.sav,FL19W16,Үг16,other
C:/tsogoo/Hicheel/erdem shinjilgeenii hural/ecnometric/shine/data/НҮТС-2023/fs - MN.sav,НҮТС-2023,fs - MN.sav,FL19W17,Үг17,other
C:/tsogoo/Hicheel/erdem shinjilgeenii hural/ecnometric/shine/data/НҮТС-2023/fs - MN.sav,НҮТС-2023,fs - MN.sav,FL19W18,Үг18,other
C:/tsogoo/Hicheel/erdem shinjilgeenii hural/ecnometric/shine/data/НҮТС-2023/fs - MN.sav,НҮТС-2023,fs - MN.sav,FL19W19,Үг19,other
C:/tsogoo/Hicheel/erdem shinjilgeenii hural/ecnometric/shine/data/НҮТС-2023/fs - MN.sav,НҮТС-2023,fs - MN.sav,FL19W20,Үг20,other
C:/tsogoo/Hicheel/erdem shinjilgeenii hural/ecnometric/shine/data/НҮТС-2023/fs - MN.sav,НҮТС-2023,fs - MN.sav,FL19W21,Үг21,other
C:/tsogoo/Hicheel/erdem shinjilgeenii hural/ecnometric/shine/data/НҮТС-2023/fs - MN.sav,НҮТС-2023,fs - MN.sav,FL19W22,Үг22,other
C:/tsogoo/Hicheel/erdem shinjilgeenii hural/ecnometric/shine/data/НҮТС-2023/fs - MN.sav,НҮТС-2023,fs - MN.sav,FL19W23,Үг23,other
C:/tsogoo/Hicheel/erdem shinjilgeenii hural/ecnometric/shine/data/НҮТС-2023/fs - MN.sav,НҮТС-2023,fs - MN.sav,FL19W24,Үг24,other
C:/tsogoo/Hicheel/erdem shinjilgeenii hural/ecnometric/shine/data/НҮТС-2023/fs - MN.sav,НҮТС-2023,fs - MN.sav,FL19W25,Үг25,other
C:/tsogoo/Hicheel/erdem shinjilgeenii hural/ecnometric/shine/data/НҮТС-2023/fs - MN.sav,НҮТС-2023,fs - MN.sav,FL19W26,Үг26,other
C:/tsogoo/Hicheel/erdem shinjilgeenii hural/ecnometric/shine/data/НҮТС-2023/fs - MN.sav,НҮТС-2023,fs - MN.sav,FL19W27,Үг27,other
C:/tsogoo/Hicheel/erdem shinjilgeenii hural/ecnometric/shine/data/НҮТС-2023/fs - MN.sav,НҮТС-2023,fs - MN.sav,FL19W28,Үг28,other
C:/tsogoo/Hicheel/erdem shinjilgeenii hural/ecnometric/shine/data/НҮТС-2023/fs - MN.sav,НҮТС-2023,fs - MN.sav,FL19W29,Үг29,other
C:/tsogoo/Hicheel/erdem shinjilgeenii hural/ecnometric/shine/data/НҮТС-2023/fs - MN.sav,НҮТС-2023,fs - MN.sav,FL19W30,Үг30,other
C:/tsogoo/Hicheel/erdem shinjilgeenii hural/ecnometric/shine/data/НҮТС-2023/fs - MN.sav,НҮТС-2023,fs - MN.sav,FL19W31,Үг31,other
C:/tsogoo/Hicheel/erdem shinjilgeenii hural/ecnometric/shine/data/НҮТС-2023/fs - MN.sav,НҮТС-2023,fs - MN.sav,FL19W32,Үг32,other
C:/tsogoo/Hicheel/erdem shinjilgeenii hural/ecnometric/shine/data/НҮТС-2023/fs - MN.sav,НҮТС-2023,fs - MN.sav,FL19W33,Үг33,other
C:/tsogoo/Hicheel/erdem shinjilgeenii hural/ecnometric/shine/data/НҮТС-2023/fs - MN.sav,НҮТС-2023,fs - MN.sav,FL19W34,Үг34,other
C:/tsogoo/Hicheel/erdem shinjilgeenii hural/ecnometric/shine/data/НҮТС-2023/fs - MN.sav,НҮТС-2023,fs - MN.sav,FL19W35,Үг35,other
C:/tsogoo/Hicheel/erdem shinjilgeenii hural/ecnometric/shine/data/НҮТС-2023/fs - MN.sav,НҮТС-2023,fs - MN.sav,FL19W36,Үг36,other
C:/tsogoo/Hicheel/erdem shinjilgeenii hural/ecnometric/shine/data/НҮТС-2023/fs - MN.sav,НҮТС-2023,fs - MN.sav,FL19W37,Үг37,other
C:/tsogoo/Hicheel/erdem shinjilgeenii hural/ecnometric/shine/data/НҮТС-2023/fs - MN.sav,НҮТС-2023,fs - MN.sav,FL19W38,Үг38,other
C:/tsogoo/Hicheel/erdem shinjilgeenii hural/ecnometric/shine/data/НҮТС-2023/fs - MN.sav,НҮТС-2023,fs - MN.sav,FL19W39,Үг39,other
C:/tsogoo/Hicheel/erdem shinjilgeenii hural/ecnometric/shine/data/НҮТС-2023/fs - MN.sav,НҮТС-2023,fs - MN.sav,FL19W40,Үг40,other
C:/tsogoo/Hicheel/erdem shinjilgeenii hural/ecnometric/shine/data/НҮТС-2023/fs - MN.sav,НҮТС-2023,fs - MN.sav,FL19W41,Үг41,other
C:/tsogoo/Hicheel/erdem shinjilgeenii hural/ecnometric/shine/data/НҮТС-2023/fs - MN.sav,НҮТС-2023,fs - MN.sav,FL19W42,Үг42,other
C:/tsogoo/Hicheel/erdem shinjilgeenii hural/ecnometric/shine/data/НҮТС-2023/fs - MN.sav,НҮТС-2023,fs - MN.sav,FL19W43,Үг43,other
C:/tsogoo/Hicheel/erdem shinjilgeenii hural/ecnometric/shine/data/НҮТС-2023/fs - MN.sav,НҮТС-2023,fs - MN.sav,FL19W44,Үг44,other
C:/tsogoo/Hicheel/erdem shinjilgeenii hural/ecnometric/shine/data/НҮТС-2023/fs - MN.sav,НҮТС-2023,fs - MN.sav,FL19W45,Үг45,other
C:/tsogoo/Hicheel/erdem shinjilgeenii hural/ecnometric/shine/data/НҮТС-2023/fs - MN.sav,НҮТС-2023,fs - MN.sav,FL19W46,Үг46,other
C:/tsogoo/Hicheel/erdem shinjilgeenii hural/ecnometric/shine/data/НҮТС-2023/fs - MN.sav,НҮТС-2023,fs - MN.sav,FL19W47,Үг47,other
C:/tsogoo/Hicheel/erdem shinjilgeenii hural/ecnometric/shine/data/НҮТС-2023/fs - MN.sav,НҮТС-2023,fs - MN.sav,FL19W48,Үг48,other
C:/tsogoo/Hicheel/erdem shinjilgeenii hural/ecnometric/shine/data/НҮТС-2023/fs - MN.sav,НҮТС-2023,fs - MN.sav,FL19W49,Үг49,other
C:/tsogoo/Hicheel/erdem shinjilgeenii hural/ecnometric/shine/data/НҮТС-2023/fs - MN.sav,НҮТС-2023,fs - MN.sav,FL19W50,Үг50,other
C:/tsogoo/Hicheel/erdem shinjilgeenii hural/ecnometric/shine/data/НҮТС-2023/fs - MN.sav,НҮТС-2023,fs - MN.sav,FL19W51,Үг51,other
C:/tsogoo/Hicheel/erdem shinjilgeenii hural/ecnometric/shine/data/НҮТС-2023/fs - MN.sav,НҮТС-2023,fs - MN.sav,FL19W52,Үг52,other
C:/tsogoo/Hicheel/erdem shinjilgeenii hural/ecnometric/shine/data/НҮТС-2023/fs - MN.sav,НҮТС-2023,fs - MN.sav,FL19W53,Үг53,other
C:/tsogoo/Hicheel/erdem shinjilgeenii hural/ecnometric/shine/data/НҮТС-2023/fs - MN.sav,НҮТС-2023,fs - MN.sav,FL19W54,Үг54,other
C:/tsogoo/Hicheel/erdem shinjilgeenii hural/ecnometric/shine/data/НҮТС-2023/fs - MN.sav,НҮТС-2023,fs - MN.sav,FL19W55,Үг55,other
C:/tsogoo/Hicheel/erdem shinjilgeenii hural/ecnometric/shine/data/НҮТС-2023/fs - MN.sav,НҮТС-2023,fs - MN.sav,FL19W56,Үг56,other
C:/tsogoo/Hicheel/erdem shinjilgeenii hural/ecnometric/shine/data/НҮТС-2023/fs - MN.sav,НҮТС-2023,fs - MN.sav,FL19W57,Үг57,other
C:/tsogoo/Hicheel/erdem shinjilgeenii hural/ecnometric/shine/data/НҮТС-2023/fs - MN.sav,НҮТС-2023,fs - MN.sav,FL19W58,Үг58,other
C:/tsogoo/Hicheel/erdem shinjilgeenii hural/ecnometric/shine/data/НҮТС-2023/fs - MN.sav,НҮТС-2023,fs - MN.sav,FL19W59,Үг59,other
C:/tsogoo/Hicheel/erdem shinjilgeenii hural/ecnometric/shine/data/НҮТС-2023/fs - MN.sav,НҮТС-2023,fs - MN.sav,FL19W60,Үг60,other
C:/tsogoo/Hicheel/erdem shinjilgeenii hural/ecnometric/shine/data/НҮТС-2023/fs - MN.sav,НҮТС-2023,fs - MN.sav,FL19W61,Үг61,other
C:/tsogoo/Hicheel/erdem shinjilgeenii hural/ecnometric/shine/data/НҮТС-2023/fs - MN.sav,НҮТС-2023,fs - MN.sav,FL19W62,Үг62,other
C:/tsogoo/Hicheel/erdem shinjilgeenii hural/ecnometric/shine/data/НҮТС-2023/fs - MN.sav,НҮТС-2023,fs - MN.sav,FL19W63,Үг63,other
C:/tsogoo/Hicheel/erdem shinjilgeenii hural/ecnometric/shine/data/НҮТС-2023/fs - MN.sav,НҮТС-2023,fs - MN.sav,FL19W64,Үг64,other
C:/tsogoo/Hicheel/erdem shinjilgeenii hural/ecnometric/shine/data/НҮТС-2023/fs - MN.sav,НҮТС-2023,fs - MN.sav,FL19W65,Үг65,other
C:/tsogoo/Hicheel/erdem shinjilgeenii hural/ecnometric/shine/data/НҮТС-2023/fs - MN.sav,НҮТС-2023,fs - MN.sav,FL19W66,Үг66,other
C:/tsogoo/Hicheel/erdem shinjilgeenii hural/ecnometric/shine/data/НҮТС-2023/fs - MN.sav,НҮТС-2023,fs - MN.sav,FL19W67,Үг67,other
C:/tsogoo/Hicheel/erdem shinjilgeenii hural/ecnometric/shine/data/НҮТС-2023/fs - MN.sav,НҮТС-2023,fs - MN.sav,FL19W68,Үг68,other
C:/tsogoo/Hicheel/erdem shinjilgeenii hural/ecnometric/shine/data/НҮТС-2023/fs - MN.sav,НҮТС-2023,fs - MN.sav,FL19W69,Үг69,other
C:/tsogoo/Hicheel/erdem shinjilgeenii hural/ecnometric/shine/data/НҮТС-2023/fs - MN.sav,НҮТС-2023,fs - MN.sav,FL19W70,Үг70,other
C:/tsogoo/Hicheel/erdem shinjilgeenii hural/ecnometric/shine/data/НҮТС-2023/fs - MN.sav,НҮТС-2023,fs - MN.sav,FL19W71,Үг71,other
C:/tsogoo/Hicheel/erdem shinjilgeenii hural/ecnometric/shine/data/НҮТС-2023/fs - MN.sav,НҮТС-2023,fs - MN.sav,FL19W72,Үг72,other
C:/tsogoo/Hicheel/erdem shinjilgeenii hural/ecnometric/shine/data/НҮТС-2023/fs - MN.sav,НҮТС-2023,fs - MN.sav,FL19W73,Үг73,other
C:/tsogoo/Hicheel/erdem shinjilgeenii hural/ecnometric/shine/data/НҮТС-2023/fs - MN.sav,НҮТС-2023,fs - MN.sav,FL19W74,Үг74,other
C:/tsogoo/Hicheel/erdem shinjilgeenii hural/ecnometric/shine/data/НҮТС-2023/fs - MN.sav,НҮТС-2023,fs - MN.sav,FL19W75,Үг75,other
C:/tsogoo/Hicheel/erdem shinjilgeenii hural/ecnometric/shine/data/НҮТС-2023/fs - MN.sav,НҮТС-2023,fs - MN.sav,FL19W76,Үг76,other
C:/tsogoo/Hicheel/erdem shinjilgeenii hural/ecnometric/shine/data/НҮТС-2023/fs - MN.sav,НҮТС-2023,fs - MN.sav,FL19W77,Үг77,other
C:/tsogoo/Hicheel/erdem shinjilgeenii hural/ecnometric/shine/data/НҮТС-2023/fs - MN.sav,НҮТС-2023,fs - MN.sav,FL19W78,Үг78,other
C:/tsogoo/Hicheel/erdem shinjilgeenii hural/ecnometric/shine/data/НҮТС-2023/fs - MN.sav,НҮТС-2023,fs - MN.sav,FL19W79,Үг79,other
C:/tsogoo/Hicheel/erdem shinjilgeenii hural/ecnometric/shine/data/НҮТС-2023/fs - MN.sav,НҮТС-2023,fs - MN.sav,FL19W80,Үг80,other
C:/tsogoo/Hicheel/erdem shinjilgeenii hural/ecnometric/shine/data/НҮТС-2023/fs - MN.sav,НҮТС-2023,fs - MN.sav,FL19W81,Үг81,other
C:/tsogoo/Hicheel/erdem shinjilgeenii hural/ecnometric/shine/data/НҮТС-2023/fs - MN.sav,НҮТС-2023,fs - MN.sav,FL19W82,Үг82,other
C:/tsogoo/Hicheel/erdem shinjilgeenii hural/ecnometric/shine/data/НҮТС-2023/fs - MN.sav,НҮТС-2023,fs - MN.sav,FL19W83,Үг83,other
C:/tsogoo/Hicheel/erdem shinjilgeenii hural/ecnometric/shine/data/НҮТС-2023/fs - MN.sav,НҮТС-2023,fs - MN.sav,FL19W84,Үг84,other
C:/tsogoo/Hicheel/erdem shinjilgeenii hural/ecnometric/shine/data/НҮТС-2023/fs - MN.sav,НҮТС-2023,fs - MN.sav,FL19W85,Үг85,other
C:/tsogoo/Hicheel/erdem shinjilgeenii hural/ecnometric/shine/data/НҮТС-2023/fs - MN.sav,НҮТС-2023,fs - MN.sav,FL19W86,Үг86,other
C:/tsogoo/Hicheel/erdem shinjilgeenii hural/ecnometric/shine/data/НҮТС-2023/fs - MN.sav,НҮТС-2023,fs - MN.sav,FL20A,Уншсан үгийн тоо,other
C:/tsogoo/Hicheel/erdem shinjilgeenii hural/ecnometric/shine/data/НҮТС-2023/fs - MN.sav,НҮТС-2023,fs - MN.sav,FL20B,Буруу болон алгассан үгийн тоо,other
C:/tsogoo/Hicheel/erdem shinjilgeenii hural/ecnometric/shine/data/НҮТС-2023/fs - MN.sav,НҮТС-2023,fs - MN.sav,FL21BA,Эхийг зөв ойлгосон эсэх: 1,parents_family
C:/tsogoo/Hicheel/erdem shinjilgeenii hural/ecnometric/shine/data/НҮТС-2023/fs - MN.sav,НҮТС-2023,fs - MN.sav,FL21BB,Эхийг зөв ойлгосон эсэх: 2,parents_family
C:/tsogoo/Hicheel/erdem shinjilgeenii hural/ecnometric/shine/data/НҮТС-2023/fs - MN.sav,НҮТС-2023,fs - MN.sav,FL21BC,Эхийг зөв ойлгосон эсэх: 3,parents_family
C:/tsogoo/Hicheel/erdem shinjilgeenii hural/ecnometric/shine/data/НҮТС-2023/fs - MN.sav,НҮТС-2023,fs - MN.sav,FL21BD,Эхийг зөв ойлгосон эсэх: 4,parents_family
C:/tsogoo/Hicheel/erdem shinjilgeenii hural/ecnometric/shine/data/НҮТС-2023/fs - MN.sav,НҮТС-2023,fs - MN.sav,FL21BE,Эхийг зөв ойлгосон эсэх: 5,parents_family
C:/tsogoo/Hicheel/erdem shinjilgeenii hural/ecnometric/shine/data/НҮТС-2023/fs - MN.sav,НҮТС-2023,fs - MN.sav,FL21D,Өөр хэл дээр уншихыг оролдсон уу?,education_schooling
C:/tsogoo/Hicheel/erdem shinjilgeenii hural/ecnometric/shine/data/НҮТС-2023/fs - MN.sav,НҮТС-2023,fs - MN.sav,FL21H,Хүүхэд эхийг хэр сайн уншсан,parents_family
C:/tsogoo/Hicheel/erdem shinjilgeenii hural/ecnometric/shine/data/НҮТС-2023/fs - MN.sav,НҮТС-2023,fs - MN.sav,FL21OW1,Үг1,other
C:/tsogoo/Hicheel/erdem shinjilgeenii hural/ecnometric/shine/data/НҮТС-2023/fs - MN.sav,НҮТС-2023,fs - MN.sav,FL21OW2,Үг2,other
C:/tsogoo/Hicheel/erdem shinjilgeenii hural/ecnometric/shine/data/НҮТС-2023/fs - MN.sav,НҮТС-2023,fs - MN.sav,FL21OW3,Үг3,other
C:/tsogoo/Hicheel/erdem shinjilgeenii hural/ecnometric/shine/data/НҮТС-2023/fs - MN.sav,НҮТС-2023,fs - MN.sav,FL21OW4,Үг4,other
C:/tsogoo/Hicheel/erdem shinjilgeenii hural/ecnometric/shine/data/НҮТС-2023/fs - MN.sav,НҮТС-2023,fs - MN.sav,FL21OW5,Үг5,other
C:/tsogoo/Hicheel/erdem shinjilgeenii hural/ecnometric/shine/data/НҮТС-2023/fs - MN.sav,НҮТС-2023,fs - MN.sav,FL21OW6,Үг6,other
C:/tsogoo/Hicheel/erdem shinjilgeenii hural/ecnometric/shine/data/НҮТС-2023/fs - MN.sav,НҮТС-2023,fs - MN.sav,FL21OW7,Үг7,other
C:/tsogoo/Hicheel/erdem shinjilgeenii hural/ecnometric/shine/data/НҮТС-2023/fs - MN.sav,НҮТС-2023,fs - MN.sav,FL21OW8,Үг8,other
C:/tsogoo/Hicheel/erdem shinjilgeenii hural/ecnometric/shine/data/НҮТС-2023/fs - MN.sav,НҮТС-2023,fs - MN.sav,FL21OW9,Үг9,other
C:/tsogoo/Hicheel/erdem shinjilgeenii hural/ecnometric/shine/data/НҮТС-2023/fs - MN.sav,НҮТС-2023,fs - MN.sav,FL21OW10,Үг10,other
C:/tsogoo/Hicheel/erdem shinjilgeenii hural/ecnometric/shine/data/НҮТС-2023/fs - MN.sav,НҮТС-2023,fs - MN.sav,FL21OW11,Үг11,other
C:/tsogoo/Hicheel/erdem shinjilgeenii hural/ecnometric/shine/data/НҮТС-2023/fs - MN.sav,НҮТС-2023,fs - MN.sav,FL21OW12,Үг12,other
C:/tsogoo/Hicheel/erdem shinjilgeenii hural/ecnometric/shine/data/НҮТС-2023/fs - MN.sav,НҮТС-2023,fs - MN.sav,FL21OW13,Үг13,other
C:/tsogoo/Hicheel/erdem shinjilgeenii hural/ecnometric/shine/data/НҮТС-2023/fs - MN.sav,НҮТС-2023,fs - MN.sav,FL21OW14,Үг14,other
C:/tsogoo/Hicheel/erdem shinjilgeenii hural/ecnometric/shine/data/НҮТС-2023/fs - MN.sav,НҮТС-2023,fs - MN.sav,FL21OW15,Үг15,other
C:/tsogoo/Hicheel/erdem shinjilgeenii hural/ecnometric/shine/data/НҮТС-2023/fs - MN.sav,НҮТС-2023,fs - MN.sav,FL21OW16,Үг16,other
C:/tsogoo/Hicheel/erdem shinjilgeenii hural/ecnometric/shine/data/НҮТС-2023/fs - MN.sav,НҮТС-2023,fs - MN.sav,FL21OW17,Үг17,other
C:/tsogoo/Hicheel/erdem shinjilgeenii hural/ecnometric/shine/data/НҮТС-2023/fs - MN.sav,НҮТС-2023,fs - MN.sav,FL21OW18,Үг18,other
C:/tsogoo/Hicheel/erdem shinjilgeenii hural/ecnometric/shine/data/НҮТС-2023/fs - MN.sav,НҮТС-2023,fs - MN.sav,FL21OW19,Үг19,other
C:/tsogoo/Hicheel/erdem shinjilgeenii hural/ecnometric/shine/data/НҮТС-2023/fs - MN.sav,НҮТС-2023,fs - MN.sav,FL21OW20,Үг20,other
C:/tsogoo/Hicheel/erdem shinjilgeenii hural/ecnometric/shine/data/НҮТС-2023/fs - MN.sav,НҮТС-2023,fs - MN.sav,FL21OW21,Үг21,other
C:/tsogoo/Hicheel/erdem shinjilgeenii hural/ecnometric/shine/data/НҮТС-2023/fs - MN.sav,НҮТС-2023,fs - MN.sav,FL21OW22,Үг22,other
C:/tsogoo/Hicheel/erdem shinjilgeenii hural/ecnometric/shine/data/НҮТС-2023/fs - MN.sav,НҮТС-2023,fs - MN.sav,FL21OW23,Үг23,other
C:/tsogoo/Hicheel/erdem shinjilgeenii hural/ecnometric/shine/data/НҮТС-2023/fs - MN.sav,НҮТС-2023,fs - MN.sav,FL21OW24,Үг24,other
C:/tsogoo/Hicheel/erdem shinjilgeenii hural/ecnometric/shine/data/НҮТС-2023/fs - MN.sav,НҮТС-2023,fs - MN.sav,FL21OW25,Үг25,other
C:/tsogoo/Hicheel/erdem shinjilgeenii hural/ecnometric/shine/data/НҮТС-2023/fs - MN.sav,НҮТС-2023,fs - MN.sav,FL21OW26,Үг26,other
C:/tsogoo/Hicheel/erdem shinjilgeenii hural/ecnometric/shine/data/НҮТС-2023/fs - MN.sav,НҮТС-2023,fs - MN.sav,FL21OW27,Үг27,other
C:/tsogoo/Hicheel/erdem shinjilgeenii hural/ecnometric/shine/data/НҮТС-2023/fs - MN.sav,НҮТС-2023,fs - MN.sav,FL21OW28,Үг28,other
C:/tsogoo/Hicheel/erdem shinjilgeenii hural/ecnometric/shine/data/НҮТС-2023/fs - MN.sav,НҮТС-2023,fs - MN.sav,FL21OW29,Үг29,other
C:/tsogoo/Hicheel/erdem shinjilgeenii hural/ecnometric/shine/data/НҮТС-2023/fs - MN.sav,НҮТС-2023,fs - MN.sav,FL21OW30,Үг30,other
C:/tsogoo/Hicheel/erdem shinjilgeenii hural/ecnometric/shine/data/НҮТС-2023/fs - MN.sav,НҮТС-2023,fs - MN.sav,FL21OW31,Үг31,other
C:/tsogoo/Hicheel/erdem shinjilgeenii hural/ecnometric/shine/data/НҮТС-2023/fs - MN.sav,НҮТС-2023,fs - MN.sav,FL21OW32,Үг32,other
C:/tsogoo/Hicheel/erdem shinjilgeenii hural/ecnometric/shine/data/НҮТС-2023/fs - MN.sav,НҮТС-2023,fs - MN.sav,FL21OW33,Үг33,other
C:/tsogoo/Hicheel/erdem shinjilgeenii hural/ecnometric/shine/data/НҮТС-2023/fs - MN.sav,НҮТС-2023,fs - MN.sav,FL21OW34,Үг34,other
C:/tsogoo/Hicheel/erdem shinjilgeenii hural/ecnometric/shine/data/НҮТС-2023/fs - MN.sav,НҮТС-2023,fs - MN.sav,FL21OW35,Үг35,other
C:/tsogoo/Hicheel/erdem shinjilgeenii hural/ecnometric/shine/data/НҮТС-2023/fs - MN.sav,НҮТС-2023,fs - MN.sav,FL21OW36,Үг36,other
C:/tsogoo/Hicheel/erdem shinjilgeenii hural/ecnometric/shine/data/НҮТС-2023/fs - MN.sav,НҮТС-2023,fs - MN.sav,FL21OW37,Үг37,other
C:/tsogoo/Hicheel/erdem shinjilgeenii hural/ecnometric/shine/data/НҮТС-2023/fs - MN.sav,НҮТС-2023,fs - MN.sav,FL21OW38,Үг38,other
C:/tsogoo/Hicheel/erdem shinjilgeenii hural/ecnometric/shine/data/НҮТС-2023/fs - MN.sav,НҮТС-2023,fs - MN.sav,FL21OW39,Үг39,other
C:/tsogoo/Hicheel/erdem shinjilgeenii hural/ecnometric/shine/data/НҮТС-2023/fs - MN.sav,НҮТС-2023,fs - MN.sav,FL21OW40,Үг40,other
C:/tsogoo/Hicheel/erdem shinjilgeenii hural/ecnometric/shine/data/НҮТС-2023/fs - MN.sav,НҮТС-2023,fs - MN.sav,FL21OW41,Үг41,other
C:/tsogoo/Hicheel/erdem shinjilgeenii hural/ecnometric/shine/data/НҮТС-2023/fs - MN.sav,НҮТС-2023,fs - MN.sav,FL21OW42,Үг42,other
C:/tsogoo/Hicheel/erdem shinjilgeenii hural/ecnometric/shine/data/НҮТС-2023/fs - MN.sav,НҮТС-2023,fs - MN.sav,FL21OW43,Үг43,other
C:/tsogoo/Hicheel/erdem shinjilgeenii hural/ecnometric/shine/data/НҮТС-2023/fs - MN.sav,НҮТС-2023,fs - MN.sav,FL21OW44,Үг44,other
C:/tsogoo/Hicheel/erdem shinjilgeenii hural/ecnometric/shine/data/НҮТС-2023/fs - MN.sav,НҮТС-2023,fs - MN.sav,FL21OW45,Үг45,other
C:/tsogoo/Hicheel/erdem shinjilgeenii hural/ecnometric/shine/data/НҮТС-2023/fs - MN.sav,НҮТС-2023,fs - MN.sav,FL21OW46,Үг46,other
C:/tsogoo/Hicheel/erdem shinjilgeenii hural/ecnometric/shine/data/НҮТС-2023/fs - MN.sav,НҮТС-2023,fs - MN.sav,FL21OW47,Үг47,other
C:/tsogoo/Hicheel/erdem shinjilgeenii hural/ecnometric/shine/data/НҮТС-2023/fs - MN.sav,НҮТС-2023,fs - MN.sav,FL21OW48,Үг48,other
C:/tsogoo/Hicheel/erdem shinjilgeenii hural/ecnometric/shine/data/НҮТС-2023/fs - MN.sav,НҮТС-2023,fs - MN.sav,FL21OW49,Үг49,other
C:/tsogoo/Hicheel/erdem shinjilgeenii hural/ecnometric/shine/data/НҮТС-2023/fs - MN.sav,НҮТС-2023,fs - MN.sav,FL21OW50,Үг50,other
C:/tsogoo/Hicheel/erdem shinjilgeenii hural/ecnometric/shine/data/НҮТС-2023/fs - MN.sav,НҮТС-2023,fs - MN.sav,FL21OW51,Үг51,other
C:/tsogoo/Hicheel/erdem shinjilgeenii hural/ecnometric/shine/data/НҮТС-2023/fs - MN.sav,НҮТС-2023,fs - MN.sav,FL21OW52,Үг52,other
C:/tsogoo/Hicheel/erdem shinjilgeenii hural/ecnometric/shine/data/НҮТС-2023/fs - MN.sav,НҮТС-2023,fs - MN.sav,FL21OW53,Үг53,other
C:/tsogoo/Hicheel/erdem shinjilgeenii hural/ecnometric/shine/data/НҮТС-2023/fs - MN.sav,НҮТС-2023,fs - MN.sav,FL21OW54,Үг54,other
C:/tsogoo/Hicheel/erdem shinjilgeenii hural/ecnometric/shine/data/НҮТС-2023/fs - MN.sav,НҮТС-2023,fs - MN.sav,FL21OW55,Үг55,other
C:/tsogoo/Hicheel/erdem shinjilgeenii hural/ecnometric/shine/data/НҮТС-2023/fs - MN.sav,НҮТС-2023,fs - MN.sav,FL21OW56,Үг56,other
C:/tsogoo/Hicheel/erdem shinjilgeenii hural/ecnometric/shine/data/НҮТС-2023/fs - MN.sav,НҮТС-2023,fs - MN.sav,FL21OW57,Үг57,other
C:/tsogoo/Hicheel/erdem shinjilgeenii hural/ecnometric/shine/data/НҮТС-2023/fs - MN.sav,НҮТС-2023,fs - MN.sav,FL21OW58,Үг58,other
C:/tsogoo/Hicheel/erdem shinjilgeenii hural/ecnometric/shine/data/НҮТС-2023/fs - MN.sav,НҮТС-2023,fs - MN.sav,FL21OW59,Үг59,other
C:/tsogoo/Hicheel/erdem shinjilgeenii hural/ecnometric/shine/data/НҮТС-2023/fs - MN.sav,НҮТС-2023,fs - MN.sav,FL21OW60,Үг60,other
C:/tsogoo/Hicheel/erdem shinjilgeenii hural/ecnometric/shine/data/НҮТС-2023/fs - MN.sav,НҮТС-2023,fs - MN.sav,FL21OW61,Үг61,other
C:/tsogoo/Hicheel/erdem shinjilgeenii hural/ecnometric/shine/data/НҮТС-2023/fs - MN.sav,НҮТС-2023,fs - MN.sav,FL21OW62,Үг62,other
C:/tsogoo/Hicheel/erdem shinjilgeenii hural/ecnometric/shine/data/НҮТС-2023/fs - MN.sav,НҮТС-2023,fs - MN.sav,FL21OW63,Үг63,other
C:/tsogoo/Hicheel/erdem shinjilgeenii hural/ecnometric/shine/data/НҮТС-2023/fs - MN.sav,НҮТС-2023,fs - MN.sav,FL21OW64,Үг64,other
C:/tsogoo/Hicheel/erdem shinjilgeenii hural/ecnometric/shine/data/НҮТС-2023/fs - MN.sav,НҮТС-2023,fs - MN.sav,FL21OW65,Үг65,other
C:/tsogoo/Hicheel/erdem shinjilgeenii hural/ecnometric/shine/data/НҮТС-2023/fs - MN.sav,НҮТС-2023,fs - MN.sav,FL21OW66,Үг66,other
C:/tsogoo/Hicheel/erdem shinjilgeenii hural/ecnometric/shine/data/НҮТС-2023/fs - MN.sav,НҮТС-2023,fs - MN.sav,FL21OW67,Үг67,other
C:/tsogoo/Hicheel/erdem shinjilgeenii hural/ecnometric/shine/data/НҮТС-2023/fs - MN.sav,НҮТС-2023,fs - MN.sav,FL21OW68,Үг68,other
C:/tsogoo/Hicheel/erdem shinjilgeenii hural/ecnometric/shine/data/НҮТС-2023/fs - MN.sav,НҮТС-2023,fs - MN.sav,FL21OW69,Үг69,other
C:/tsogoo/Hicheel/erdem shinjilgeenii hural/ecnometric/shine/data/НҮТС-2023/fs - MN.sav,НҮТС-2023,fs - MN.sav,FL21OW70,Үг70,other
C:/tsogoo/Hicheel/erdem shinjilgeenii hural/ecnometric/shine/data/НҮТС-2023/fs - MN.sav,НҮТС-2023,fs - MN.sav,FL21OW71,Үг71,other
C:/tsogoo/Hicheel/erdem shinjilgeenii hural/ecnometric/shine/data/НҮТС-2023/fs - MN.sav,НҮТС-2023,fs - MN.sav,FL21OW72,Үг72,other
C:/tsogoo/Hicheel/erdem shinjilgeenii hural/ecnometric/shine/data/НҮТС-2023/fs - MN.sav,НҮТС-2023,fs - MN.sav,FL21OW73,Үг73,other
C:/tsogoo/Hicheel/erdem shinjilgeenii hural/ecnometric/shine/data/НҮТС-2023/fs - MN.sav,НҮТС-2023,fs - MN.sav,FL21OW74,Үг74,other
C:/tsogoo/Hicheel/erdem shinjilgeenii hural/ecnometric/shine/data/НҮТС-2023/fs - MN.sav,НҮТС-2023,fs - MN.sav,FL21OW75,Үг75,other
C:/tsogoo/Hicheel/erdem shinjilgeenii hural/ecnometric/shine/data/НҮТС-2023/fs - MN.sav,НҮТС-2023,fs - MN.sav,FL21OW76,Үг76,other
C:/tsogoo/Hicheel/erdem shinjilgeenii hural/ecnometric/shine/data/НҮТС-2023/fs - MN.sav,НҮТС-2023,fs - MN.sav,FL21OW77,Үг77,other
C:/tsogoo/Hicheel/erdem shinjilgeenii hural/ecnometric/shine/data/НҮТС-2023/fs - MN.sav,НҮТС-2023,fs - MN.sav,FL21OW78,Үг78,other
C:/tsogoo/Hicheel/erdem shinjilgeenii hural/ecnometric/shine/data/НҮТС-2023/fs - MN.sav,НҮТС-2023,fs - MN.sav,FL21OW79,Үг79,other
C:/tsogoo/Hicheel/erdem shinjilgeenii hural/ecnometric/shine/data/НҮТС-2023/fs - MN.sav,НҮТС-2023,fs - MN.sav,FL21OW80,Үг80,other
C:/tsogoo/Hicheel/erdem shinjilgeenii hural/ecnometric/shine/data/НҮТС-2023/fs - MN.sav,НҮТС-2023,fs - MN.sav,FL21OW81,Үг81,other
C:/tsogoo/Hicheel/erdem shinjilgeenii hural/ecnometric/shine/data/НҮТС-2023/fs - MN.sav,НҮТС-2023,fs - MN.sav,FL21OW82,Үг82,other
C:/tsogoo/Hicheel/erdem shinjilgeenii hural/ecnometric/shine/data/НҮТС-2023/fs - MN.sav,НҮТС-2023,fs - MN.sav,FL21OW83,Үг83,other
C:/tsogoo/Hicheel/erdem shinjilgeenii hural/ecnometric/shine/data/НҮТС-2023/fs - MN.sav,НҮТС-2023,fs - MN.sav,FL21OW84,Үг84,other
C:/tsogoo/Hicheel/erdem shinjilgeenii hural/ecnometric/shine/data/НҮТС-2023/fs - MN.sav,НҮТС-2023,fs - MN.sav,FL21OW85,Үг85,other
C:/tsogoo/Hicheel/erdem shinjilgeenii hural/ecnometric/shine/data/НҮТС-2023/fs - MN.sav,НҮТС-2023,fs - MN.sav,FL21OW86,Үг86,other
C:/tsogoo/Hicheel/erdem shinjilgeenii hural/ecnometric/shine/data/НҮТС-2023/fs - MN.sav,НҮТС-2023,fs - MN.sav,FL21OW87,Үг87,other
C:/tsogoo/Hicheel/erdem shinjilgeenii hural/ecnometric/shine/data/НҮТС-2023/fs - MN.sav,НҮТС-2023,fs - MN.sav,FL21OW88,Үг88,other
C:/tsogoo/Hicheel/erdem shinjilgeenii hural/ecnometric/shine/data/НҮТС-2023/fs - MN.sav,НҮТС-2023,fs - MN.sav,FL21OW89,Үг89,other
C:/tsogoo/Hicheel/erdem shinjilgeenii hural/ecnometric/shine/data/НҮТС-2023/fs - MN.sav,НҮТС-2023,fs - MN.sav,FL21OW90,Үг90,other
C:/tsogoo/Hicheel/erdem shinjilgeenii hural/ecnometric/shine/data/НҮТС-2023/fs - MN.sav,НҮТС-2023,fs - MN.sav,FL21OW91,Үг91,other
C:/tsogoo/Hicheel/erdem shinjilgeenii hural/ecnometric/shine/data/НҮТС-2023/fs - MN.sav,НҮТС-2023,fs - MN.sav,FL21OW92,Үг92,other
C:/tsogoo/Hicheel/erdem shinjilgeenii hural/ecnometric/shine/data/НҮТС-2023/fs - MN.sav,НҮТС-2023,fs - MN.sav,FL21OW93,Үг93,other
C:/tsogoo/Hicheel/erdem shinjilgeenii hural/ecnometric/shine/data/НҮТС-2023/fs - MN.sav,НҮТС-2023,fs - MN.sav,FL21OW94,Үг94,other
C:/tsogoo/Hicheel/erdem shinjilgeenii hural/ecnometric/shine/data/НҮТС-2023/fs - MN.sav,НҮТС-2023,fs - MN.sav,FL21OW95,Үг95,other
C:/tsogoo/Hicheel/erdem shinjilgeenii hural/ecnometric/shine/data/НҮТС-2023/fs - MN.sav,НҮТС-2023,fs - MN.sav,FL21OW96,Үг96,other
C:/tsogoo/Hicheel/erdem shinjilgeenii hural/ecnometric/shine/data/НҮТС-2023/fs - MN.sav,НҮТС-2023,fs - MN.sav,FL21OW97,Үг97,other
C:/tsogoo/Hicheel/erdem shinjilgeenii hural/ecnometric/shine/data/НҮТС-2023/fs - MN.sav,НҮТС-2023,fs - MN.sav,FL21OW98,Үг98,other
C:/tsogoo/Hicheel/erdem shinjilgeenii hural/ecnometric/shine/data/НҮТС-2023/fs - MN.sav,НҮТС-2023,fs - MN.sav,FL21OW99,Үг99,other
C:/tsogoo/Hicheel/erdem shinjilgeenii hural/ecnometric/shine/data/НҮТС-2023/fs - MN.sav,НҮТС-2023,fs - MN.sav,FL21PA,Уншсан үгийн тоо,other
C:/tsogoo/Hicheel/erdem shinjilgeenii hural/ecnometric/shine/data/НҮТС-2023/fs - MN.sav,НҮТС-2023,fs - MN.sav,FL21PB,Буруу болон алгассан үгийн тоо,other
C:/tsogoo/Hicheel/erdem shinjilgeenii hural/ecnometric/shine/data/НҮТС-2023/fs - MN.sav,НҮТС-2023,fs - MN.sav,FL22A,Эхийг зөв ойлгосон эсэх: 1,parents_family
C:/tsogoo/Hicheel/erdem shinjilgeenii hural/ecnometric/shine/data/НҮТС-2023/fs - MN.sav,НҮТС-2023,fs - MN.sav,FL22B,Эхийг зөв ойлгосон эсэх: 2,parents_family
C:/tsogoo/Hicheel/erdem shinjilgeenii hural/ecnometric/shine/data/НҮТС-2023/fs - MN.sav,НҮТС-2023,fs - MN.sav,FL22C,Эхийг зөв ойлгосон эсэх: 3,parents_family
C:/tsogoo/Hicheel/erdem shinjilgeenii hural/ecnometric/shine/data/НҮТС-2023/fs - MN.sav,НҮТС-2023,fs - MN.sav,FL22D,Эхийг зөв ойлгосон эсэх: 4,parents_family
C:/tsogoo/Hicheel/erdem shinjilgeenii hural/ecnometric/shine/data/НҮТС-2023/fs - MN.sav,НҮТС-2023,fs - MN.sav,FL22E,Эхийг зөв ойлгосон эсэх: 5,parents_family
C:/tsogoo/Hicheel/erdem shinjilgeenii hural/ecnometric/shine/data/НҮТС-2023/fs - MN.sav,НҮТС-2023,fs - MN.sav,FL23A,Цифрийг зөв таньсан эсэх: 9,parents_family
C:/tsogoo/Hicheel/erdem shinjilgeenii hural/ecnometric/shine/data/НҮТС-2023/fs - MN.sav,НҮТС-2023,fs - MN.sav,FL23B,Цифрийг зөв таньсан эсэх: 12,parents_family
C:/tsogoo/Hicheel/erdem shinjilgeenii hural/ecnometric/shine/data/НҮТС-2023/fs - MN.sav,НҮТС-2023,fs - MN.sav,FL23C,Цифрийг зөв таньсан эсэх: 30,parents_family
C:/tsogoo/Hicheel/erdem shinjilgeenii hural/ecnometric/shine/data/НҮТС-2023/fs - MN.sav,НҮТС-2023,fs - MN.sav,FL23D,Цифрийг зөв таньсан эсэх: 48,parents_family
C:/tsogoo/Hicheel/erdem shinjilgeenii hural/ecnometric/shine/data/НҮТС-2023/fs - MN.sav,НҮТС-2023,fs - MN.sav,FL23E,Цифрийг зөв таньсан эсэх: 74,parents_family
C:/tsogoo/Hicheel/erdem shinjilgeenii hural/ecnometric/shine/data/НҮТС-2023/fs - MN.sav,НҮТС-2023,fs - MN.sav,FL23F,Цифрийг зөв таньсан эсэх: 731,parents_family
C:/tsogoo/Hicheel/erdem shinjilgeenii hural/ecnometric/shine/data/НҮТС-2023/fs - MN.sav,НҮТС-2023,fs - MN.sav,FL24A,Их тоог зөв хэлсэн эсэх: 7-5,parents_family
C:/tsogoo/Hicheel/erdem shinjilgeenii hural/ecnometric/shine/data/НҮТС-2023/fs - MN.sav,НҮТС-2023,fs - MN.sav,FL24B,Их тоог зөв хэлсэн эсэх: 11-24,parents_family
C:/tsogoo/Hicheel/erdem shinjilgeenii hural/ecnometric/shine/data/НҮТС-2023/fs - MN.sav,НҮТС-2023,fs - MN.sav,FL24C,Их тоог зөв хэлсэн эсэх: 58-49,parents_family
C:/tsogoo/Hicheel/erdem shinjilgeenii hural/ecnometric/shine/data/НҮТС-2023/fs - MN.sav,НҮТС-2023,fs - MN.sav,FL24D,Их тоог зөв хэлсэн эсэх: 65-67,parents_family
C:/tsogoo/Hicheel/erdem shinjilgeenii hural/ecnometric/shine/data/НҮТС-2023/fs - MN.sav,НҮТС-2023,fs - MN.sav,FL24E,Их тоог зөв хэлсэн эсэх: 146-154,parents_family
C:/tsogoo/Hicheel/erdem shinjilgeenii hural/ecnometric/shine/data/НҮТС-2023/fs - MN.sav,НҮТС-2023,fs - MN.sav,FL25A,Тоонуудыг зөв нэмсэн эсэх: 3+2,parents_family
C:/tsogoo/Hicheel/erdem shinjilgeenii hural/ecnometric/shine/data/НҮТС-2023/fs - MN.sav,НҮТС-2023,fs - MN.sav,FL25B,Тоонуудыг зөв нэмсэн эсэх: 8+6,parents_family
C:/tsogoo/Hicheel/erdem shinjilgeenii hural/ecnometric/shine/data/НҮТС-2023/fs - MN.sav,НҮТС-2023,fs - MN.sav,FL25C,Тоонуудыг зөв нэмсэн эсэх: 7+3,parents_family
C:/tsogoo/Hicheel/erdem shinjilgeenii hural/ecnometric/shine/data/НҮТС-2023/fs - MN.sav,НҮТС-2023,fs - MN.sav,FL25D,Тоонуудыг зөв нэмсэн эсэх: 13+6,parents_family
C:/tsogoo/Hicheel/erdem shinjilgeenii hural/ecnometric/shine/data/НҮТС-2023/fs - MN.sav,НҮТС-2023,fs - MN.sav,FL25E,Тоонуудыг зөв нэмсэн эсэх: 12+24,parents_family
C:/tsogoo/Hicheel/erdem shinjilgeenii hural/ecnometric/shine/data/НҮТС-2023/fs - MN.sav,НҮТС-2023,fs - MN.sav,FL27A,Дараагийн тоог зөв нэрлэсэн эсэх: 5-6-7-X,parents_family
C:/tsogoo/Hicheel/erdem shinjilgeenii hural/ecnometric/shine/data/НҮТС-2023/fs - MN.sav,НҮТС-2023,fs - MN.sav,FL27B,Дараагийн тоог зөв нэрлэсэн эсэх: 14-15-X-17,parents_family
C:/tsogoo/Hicheel/erdem shinjilgeenii hural/ecnometric/shine/data/НҮТС-2023/fs - MN.sav,НҮТС-2023,fs - MN.sav,FL27C,Дараагийн тоог зөв нэрлэсэн эсэх: 20-X-40-50,parents_family
C:/tsogoo/Hicheel/erdem shinjilgeenii hural/ecnometric/shine/data/НҮТС-2023/fs - MN.sav,НҮТС-2023,fs - MN.sav,FL27D,Дараагийн тоог зөв нэрлэсэн эсэх: 2-4-6-X,parents_family
C:/tsogoo/Hicheel/erdem shinjilgeenii hural/ecnometric/shine/data/НҮТС-2023/fs - MN.sav,НҮТС-2023,fs - MN.sav,FL27E,Дараагийн тоог зөв нэрлэсэн эсэх: 5-8-11-X,parents_family
C:/tsogoo/Hicheel/erdem shinjilgeenii hural/ecnometric/shine/data/НҮТС-2023/fs - MN.sav,НҮТС-2023,fs - MN.sav,FL28,Хүүхдийн ярилцлагын үр дүн,other
C:/tsogoo/Hicheel/erdem shinjilgeenii hural/ecnometric/shine/data/НҮТС-2023/fs - MN.sav,НҮТС-2023,fs - MN.sav,FA8,Хүүхдийн жин (кг),demographics_geo_weights
C:/tsogoo/Hicheel/erdem shinjilgeenii hural/ecnometric/shine/data/НҮТС-2023/fs - MN.sav,НҮТС-2023,fs - MN.sav,FA11,Хүүхдийн өндөр (см),health_disability_nutrition
C:/tsogoo/Hicheel/erdem shinjilgeenii hural/ecnometric/shine/data/НҮТС-2023/fs - MN.sav,НҮТС-2023,fs - MN.sav,HH4,Багийн ахлагчийн дугаар,other
C:/tsogoo/Hicheel/erdem shinjilgeenii hural/ecnometric/shine/data/НҮТС-2023/fs - MN.sav,НҮТС-2023,fs - MN.sav,HH6,Байршил,other
C:/tsogoo/Hicheel/erdem shinjilgeenii hural/ecnometric/shine/data/НҮТС-2023/fs - MN.sav,НҮТС-2023,fs - MN.sav,HH7,Бүс,demographics_geo_weights
C:/tsogoo/Hicheel/erdem shinjilgeenii hural/ecnometric/shine/data/НҮТС-2023/fs - MN.sav,НҮТС-2023,fs - MN.sav,HH52,5-17 насны судалгаанд хамрагдсан хүүхдийн тоо,demographics_geo_weights
C:/tsogoo/Hicheel/erdem shinjilgeenii hural/ecnometric/shine/data/НҮТС-2023/fs - MN.sav,НҮТС-2023,fs - MN.sav,HL4,Хүйс,demographics_geo_weights
C:/tsogoo/Hicheel/erdem shinjilgeenii hural/ecnometric/shine/data/НҮТС-2023/fs - MN.sav,НҮТС-2023,fs - MN.sav,ED5A,Сурч байсан хамгийн дээд шатлалын сургууль,education_schooling
C:/tsogoo/Hicheel/erdem shinjilgeenii hural/ecnometric/shine/data/НҮТС-2023/fs - MN.sav,НҮТС-2023,fs - MN.sav,ED5B,Сурч байсан хамгийн дээд анги/курс,education_schooling
C:/tsogoo/Hicheel/erdem shinjilgeenii hural/ecnometric/shine/data/НҮТС-2023/fs - MN.sav,НҮТС-2023,fs - MN.sav,FSAGE,Нас,demographics_geo_weights
C:/tsogoo/Hicheel/erdem shinjilgeenii hural/ecnometric/shine/data/НҮТС-2023/fs - MN.sav,НҮТС-2023,fs - MN.sav,FSDOI,5-15 насны хүүхдийн асуулга авсан огноо (CMC),demographics_geo_weights
C:/tsogoo/Hicheel/erdem shinjilgeenii hural/ecnometric/shine/data/НҮТС-2023/fs - MN.sav,НҮТС-2023,fs - MN.sav,FSDOB,5-15 насны хүүхдийн төрсөн огноо (CMC),demographics_geo_weights
C:/tsogoo/Hicheel/erdem shinjilgeenii hural/ecnometric/shine/data/НҮТС-2023/fs - MN.sav,НҮТС-2023,fs - MN.sav,fsweight,5-17 настай хүүхдийн түүврийн жин,demographics_geo_weights
C:/tsogoo/Hicheel/erdem shinjilgeenii hural/ecnometric/shine/data/НҮТС-2023/fs - MN.sav,НҮТС-2023,fs - MN.sav,ED9,"Энэ (2018/2019) хичээлийн жилд цэцэрлэгт явж, сургуульд сурч байгаа эсэх",education_schooling
C:/tsogoo/Hicheel/erdem shinjilgeenii hural/ecnometric/shine/data/НҮТС-2023/fs - MN.sav,НҮТС-2023,fs - MN.sav,fshweight,5-17 настай хүүхдийн өрхийн түүврийн жин,wealth_assets_housing
C:/tsogoo/Hicheel/erdem shinjilgeenii hural/ecnometric/shine/data/НҮТС-2023/fs - MN.sav,НҮТС-2023,fs - MN.sav,wscore,Аж байдлын түвшний нэгдсэн оноо,other
C:/tsogoo/Hicheel/erdem shinjilgeenii hural/ecnometric/shine/data/НҮТС-2023/fs - MN.sav,НҮТС-2023,fs - MN.sav,windex5,Аж байдлын түвшний квинтиль,other
C:/tsogoo/Hicheel/erdem shinjilgeenii hural/ecnometric/shine/data/НҮТС-2023/fs - MN.sav,НҮТС-2023,fs - MN.sav,windex10,Аж байдлын түвшний бүлэг,other
C:/tsogoo/Hicheel/erdem shinjilgeenii hural/ecnometric/shine/data/НҮТС-2023/fs - MN.sav,НҮТС-2023,fs - MN.sav,wscoreu,Аж байдлын түвшний нэгдсэн оноо - Хот,demographics_geo_weights
C:/tsogoo/Hicheel/erdem shinjilgeenii hural/ecnometric/shine/data/НҮТС-2023/fs - MN.sav,НҮТС-2023,fs - MN.sav,windex5u,Аж байдлын түвшний квинтиль - хот,demographics_geo_weights
C:/tsogoo/Hicheel/erdem shinjilgeenii hural/ecnometric/shine/data/НҮТС-2023/fs - MN.sav,НҮТС-2023,fs - MN.sav,windex10u,Аж байдлын түвшний бүлэг - хот,demographics_geo_weights
C:/tsogoo/Hicheel/erdem shinjilgeenii hural/ecnometric/shine/data/НҮТС-2023/fs - MN.sav,НҮТС-2023,fs - MN.sav,wscorer,Аж байдлын түвшний нэгдсэн оноо - Хөдөө,demographics_geo_weights
C:/tsogoo/Hicheel/erdem shinjilgeenii hural/ecnometric/shine/data/НҮТС-2023/fs - MN.sav,НҮТС-2023,fs - MN.sav,windex5r,Аж байдлын түвшний квинтиль - хөдөө,demographics_geo_weights
C:/tsogoo/Hicheel/erdem shinjilgeenii hural/ecnometric/shine/data/НҮТС-2023/fs - MN.sav,НҮТС-2023,fs - MN.sav,windex10r,Аж байдлын түвшний бүлэг - хөдөө,demographics_geo_weights
C:/tsogoo/Hicheel/erdem shinjilgeenii hural/ecnometric/shine/data/НҮТС-2023/fs - MN.sav,НҮТС-2023,fs - MN.sav,zbmi,Биеийн жингийн индексийн z оноо (Дэлхийн Эрүүл Мэндийн Байгууллага),demographics_geo_weights
C:/tsogoo/Hicheel/erdem shinjilgeenii hural/ecnometric/shine/data/НҮТС-2023/fs - MN.sav,НҮТС-2023,fs - MN.sav,zwaz,Биеийн жингийн индексийн z оноо (Дэлхийн Эрүүл Мэндийн Байгууллага),demographics_geo_weights
C:/tsogoo/Hicheel/erdem shinjilgeenii hural/ecnometric/shine/data/НҮТС-2023/fs - MN.sav,НҮТС-2023,fs - MN.sav,zhaz,Насанд тохирсон өндрийн z оноо (Дэлхийн Эрүүл Мэндийн Байгууллага),demographics_geo_weights
C:/tsogoo/Hicheel/erdem shinjilgeenii hural/ecnometric/shine/data/НҮТС-2023/fs - MN.sav,НҮТС-2023,fs - MN.sav,fselevel,Боловсрол,education_schooling
C:/tsogoo/Hicheel/erdem shinjilgeenii hural/ecnometric/shine/data/НҮТС-2023/fs - MN.sav,НҮТС-2023,fs - MN.sav,melevel,Эхийн боловсролын түвшин,education_schooling
C:/tsogoo/Hicheel/erdem shinjilgeenii hural/ecnometric/shine/data/НҮТС-2023/fs - MN.sav,НҮТС-2023,fs - MN.sav,schage,Сургуульд орсон нас,education_schooling
C:/tsogoo/Hicheel/erdem shinjilgeenii hural/ecnometric/shine/data/НҮТС-2023/fs - MN.sav,НҮТС-2023,fs - MN.sav,fsdisability,Үйлдлийн чадварын хүндрэлтэй эсэх (5-17 нас),parents_family
C:/tsogoo/Hicheel/erdem shinjilgeenii hural/ecnometric/shine/data/НҮТС-2023/fs - MN.sav,НҮТС-2023,fs - MN.sav,ListCat,Жагсаалт гаргаж байх үед өрхөд амьдарч байсан 5 болон түүнээс доош насны хүүхэд,wealth_assets_housing
C:/tsogoo/Hicheel/erdem shinjilgeenii hural/ecnometric/shine/data/НҮТС-2023/fs - MN.sav,НҮТС-2023,fs - MN.sav,ethnicity,Өрхийн тэргүүлэгчийн яс үндэс,wealth_assets_housing
C:/tsogoo/Hicheel/erdem shinjilgeenii hural/ecnometric/shine/data/НҮТС-2023/fs - MN.sav,НҮТС-2023,fs - MN.sav,area,"Хот, хөдөө",demographics_geo_weights
C:/tsogoo/Hicheel/erdem shinjilgeenii hural/ecnometric/shine/data/НҮТС-2023/fs - MN.sav,НҮТС-2023,fs - MN.sav,caretakerdis,Эх нь үйлдлийн чадварын хүндрэлтэй эсэх (18-49 нас),wealth_assets_housing
C:/tsogoo/Hicheel/erdem shinjilgeenii hural/ecnometric/shine/data/НҮТС-2023/ftu - MN.sav,НҮТС-2023,ftu - MN.sav,HH1,Түүвэрлэдсэн нэгжийн дугаар,demographics_geo_weights
C:/tsogoo/Hicheel/erdem shinjilgeenii hural/ecnometric/shine/data/НҮТС-2023/ftu - MN.sav,НҮТС-2023,ftu - MN.sav,HH2,Өрхийн дугаар,wealth_assets_housing
C:/tsogoo/Hicheel/erdem shinjilgeenii hural/ecnometric/shine/data/НҮТС-2023/ftu - MN.sav,НҮТС-2023,ftu - MN.sav,LN,Мөрийн дугаар,other
C:/tsogoo/Hicheel/erdem shinjilgeenii hural/ecnometric/shine/data/НҮТС-2023/ftu - MN.sav,НҮТС-2023,ftu - MN.sav,FS1,Түүвэрлэдсэн нэгжийн дугаар,demographics_geo_weights
C:/tsogoo/Hicheel/erdem shinjilgeenii hural/ecnometric/shine/data/НҮТС-2023/ftu - MN.sav,НҮТС-2023,ftu - MN.sav,FS2,Өрхийн дугаар,wealth_assets_housing
C:/tsogoo/Hicheel/erdem shinjilgeenii hural/ecnometric/shine/data/НҮТС-2023/ftu - MN.sav,НҮТС-2023,ftu - MN.sav,FS3,Хүүхдийн мөрийн дугаар,other
C:/tsogoo/Hicheel/erdem shinjilgeenii hural/ecnometric/shine/data/НҮТС-2023/ftu - MN.sav,НҮТС-2023,ftu - MN.sav,FSINT,Ярилцлага авагчын дугаар,other
C:/tsogoo/Hicheel/erdem shinjilgeenii hural/ecnometric/shine/data/НҮТС-2023/ftu - MN.sav,НҮТС-2023,ftu - MN.sav,FTU7,Ажлын код,other
C:/tsogoo/Hicheel/erdem shinjilgeenii hural/ecnometric/shine/data/НҮТС-2023/ftu - MN.sav,НҮТС-2023,ftu - MN.sav,FTU12,Онлайн тоглоом тоглосон эсэх,parents_family
C:/tsogoo/Hicheel/erdem shinjilgeenii hural/ecnometric/shine/data/НҮТС-2023/ftu - MN.sav,НҮТС-2023,ftu - MN.sav,FTU13A,Хэнтэй тоглосон бэ? - Ганцаараа,other
C:/tsogoo/Hicheel/erdem shinjilgeenii hural/ecnometric/shine/data/НҮТС-2023/ftu - MN.sav,НҮТС-2023,ftu - MN.sav,FTU13B,Хэнтэй тоглосон бэ? - Найзтайгаа,other
C:/tsogoo/Hicheel/erdem shinjilgeenii hural/ecnometric/shine/data/НҮТС-2023/ftu - MN.sav,НҮТС-2023,ftu - MN.sav,FTU13C,Хэнтэй тоглосон бэ? - Найзтайгаа онлайнаар,other
C:/tsogoo/Hicheel/erdem shinjilgeenii hural/ecnometric/shine/data/НҮТС-2023/ftu - MN.sav,НҮТС-2023,ftu - MN.sav,FTU13D,Хэнтэй тоглосон бэ? - Бусад хүмүүстэй онлайнаар,wealth_assets_housing
C:/tsogoo/Hicheel/erdem shinjilgeenii hural/ecnometric/shine/data/НҮТС-2023/ftu - MN.sav,НҮТС-2023,ftu - MN.sav,FTU13NR,Хэнтэй тоглосон бэ? - Хариулаагүй,other
C:/tsogoo/Hicheel/erdem shinjilgeenii hural/ecnometric/shine/data/НҮТС-2023/ftu - MN.sav,НҮТС-2023,ftu - MN.sav,FTU14,"ТВ-ийн шоу, кино онлайнаар үзсэн эсэх",parents_family
C:/tsogoo/Hicheel/erdem shinjilgeenii hural/ecnometric/shine/data/НҮТС-2023/ftu - MN.sav,НҮТС-2023,ftu - MN.sav,FTU15,Мэдээ онлайнаар үзсэн эсэх,parents_family
C:/tsogoo/Hicheel/erdem shinjilgeenii hural/ecnometric/shine/data/НҮТС-2023/ftu - MN.sav,НҮТС-2023,ftu - MN.sav,FTU16,Иргэний оролцооны үйл ажиллагаанд онлайнаар оролцсон эсэх,parents_family
C:/tsogoo/Hicheel/erdem shinjilgeenii hural/ecnometric/shine/data/НҮТС-2023/ftu - MN.sav,НҮТС-2023,ftu - MN.sav,FTU17A,Зайн сургалтын хичээл - Сургууль / багшаас материал өгөөд бие даан сурах,education_schooling
C:/tsogoo/Hicheel/erdem shinjilgeenii hural/ecnometric/shine/data/НҮТС-2023/ftu - MN.sav,НҮТС-2023,ftu - MN.sav,FTU17B,Зайн сургалтын хичээл - Сонсох хичээл,other
C:/tsogoo/Hicheel/erdem shinjilgeenii hural/ecnometric/shine/data/НҮТС-2023/ftu - MN.sav,НҮТС-2023,ftu - MN.sav,FTU17C,Зайн сургалтын хичээл - ТВ хичээл,other
C:/tsogoo/Hicheel/erdem shinjilgeenii hural/ecnometric/shine/data/НҮТС-2023/ftu - MN.sav,НҮТС-2023,ftu - MN.sav,FTU17D,Зайн сургалтын хичээл - Интернэт суурилсан хичээл,other
C:/tsogoo/Hicheel/erdem shinjilgeenii hural/ecnometric/shine/data/НҮТС-2023/ftu - MN.sav,НҮТС-2023,ftu - MN.sav,FTU17E,Зайн сургалтын хичээл - Нүүр тулсан хичээл,other
C:/tsogoo/Hicheel/erdem shinjilgeenii hural/ecnometric/shine/data/НҮТС-2023/ftu - MN.sav,НҮТС-2023,ftu - MN.sav,FTU17X,Зайн сургалтын хичээл - Бусад (тодруулах),wealth_assets_housing
C:/tsogoo/Hicheel/erdem shinjilgeenii hural/ecnometric/shine/data/НҮТС-2023/ftu - MN.sav,НҮТС-2023,ftu - MN.sav,FTU17NR,Зайн сургалтын хичээл - Хариулаагүй,other
C:/tsogoo/Hicheel/erdem shinjilgeenii hural/ecnometric/shine/data/НҮТС-2023/ftu - MN.sav,НҮТС-2023,ftu - MN.sav,HH4,Багийн ахлагчийн дугаар,other
C:/tsogoo/Hicheel/erdem shinjilgeenii hural/ecnometric/shine/data/НҮТС-2023/ftu - MN.sav,НҮТС-2023,ftu - MN.sav,HH6,Байршил,other
C:/tsogoo/Hicheel/erdem shinjilgeenii hural/ecnometric/shine/data/НҮТС-2023/ftu - MN.sav,НҮТС-2023,ftu - MN.sav,HH7,Бүс,demographics_geo_weights
C:/tsogoo/Hicheel/erdem shinjilgeenii hural/ecnometric/shine/data/НҮТС-2023/ftu - MN.sav,НҮТС-2023,ftu - MN.sav,FSAGE,Нас,demographics_geo_weights
C:/tsogoo/Hicheel/erdem shinjilgeenii hural/ecnometric/shine/data/НҮТС-2023/ftu - MN.sav,НҮТС-2023,ftu - MN.sav,FSDOI,Хүүхдийн асуулга авсан огноо (CMC),other
C:/tsogoo/Hicheel/erdem shinjilgeenii hural/ecnometric/shine/data/НҮТС-2023/ftu - MN.sav,НҮТС-2023,ftu - MN.sav,melevel,Эхийн боловсрол,education_schooling
C:/tsogoo/Hicheel/erdem shinjilgeenii hural/ecnometric/shine/data/НҮТС-2023/ftu - MN.sav,НҮТС-2023,ftu - MN.sav,fshweight,Үйлдлийн чадварын хүндрэлтэй эсэх (5-17 нас),parents_family
C:/tsogoo/Hicheel/erdem shinjilgeenii hural/ecnometric/shine/data/НҮТС-2023/ftu - MN.sav,НҮТС-2023,ftu - MN.sav,wscore,Аж байдлын түвшний нэгдсэн оноо,other
C:/tsogoo/Hicheel/erdem shinjilgeenii hural/ecnometric/shine/data/НҮТС-2023/ftu - MN.sav,НҮТС-2023,ftu - MN.sav,windex5,Аж байдлын түвшний квинтиль,other
C:/tsogoo/Hicheel/erdem shinjilgeenii hural/ecnometric/shine/data/НҮТС-2023/ftu - MN.sav,НҮТС-2023,ftu - MN.sav,windex10,Аж байдлын түвшний бүлэг,other
C:/tsogoo/Hicheel/erdem shinjilgeenii hural/ecnometric/shine/data/НҮТС-2023/ftu - MN.sav,НҮТС-2023,ftu - MN.sav,wscoreu,Аж байдлын түвшний нэгдсэн оноо - Хот,demographics_geo_weights
C:/tsogoo/Hicheel/erdem shinjilgeenii hural/ecnometric/shine/data/НҮТС-2023/ftu - MN.sav,НҮТС-2023,ftu - MN.sav,windex5u,Аж байдлын түвшний квинтиль - хот,demographics_geo_weights
C:/tsogoo/Hicheel/erdem shinjilgeenii hural/ecnometric/shine/data/НҮТС-2023/ftu - MN.sav,НҮТС-2023,ftu - MN.sav,windex10u,Аж байдлын түвшний бүлэг - хот,demographics_geo_weights
C:/tsogoo/Hicheel/erdem shinjilgeenii hural/ecnometric/shine/data/НҮТС-2023/ftu - MN.sav,НҮТС-2023,ftu - MN.sav,wscorer,Аж байдлын түвшний нэгдсэн оноо - Хөдөө,demographics_geo_weights
C:/tsogoo/Hicheel/erdem shinjilgeenii hural/ecnometric/shine/data/НҮТС-2023/ftu - MN.sav,НҮТС-2023,ftu - MN.sav,windex5r,Аж байдлын түвшний квинтиль - хөдөө,demographics_geo_weights
C:/tsogoo/Hicheel/erdem shinjilgeenii hural/ecnometric/shine/data/НҮТС-2023/ftu - MN.sav,НҮТС-2023,ftu - MN.sav,windex10r,Аж байдлын түвшний бүлэг - хөдөө,demographics_geo_weights
C:/tsogoo/Hicheel/erdem shinjilgeenii hural/ecnometric/shine/data/НҮТС-2023/ftu - MN.sav,НҮТС-2023,ftu - MN.sav,ListCat,Жагсаалт гаргаж байх үед өрхөд амьдарч байсан 5 болон түүнээс доош насны хүүхэд,wealth_assets_housing
C:/tsogoo/Hicheel/erdem shinjilgeenii hural/ecnometric/shine/data/НҮТС-2023/ftu - MN.sav,НҮТС-2023,ftu - MN.sav,ethnicity,Өрхийн тэргүүлэгчийн яс үндэс,wealth_assets_housing
C:/tsogoo/Hicheel/erdem shinjilgeenii hural/ecnometric/shine/data/НҮТС-2023/ftu - MN.sav,НҮТС-2023,ftu - MN.sav,area,"Хот, хөдөө",demographics_geo_weights
C:/tsogoo/Hicheel/erdem shinjilgeenii hural/ecnometric/shine/data/НҮТС-2023/ftu - MN.sav,НҮТС-2023,ftu - MN.sav,fselevel,Боловсрол,education_schooling
C:/tsogoo/Hicheel/erdem shinjilgeenii hural/ecnometric/shine/data/НҮТС-2023/ftu - MN.sav,НҮТС-2023,ftu - MN.sav,fsdisability,Үйлдлийн чадварын хүндрэлтэй эсэх (5-17 нас),parents_family
C:/tsogoo/Hicheel/erdem shinjilgeenii hural/ecnometric/shine/data/НҮТС-2023/hh - MN.sav,НҮТС-2023,hh - MN.sav,HH1,Түүвэрлэгдсэн нэгжийн дугаар,demographics_geo_weights
C:/tsogoo/Hicheel/erdem shinjilgeenii hural/ecnometric/shine/data/НҮТС-2023/hh - MN.sav,НҮТС-2023,hh - MN.sav,HH2,Өрхийн дугаар,wealth_assets_housing
C:/tsogoo/Hicheel/erdem shinjilgeenii hural/ecnometric/shine/data/НҮТС-2023/hh - MN.sav,НҮТС-2023,hh - MN.sav,HH3,Ярилцлага авагчийн дугаар,other
C:/tsogoo/Hicheel/erdem shinjilgeenii hural/ecnometric/shine/data/НҮТС-2023/hh - MN.sav,НҮТС-2023,hh - MN.sav,HH4,Багийн ахлагчийн дугаар,other
C:/tsogoo/Hicheel/erdem shinjilgeenii hural/ecnometric/shine/data/НҮТС-2023/hh - MN.sav,НҮТС-2023,hh - MN.sav,HH5D,Ярилцлага авсан өдөр,other
C:/tsogoo/Hicheel/erdem shinjilgeenii hural/ecnometric/shine/data/НҮТС-2023/hh - MN.sav,НҮТС-2023,hh - MN.sav,HH5M,Ярилцлага авсан сар,other
C:/tsogoo/Hicheel/erdem shinjilgeenii hural/ecnometric/shine/data/НҮТС-2023/hh - MN.sav,НҮТС-2023,hh - MN.sav,HH5Y,Ярилцлага авсан он,other
C:/tsogoo/Hicheel/erdem shinjilgeenii hural/ecnometric/shine/data/НҮТС-2023/hh - MN.sav,НҮТС-2023,hh - MN.sav,HH6,Байршил,other
C:/tsogoo/Hicheel/erdem shinjilgeenii hural/ecnometric/shine/data/НҮТС-2023/hh - MN.sav,НҮТС-2023,hh - MN.sav,HH7,Бүс,demographics_geo_weights
C:/tsogoo/Hicheel/erdem shinjilgeenii hural/ecnometric/shine/data/НҮТС-2023/hh - MN.sav,НҮТС-2023,hh - MN.sav,HH7A,Аймаг,demographics_geo_weights
C:/tsogoo/Hicheel/erdem shinjilgeenii hural/ecnometric/shine/data/НҮТС-2023/hh - MN.sav,НҮТС-2023,hh - MN.sav,HH8,Өрх эрэгтэйн ганцаарчилсан асуулгад сонгогдсон эсэх,wealth_assets_housing
C:/tsogoo/Hicheel/erdem shinjilgeenii hural/ecnometric/shine/data/НҮТС-2023/hh - MN.sav,НҮТС-2023,hh - MN.sav,HH9,Өрх усны чанарын туршилтад сонгогдсон эсэх,wealth_assets_housing
C:/tsogoo/Hicheel/erdem shinjilgeenii hural/ecnometric/shine/data/НҮТС-2023/hh - MN.sav,НҮТС-2023,hh - MN.sav,HH10,Өрх усны чанарын нэмэлт туршилтад сонгогдсон эсэх,wealth_assets_housing
C:/tsogoo/Hicheel/erdem shinjilgeenii hural/ecnometric/shine/data/НҮТС-2023/hh - MN.sav,НҮТС-2023,hh - MN.sav,HH12,Зөвшөөрөл өгсөн эсэх,parents_family
C:/tsogoo/Hicheel/erdem shinjilgeenii hural/ecnometric/shine/data/НҮТС-2023/hh - MN.sav,НҮТС-2023,hh - MN.sav,HH46,Ярилцлагын үр дүн,other
C:/tsogoo/Hicheel/erdem shinjilgeenii hural/ecnometric/shine/data/НҮТС-2023/hh - MN.sav,НҮТС-2023,hh - MN.sav,HH14,Асуулгын хуудас бичигдсэн хэл,other
C:/tsogoo/Hicheel/erdem shinjilgeenii hural/ecnometric/shine/data/НҮТС-2023/hh - MN.sav,НҮТС-2023,hh - MN.sav,HH15,Ярилцлага хийсэн хэл,other
C:/tsogoo/Hicheel/erdem shinjilgeenii hural/ecnometric/shine/data/НҮТС-2023/hh - MN.sav,НҮТС-2023,hh - MN.sav,HH16,Ярилцлага өгөгчийн эх хэл,parents_family
C:/tsogoo/Hicheel/erdem shinjilgeenii hural/ecnometric/shine/data/НҮТС-2023/hh - MN.sav,НҮТС-2023,hh - MN.sav,HH17,Ярилцлагын явцад орчуулга ашигласан эсэх,parents_family
C:/tsogoo/Hicheel/erdem shinjilgeenii hural/ecnometric/shine/data/НҮТС-2023/hh - MN.sav,НҮТС-2023,hh - MN.sav,HH26A,Сонгогдсон хүүхдийн дарааллын дугаар,other
C:/tsogoo/Hicheel/erdem shinjilgeenii hural/ecnometric/shine/data/НҮТС-2023/hh - MN.sav,НҮТС-2023,hh - MN.sav,HH26B,Хүүхдийн мөрийн дугаар,other
C:/tsogoo/Hicheel/erdem shinjilgeenii hural/ecnometric/shine/data/НҮТС-2023/hh - MN.sav,НҮТС-2023,hh - MN.sav,HH26C,Хүүхдийн нас,demographics_geo_weights
C:/tsogoo/Hicheel/erdem shinjilgeenii hural/ecnometric/shine/data/НҮТС-2023/hh - MN.sav,НҮТС-2023,hh - MN.sav,HH33,15-17 насны эмэгтэй гишүүдээс ярилцлага авахыг зөвшөөрсөн эсэх,parents_family
C:/tsogoo/Hicheel/erdem shinjilgeenii hural/ecnometric/shine/data/НҮТС-2023/hh - MN.sav,НҮТС-2023,hh - MN.sav,HH39,15-17 насны эрэгтэй гишүүдээс ярилцлага авахыг зөвшөөрсөн эсэх,parents_family
C:/tsogoo/Hicheel/erdem shinjilgeenii hural/ecnometric/shine/data/НҮТС-2023/hh - MN.sav,НҮТС-2023,hh - MN.sav,HH44,Ундны усны чанарын туршилт хийхийг зөвшөөрсөн эсэх,wealth_assets_housing
C:/tsogoo/Hicheel/erdem shinjilgeenii hural/ecnometric/shine/data/НҮТС-2023/hh - MN.sav,НҮТС-2023,hh - MN.sav,HH47,Ярилцлага өгөгчийн мөрийн дугаар,other
C:/tsogoo/Hicheel/erdem shinjilgeenii hural/ecnometric/shine/data/НҮТС-2023/hh - MN.sav,НҮТС-2023,hh - MN.sav,HH48,Өрхийн гишүүдийн тоо,wealth_assets_housing
C:/tsogoo/Hicheel/erdem shinjilgeenii hural/ecnometric/shine/data/НҮТС-2023/hh - MN.sav,НҮТС-2023,hh - MN.sav,HH49,15 - 49 насны эмэгтэйн тоо,demographics_geo_weights
C:/tsogoo/Hicheel/erdem shinjilgeenii hural/ecnometric/shine/data/НҮТС-2023/hh - MN.sav,НҮТС-2023,hh - MN.sav,HH50,15 - 49 насны эрэгтэйн тоо [Хэрэв өрх эрэгтэйн асуулгад сонгогдсон бол],wealth_assets_housing
C:/tsogoo/Hicheel/erdem shinjilgeenii hural/ecnometric/shine/data/НҮТС-2023/hh - MN.sav,НҮТС-2023,hh - MN.sav,HH51,5-аас доош насны хүүхдийн тоо,demographics_geo_weights
C:/tsogoo/Hicheel/erdem shinjilgeenii hural/ecnometric/shine/data/НҮТС-2023/hh - MN.sav,НҮТС-2023,hh - MN.sav,HH52,5-17 насны судалгаанд хамрагдсан хүүхдийн тоо,demographics_geo_weights
C:/tsogoo/Hicheel/erdem shinjilgeenii hural/ecnometric/shine/data/НҮТС-2023/hh - MN.sav,НҮТС-2023,hh - MN.sav,HHAUX,Өөр гишүүн байгаа эсэх,parents_family
C:/tsogoo/Hicheel/erdem shinjilgeenii hural/ecnometric/shine/data/НҮТС-2023/hh - MN.sav,НҮТС-2023,hh - MN.sav,HHWQ,Усны чанарын туршилт хийхэд бэлдэх,wealth_assets_housing
C:/tsogoo/Hicheel/erdem shinjilgeenii hural/ecnometric/shine/data/НҮТС-2023/hh - MN.sav,НҮТС-2023,hh - MN.sav,HH44BC,Утсаар ярилцлага өгөхийг зөвшөөрсөн эсэх,parents_family
C:/tsogoo/Hicheel/erdem shinjilgeenii hural/ecnometric/shine/data/НҮТС-2023/hh - MN.sav,НҮТС-2023,hh - MN.sav,HH44DE,Өрхийн хэн нэгэн гар утастай эсэх,wealth_assets_housing
C:/tsogoo/Hicheel/erdem shinjilgeenii hural/ecnometric/shine/data/НҮТС-2023/hh - MN.sav,НҮТС-2023,hh - MN.sav,HC1A,Өрхийн тэргүүлэгчийн шашин шүтлэг,wealth_assets_housing
C:/tsogoo/Hicheel/erdem shinjilgeenii hural/ecnometric/shine/data/НҮТС-2023/hh - MN.sav,НҮТС-2023,hh - MN.sav,HC2,Өрхийн тэргүүлэгчийн яс үндэс,wealth_assets_housing
C:/tsogoo/Hicheel/erdem shinjilgeenii hural/ecnometric/shine/data/НҮТС-2023/hh - MN.sav,НҮТС-2023,hh - MN.sav,HC1C,Өрхийн сууцны төрөл,wealth_assets_housing
C:/tsogoo/Hicheel/erdem shinjilgeenii hural/ecnometric/shine/data/НҮТС-2023/hh - MN.sav,НҮТС-2023,hh - MN.sav,HC1D,Гэрийн ханын тоо,other
C:/tsogoo/Hicheel/erdem shinjilgeenii hural/ecnometric/shine/data/НҮТС-2023/hh - MN.sav,НҮТС-2023,hh - MN.sav,HC1E,Гэрийн шалны материал,other
C:/tsogoo/Hicheel/erdem shinjilgeenii hural/ecnometric/shine/data/НҮТС-2023/hh - MN.sav,НҮТС-2023,hh - MN.sav,HC1F,Гэрийн дээвэр дан/давхар эсэх,parents_family
C:/tsogoo/Hicheel/erdem shinjilgeenii hural/ecnometric/shine/data/НҮТС-2023/hh - MN.sav,НҮТС-2023,hh - MN.sav,HC1G,Гэрийн туурга дан/давхар эсэх,parents_family
C:/tsogoo/Hicheel/erdem shinjilgeenii hural/ecnometric/shine/data/НҮТС-2023/hh - MN.sav,НҮТС-2023,hh - MN.sav,HC1GA,Өрх нийт хэдэн гэрт амьдарч байна вэ?,wealth_assets_housing
C:/tsogoo/Hicheel/erdem shinjilgeenii hural/ecnometric/shine/data/НҮТС-2023/hh - MN.sav,НҮТС-2023,hh - MN.sav,HC1GB,Өрхийн гишүүд ихэвчлэн хэдэн гэрт нь унтдаг вэ?,wealth_assets_housing
C:/tsogoo/Hicheel/erdem shinjilgeenii hural/ecnometric/shine/data/НҮТС-2023/hh - MN.sav,НҮТС-2023,hh - MN.sav,HC1I,Сууцны өрөөний тоо,other
C:/tsogoo/Hicheel/erdem shinjilgeenii hural/ecnometric/shine/data/НҮТС-2023/hh - MN.sav,НҮТС-2023,hh - MN.sav,HC3,Хүн унтдаг өрөөний тоо,other
C:/tsogoo/Hicheel/erdem shinjilgeenii hural/ecnometric/shine/data/НҮТС-2023/hh - MN.sav,НҮТС-2023,hh - MN.sav,HC4,Шалны материал,other
C:/tsogoo/Hicheel/erdem shinjilgeenii hural/ecnometric/shine/data/НҮТС-2023/hh - MN.sav,НҮТС-2023,hh - MN.sav,HC4A,Шалны дулаалгын материал,other
C:/tsogoo/Hicheel/erdem shinjilgeenii hural/ecnometric/shine/data/НҮТС-2023/hh - MN.sav,НҮТС-2023,hh - MN.sav,HC5,Дээврийн хучилтын материал,other
C:/tsogoo/Hicheel/erdem shinjilgeenii hural/ecnometric/shine/data/НҮТС-2023/hh - MN.sav,НҮТС-2023,hh - MN.sav,HC5A,Дээвэр дулаалгын материал,other
C:/tsogoo/Hicheel/erdem shinjilgeenii hural/ecnometric/shine/data/НҮТС-2023/hh - MN.sav,НҮТС-2023,hh - MN.sav,HC6,Ханын гаднах материал,other
C:/tsogoo/Hicheel/erdem shinjilgeenii hural/ecnometric/shine/data/НҮТС-2023/hh - MN.sav,НҮТС-2023,hh - MN.sav,HC6A,Хана дулаалгатай эсэх,parents_family
C:/tsogoo/Hicheel/erdem shinjilgeenii hural/ecnometric/shine/data/НҮТС-2023/hh - MN.sav,НҮТС-2023,hh - MN.sav,HC6C,Өвлийн улиралд үүдний амбаартай эсэх,parents_family
C:/tsogoo/Hicheel/erdem shinjilgeenii hural/ecnometric/shine/data/НҮТС-2023/hh - MN.sav,НҮТС-2023,hh - MN.sav,HC7A,Суурин утас,other
C:/tsogoo/Hicheel/erdem shinjilgeenii hural/ecnometric/shine/data/НҮТС-2023/hh - MN.sav,НҮТС-2023,hh - MN.sav,HC7B,Радио,other
C:/tsogoo/Hicheel/erdem shinjilgeenii hural/ecnometric/shine/data/НҮТС-2023/hh - MN.sav,НҮТС-2023,hh - MN.sav,HC7C,Хувцасны шүүгээ,other
C:/tsogoo/Hicheel/erdem shinjilgeenii hural/ecnometric/shine/data/НҮТС-2023/hh - MN.sav,НҮТС-2023,hh - MN.sav,HC7D,Буйдан,other
C:/tsogoo/Hicheel/erdem shinjilgeenii hural/ecnometric/shine/data/НҮТС-2023/hh - MN.sav,НҮТС-2023,hh - MN.sav,HC7E,Төмөр ор,other
C:/tsogoo/Hicheel/erdem shinjilgeenii hural/ecnometric/shine/data/НҮТС-2023/hh - MN.sav,НҮТС-2023,hh - MN.sav,HC7F,Унтлагын ор,other
C:/tsogoo/Hicheel/erdem shinjilgeenii hural/ecnometric/shine/data/НҮТС-2023/hh - MN.sav,НҮТС-2023,hh - MN.sav,HC8,Цахилгаантай эсэх,wealth_assets_housing
C:/tsogoo/Hicheel/erdem shinjilgeenii hural/ecnometric/shine/data/НҮТС-2023/hh - MN.sav,НҮТС-2023,hh - MN.sav,HC8AA,Эрчим хүчний нэгдсэн сүлжээнд холбогдсон эсэх,parents_family
C:/tsogoo/Hicheel/erdem shinjilgeenii hural/ecnometric/shine/data/НҮТС-2023/hh - MN.sav,НҮТС-2023,hh - MN.sav,HC8AB,Орон нутгийн жижиг сүлжээ,other
C:/tsogoo/Hicheel/erdem shinjilgeenii hural/ecnometric/shine/data/НҮТС-2023/hh - MN.sav,НҮТС-2023,hh - MN.sav,HC8AC,Ахуйн нарны үүсгүүр,other
C:/tsogoo/Hicheel/erdem shinjilgeenii hural/ecnometric/shine/data/НҮТС-2023/hh - MN.sav,НҮТС-2023,hh - MN.sav,HC8AE,"Цахилгаан үүсгүүр, генератор",wealth_assets_housing
C:/tsogoo/Hicheel/erdem shinjilgeenii hural/ecnometric/shine/data/НҮТС-2023/hh - MN.sav,НҮТС-2023,hh - MN.sav,HC8AF,"Батарей, аккумулятор",other
C:/tsogoo/Hicheel/erdem shinjilgeenii hural/ecnometric/shine/data/НҮТС-2023/hh - MN.sav,НҮТС-2023,hh - MN.sav,HC8AI,Салхины цахилгаан үүсгүүр,wealth_assets_housing
C:/tsogoo/Hicheel/erdem shinjilgeenii hural/ecnometric/shine/data/НҮТС-2023/hh - MN.sav,НҮТС-2023,hh - MN.sav,HC8AX,Өрхийн эрчим хүчний хэрэглээ - Бусад,wealth_assets_housing
C:/tsogoo/Hicheel/erdem shinjilgeenii hural/ecnometric/shine/data/НҮТС-2023/hh - MN.sav,НҮТС-2023,hh - MN.sav,HC8AZ,Өрхийн эрчим хүчний хэрэглээ - Мэдэхгүй,wealth_assets_housing
C:/tsogoo/Hicheel/erdem shinjilgeenii hural/ecnometric/shine/data/НҮТС-2023/hh - MN.sav,НҮТС-2023,hh - MN.sav,HC8ANR,Өрхийн эрчим хүчний хэрэглээ - Хариулаагүй,wealth_assets_housing
C:/tsogoo/Hicheel/erdem shinjilgeenii hural/ecnometric/shine/data/НҮТС-2023/hh - MN.sav,НҮТС-2023,hh - MN.sav,HC9A,Зурагт,other
C:/tsogoo/Hicheel/erdem shinjilgeenii hural/ecnometric/shine/data/НҮТС-2023/hh - MN.sav,НҮТС-2023,hh - MN.sav,HC9B,Хөргөгч,other
C:/tsogoo/Hicheel/erdem shinjilgeenii hural/ecnometric/shine/data/НҮТС-2023/hh - MN.sav,НҮТС-2023,hh - MN.sav,HC9C,Хөлдөөгч,other
C:/tsogoo/Hicheel/erdem shinjilgeenii hural/ecnometric/shine/data/НҮТС-2023/hh - MN.sav,НҮТС-2023,hh - MN.sav,HC9D,Тоос сорогч,other
C:/tsogoo/Hicheel/erdem shinjilgeenii hural/ecnometric/shine/data/НҮТС-2023/hh - MN.sav,НҮТС-2023,hh - MN.sav,HC9E,Богино долгионы зуух (печь),other
C:/tsogoo/Hicheel/erdem shinjilgeenii hural/ecnometric/shine/data/НҮТС-2023/hh - MN.sav,НҮТС-2023,hh - MN.sav,HC9F,Шарах шүүгээ (духовка),other
C:/tsogoo/Hicheel/erdem shinjilgeenii hural/ecnometric/shine/data/НҮТС-2023/hh - MN.sav,НҮТС-2023,hh - MN.sav,HC9G,Индүү,other
C:/tsogoo/Hicheel/erdem shinjilgeenii hural/ecnometric/shine/data/НҮТС-2023/hh - MN.sav,НҮТС-2023,hh - MN.sav,HC9H,Холигч,other
C:/tsogoo/Hicheel/erdem shinjilgeenii hural/ecnometric/shine/data/НҮТС-2023/hh - MN.sav,НҮТС-2023,hh - MN.sav,HC9I,Халуун тогоо,other
C:/tsogoo/Hicheel/erdem shinjilgeenii hural/ecnometric/shine/data/НҮТС-2023/hh - MN.sav,НҮТС-2023,hh - MN.sav,HC9J,Кофе чанагч,other
C:/tsogoo/Hicheel/erdem shinjilgeenii hural/ecnometric/shine/data/НҮТС-2023/hh - MN.sav,НҮТС-2023,hh - MN.sav,HC9K,Будаа агшаагч,other
C:/tsogoo/Hicheel/erdem shinjilgeenii hural/ecnometric/shine/data/НҮТС-2023/hh - MN.sav,НҮТС-2023,hh - MN.sav,HC9L,Талх баригч,other
C:/tsogoo/Hicheel/erdem shinjilgeenii hural/ecnometric/shine/data/НҮТС-2023/hh - MN.sav,НҮТС-2023,hh - MN.sav,HC9M,Хагас автомат угаалгын машин,other
C:/tsogoo/Hicheel/erdem shinjilgeenii hural/ecnometric/shine/data/НҮТС-2023/hh - MN.sav,НҮТС-2023,hh - MN.sav,HC9N,Бүрэн автомат угаалгын машин,other
C:/tsogoo/Hicheel/erdem shinjilgeenii hural/ecnometric/shine/data/НҮТС-2023/hh - MN.sav,НҮТС-2023,hh - MN.sav,HC9O,Агаар цэвэршүүлэгч,other
C:/tsogoo/Hicheel/erdem shinjilgeenii hural/ecnometric/shine/data/НҮТС-2023/hh - MN.sav,НҮТС-2023,hh - MN.sav,HC9P,Агаар чийгшүүлэгч,other
C:/tsogoo/Hicheel/erdem shinjilgeenii hural/ecnometric/shine/data/НҮТС-2023/hh - MN.sav,НҮТС-2023,hh - MN.sav,HC9Q,"Видео камер, зургийн аппарат",other
C:/tsogoo/Hicheel/erdem shinjilgeenii hural/ecnometric/shine/data/НҮТС-2023/hh - MN.sav,НҮТС-2023,hh - MN.sav,HC10A,Өрхийн хэн нэг гишүүн: Бугуйн цаг,wealth_assets_housing
C:/tsogoo/Hicheel/erdem shinjilgeenii hural/ecnometric/shine/data/НҮТС-2023/hh - MN.sav,НҮТС-2023,hh - MN.sav,HC10B,Өрхийн хэн нэг гишүүн: Унадаг дугуй,wealth_assets_housing
C:/tsogoo/Hicheel/erdem shinjilgeenii hural/ecnometric/shine/data/НҮТС-2023/hh - MN.sav,НҮТС-2023,hh - MN.sav,HC10C,Өрхийн хэн нэг гишүүн: Мотоцикл,wealth_assets_housing
C:/tsogoo/Hicheel/erdem shinjilgeenii hural/ecnometric/shine/data/НҮТС-2023/hh - MN.sav,НҮТС-2023,hh - MN.sav,HC10D,Өрхийн хэн нэг гишүүн: Ердийн хөсөг,wealth_assets_housing
C:/tsogoo/Hicheel/erdem shinjilgeenii hural/ecnometric/shine/data/НҮТС-2023/hh - MN.sav,НҮТС-2023,hh - MN.sav,HC10E,Өрхийн хэн нэг гишүүн: Дунд болон том оврын жийп,wealth_assets_housing
C:/tsogoo/Hicheel/erdem shinjilgeenii hural/ecnometric/shine/data/НҮТС-2023/hh - MN.sav,НҮТС-2023,hh - MN.sav,HC10F,Өрхийн хэн нэг гишүүн: Суудлын машин,wealth_assets_housing
C:/tsogoo/Hicheel/erdem shinjilgeenii hural/ecnometric/shine/data/НҮТС-2023/hh - MN.sav,НҮТС-2023,hh - MN.sav,HC10G,Өрхийн хэн нэг гишүүн: Ачааны машин,wealth_assets_housing
C:/tsogoo/Hicheel/erdem shinjilgeenii hural/ecnometric/shine/data/НҮТС-2023/hh - MN.sav,НҮТС-2023,hh - MN.sav,HC10H,Өрхийн хэн нэг гишүүн: Микро автобус,wealth_assets_housing
C:/tsogoo/Hicheel/erdem shinjilgeenii hural/ecnometric/shine/data/НҮТС-2023/hh - MN.sav,НҮТС-2023,hh - MN.sav,HC10I,Өрхийн хэн нэг гишүүн: Трактор,wealth_assets_housing
C:/tsogoo/Hicheel/erdem shinjilgeenii hural/ecnometric/shine/data/НҮТС-2023/hh - MN.sav,НҮТС-2023,hh - MN.sav,HC10J,Өрхийн хэн нэг гишүүн: Моторт завь,wealth_assets_housing
C:/tsogoo/Hicheel/erdem shinjilgeenii hural/ecnometric/shine/data/НҮТС-2023/hh - MN.sav,НҮТС-2023,hh - MN.sav,HC11,"Өрхийн хэн нэг гишүүн: Компьютер, нөүтбүүк, таблет",wealth_assets_housing
C:/tsogoo/Hicheel/erdem shinjilgeenii hural/ecnometric/shine/data/НҮТС-2023/hh - MN.sav,НҮТС-2023,hh - MN.sav,HC12,Өрхийн хэн нэг гишүүн: Гар утас,wealth_assets_housing
C:/tsogoo/Hicheel/erdem shinjilgeenii hural/ecnometric/shine/data/НҮТС-2023/hh - MN.sav,НҮТС-2023,hh - MN.sav,HC12A,Өрхийн хэн нэг гишүүн: Ухаалаг утас,wealth_assets_housing
C:/tsogoo/Hicheel/erdem shinjilgeenii hural/ecnometric/shine/data/НҮТС-2023/hh - MN.sav,НҮТС-2023,hh - MN.sav,HC13,Интернет,other
C:/tsogoo/Hicheel/erdem shinjilgeenii hural/ecnometric/shine/data/НҮТС-2023/hh - MN.sav,НҮТС-2023,hh - MN.sav,HC13B,Ухаалаг утсаараа интернет ордог эсэх,parents_family
C:/tsogoo/Hicheel/erdem shinjilgeenii hural/ecnometric/shine/data/НҮТС-2023/hh - MN.sav,НҮТС-2023,hh - MN.sav,HC14,Сууцны өмчийн хэлбэр,other
C:/tsogoo/Hicheel/erdem shinjilgeenii hural/ecnometric/shine/data/НҮТС-2023/hh - MN.sav,НҮТС-2023,hh - MN.sav,HC15,Тариалангийн талбайтай эсэх,education_schooling
C:/tsogoo/Hicheel/erdem shinjilgeenii hural/ecnometric/shine/data/НҮТС-2023/hh - MN.sav,НҮТС-2023,hh - MN.sav,HC16U,Тариалангийн талбайн хэмжих нэгж,education_schooling
C:/tsogoo/Hicheel/erdem shinjilgeenii hural/ecnometric/shine/data/НҮТС-2023/hh - MN.sav,НҮТС-2023,hh - MN.sav,HC17,Мал тэжээвэр амьтантай эсэх,wealth_assets_housing
C:/tsogoo/Hicheel/erdem shinjilgeenii hural/ecnometric/shine/data/НҮТС-2023/hh - MN.sav,НҮТС-2023,hh - MN.sav,HC18A,Үхэр,other
C:/tsogoo/Hicheel/erdem shinjilgeenii hural/ecnometric/shine/data/НҮТС-2023/hh - MN.sav,НҮТС-2023,hh - MN.sav,HC18B,Тэмээ,other
C:/tsogoo/Hicheel/erdem shinjilgeenii hural/ecnometric/shine/data/НҮТС-2023/hh - MN.sav,НҮТС-2023,hh - MN.sav,HC18C,Адуу,other
C:/tsogoo/Hicheel/erdem shinjilgeenii hural/ecnometric/shine/data/НҮТС-2023/hh - MN.sav,НҮТС-2023,hh - MN.sav,HC18D,Ямаа,other
C:/tsogoo/Hicheel/erdem shinjilgeenii hural/ecnometric/shine/data/НҮТС-2023/hh - MN.sav,НҮТС-2023,hh - MN.sav,HC18E,Хонь,other
C:/tsogoo/Hicheel/erdem shinjilgeenii hural/ecnometric/shine/data/НҮТС-2023/hh - MN.sav,НҮТС-2023,hh - MN.sav,HC18F,Тахиа,other
C:/tsogoo/Hicheel/erdem shinjilgeenii hural/ecnometric/shine/data/НҮТС-2023/hh - MN.sav,НҮТС-2023,hh - MN.sav,HC18G,Гахай,other
C:/tsogoo/Hicheel/erdem shinjilgeenii hural/ecnometric/shine/data/НҮТС-2023/hh - MN.sav,НҮТС-2023,hh - MN.sav,HC18X,Бусад,wealth_assets_housing
C:/tsogoo/Hicheel/erdem shinjilgeenii hural/ecnometric/shine/data/НҮТС-2023/hh - MN.sav,НҮТС-2023,hh - MN.sav,HC19,Өрхийн хэн нэг гишүүн банкинд хадгаламжтай эсэх,wealth_assets_housing
C:/tsogoo/Hicheel/erdem shinjilgeenii hural/ecnometric/shine/data/НҮТС-2023/hh - MN.sav,НҮТС-2023,hh - MN.sav,HC20,Өрхийн аль нэг гишүүн гар утас ашиглан төлбөр тооцоо хийдэг эсэх,wealth_assets_housing
C:/tsogoo/Hicheel/erdem shinjilgeenii hural/ecnometric/shine/data/НҮТС-2023/hh - MN.sav,НҮТС-2023,hh - MN.sav,EU1,Хоол хийхдээ хэрэглэдэг зуухны төрөл,health_disability_nutrition
C:/tsogoo/Hicheel/erdem shinjilgeenii hural/ecnometric/shine/data/НҮТС-2023/hh - MN.sav,НҮТС-2023,hh - MN.sav,EU4,Хоол хийдэг зуухны эрчим хүчний үүсгүүр,health_disability_nutrition
C:/tsogoo/Hicheel/erdem shinjilgeenii hural/ecnometric/shine/data/НҮТС-2023/hh - MN.sav,НҮТС-2023,hh - MN.sav,EU5,Хоол хийдэг газар,health_disability_nutrition
C:/tsogoo/Hicheel/erdem shinjilgeenii hural/ecnometric/shine/data/НҮТС-2023/hh - MN.sav,НҮТС-2023,hh - MN.sav,EU6,Халаалтын эх үүсвэр,parents_family
C:/tsogoo/Hicheel/erdem shinjilgeenii hural/ecnometric/shine/data/НҮТС-2023/hh - MN.sav,НҮТС-2023,hh - MN.sav,EU8,Халаалтандаа хэрэглэдэг түлш болон эрчим хүчний эх үүсвэр,parents_family
C:/tsogoo/Hicheel/erdem shinjilgeenii hural/ecnometric/shine/data/НҮТС-2023/hh - MN.sav,НҮТС-2023,hh - MN.sav,EU9,Гэрэлтүүлгийн төрөл,other
C:/tsogoo/Hicheel/erdem shinjilgeenii hural/ecnometric/shine/data/НҮТС-2023/hh - MN.sav,НҮТС-2023,hh - MN.sav,FE1,Танай өрхийн гишүүд мөнгө болон орлогын дутагдалтай байдлаас болоод хоол хүнс хүрэлцэхгүй нь гэж санаа зовох тохиолдол байсан эсэх,wealth_assets_housing
C:/tsogoo/Hicheel/erdem shinjilgeenii hural/ecnometric/shine/data/НҮТС-2023/hh - MN.sav,НҮТС-2023,hh - MN.sav,FE2,"Танай өрхийн гишүүд мөнгө болон орлогын дутагдалтай байдлаас болоод эрүүл, шим тэжээлтэй хоол хүнс идэх боломжгүй үе байсан эсэх",wealth_assets_housing
C:/tsogoo/Hicheel/erdem shinjilgeenii hural/ecnometric/shine/data/НҮТС-2023/hh - MN.sav,НҮТС-2023,hh - MN.sav,FE3,Танай өрхийн гишүүд мөнгө болон орлогын дутагдалтай байдлаас болоод цөөн хэдэн нэр төрлийн хүнс хэрэглэсэн тохиолдол байсан эсэх,wealth_assets_housing
C:/tsogoo/Hicheel/erdem shinjilgeenii hural/ecnometric/shine/data/НҮТС-2023/hh - MN.sav,НҮТС-2023,hh - MN.sav,FE4,Танай өрхийн гишүүд мөнгө болон орлогын дутагдалтай байдлаас болоод ердийн үед иддэг хоолоо идэх боломжгүй болсон тохиолдол байсан эсэх,wealth_assets_housing
C:/tsogoo/Hicheel/erdem shinjilgeenii hural/ecnometric/shine/data/НҮТС-2023/hh - MN.sav,НҮТС-2023,hh - MN.sav,FE5,Танай өрхийн гишүүд мөнгө болон орлогын дутагдалтай байдлаас болоод идвэл зохих хэмжээнээс бага хоол идсэн тохиолдол байсан эсэх,wealth_assets_housing
C:/tsogoo/Hicheel/erdem shinjilgeenii hural/ecnometric/shine/data/НҮТС-2023/hh - MN.sav,НҮТС-2023,hh - MN.sav,FE6,Танай өрхийн гишүүд мөнгө болон орлогын дутагдалтай байдлаас болоод огт хоол хүнсгүй болсон тохиолдол байсан эсэх,wealth_assets_housing
C:/tsogoo/Hicheel/erdem shinjilgeenii hural/ecnometric/shine/data/НҮТС-2023/hh - MN.sav,НҮТС-2023,hh - MN.sav,FE7,Танай өрхийн гишүүд мөнгө болон орлогын дутагдалтай байдлаас болоод өлсөж байсан боловч хоолгүй байх тохиолдол байсан эсэх,wealth_assets_housing
C:/tsogoo/Hicheel/erdem shinjilgeenii hural/ecnometric/shine/data/НҮТС-2023/hh - MN.sav,НҮТС-2023,hh - MN.sav,FE8,Танай өрхийн гишүүд мөнгө болон орлогын дутагдалтай байдлаас болоод бүтэн өдрийн турш хоол идэлгүйгээр явах тохиолдол байсан эсэх,wealth_assets_housing
C:/tsogoo/Hicheel/erdem shinjilgeenii hural/ecnometric/shine/data/НҮТС-2023/hh - MN.sav,НҮТС-2023,hh - MN.sav,WS1,Ундны усны эх үүсвэр,wealth_assets_housing
C:/tsogoo/Hicheel/erdem shinjilgeenii hural/ecnometric/shine/data/НҮТС-2023/hh - MN.sav,НҮТС-2023,hh - MN.sav,WS2,Ахуйн хэрэглээний усны эх үүсвэр,wealth_assets_housing
C:/tsogoo/Hicheel/erdem shinjilgeenii hural/ecnometric/shine/data/НҮТС-2023/hh - MN.sav,НҮТС-2023,hh - MN.sav,WS3,Ундны усны эх үүсвэрийн байршил,wealth_assets_housing
C:/tsogoo/Hicheel/erdem shinjilgeenii hural/ecnometric/shine/data/НҮТС-2023/hh - MN.sav,НҮТС-2023,hh - MN.sav,WS4,Ус авчрахад зарцуулах хугацаа,wealth_assets_housing
C:/tsogoo/Hicheel/erdem shinjilgeenii hural/ecnometric/shine/data/НҮТС-2023/hh - MN.sav,НҮТС-2023,hh - MN.sav,WS5,Усанд ихэвчлэн явдаг өрхийн гишүүний мөрийн дугаар,wealth_assets_housing
C:/tsogoo/Hicheel/erdem shinjilgeenii hural/ecnometric/shine/data/НҮТС-2023/hh - MN.sav,НҮТС-2023,hh - MN.sav,WS6,Сүүлийн 7 хоногт хэдэн удаа усанд явсан,wealth_assets_housing
C:/tsogoo/Hicheel/erdem shinjilgeenii hural/ecnometric/shine/data/НҮТС-2023/hh - MN.sav,НҮТС-2023,hh - MN.sav,WS7,Сүүлийн 1 сард танай өрхөд ундны ус хангалттай хэмжээнд байхгүй тохиолдол байсан эсэх,wealth_assets_housing
C:/tsogoo/Hicheel/erdem shinjilgeenii hural/ecnometric/shine/data/НҮТС-2023/hh - MN.sav,НҮТС-2023,hh - MN.sav,WS7A,Сүүлийн 1 жилд танай өрхөд ундны ус хангалттай хэмжээнд байхгүй тохиолдол байсан эсэх,wealth_assets_housing
C:/tsogoo/Hicheel/erdem shinjilgeenii hural/ecnometric/shine/data/НҮТС-2023/hh - MN.sav,НҮТС-2023,hh - MN.sav,WS8,Ус хэрэгтэй үед ундны ус хангалттай хэмжээнд байхгүй байсан гол шалтгаан,wealth_assets_housing
C:/tsogoo/Hicheel/erdem shinjilgeenii hural/ecnometric/shine/data/НҮТС-2023/hh - MN.sav,НҮТС-2023,hh - MN.sav,WS10AA,Өрхийн усан хангамжыг хариуцагч,wealth_assets_housing
C:/tsogoo/Hicheel/erdem shinjilgeenii hural/ecnometric/shine/data/НҮТС-2023/hh - MN.sav,НҮТС-2023,hh - MN.sav,WS10BB,Зуны улиралд ундны усны гол эх үүсвэр адил эсэх,wealth_assets_housing
C:/tsogoo/Hicheel/erdem shinjilgeenii hural/ecnometric/shine/data/НҮТС-2023/hh - MN.sav,НҮТС-2023,hh - MN.sav,WS10CC,Зуны улиралд ундны усны гол эх үүсвэр,wealth_assets_housing
C:/tsogoo/Hicheel/erdem shinjilgeenii hural/ecnometric/shine/data/НҮТС-2023/hh - MN.sav,НҮТС-2023,hh - MN.sav,WS10DD,Зуны улиралд ундны усны эх үүсвэрийн байршил,wealth_assets_housing
C:/tsogoo/Hicheel/erdem shinjilgeenii hural/ecnometric/shine/data/НҮТС-2023/hh - MN.sav,НҮТС-2023,hh - MN.sav,WS10EE,Зуны улиралд ус авчрахад зарцуулах хугацаа,wealth_assets_housing
C:/tsogoo/Hicheel/erdem shinjilgeenii hural/ecnometric/shine/data/НҮТС-2023/hh - MN.sav,НҮТС-2023,hh - MN.sav,WS11,Ямар бие засах газар ашигладаг,other
C:/tsogoo/Hicheel/erdem shinjilgeenii hural/ecnometric/shine/data/НҮТС-2023/hh - MN.sav,НҮТС-2023,hh - MN.sav,WS11B,Бохирыг гадагшлуулах хоолойтой эсэх,parents_family
C:/tsogoo/Hicheel/erdem shinjilgeenii hural/ecnometric/shine/data/НҮТС-2023/hh - MN.sav,НҮТС-2023,hh - MN.sav,WS11C,Хоолой хаашаа чиглэсэн бэ?,health_disability_nutrition
C:/tsogoo/Hicheel/erdem shinjilgeenii hural/ecnometric/shine/data/НҮТС-2023/hh - MN.sav,НҮТС-2023,hh - MN.sav,WS11DA,Waste from household infiltrated: Overflown,other
C:/tsogoo/Hicheel/erdem shinjilgeenii hural/ecnometric/shine/data/НҮТС-2023/hh - MN.sav,НҮТС-2023,hh - MN.sav,WS11DB,Waste from household infiltrated: Flooded,other
C:/tsogoo/Hicheel/erdem shinjilgeenii hural/ecnometric/shine/data/НҮТС-2023/hh - MN.sav,НҮТС-2023,hh - MN.sav,WS11DC,Excreta release events from water source: Containment collapsed,wealth_assets_housing
C:/tsogoo/Hicheel/erdem shinjilgeenii hural/ecnometric/shine/data/НҮТС-2023/hh - MN.sav,НҮТС-2023,hh - MN.sav,WS11DD,Excreta release events from water source: Other event,wealth_assets_housing
C:/tsogoo/Hicheel/erdem shinjilgeenii hural/ecnometric/shine/data/НҮТС-2023/hh - MN.sav,НҮТС-2023,hh - MN.sav,WS12,Бохироо соруулж хоосон болгож байсан эсэх,parents_family
C:/tsogoo/Hicheel/erdem shinjilgeenii hural/ecnometric/shine/data/НҮТС-2023/hh - MN.sav,НҮТС-2023,hh - MN.sav,WS12A,Хэн хамгийн сүүлд үүнийг соруулж / хоосолсон бэ?,other
C:/tsogoo/Hicheel/erdem shinjilgeenii hural/ecnometric/shine/data/НҮТС-2023/hh - MN.sav,НҮТС-2023,hh - MN.sav,WS13,Бохироо соруулаад хааш нь зайлуулсан,other
C:/tsogoo/Hicheel/erdem shinjilgeenii hural/ecnometric/shine/data/НҮТС-2023/hh - MN.sav,НҮТС-2023,hh - MN.sav,WS14,Бие засар газрын байршил,other
C:/tsogoo/Hicheel/erdem shinjilgeenii hural/ecnometric/shine/data/НҮТС-2023/hh - MN.sav,НҮТС-2023,hh - MN.sav,WS15,Бие засах газраа бусадтай хамтарч ашигладаг эсэх,wealth_assets_housing
C:/tsogoo/Hicheel/erdem shinjilgeenii hural/ecnometric/shine/data/НҮТС-2023/hh - MN.sav,НҮТС-2023,hh - MN.sav,WS16,Бие засах газраа танил айл өрхтэй хамтарч ашигладаг эсвэл нийтийн бие засах газар,wealth_assets_housing
C:/tsogoo/Hicheel/erdem shinjilgeenii hural/ecnometric/shine/data/НҮТС-2023/hh - MN.sav,НҮТС-2023,hh - MN.sav,WS17,Бие засах газрыг хамтарч ашигладаг өрхийн тоо,wealth_assets_housing
C:/tsogoo/Hicheel/erdem shinjilgeenii hural/ecnometric/shine/data/НҮТС-2023/hh - MN.sav,НҮТС-2023,hh - MN.sav,HW1,"Гар, нүүр угаадаг газрыг үзсэн эсэх",parents_family
C:/tsogoo/Hicheel/erdem shinjilgeenii hural/ecnometric/shine/data/НҮТС-2023/hh - MN.sav,НҮТС-2023,hh - MN.sav,HW2,Гар угаах газарт ус байгаа эсэх,wealth_assets_housing
C:/tsogoo/Hicheel/erdem shinjilgeenii hural/ecnometric/shine/data/НҮТС-2023/hh - MN.sav,НҮТС-2023,hh - MN.sav,HW3A,Хатуу эсвэл шингэн саван,other
C:/tsogoo/Hicheel/erdem shinjilgeenii hural/ecnometric/shine/data/НҮТС-2023/hh - MN.sav,НҮТС-2023,hh - MN.sav,HW3B,Угаалгын нунтаг (нунтаг / шингэн / оо),other
C:/tsogoo/Hicheel/erdem shinjilgeenii hural/ecnometric/shine/data/НҮТС-2023/hh - MN.sav,НҮТС-2023,hh - MN.sav,HW3C,Үнс,other
C:/tsogoo/Hicheel/erdem shinjilgeenii hural/ecnometric/shine/data/НҮТС-2023/hh - MN.sav,НҮТС-2023,hh - MN.sav,HW3D,Шавар / элс,other
C:/tsogoo/Hicheel/erdem shinjilgeenii hural/ecnometric/shine/data/НҮТС-2023/hh - MN.sav,НҮТС-2023,hh - MN.sav,HW3Y,Аль нь ч биш,other
C:/tsogoo/Hicheel/erdem shinjilgeenii hural/ecnometric/shine/data/НҮТС-2023/hh - MN.sav,НҮТС-2023,hh - MN.sav,HW4A,"Байшин, хашаанд ванн, шүршүүр байгаа эсэх",parents_family
C:/tsogoo/Hicheel/erdem shinjilgeenii hural/ecnometric/shine/data/НҮТС-2023/hh - MN.sav,НҮТС-2023,hh - MN.sav,HW5A,"Ванн, шүршүүрт ус байгаа эсэх",wealth_assets_housing
C:/tsogoo/Hicheel/erdem shinjilgeenii hural/ecnometric/shine/data/НҮТС-2023/hh - MN.sav,НҮТС-2023,hh - MN.sav,WQ5D,Усны чанарын туршилт хийсэн өдөр,wealth_assets_housing
C:/tsogoo/Hicheel/erdem shinjilgeenii hural/ecnometric/shine/data/НҮТС-2023/hh - MN.sav,НҮТС-2023,hh - MN.sav,WQ5M,Усны чанарын туршилт хийсэн сар,wealth_assets_housing
C:/tsogoo/Hicheel/erdem shinjilgeenii hural/ecnometric/shine/data/НҮТС-2023/hh - MN.sav,НҮТС-2023,hh - MN.sav,WQ5Y,Усны чанарын туршилт хийсэн он,wealth_assets_housing
C:/tsogoo/Hicheel/erdem shinjilgeenii hural/ecnometric/shine/data/НҮТС-2023/hh - MN.sav,НҮТС-2023,hh - MN.sav,WQ6,Өрх усны чанарын нэмэлт туршилтад сонгогдсон эсэх,wealth_assets_housing
C:/tsogoo/Hicheel/erdem shinjilgeenii hural/ecnometric/shine/data/НҮТС-2023/hh - MN.sav,НҮТС-2023,hh - MN.sav,WQ7,Усны чанар шалгах ауулгад хариулагчийн дугаар,wealth_assets_housing
C:/tsogoo/Hicheel/erdem shinjilgeenii hural/ecnometric/shine/data/НҮТС-2023/hh - MN.sav,НҮТС-2023,hh - MN.sav,WQ8,Уснаасаа чанар шалгахад дээж өгөхийг зөвшөөрсөн эсэх,wealth_assets_housing
C:/tsogoo/Hicheel/erdem shinjilgeenii hural/ecnometric/shine/data/НҮТС-2023/hh - MN.sav,НҮТС-2023,hh - MN.sav,WQ31,Усны чанар шалгах асуулгын үр дүн,wealth_assets_housing
C:/tsogoo/Hicheel/erdem shinjilgeenii hural/ecnometric/shine/data/НҮТС-2023/hh - MN.sav,НҮТС-2023,hh - MN.sav,WQ10H,Туршилт эхэлсэн цаг,parents_family
C:/tsogoo/Hicheel/erdem shinjilgeenii hural/ecnometric/shine/data/НҮТС-2023/hh - MN.sav,НҮТС-2023,hh - MN.sav,WQ10M,Туршилт эхэлсэн минут,parents_family
C:/tsogoo/Hicheel/erdem shinjilgeenii hural/ecnometric/shine/data/НҮТС-2023/hh - MN.sav,НҮТС-2023,hh - MN.sav,WQ23H,Туршилт дууссан цаг,wealth_assets_housing
C:/tsogoo/Hicheel/erdem shinjilgeenii hural/ecnometric/shine/data/НҮТС-2023/hh - MN.sav,НҮТС-2023,hh - MN.sav,WQ23M,Туршилт дууссан минут,wealth_assets_housing
C:/tsogoo/Hicheel/erdem shinjilgeenii hural/ecnometric/shine/data/НҮТС-2023/hh - MN.sav,НҮТС-2023,hh - MN.sav,WQ11,Өрхийн гишүүдийн ихэвчлэн уудаг уснаас нэг аяга ус авчирч өгсөн эсэх,wealth_assets_housing
C:/tsogoo/Hicheel/erdem shinjilgeenii hural/ecnometric/shine/data/НҮТС-2023/hh - MN.sav,НҮТС-2023,hh - MN.sav,WQ12,Усаа эх үүсвэрээсээ шууд авсан эсвэл тусдаа савнаас авсан эсэх,wealth_assets_housing
C:/tsogoo/Hicheel/erdem shinjilgeenii hural/ecnometric/shine/data/НҮТС-2023/hh - MN.sav,НҮТС-2023,hh - MN.sav,WQ17,Аягатай усыг авсан эх үүсвэр,wealth_assets_housing
C:/tsogoo/Hicheel/erdem shinjilgeenii hural/ecnometric/shine/data/НҮТС-2023/hh - MN.sav,НҮТС-2023,hh - MN.sav,WQ18,Аягатай ус авсан эх үүсвэрээ харуулсан эсэх,wealth_assets_housing
C:/tsogoo/Hicheel/erdem shinjilgeenii hural/ecnometric/shine/data/НҮТС-2023/hh - MN.sav,НҮТС-2023,hh - MN.sav,WQ19,Усны эх үүсвэрээс дээж авсан эсэх,wealth_assets_housing
C:/tsogoo/Hicheel/erdem shinjilgeenii hural/ecnometric/shine/data/НҮТС-2023/hh - MN.sav,НҮТС-2023,hh - MN.sav,WQ20,Асуулт WQ6-г шалгах: Өрх усны чанарын нэмэлт туршилтад сонгогдсон эсэх,wealth_assets_housing
C:/tsogoo/Hicheel/erdem shinjilgeenii hural/ecnometric/shine/data/НҮТС-2023/hh - MN.sav,НҮТС-2023,hh - MN.sav,WQ21,Багийн ахлагчаас авсан савласан уснаас дээж авсан эсэх,wealth_assets_housing
C:/tsogoo/Hicheel/erdem shinjilgeenii hural/ecnometric/shine/data/НҮТС-2023/hh - MN.sav,НҮТС-2023,hh - MN.sav,WQ24D,Туршилтын үр дүнг тэмдэглэсэн өдөр,other
C:/tsogoo/Hicheel/erdem shinjilgeenii hural/ecnometric/shine/data/НҮТС-2023/hh - MN.sav,НҮТС-2023,hh - MN.sav,WQ24M,Туршилтын үр дүнг тэмдэглэсэн сар,other
C:/tsogoo/Hicheel/erdem shinjilgeenii hural/ecnometric/shine/data/НҮТС-2023/hh - MN.sav,НҮТС-2023,hh - MN.sav,WQ24Y,Туршилтын үр дүнг тэмдэглэсэн он,other
C:/tsogoo/Hicheel/erdem shinjilgeenii hural/ecnometric/shine/data/НҮТС-2023/hh - MN.sav,НҮТС-2023,hh - MN.sav,WQ25H,Туршилтын үр дүнг тэмдэглэсэн цаг,other
C:/tsogoo/Hicheel/erdem shinjilgeenii hural/ecnometric/shine/data/НҮТС-2023/hh - MN.sav,НҮТС-2023,hh - MN.sav,WQ25M,Туршилтын үр дүнг тэмдэглэсэн минут,other
C:/tsogoo/Hicheel/erdem shinjilgeenii hural/ecnometric/shine/data/НҮТС-2023/hh - MN.sav,НҮТС-2023,hh - MN.sav,WQ26,Өрхөөс авсан усны туршилтын үр дүн (100 мл),wealth_assets_housing
C:/tsogoo/Hicheel/erdem shinjilgeenii hural/ecnometric/shine/data/НҮТС-2023/hh - MN.sav,НҮТС-2023,hh - MN.sav,WQ27,Ундны усны эх үүсвэрээс авсан усны туршилтын үр дүн (100 мл),wealth_assets_housing
C:/tsogoo/Hicheel/erdem shinjilgeenii hural/ecnometric/shine/data/НҮТС-2023/hh - MN.sav,НҮТС-2023,hh - MN.sav,WQ29,Нэмэлт усны (хоосон) туршилтын үр дүн (100 мл),wealth_assets_housing
C:/tsogoo/Hicheel/erdem shinjilgeenii hural/ecnometric/shine/data/НҮТС-2023/hh - MN.sav,НҮТС-2023,hh - MN.sav,HHSEX,Өрхийн тэргүүлэгчийн хүйс,wealth_assets_housing
C:/tsogoo/Hicheel/erdem shinjilgeenii hural/ecnometric/shine/data/НҮТС-2023/hh - MN.sav,НҮТС-2023,hh - MN.sav,HHAGE,Өрхийн тэргүүлэгчийн нас,wealth_assets_housing
C:/tsogoo/Hicheel/erdem shinjilgeenii hural/ecnometric/shine/data/НҮТС-2023/hh - MN.sav,НҮТС-2023,hh - MN.sav,HH50A,15 - 49 насны эрэгтэйн тоо,demographics_geo_weights
C:/tsogoo/Hicheel/erdem shinjilgeenii hural/ecnometric/shine/data/НҮТС-2023/hh - MN.sav,НҮТС-2023,hh - MN.sav,HH55,5-17 насны хүүхдийн,demographics_geo_weights
C:/tsogoo/Hicheel/erdem shinjilgeenii hural/ecnometric/shine/data/НҮТС-2023/hh - MN.sav,НҮТС-2023,hh - MN.sav,hhweight,Өрхийн түүврийн жин,wealth_assets_housing
C:/tsogoo/Hicheel/erdem shinjilgeenii hural/ecnometric/shine/data/НҮТС-2023/hh - MN.sav,НҮТС-2023,hh - MN.sav,wqhweight,Усны чанарын түүврийн жин,wealth_assets_housing
C:/tsogoo/Hicheel/erdem shinjilgeenii hural/ecnometric/shine/data/НҮТС-2023/hh - MN.sav,НҮТС-2023,hh - MN.sav,wqsweight,Ундны усны эх үүсвэрийн  түүврийн жин,wealth_assets_housing
C:/tsogoo/Hicheel/erdem shinjilgeenii hural/ecnometric/shine/data/НҮТС-2023/hh - MN.sav,НҮТС-2023,hh - MN.sav,wscore,Аж байдлын түвшний нэгдсэн оноо,other
C:/tsogoo/Hicheel/erdem shinjilgeenii hural/ecnometric/shine/data/НҮТС-2023/hh - MN.sav,НҮТС-2023,hh - MN.sav,windex5,Аж байдлын түвшний квинтиль,other
C:/tsogoo/Hicheel/erdem shinjilgeenii hural/ecnometric/shine/data/НҮТС-2023/hh - MN.sav,НҮТС-2023,hh - MN.sav,windex10,Аж байдлын түвшний бүлэг,other
C:/tsogoo/Hicheel/erdem shinjilgeenii hural/ecnometric/shine/data/НҮТС-2023/hh - MN.sav,НҮТС-2023,hh - MN.sav,wscoreu,Аж байдлын түвшний нэгдсэн оноо - Хот,demographics_geo_weights
C:/tsogoo/Hicheel/erdem shinjilgeenii hural/ecnometric/shine/data/НҮТС-2023/hh - MN.sav,НҮТС-2023,hh - MN.sav,windex5u,Аж байдлын түвшний квинтиль - хот,demographics_geo_weights
C:/tsogoo/Hicheel/erdem shinjilgeenii hural/ecnometric/shine/data/НҮТС-2023/hh - MN.sav,НҮТС-2023,hh - MN.sav,windex10u,Аж байдлын түвшний бүлэг - хот,demographics_geo_weights
C:/tsogoo/Hicheel/erdem shinjilgeenii hural/ecnometric/shine/data/НҮТС-2023/hh - MN.sav,НҮТС-2023,hh - MN.sav,wscorer,Аж байдлын түвшний нэгдсэн оноо - Хөдөө,demographics_geo_weights
C:/tsogoo/Hicheel/erdem shinjilgeenii hural/ecnometric/shine/data/НҮТС-2023/hh - MN.sav,НҮТС-2023,hh - MN.sav,windex5r,Аж байдлын түвшний квинтиль - хөдөө,demographics_geo_weights
C:/tsogoo/Hicheel/erdem shinjilgeenii hural/ecnometric/shine/data/НҮТС-2023/hh - MN.sav,НҮТС-2023,hh - MN.sav,windex10r,Аж байдлын түвшний бүлэг - хөдөө,demographics_geo_weights
C:/tsogoo/Hicheel/erdem shinjilgeenii hural/ecnometric/shine/data/НҮТС-2023/hh - MN.sav,НҮТС-2023,hh - MN.sav,ListCat,Жагсаалт гаргаж байх үед өрхөд амьдарч байсан 5 болон түүнээс доош насны хүүхэд,wealth_assets_housing
C:/tsogoo/Hicheel/erdem shinjilgeenii hural/ecnometric/shine/data/НҮТС-2023/hh - MN.sav,НҮТС-2023,hh - MN.sav,ethnicity,Өрхийн тэргүүлэгчийн яс үндэс,wealth_assets_housing
C:/tsogoo/Hicheel/erdem shinjilgeenii hural/ecnometric/shine/data/НҮТС-2023/hh - MN.sav,НҮТС-2023,hh - MN.sav,area,"Хот, хөдөө",demographics_geo_weights
C:/tsogoo/Hicheel/erdem shinjilgeenii hural/ecnometric/shine/data/НҮТС-2023/hh - MN.sav,НҮТС-2023,hh - MN.sav,helevel,Өрхийн тэргүүлэгчийн боловсрол,wealth_assets_housing
C:/tsogoo/Hicheel/erdem shinjilgeenii hural/ecnometric/shine/data/НҮТС-2023/hl - MN.sav,НҮТС-2023,hl - MN.sav,HH1,Түүвэрлэгдсэн нэгжийн дугаар,demographics_geo_weights
C:/tsogoo/Hicheel/erdem shinjilgeenii hural/ecnometric/shine/data/НҮТС-2023/hl - MN.sav,НҮТС-2023,hl - MN.sav,HH2,Өрхийн дугаар,wealth_assets_housing
C:/tsogoo/Hicheel/erdem shinjilgeenii hural/ecnometric/shine/data/НҮТС-2023/hl - MN.sav,НҮТС-2023,hl - MN.sav,HL1,Мөрийн дугаар,other
C:/tsogoo/Hicheel/erdem shinjilgeenii hural/ecnometric/shine/data/НҮТС-2023/hl - MN.sav,НҮТС-2023,hl - MN.sav,HL3,Өрхийн тэргүүлэгчтэй ямар хамааралтай,wealth_assets_housing
C:/tsogoo/Hicheel/erdem shinjilgeenii hural/ecnometric/shine/data/НҮТС-2023/hl - MN.sav,НҮТС-2023,hl - MN.sav,HL4,Хүйс,demographics_geo_weights
C:/tsogoo/Hicheel/erdem shinjilgeenii hural/ecnometric/shine/data/НҮТС-2023/hl - MN.sav,НҮТС-2023,hl - MN.sav,HL5M,Төрсөн сар,demographics_geo_weights
C:/tsogoo/Hicheel/erdem shinjilgeenii hural/ecnometric/shine/data/НҮТС-2023/hl - MN.sav,НҮТС-2023,hl - MN.sav,HL5Y,Төрсөн он,demographics_geo_weights
C:/tsogoo/Hicheel/erdem shinjilgeenii hural/ecnometric/shine/data/НҮТС-2023/hl - MN.sav,НҮТС-2023,hl - MN.sav,HL6,Нас,demographics_geo_weights
C:/tsogoo/Hicheel/erdem shinjilgeenii hural/ecnometric/shine/data/НҮТС-2023/hl - MN.sav,НҮТС-2023,hl - MN.sav,HL8,15-49 насны эмэгтэйд харгалзах мөрийн дугаар,demographics_geo_weights
C:/tsogoo/Hicheel/erdem shinjilgeenii hural/ecnometric/shine/data/НҮТС-2023/hl - MN.sav,НҮТС-2023,hl - MN.sav,HL9,15-49 насны эрэгтэйд харгалзах мөрийн дугаар,demographics_geo_weights
C:/tsogoo/Hicheel/erdem shinjilgeenii hural/ecnometric/shine/data/НҮТС-2023/hl - MN.sav,НҮТС-2023,hl - MN.sav,HL10,0-4 насны хүүхдэд харгалзах мөрийн дугаар,demographics_geo_weights
C:/tsogoo/Hicheel/erdem shinjilgeenii hural/ecnometric/shine/data/НҮТС-2023/hl - MN.sav,НҮТС-2023,hl - MN.sav,HL11,0-17 настай эсэх,parents_family
C:/tsogoo/Hicheel/erdem shinjilgeenii hural/ecnometric/shine/data/НҮТС-2023/hl - MN.sav,НҮТС-2023,hl - MN.sav,HL12,Төрсөн эх нь амьд сэрүүн байгаа эсэх,parents_family
C:/tsogoo/Hicheel/erdem shinjilgeenii hural/ecnometric/shine/data/НҮТС-2023/hl - MN.sav,НҮТС-2023,hl - MN.sav,HL13,Төрсөн эхтэйгээ хамт амьдарч байгаа эсэх,parents_family
C:/tsogoo/Hicheel/erdem shinjilgeenii hural/ecnometric/shine/data/НҮТС-2023/hl - MN.sav,НҮТС-2023,hl - MN.sav,HL14,Эхийн мөрийн дугаар,parents_family
C:/tsogoo/Hicheel/erdem shinjilgeenii hural/ecnometric/shine/data/НҮТС-2023/hl - MN.sav,НҮТС-2023,hl - MN.sav,HL15,Төрсөн эх нь хаана амьдарч байгаа эсэх,parents_family
C:/tsogoo/Hicheel/erdem shinjilgeenii hural/ecnometric/shine/data/НҮТС-2023/hl - MN.sav,НҮТС-2023,hl - MN.sav,HL16,Төрсөн эцэг нь амьд сэрүүн байгаа эсэх,parents_family
C:/tsogoo/Hicheel/erdem shinjilgeenii hural/ecnometric/shine/data/НҮТС-2023/hl - MN.sav,НҮТС-2023,hl - MN.sav,HL17,Төрсөн эцэгтэйгээ хамт амьдарч байгаа эсэх,parents_family
C:/tsogoo/Hicheel/erdem shinjilgeenii hural/ecnometric/shine/data/НҮТС-2023/hl - MN.sav,НҮТС-2023,hl - MN.sav,HL18,Эцгийн мөрийн дугаар,other
C:/tsogoo/Hicheel/erdem shinjilgeenii hural/ecnometric/shine/data/НҮТС-2023/hl - MN.sav,НҮТС-2023,hl - MN.sav,HL19,Төрсөн эцэг нь хаана амьдарч байгаа эсэх,parents_family
C:/tsogoo/Hicheel/erdem shinjilgeenii hural/ecnometric/shine/data/НҮТС-2023/hl - MN.sav,НҮТС-2023,hl - MN.sav,HL20,0-17 настай хүүхдийн асран хамгаалагчийн мөрийн дугаар,demographics_geo_weights
C:/tsogoo/Hicheel/erdem shinjilgeenii hural/ecnometric/shine/data/НҮТС-2023/hl - MN.sav,НҮТС-2023,hl - MN.sav,ED1,Мөрийн дугаар,other
C:/tsogoo/Hicheel/erdem shinjilgeenii hural/ecnometric/shine/data/НҮТС-2023/hl - MN.sav,НҮТС-2023,hl - MN.sav,ED3,3 ба түүнээс дээш настай эсэх,parents_family
C:/tsogoo/Hicheel/erdem shinjilgeenii hural/ecnometric/shine/data/НҮТС-2023/hl - MN.sav,НҮТС-2023,hl - MN.sav,ED4,"Цэцэрлэгт явж, сургуульд сурч байсан эсэх",education_schooling
C:/tsogoo/Hicheel/erdem shinjilgeenii hural/ecnometric/shine/data/НҮТС-2023/hl - MN.sav,НҮТС-2023,hl - MN.sav,ED5A,Сурч байсан хамгийн дээд шатлалын сургууль,education_schooling
C:/tsogoo/Hicheel/erdem shinjilgeenii hural/ecnometric/shine/data/НҮТС-2023/hl - MN.sav,НҮТС-2023,hl - MN.sav,ED5B,Сурч байсан хамгийн дээд анги/курс,education_schooling
C:/tsogoo/Hicheel/erdem shinjilgeenii hural/ecnometric/shine/data/НҮТС-2023/hl - MN.sav,НҮТС-2023,hl - MN.sav,ED6,Сурч байсан хамгийн дээд анги/курсээ төгссөн эсэх,education_schooling
C:/tsogoo/Hicheel/erdem shinjilgeenii hural/ecnometric/shine/data/НҮТС-2023/hl - MN.sav,НҮТС-2023,hl - MN.sav,ED7,3-24 настай эсэх,parents_family
C:/tsogoo/Hicheel/erdem shinjilgeenii hural/ecnometric/shine/data/НҮТС-2023/hl - MN.sav,НҮТС-2023,hl - MN.sav,ED8,"Шалгах: Цэцэрлэгт явж, сургуульд сурч байсан эсэх",education_schooling
C:/tsogoo/Hicheel/erdem shinjilgeenii hural/ecnometric/shine/data/НҮТС-2023/hl - MN.sav,НҮТС-2023,hl - MN.sav,ED9,"Энэ (2023/2024) хичээлийн жилд цэцэрлэгт явж, сургуульд сурч байгаа эсэх",education_schooling
C:/tsogoo/Hicheel/erdem shinjilgeenii hural/ecnometric/shine/data/НҮТС-2023/hl - MN.sav,НҮТС-2023,hl - MN.sav,ED10A,Энэ (2023/2024) хичээлийн жилд сурч байгаа сургуулийн шатлал,other
C:/tsogoo/Hicheel/erdem shinjilgeenii hural/ecnometric/shine/data/НҮТС-2023/hl - MN.sav,НҮТС-2023,hl - MN.sav,ED10B,Энэ (2023/2024) хичээлийн жилд сурч байгаа анги/курс,education_schooling
C:/tsogoo/Hicheel/erdem shinjilgeenii hural/ecnometric/shine/data/НҮТС-2023/hl - MN.sav,НҮТС-2023,hl - MN.sav,ED11,Энэ (2023/2024) хичээлийн жилд сурч/явж байгаа сургууль/цэцэрлэгийн өмчийн хэлбэр,education_schooling
C:/tsogoo/Hicheel/erdem shinjilgeenii hural/ecnometric/shine/data/НҮТС-2023/hl - MN.sav,НҮТС-2023,hl - MN.sav,ED12,"Энэ (2023/2024) хичээлийн жилд сургуулийн сургалтын төлбөрийн дэмжлэг, туслалцаа авсан эсэх",wealth_assets_housing
C:/tsogoo/Hicheel/erdem shinjilgeenii hural/ecnometric/shine/data/НҮТС-2023/hl - MN.sav,НҮТС-2023,hl - MN.sav,ED12A,Энэхүү сургалтын төлбөрийн дэмжлэг туслалцаа сургалтын төлбөрийг төлөхөд хангалттай эсэх,wealth_assets_housing
C:/tsogoo/Hicheel/erdem shinjilgeenii hural/ecnometric/shine/data/НҮТС-2023/hl - MN.sav,НҮТС-2023,hl - MN.sav,ED13A,Сургалтын төлбөрийн дэмжлэг туслалцаа хэн өгсөн бэ? - Төрийн байгууллага,wealth_assets_housing
C:/tsogoo/Hicheel/erdem shinjilgeenii hural/ecnometric/shine/data/НҮТС-2023/hl - MN.sav,НҮТС-2023,hl - MN.sav,ED13C,Сургалтын төлбөрийн дэмжлэг туслалцаа хэн өгсөн бэ? - Хувийн байгууллага,wealth_assets_housing
C:/tsogoo/Hicheel/erdem shinjilgeenii hural/ecnometric/shine/data/НҮТС-2023/hl - MN.sav,НҮТС-2023,hl - MN.sav,ED13X,Сургалтын төлбөрийн дэмжлэг туслалцаа хэн өгсөн бэ? - Бусад,wealth_assets_housing
C:/tsogoo/Hicheel/erdem shinjilgeenii hural/ecnometric/shine/data/НҮТС-2023/hl - MN.sav,НҮТС-2023,hl - MN.sav,ED13Z,Сургалтын төлбөрийн дэмжлэг туслалцаа хэн өгсөн бэ? - Мэдэхгүй,wealth_assets_housing
C:/tsogoo/Hicheel/erdem shinjilgeenii hural/ecnometric/shine/data/НҮТС-2023/hl - MN.sav,НҮТС-2023,hl - MN.sav,ED13NR,Сургалтын төлбөрийн дэмжлэг туслалцаа хэн өгсөн бэ? - Хариулаагүй,wealth_assets_housing
C:/tsogoo/Hicheel/erdem shinjilgeenii hural/ecnometric/shine/data/НҮТС-2023/hl - MN.sav,НҮТС-2023,hl - MN.sav,ED14,Энэ (2023/2024) хичээлийн жилд ямар нэгэн материаллаг дэмжлэг эсвэл бэлэн мөнгө авсан эсэх,parents_family
C:/tsogoo/Hicheel/erdem shinjilgeenii hural/ecnometric/shine/data/НҮТС-2023/hl - MN.sav,НҮТС-2023,hl - MN.sav,ED14A,Дэмжлэг туслалцаа нь хангалттай байсан эсэх,wealth_assets_housing
C:/tsogoo/Hicheel/erdem shinjilgeenii hural/ecnometric/shine/data/НҮТС-2023/hl - MN.sav,НҮТС-2023,hl - MN.sav,ED15,Өмнөх хичээлийн жилд (2022/2023) сургууль/ СӨБ-д хамрагдсан уу?,education_schooling
C:/tsogoo/Hicheel/erdem shinjilgeenii hural/ecnometric/shine/data/НҮТС-2023/hl - MN.sav,НҮТС-2023,hl - MN.sav,ED16A,Өмнөх хичээлийн жилд (2022/2023) сурч байсан сургуулийн шатлал,other
C:/tsogoo/Hicheel/erdem shinjilgeenii hural/ecnometric/shine/data/НҮТС-2023/hl - MN.sav,НҮТС-2023,hl - MN.sav,ED16B,Өмнөх хичээлийн жилд (2022/2023) сурч байсан анги/курс,education_schooling
C:/tsogoo/Hicheel/erdem shinjilgeenii hural/ecnometric/shine/data/НҮТС-2023/hl - MN.sav,НҮТС-2023,hl - MN.sav,HH3,Ярилцлага авагчын дугаар,other
C:/tsogoo/Hicheel/erdem shinjilgeenii hural/ecnometric/shine/data/НҮТС-2023/hl - MN.sav,НҮТС-2023,hl - MN.sav,HH4,Багийн ахлагчийн дугаар,other
C:/tsogoo/Hicheel/erdem shinjilgeenii hural/ecnometric/shine/data/НҮТС-2023/hl - MN.sav,НҮТС-2023,hl - MN.sav,HH5D,Ярилцлага авсан өдөр,other
C:/tsogoo/Hicheel/erdem shinjilgeenii hural/ecnometric/shine/data/НҮТС-2023/hl - MN.sav,НҮТС-2023,hl - MN.sav,HH5M,Ярилцлага авсан сар,other
C:/tsogoo/Hicheel/erdem shinjilgeenii hural/ecnometric/shine/data/НҮТС-2023/hl - MN.sav,НҮТС-2023,hl - MN.sav,HH5Y,Ярилцлага авсан он,other
C:/tsogoo/Hicheel/erdem shinjilgeenii hural/ecnometric/shine/data/НҮТС-2023/hl - MN.sav,НҮТС-2023,hl - MN.sav,HH6,Байршил,other
C:/tsogoo/Hicheel/erdem shinjilgeenii hural/ecnometric/shine/data/НҮТС-2023/hl - MN.sav,НҮТС-2023,hl - MN.sav,HH7,Бүс,demographics_geo_weights
C:/tsogoo/Hicheel/erdem shinjilgeenii hural/ecnometric/shine/data/НҮТС-2023/hl - MN.sav,НҮТС-2023,hl - MN.sav,MLINE,Эхийн мөрийн дугаар,parents_family
C:/tsogoo/Hicheel/erdem shinjilgeenii hural/ecnometric/shine/data/НҮТС-2023/hl - MN.sav,НҮТС-2023,hl - MN.sav,FLINE,Эцгийн мөрийн дугаар,other
C:/tsogoo/Hicheel/erdem shinjilgeenii hural/ecnometric/shine/data/НҮТС-2023/hl - MN.sav,НҮТС-2023,hl - MN.sav,caretakerdis,Эх нь үйлдлийн чадварын хүндрэлтэй эсэх (18-49 нас),wealth_assets_housing
C:/tsogoo/Hicheel/erdem shinjilgeenii hural/ecnometric/shine/data/НҮТС-2023/hl - MN.sav,НҮТС-2023,hl - MN.sav,wscore,Аж байдлын түвшний нэгдсэн оноо,other
C:/tsogoo/Hicheel/erdem shinjilgeenii hural/ecnometric/shine/data/НҮТС-2023/hl - MN.sav,НҮТС-2023,hl - MN.sav,windex5,Аж байдлын түвшний квинтиль,other
C:/tsogoo/Hicheel/erdem shinjilgeenii hural/ecnometric/shine/data/НҮТС-2023/hl - MN.sav,НҮТС-2023,hl - MN.sav,windex10,Аж байдлын түвшний бүлэг,other
C:/tsogoo/Hicheel/erdem shinjilgeenii hural/ecnometric/shine/data/НҮТС-2023/hl - MN.sav,НҮТС-2023,hl - MN.sav,wscoreu,Аж байдлын түвшний нэгдсэн оноо - Хот,demographics_geo_weights
C:/tsogoo/Hicheel/erdem shinjilgeenii hural/ecnometric/shine/data/НҮТС-2023/hl - MN.sav,НҮТС-2023,hl - MN.sav,windex5u,Аж байдлын түвшний квинтиль - хот,demographics_geo_weights
C:/tsogoo/Hicheel/erdem shinjilgeenii hural/ecnometric/shine/data/НҮТС-2023/hl - MN.sav,НҮТС-2023,hl - MN.sav,windex10u,Аж байдлын түвшний бүлэг - хот,demographics_geo_weights
C:/tsogoo/Hicheel/erdem shinjilgeenii hural/ecnometric/shine/data/НҮТС-2023/hl - MN.sav,НҮТС-2023,hl - MN.sav,wscorer,Аж байдлын түвшний нэгдсэн оноо - Хөдөө,demographics_geo_weights
C:/tsogoo/Hicheel/erdem shinjilgeenii hural/ecnometric/shine/data/НҮТС-2023/hl - MN.sav,НҮТС-2023,hl - MN.sav,windex5r,Аж байдлын түвшний квинтиль - хөдөө,demographics_geo_weights
C:/tsogoo/Hicheel/erdem shinjilgeenii hural/ecnometric/shine/data/НҮТС-2023/hl - MN.sav,НҮТС-2023,hl - MN.sav,windex10r,Аж байдлын түвшний бүлэг - хөдөө,demographics_geo_weights
C:/tsogoo/Hicheel/erdem shinjilgeenii hural/ecnometric/shine/data/НҮТС-2023/hl - MN.sav,НҮТС-2023,hl - MN.sav,ListCat,Жагсаалт гаргаж байх үед өрхөд амьдарч байсан 5 болон түүнээс доош насны хүүхэд,wealth_assets_housing
C:/tsogoo/Hicheel/erdem shinjilgeenii hural/ecnometric/shine/data/НҮТС-2023/hl - MN.sav,НҮТС-2023,hl - MN.sav,ethnicity,Өрхийн тэргүүлэгчийн яс үндэс,wealth_assets_housing
C:/tsogoo/Hicheel/erdem shinjilgeenii hural/ecnometric/shine/data/НҮТС-2023/hl - MN.sav,НҮТС-2023,hl - MN.sav,area,"Хот, хөдөө",demographics_geo_weights
C:/tsogoo/Hicheel/erdem shinjilgeenii hural/ecnometric/shine/data/НҮТС-2023/hl - MN.sav,НҮТС-2023,hl - MN.sav,helevel,Өрхийн тэргүүлэгчийн боловсрол,wealth_assets_housing
C:/tsogoo/Hicheel/erdem shinjilgeenii hural/ecnometric/shine/data/НҮТС-2023/hl - MN.sav,НҮТС-2023,hl - MN.sav,melevel,Эхийн боловсрол,education_schooling
C:/tsogoo/Hicheel/erdem shinjilgeenii hural/ecnometric/shine/data/НҮТС-2023/hl - MN.sav,НҮТС-2023,hl - MN.sav,felevel,Эцгийн боловсрол,education_schooling
C:/tsogoo/Hicheel/erdem shinjilgeenii hural/ecnometric/shine/data/НҮТС-2023/wm - MN.sav,НҮТС-2023,wm - MN.sav,HH1,Түүвэрлэгдсэн нэгжийн дугаар,demographics_geo_weights
C:/tsogoo/Hicheel/erdem shinjilgeenii hural/ecnometric/shine/data/НҮТС-2023/wm - MN.sav,НҮТС-2023,wm - MN.sav,HH2,Өрхийн дугаар,wealth_assets_housing
C:/tsogoo/Hicheel/erdem shinjilgeenii hural/ecnometric/shine/data/НҮТС-2023/wm - MN.sav,НҮТС-2023,wm - MN.sav,LN,Мөрийн дугаар,other
C:/tsogoo/Hicheel/erdem shinjilgeenii hural/ecnometric/shine/data/НҮТС-2023/wm - MN.sav,НҮТС-2023,wm - MN.sav,WM1,Түүвэрлэгдсэн нэгжийн дугаар,demographics_geo_weights
C:/tsogoo/Hicheel/erdem shinjilgeenii hural/ecnometric/shine/data/НҮТС-2023/wm - MN.sav,НҮТС-2023,wm - MN.sav,WM2,Өрхийн дугаар,wealth_assets_housing
C:/tsogoo/Hicheel/erdem shinjilgeenii hural/ecnometric/shine/data/НҮТС-2023/wm - MN.sav,НҮТС-2023,wm - MN.sav,WM3,Эмэгтэйн мөрийн дугаар,other
C:/tsogoo/Hicheel/erdem shinjilgeenii hural/ecnometric/shine/data/НҮТС-2023/wm - MN.sav,НҮТС-2023,wm - MN.sav,WMINT,Ярилцлага авагчийн дугаар,other
C:/tsogoo/Hicheel/erdem shinjilgeenii hural/ecnometric/shine/data/НҮТС-2023/wm - MN.sav,НҮТС-2023,wm - MN.sav,WM4,Багийн ахлагчийн дугаар,other
C:/tsogoo/Hicheel/erdem shinjilgeenii hural/ecnometric/shine/data/НҮТС-2023/wm - MN.sav,НҮТС-2023,wm - MN.sav,WM5,Ярилцлага авагчийн дугаар,other
C:/tsogoo/Hicheel/erdem shinjilgeenii hural/ecnometric/shine/data/НҮТС-2023/wm - MN.sav,НҮТС-2023,wm - MN.sav,WM6D,Ярилцлага авсан өдөр,other
C:/tsogoo/Hicheel/erdem shinjilgeenii hural/ecnometric/shine/data/НҮТС-2023/wm - MN.sav,НҮТС-2023,wm - MN.sav,WM6M,Ярилцлага авсан сар,other
C:/tsogoo/Hicheel/erdem shinjilgeenii hural/ecnometric/shine/data/НҮТС-2023/wm - MN.sav,НҮТС-2023,wm - MN.sav,WM6Y,Ярилцлага авсан он,other
C:/tsogoo/Hicheel/erdem shinjilgeenii hural/ecnometric/shine/data/НҮТС-2023/wm - MN.sav,НҮТС-2023,wm - MN.sav,WM8,Өмнө нь ярилцлага авсан эсэх,parents_family
C:/tsogoo/Hicheel/erdem shinjilgeenii hural/ecnometric/shine/data/НҮТС-2023/wm - MN.sav,НҮТС-2023,wm - MN.sav,WM9,Зөвшөөрөл өгсөн эсэх,parents_family
C:/tsogoo/Hicheel/erdem shinjilgeenii hural/ecnometric/shine/data/НҮТС-2023/wm - MN.sav,НҮТС-2023,wm - MN.sav,WM17,Ярилцлагын үр дүн,other
C:/tsogoo/Hicheel/erdem shinjilgeenii hural/ecnometric/shine/data/НҮТС-2023/wm - MN.sav,НҮТС-2023,wm - MN.sav,WM7H,Ярилцлага эхэлсэн цаг,parents_family
C:/tsogoo/Hicheel/erdem shinjilgeenii hural/ecnometric/shine/data/НҮТС-2023/wm - MN.sav,НҮТС-2023,wm - MN.sav,WM7M,Ярилцлага эхэлсэн минут,parents_family
C:/tsogoo/Hicheel/erdem shinjilgeenii hural/ecnometric/shine/data/НҮТС-2023/wm - MN.sav,НҮТС-2023,wm - MN.sav,WM10H,Ярилцлага дууссан цаг,wealth_assets_housing
C:/tsogoo/Hicheel/erdem shinjilgeenii hural/ecnometric/shine/data/НҮТС-2023/wm - MN.sav,НҮТС-2023,wm - MN.sav,WM10M,Ярилцлага дууссан минут,wealth_assets_housing
C:/tsogoo/Hicheel/erdem shinjilgeenii hural/ecnometric/shine/data/НҮТС-2023/wm - MN.sav,НҮТС-2023,wm - MN.sav,WM11,Ганцаарчилсан орчин бүрдүүлсэн эсэх,parents_family
C:/tsogoo/Hicheel/erdem shinjilgeenii hural/ecnometric/shine/data/НҮТС-2023/wm - MN.sav,НҮТС-2023,wm - MN.sav,WM12,Асуулгын хуудас бичигдсэн хэл,other
C:/tsogoo/Hicheel/erdem shinjilgeenii hural/ecnometric/shine/data/НҮТС-2023/wm - MN.sav,НҮТС-2023,wm - MN.sav,WM13,Ярилцлага хийсэн хэл,other
C:/tsogoo/Hicheel/erdem shinjilgeenii hural/ecnometric/shine/data/НҮТС-2023/wm - MN.sav,НҮТС-2023,wm - MN.sav,WM14,Ярилцлага өгөгчийн эх хэл,parents_family
C:/tsogoo/Hicheel/erdem shinjilgeenii hural/ecnometric/shine/data/НҮТС-2023/wm - MN.sav,НҮТС-2023,wm - MN.sav,WM15,Ярилцлагын явцад орчуулга ашигласан эсэх,parents_family
C:/tsogoo/Hicheel/erdem shinjilgeenii hural/ecnometric/shine/data/НҮТС-2023/wm - MN.sav,НҮТС-2023,wm - MN.sav,WM15EF,Утсаар ярилцлага өгөхийг зөвшөөрсөн эсэх,parents_family
C:/tsogoo/Hicheel/erdem shinjilgeenii hural/ecnometric/shine/data/НҮТС-2023/wm - MN.sav,НҮТС-2023,wm - MN.sav,WM15GH,Өрхийн хэн нэгэн гар утастай эсэх,wealth_assets_housing
C:/tsogoo/Hicheel/erdem shinjilgeenii hural/ecnometric/shine/data/НҮТС-2023/wm - MN.sav,НҮТС-2023,wm - MN.sav,WMFIN,Дуусгах,wealth_assets_housing
C:/tsogoo/Hicheel/erdem shinjilgeenii hural/ecnometric/shine/data/НҮТС-2023/wm - MN.sav,НҮТС-2023,wm - MN.sav,WB3M,Эмэгтэйн төрсөн сар,demographics_geo_weights
C:/tsogoo/Hicheel/erdem shinjilgeenii hural/ecnometric/shine/data/НҮТС-2023/wm - MN.sav,НҮТС-2023,wm - MN.sav,WB3Y,Эмэгтэйн төрсөн он,demographics_geo_weights
C:/tsogoo/Hicheel/erdem shinjilgeenii hural/ecnometric/shine/data/НҮТС-2023/wm - MN.sav,НҮТС-2023,wm - MN.sav,WB4,Эмэгтэйн нас,demographics_geo_weights
C:/tsogoo/Hicheel/erdem shinjilgeenii hural/ecnometric/shine/data/НҮТС-2023/wm - MN.sav,НҮТС-2023,wm - MN.sav,WB5,Эмэгтэйн төрсөн газар,demographics_geo_weights
C:/tsogoo/Hicheel/erdem shinjilgeenii hural/ecnometric/shine/data/НҮТС-2023/wm - MN.sav,НҮТС-2023,wm - MN.sav,WB6,Эмэгтэйн төрсөн улс,demographics_geo_weights
C:/tsogoo/Hicheel/erdem shinjilgeenii hural/ecnometric/shine/data/НҮТС-2023/wm - MN.sav,НҮТС-2023,wm - MN.sav,WB7,Эмэгтэйн иргэншил,other
C:/tsogoo/Hicheel/erdem shinjilgeenii hural/ecnometric/shine/data/НҮТС-2023/wm - MN.sav,НҮТС-2023,wm - MN.sav,WB8,Одоогийн хаяг дээрээ тасралтгүйгээр амьдарч байгаа хугацаа,other
C:/tsogoo/Hicheel/erdem shinjilgeenii hural/ecnometric/shine/data/НҮТС-2023/wm - MN.sav,НҮТС-2023,wm - MN.sav,WB9,Нүүж ирэхээсээ өмнө хаана амьдарч байсан,parents_family
C:/tsogoo/Hicheel/erdem shinjilgeenii hural/ecnometric/shine/data/НҮТС-2023/wm - MN.sav,НҮТС-2023,wm - MN.sav,WB10,Нүүж ирэхээсээ өмнө байнга оршин сууж байсан аймаг,parents_family
C:/tsogoo/Hicheel/erdem shinjilgeenii hural/ecnometric/shine/data/НҮТС-2023/wm - MN.sav,НҮТС-2023,wm - MN.sav,WDOI,Эмэгтэйн асуулга авсан огноо (CMC),other
C:/tsogoo/Hicheel/erdem shinjilgeenii hural/ecnometric/shine/data/НҮТС-2023/wm - MN.sav,НҮТС-2023,wm - MN.sav,WB3C,Эмэгтэйн төрсөн огноо (CMC),demographics_geo_weights
C:/tsogoo/Hicheel/erdem shinjilgeenii hural/ecnometric/shine/data/НҮТС-2023/wm - MN.sav,НҮТС-2023,wm - MN.sav,WB4C,Хариулагчын тооцоолсон нас,demographics_geo_weights
C:/tsogoo/Hicheel/erdem shinjilgeenii hural/ecnometric/shine/data/НҮТС-2023/wm - MN.sav,НҮТС-2023,wm - MN.sav,WAGE,Нас,demographics_geo_weights
C:/tsogoo/Hicheel/erdem shinjilgeenii hural/ecnometric/shine/data/НҮТС-2023/wm - MN.sav,НҮТС-2023,wm - MN.sav,IN1,Ямар нэгэн эрүүл мэндийн даатгалд хамрагдсан эсэх,parents_family
C:/tsogoo/Hicheel/erdem shinjilgeenii hural/ecnometric/shine/data/НҮТС-2023/wm - MN.sav,НҮТС-2023,wm - MN.sav,IN2A,ЭМД - Олон нийтэд суурилсан эрүүл мэндийн даатгал 	,health_disability_nutrition
C:/tsogoo/Hicheel/erdem shinjilgeenii hural/ecnometric/shine/data/НҮТС-2023/wm - MN.sav,НҮТС-2023,wm - MN.sav,IN2B,ЭМД - Ажил олгогчоор дамжуулсан эрүүл мэндийн даатгал,work_child_labour
C:/tsogoo/Hicheel/erdem shinjilgeenii hural/ecnometric/shine/data/НҮТС-2023/wm - MN.sav,НҮТС-2023,wm - MN.sav,IN2C,ЭМД - Эрүүл мэндийн даатгалын сан,health_disability_nutrition
C:/tsogoo/Hicheel/erdem shinjilgeenii hural/ecnometric/shine/data/НҮТС-2023/wm - MN.sav,НҮТС-2023,wm - MN.sav,IN2E,ЭМД - Албан журмын,other
C:/tsogoo/Hicheel/erdem shinjilgeenii hural/ecnometric/shine/data/НҮТС-2023/wm - MN.sav,НҮТС-2023,wm - MN.sav,IN2F,ЭМД - Сайн дурын,other
C:/tsogoo/Hicheel/erdem shinjilgeenii hural/ecnometric/shine/data/НҮТС-2023/wm - MN.sav,НҮТС-2023,wm - MN.sav,IN2D,ЭМД - Төрөөс хариуцдаг	,other
C:/tsogoo/Hicheel/erdem shinjilgeenii hural/ecnometric/shine/data/НҮТС-2023/wm - MN.sav,НҮТС-2023,wm - MN.sav,IN2X,ЭМД - Нэмэлт / хувийн,other
C:/tsogoo/Hicheel/erdem shinjilgeenii hural/ecnometric/shine/data/НҮТС-2023/wm - MN.sav,НҮТС-2023,wm - MN.sav,IN2NR,ЭМД - Бусад (тодруулах),wealth_assets_housing
C:/tsogoo/Hicheel/erdem shinjilgeenii hural/ecnometric/shine/data/НҮТС-2023/wm - MN.sav,НҮТС-2023,wm - MN.sav,NE3,Өнгөрсөн 4 долоо хоногт сургуульд сурсан эсэх,education_schooling
C:/tsogoo/Hicheel/erdem shinjilgeenii hural/ecnometric/shine/data/НҮТС-2023/wm - MN.sav,НҮТС-2023,wm - MN.sav,NE4,"Өнгөрсөн 4 долоо хоногт  ажлын байранд цалингүй дагалдан, дадлага эсвэл үүнтэй төстэй сургалтад хамрагдсан эсэх",parents_family
C:/tsogoo/Hicheel/erdem shinjilgeenii hural/ecnometric/shine/data/НҮТС-2023/wm - MN.sav,НҮТС-2023,wm - MN.sav,NE5,"Сүүлийн нэг жилийн хугацаанд ажлын байранд цалингүй дагалдан, дадлага эсвэл үүнтэй төстэй сургалтад хамрагдсан эсэх",parents_family
C:/tsogoo/Hicheel/erdem shinjilgeenii hural/ecnometric/shine/data/НҮТС-2023/wm - MN.sav,НҮТС-2023,wm - MN.sav,NE6,"Өнгөрсөн 4 долоо хоногийн хугацаанд ямар нэг курс, семинар, эсвэл тодорхой чадвар хөгжүүлэх сургалтад хамрагдсан эсэх",parents_family
C:/tsogoo/Hicheel/erdem shinjilgeenii hural/ecnometric/shine/data/НҮТС-2023/wm - MN.sav,НҮТС-2023,wm - MN.sav,NE7,"Сүүлийн нэг жилийн хугацаанд ямар нэг курс, семинар, эсвэл тодорхой чадвар хөгжүүлэх сургалтад хамрагдсан эсэх",parents_family
C:/tsogoo/Hicheel/erdem shinjilgeenii hural/ecnometric/shine/data/НҮТС-2023/wm - MN.sav,НҮТС-2023,wm - MN.sav,NE8,"Өнгөрсөн 7 хоногт наад зах нь 1 цаг ямар нэг цалин хөлс, төлбөртэй ажил эрхэлсэн эсэх",parents_family
C:/tsogoo/Hicheel/erdem shinjilgeenii hural/ecnometric/shine/data/НҮТС-2023/wm - MN.sav,НҮТС-2023,wm - MN.sav,NE9,"Өнгөрсөн 7 хоногт наад зах нь 1 цаг орлого олох зорилгоор ямар нэг төрлийн хувийн бизнес, өрхийн болон ХАА үйл ажиллагаа эрхэлсэн эсэх",wealth_assets_housing
C:/tsogoo/Hicheel/erdem shinjilgeenii hural/ecnometric/shine/data/НҮТС-2023/wm - MN.sav,НҮТС-2023,wm - MN.sav,NE10,Өнгөрсөн 7 хоногт өрхийн бизнес эсвэл МАА-д тусалсан эсэх,wealth_assets_housing
C:/tsogoo/Hicheel/erdem shinjilgeenii hural/ecnometric/shine/data/НҮТС-2023/wm - MN.sav,НҮТС-2023,wm - MN.sav,NE11,Өнгөрсөн 7 хоногт ажиллаагүй ч буцаж хийхээр хүлээгдэж байгаа цалин хөлстэй ажил эсвэл бизнесийн үйл ажиллагаа байсан эсэх,parents_family
C:/tsogoo/Hicheel/erdem shinjilgeenii hural/ecnometric/shine/data/НҮТС-2023/wm - MN.sav,НҮТС-2023,wm - MN.sav,NE12A,"Өнгөрсөн 7 хоногт ажиллаагүй шалтгаан - ээлжийн ажилтай, уян хатан цагаар ажилладаг",work_child_labour
C:/tsogoo/Hicheel/erdem shinjilgeenii hural/ecnometric/shine/data/НҮТС-2023/wm - MN.sav,НҮТС-2023,wm - MN.sav,NE12B,Өнгөрсөн 7 хоногт ажиллаагүй шалтгаан - амралттай байсан,work_child_labour
C:/tsogoo/Hicheel/erdem shinjilgeenii hural/ecnometric/shine/data/НҮТС-2023/wm - MN.sav,НҮТС-2023,wm - MN.sav,NE12C,"Өнгөрсөн 7 хоногт ажиллаагүй шалтгаан - өвчтэй, эсвэл гэмтэлтэй байсан",work_child_labour
C:/tsogoo/Hicheel/erdem shinjilgeenii hural/ecnometric/shine/data/НҮТС-2023/wm - MN.sav,НҮТС-2023,wm - MN.sav,NE12D,Өнгөрсөн 7 хоногт ажиллаагүй шалтгаан - жирэмсний амралттай байсан,work_child_labour
C:/tsogoo/Hicheel/erdem shinjilgeenii hural/ecnometric/shine/data/НҮТС-2023/wm - MN.sav,НҮТС-2023,wm - MN.sav,NE13,"Өнгөрсөн 7 хоногт ажиллаагүй шалтгаан - шинэ ажил, бизнес эхлэхээр хүлээж байгаа",parents_family
C:/tsogoo/Hicheel/erdem shinjilgeenii hural/ecnometric/shine/data/НҮТС-2023/wm - MN.sav,НҮТС-2023,wm - MN.sav,NE14,Өнгөрсөн 7 хоногт ажиллаагүй шалтгаан - улирлын чанартай ажилладаг,work_child_labour
C:/tsogoo/Hicheel/erdem shinjilgeenii hural/ecnometric/shine/data/НҮТС-2023/wm - MN.sav,НҮТС-2023,wm - MN.sav,NE15,Улирлын чанартай эсвэл ажил багатай үедээ ч та тэр ажил эсвэл бизнесээ үргэлжлүүлэн хийдэг эсэх,parents_family
C:/tsogoo/Hicheel/erdem shinjilgeenii hural/ecnometric/shine/data/НҮТС-2023/wm - MN.sav,НҮТС-2023,wm - MN.sav,NE16,Ажиллаагүй хугацаанаасаа эхлэн 3 сарын дотор өмнө нь хийж байсан цалин хөлстэй ажил эсвэл бизнесээ үргэлжлүүлэн хийх боломжтой эсэх,parents_family
C:/tsogoo/Hicheel/erdem shinjilgeenii hural/ecnometric/shine/data/НҮТС-2023/wm - MN.sav,НҮТС-2023,wm - MN.sav,NE17,Ажлаа хийгээгүй хугацаандаа ажлаасаа ямар нэг төрлийн орлого үргэлжлүүлэн авч байсан,income_consumption
C:/tsogoo/Hicheel/erdem shinjilgeenii hural/ecnometric/shine/data/НҮТС-2023/wm - MN.sav,НҮТС-2023,wm - MN.sav,NE18A1,Мал аж ахуй,wealth_assets_housing
C:/tsogoo/Hicheel/erdem shinjilgeenii hural/ecnometric/shine/data/НҮТС-2023/wm - MN.sav,НҮТС-2023,wm - MN.sav,NE18A2,Газар тариалан,other
C:/tsogoo/Hicheel/erdem shinjilgeenii hural/ecnometric/shine/data/НҮТС-2023/wm - MN.sav,НҮТС-2023,wm - MN.sav,NE18B,"Загас, загасны аж ахуй",other
C:/tsogoo/Hicheel/erdem shinjilgeenii hural/ecnometric/shine/data/НҮТС-2023/wm - MN.sav,НҮТС-2023,wm - MN.sav,NE18X,Өөр төрлийн үйл ажиллагаа эсвэл бизнес,work_child_labour
C:/tsogoo/Hicheel/erdem shinjilgeenii hural/ecnometric/shine/data/НҮТС-2023/wm - MN.sav,НҮТС-2023,wm - MN.sav,NE20,"Сүүлийн 7 хоногт мал, тэжээвэр амьтан, газар тариалан, загас агнуур зэрэг ямар нэгэн аж ахуй эрхэлсэн эсэх",wealth_assets_housing
C:/tsogoo/Hicheel/erdem shinjilgeenii hural/ecnometric/shine/data/НҮТС-2023/wm - MN.sav,НҮТС-2023,wm - MN.sav,NE21,ХАА-н бүтээгдэхүүнээ ямар зорилгоор үйлдвэрлэдэг бэ?,parents_family
C:/tsogoo/Hicheel/erdem shinjilgeenii hural/ecnometric/shine/data/НҮТС-2023/wm - MN.sav,НҮТС-2023,wm - MN.sav,NE22,ХАА-н бүтээгдэхүүнээ борлуулсан эсэх,parents_family
C:/tsogoo/Hicheel/erdem shinjilgeenii hural/ecnometric/shine/data/НҮТС-2023/wm - MN.sav,НҮТС-2023,wm - MN.sav,NE23,Ажлыг эрхлэхэд хэн нэгэн таныг хөлсөлсөн эсэх,parents_family
C:/tsogoo/Hicheel/erdem shinjilgeenii hural/ecnometric/shine/data/НҮТС-2023/wm - MN.sav,НҮТС-2023,wm - MN.sav,IC1,Гар утастай эсэх,parents_family
C:/tsogoo/Hicheel/erdem shinjilgeenii hural/ecnometric/shine/data/НҮТС-2023/wm - MN.sav,НҮТС-2023,wm - MN.sav,IC2,Ухаалаг утастай эсэх,parents_family
C:/tsogoo/Hicheel/erdem shinjilgeenii hural/ecnometric/shine/data/НҮТС-2023/wm - MN.sav,НҮТС-2023,wm - MN.sav,IC3,Сүүлийн 3 сарын хугацаанд гар утасны хэрэглээ,income_consumption
C:/tsogoo/Hicheel/erdem shinjilgeenii hural/ecnometric/shine/data/НҮТС-2023/wm - MN.sav,НҮТС-2023,wm - MN.sav,IC4,"Та ер нь компьютер, нөүтбүүк, таблет хэрэглэж байсан эсэх",parents_family
C:/tsogoo/Hicheel/erdem shinjilgeenii hural/ecnometric/shine/data/НҮТС-2023/wm - MN.sav,НҮТС-2023,wm - MN.sav,IC5,"Сүүлийн 3 сарын хугацаанд компьютер, нөүтбүүк, таблет хэрэглээ",income_consumption
C:/tsogoo/Hicheel/erdem shinjilgeenii hural/ecnometric/shine/data/НҮТС-2023/wm - MN.sav,НҮТС-2023,wm - MN.sav,IC7B,Сүүлийн 3 сард - Файл хуулсан / зөөсөн,other
C:/tsogoo/Hicheel/erdem shinjilgeenii hural/ecnometric/shine/data/НҮТС-2023/wm - MN.sav,НҮТС-2023,wm - MN.sav,IC7C,Сүүлийн 3 сард - Хавсралттай цахим шуудан илгээсэн,other
C:/tsogoo/Hicheel/erdem shinjilgeenii hural/ecnometric/shine/data/НҮТС-2023/wm - MN.sav,НҮТС-2023,wm - MN.sav,IC7D,Сүүлийн 3 сард - Үндсэн томьёо ашигласан,other
C:/tsogoo/Hicheel/erdem shinjilgeenii hural/ecnometric/shine/data/НҮТС-2023/wm - MN.sav,НҮТС-2023,wm - MN.sav,IC7E,Сүүлийн 3 сард - Төхөөрөмж таниулж холбосон,other
C:/tsogoo/Hicheel/erdem shinjilgeenii hural/ecnometric/shine/data/НҮТС-2023/wm - MN.sav,НҮТС-2023,wm - MN.sav,IC7F,"Сүүлийн 3 сард - Программ хайсан, татсан, суулгасан, тохируулсан",other
C:/tsogoo/Hicheel/erdem shinjilgeenii hural/ecnometric/shine/data/НҮТС-2023/wm - MN.sav,НҮТС-2023,wm - MN.sav,IC7G,Сүүлийн 3 сард - Илтгэл бэлтгэсэн,other
C:/tsogoo/Hicheel/erdem shinjilgeenii hural/ecnometric/shine/data/НҮТС-2023/wm - MN.sav,НҮТС-2023,wm - MN.sav,IC7H,Сүүлийн 3 сард - Файл явуулсан,other
C:/tsogoo/Hicheel/erdem shinjilgeenii hural/ecnometric/shine/data/НҮТС-2023/wm - MN.sav,НҮТС-2023,wm - MN.sav,IC7I,Сүүлийн 3 сард - Аюулгүй байдлын арга хэмжээг тохируулсан,other
C:/tsogoo/Hicheel/erdem shinjilgeenii hural/ecnometric/shine/data/НҮТС-2023/wm - MN.sav,НҮТС-2023,wm - MN.sav,IC7J,Сүүлийн 3 сард - Нууцлалын тохиргоог өөрчилсөн,other
C:/tsogoo/Hicheel/erdem shinjilgeenii hural/ecnometric/shine/data/НҮТС-2023/wm - MN.sav,НҮТС-2023,wm - MN.sav,IC7K,Сүүлийн 3 сард - Мэдээллийн найдвартай байдлыг шалгасан,other
C:/tsogoo/Hicheel/erdem shinjilgeenii hural/ecnometric/shine/data/НҮТС-2023/wm - MN.sav,НҮТС-2023,wm - MN.sav,IC7L,Сүүлийн 3 сард - Программ хөгжүүлсэн,other
C:/tsogoo/Hicheel/erdem shinjilgeenii hural/ecnometric/shine/data/НҮТС-2023/wm - MN.sav,НҮТС-2023,wm - MN.sav,IC10,Интернэт хэрэглэж байсан эсэх,parents_family
C:/tsogoo/Hicheel/erdem shinjilgeenii hural/ecnometric/shine/data/НҮТС-2023/wm - MN.sav,НҮТС-2023,wm - MN.sav,IC11,Сүүлийн 3 сарын интернэт хэрэглээ,income_consumption
C:/tsogoo/Hicheel/erdem shinjilgeenii hural/ecnometric/shine/data/НҮТС-2023/wm - MN.sav,НҮТС-2023,wm - MN.sav,CM1,Хүүхэд төрүүлж байсан эсэх,parents_family
C:/tsogoo/Hicheel/erdem shinjilgeenii hural/ecnometric/shine/data/НҮТС-2023/wm - MN.sav,НҮТС-2023,wm - MN.sav,CM2,Хамт амьдардаг төрүүлсэн хүүхэд байгаа эсэх,parents_family
C:/tsogoo/Hicheel/erdem shinjilgeenii hural/ecnometric/shine/data/НҮТС-2023/wm - MN.sav,НҮТС-2023,wm - MN.sav,CM3,Хамт амьдардаг хүүгийн тоо,other
C:/tsogoo/Hicheel/erdem shinjilgeenii hural/ecnometric/shine/data/НҮТС-2023/wm - MN.sav,НҮТС-2023,wm - MN.sav,CM4,Хамт амьдардаг охины тоо,other
C:/tsogoo/Hicheel/erdem shinjilgeenii hural/ecnometric/shine/data/НҮТС-2023/wm - MN.sav,НҮТС-2023,wm - MN.sav,CM5,Тусдаа амьдардаг төрүүлсэн хүүхэд байгаа эсэх,wealth_assets_housing
C:/tsogoo/Hicheel/erdem shinjilgeenii hural/ecnometric/shine/data/НҮТС-2023/wm - MN.sav,НҮТС-2023,wm - MN.sav,CM6,Тусдаа амьдардаг хүүгийн тоо,wealth_assets_housing
C:/tsogoo/Hicheel/erdem shinjilgeenii hural/ecnometric/shine/data/НҮТС-2023/wm - MN.sav,НҮТС-2023,wm - MN.sav,CM7,Тусдаа амьдардаг охины тоо,wealth_assets_housing
C:/tsogoo/Hicheel/erdem shinjilgeenii hural/ecnometric/shine/data/НҮТС-2023/wm - MN.sav,НҮТС-2023,wm - MN.sav,CM8,Амьд төрөөд эндсэн хүүхэд байгаа эсэх,parents_family
C:/tsogoo/Hicheel/erdem shinjilgeenii hural/ecnometric/shine/data/НҮТС-2023/wm - MN.sav,НҮТС-2023,wm - MN.sav,CM9,Эндсэн хүүгийн тоо,other
C:/tsogoo/Hicheel/erdem shinjilgeenii hural/ecnometric/shine/data/НҮТС-2023/wm - MN.sav,НҮТС-2023,wm - MN.sav,CM10,Эндсэн охины тоо,other
C:/tsogoo/Hicheel/erdem shinjilgeenii hural/ecnometric/shine/data/НҮТС-2023/wm - MN.sav,НҮТС-2023,wm - MN.sav,CM11,Нийт амьд төрөлтийн тоо,other
C:/tsogoo/Hicheel/erdem shinjilgeenii hural/ecnometric/shine/data/НҮТС-2023/wm - MN.sav,НҮТС-2023,wm - MN.sav,CM12,Нийт амьд төрөлтийн тоо зөв эсэх,parents_family
C:/tsogoo/Hicheel/erdem shinjilgeenii hural/ecnometric/shine/data/НҮТС-2023/wm - MN.sav,НҮТС-2023,wm - MN.sav,CM15,Нийт амьд төрөлийн тоо нь бүртгэгдсэн төрөлтийн тоотой тохирч байгаа эсэх,parents_family
C:/tsogoo/Hicheel/erdem shinjilgeenii hural/ecnometric/shine/data/НҮТС-2023/wm - MN.sav,НҮТС-2023,wm - MN.sav,CM17,Сүүлийн 2 жилийн хугацаанд хамгийн бага хүүхдээ төрүүлсэн эсэх,parents_family
C:/tsogoo/Hicheel/erdem shinjilgeenii hural/ecnometric/shine/data/НҮТС-2023/wm - MN.sav,НҮТС-2023,wm - MN.sav,BH11,Өөр амьд төрүүлсэн хүүхэд бий эсэх,parents_family
C:/tsogoo/Hicheel/erdem shinjilgeenii hural/ecnometric/shine/data/НҮТС-2023/wm - MN.sav,НҮТС-2023,wm - MN.sav,AB1,Жирэмсэлж байсан эсэх,parents_family
C:/tsogoo/Hicheel/erdem shinjilgeenii hural/ecnometric/shine/data/НҮТС-2023/wm - MN.sav,НҮТС-2023,wm - MN.sav,AB2,"Жирэмслэлт нь зулбалт, амьгүй төрөлт, өсөлтгүй жирэмслэлт, үр хөндөлтөөр төгссөн тохиолдол бий эсэх",parents_family
C:/tsogoo/Hicheel/erdem shinjilgeenii hural/ecnometric/shine/data/НҮТС-2023/wm - MN.sav,НҮТС-2023,wm - MN.sav,AB3A,Зулбасан тоо,other
C:/tsogoo/Hicheel/erdem shinjilgeenii hural/ecnometric/shine/data/НҮТС-2023/wm - MN.sav,НҮТС-2023,wm - MN.sav,AB3B,Амьгүй төрөлтийн тоо,other
C:/tsogoo/Hicheel/erdem shinjilgeenii hural/ecnometric/shine/data/НҮТС-2023/wm - MN.sav,НҮТС-2023,wm - MN.sav,AB3C,Үр хөндөлтийн тоо,other
C:/tsogoo/Hicheel/erdem shinjilgeenii hural/ecnometric/shine/data/НҮТС-2023/wm - MN.sav,НҮТС-2023,wm - MN.sav,AB4M,"Хамгийн сүүлд жирэмслэлт нь зулбалт, амьгүй төрөлт, өсөлтгүй жирэмслэлт, үр хөндөлтөөр төгссөн сар",other
C:/tsogoo/Hicheel/erdem shinjilgeenii hural/ecnometric/shine/data/НҮТС-2023/wm - MN.sav,НҮТС-2023,wm - MN.sav,AB4Y,"Хамгийн сүүлд жирэмслэлт нь зулбалт, амьгүй төрөлт, өсөлтгүй жирэмслэлт, үр хөндөлтөөр төгссөн он",other
C:/tsogoo/Hicheel/erdem shinjilgeenii hural/ecnometric/shine/data/НҮТС-2023/wm - MN.sav,НҮТС-2023,wm - MN.sav,AB12,Cүүлийн үр хөндөлтийг хийлгэсэн газар,other
C:/tsogoo/Hicheel/erdem shinjilgeenii hural/ecnometric/shine/data/НҮТС-2023/wm - MN.sav,НҮТС-2023,wm - MN.sav,AB13A,Үр хөндөлт хийсэн хүн - Эмч,other
C:/tsogoo/Hicheel/erdem shinjilgeenii hural/ecnometric/shine/data/НҮТС-2023/wm - MN.sav,НҮТС-2023,wm - MN.sav,AB13B,Үр хөндөлт хийсэн хүн - Эх баригч,parents_family
C:/tsogoo/Hicheel/erdem shinjilgeenii hural/ecnometric/shine/data/НҮТС-2023/wm - MN.sav,НҮТС-2023,wm - MN.sav,AB13C,Үр хөндөлт хийсэн хүн - Сувилагч,other
C:/tsogoo/Hicheel/erdem shinjilgeenii hural/ecnometric/shine/data/НҮТС-2023/wm - MN.sav,НҮТС-2023,wm - MN.sav,AB13F,Үр хөндөлт хийсэн хүн - Бариач / Засалч,other
C:/tsogoo/Hicheel/erdem shinjilgeenii hural/ecnometric/shine/data/НҮТС-2023/wm - MN.sav,НҮТС-2023,wm - MN.sav,AB13G,Үр хөндөлт хийсэн хүн - Өрх / сумын эмч,wealth_assets_housing
C:/tsogoo/Hicheel/erdem shinjilgeenii hural/ecnometric/shine/data/НҮТС-2023/wm - MN.sav,НҮТС-2023,wm - MN.sav,AB13H,Үр хөндөлт хийсэн хүн - Хамаатан / найз нөхөд,other
C:/tsogoo/Hicheel/erdem shinjilgeenii hural/ecnometric/shine/data/НҮТС-2023/wm - MN.sav,НҮТС-2023,wm - MN.sav,AB13X,Үр хөндөлт хийсэн хүн - Бусад (тодруулах),wealth_assets_housing
C:/tsogoo/Hicheel/erdem shinjilgeenii hural/ecnometric/shine/data/НҮТС-2023/wm - MN.sav,НҮТС-2023,wm - MN.sav,AB13NR,Үр хөндөлт хийсэн хүн - Хариулаагүй,other
C:/tsogoo/Hicheel/erdem shinjilgeenii hural/ecnometric/shine/data/НҮТС-2023/wm - MN.sav,НҮТС-2023,wm - MN.sav,AB14,Cүүлийн үр хөндөлтийг хийлгэсэн арга,other
C:/tsogoo/Hicheel/erdem shinjilgeenii hural/ecnometric/shine/data/НҮТС-2023/wm - MN.sav,НҮТС-2023,wm - MN.sav,AB15A,Гэр бүл төлөвлөлт / жсах-ын дутагдал,other
C:/tsogoo/Hicheel/erdem shinjilgeenii hural/ecnometric/shine/data/НҮТС-2023/wm - MN.sav,НҮТС-2023,wm - MN.sav,AB15B,Хүсээгүй жирэмслэлт,other
C:/tsogoo/Hicheel/erdem shinjilgeenii hural/ecnometric/shine/data/НҮТС-2023/wm - MN.sav,НҮТС-2023,wm - MN.sav,AB15C,Ургийн хүйс,demographics_geo_weights
C:/tsogoo/Hicheel/erdem shinjilgeenii hural/ecnometric/shine/data/НҮТС-2023/wm - MN.sav,НҮТС-2023,wm - MN.sav,AB15D,Хүүхдийг өсгөх эдийн засаг / орлого хангалтгүй,income_consumption
C:/tsogoo/Hicheel/erdem shinjilgeenii hural/ecnometric/shine/data/НҮТС-2023/wm - MN.sav,НҮТС-2023,wm - MN.sav,AB15E,Нөхөр / найз залуу / гэр бүлийнхэн гуйсан эсвэл албадан үр хөндүүлсэн,other
C:/tsogoo/Hicheel/erdem shinjilgeenii hural/ecnometric/shine/data/НҮТС-2023/wm - MN.sav,НҮТС-2023,wm - MN.sav,AB15F,Эмэгтэйн эрүүл мэндийн байдал,health_disability_nutrition
C:/tsogoo/Hicheel/erdem shinjilgeenii hural/ecnometric/shine/data/НҮТС-2023/wm - MN.sav,НҮТС-2023,wm - MN.sav,AB15G,Ургийн эрүүл мэндийн байдал / ургийн гажиг,health_disability_nutrition
C:/tsogoo/Hicheel/erdem shinjilgeenii hural/ecnometric/shine/data/НҮТС-2023/wm - MN.sav,НҮТС-2023,wm - MN.sav,AB15H,Нөхөр эсвэл хамтран амьдрагч хаяж явсан,other
C:/tsogoo/Hicheel/erdem shinjilgeenii hural/ecnometric/shine/data/НҮТС-2023/wm - MN.sav,НҮТС-2023,wm - MN.sav,AB15X,Бусад (тодруулах),wealth_assets_housing
C:/tsogoo/Hicheel/erdem shinjilgeenii hural/ecnometric/shine/data/НҮТС-2023/wm - MN.sav,НҮТС-2023,wm - MN.sav,AB15Z,Мэдэхгүй,parents_family
C:/tsogoo/Hicheel/erdem shinjilgeenii hural/ecnometric/shine/data/НҮТС-2023/wm - MN.sav,НҮТС-2023,wm - MN.sav,AB15NR,Хариулаагүй,other
C:/tsogoo/Hicheel/erdem shinjilgeenii hural/ecnometric/shine/data/НҮТС-2023/wm - MN.sav,НҮТС-2023,wm - MN.sav,AB16,Үр хөндөлтийг хийлгэхэд ямар нэгэн хүндрэл гарсан эсэх,parents_family
C:/tsogoo/Hicheel/erdem shinjilgeenii hural/ecnometric/shine/data/НҮТС-2023/wm - MN.sav,НҮТС-2023,wm - MN.sav,AB17A,Халдвар / халууралт,other
C:/tsogoo/Hicheel/erdem shinjilgeenii hural/ecnometric/shine/data/НҮТС-2023/wm - MN.sav,НҮТС-2023,wm - MN.sav,AB17B,Базлалт,other
C:/tsogoo/Hicheel/erdem shinjilgeenii hural/ecnometric/shine/data/НҮТС-2023/wm - MN.sav,НҮТС-2023,wm - MN.sav,AB17C,Цус алдалт,wealth_assets_housing
C:/tsogoo/Hicheel/erdem shinjilgeenii hural/ecnometric/shine/data/НҮТС-2023/wm - MN.sav,НҮТС-2023,wm - MN.sav,AB17D,Үтрээнээс идээт ялгадас гарах,other
C:/tsogoo/Hicheel/erdem shinjilgeenii hural/ecnometric/shine/data/НҮТС-2023/wm - MN.sav,НҮТС-2023,wm - MN.sav,AB17E,Умайн урагдалт / цооролт,other
C:/tsogoo/Hicheel/erdem shinjilgeenii hural/ecnometric/shine/data/НҮТС-2023/wm - MN.sav,НҮТС-2023,wm - MN.sav,AB17X,Бусад (тодруулах),wealth_assets_housing
C:/tsogoo/Hicheel/erdem shinjilgeenii hural/ecnometric/shine/data/НҮТС-2023/wm - MN.sav,НҮТС-2023,wm - MN.sav,AB17Z,Мэдэхгүй,parents_family
C:/tsogoo/Hicheel/erdem shinjilgeenii hural/ecnometric/shine/data/НҮТС-2023/wm - MN.sav,НҮТС-2023,wm - MN.sav,AB17NR,Хариулаагүй,other
C:/tsogoo/Hicheel/erdem shinjilgeenii hural/ecnometric/shine/data/НҮТС-2023/wm - MN.sav,НҮТС-2023,wm - MN.sav,DB2,Хамгийн бага хүүхдээ төлөвлөж төрүүлсэн эсэх,parents_family
C:/tsogoo/Hicheel/erdem shinjilgeenii hural/ecnometric/shine/data/НҮТС-2023/wm - MN.sav,НҮТС-2023,wm - MN.sav,DB4,Арай хожим төрүүлэхээр төлөвлөж байсан эсвэл хүүхэд төрүүлэх бодолгүй байсан эсэх,parents_family
C:/tsogoo/Hicheel/erdem shinjilgeenii hural/ecnometric/shine/data/НҮТС-2023/wm - MN.sav,НҮТС-2023,wm - MN.sav,MN2,Бага хүүхдээ тээж байхдаа жирэмсний хяналтад орсон эсэх,parents_family
C:/tsogoo/Hicheel/erdem shinjilgeenii hural/ecnometric/shine/data/НҮТС-2023/wm - MN.sav,НҮТС-2023,wm - MN.sav,MN3D,Хянуунж байсан хүн: Эх барих эмэгтэйчүүдийн эмч,parents_family
C:/tsogoo/Hicheel/erdem shinjilgeenii hural/ecnometric/shine/data/НҮТС-2023/wm - MN.sav,НҮТС-2023,wm - MN.sav,MN3E,Хянуунж байсан хүн: Бусад мэргэжлийн их эмч,wealth_assets_housing
C:/tsogoo/Hicheel/erdem shinjilgeenii hural/ecnometric/shine/data/НҮТС-2023/wm - MN.sav,НҮТС-2023,wm - MN.sav,MN3I,Хянуунж байсан хүн: Өрх/ сумын эмч,wealth_assets_housing
C:/tsogoo/Hicheel/erdem shinjilgeenii hural/ecnometric/shine/data/НҮТС-2023/wm - MN.sav,НҮТС-2023,wm - MN.sav,MN3J,Хянуунж байсан хүн: Эх баригч,parents_family
C:/tsogoo/Hicheel/erdem shinjilgeenii hural/ecnometric/shine/data/НҮТС-2023/wm - MN.sav,НҮТС-2023,wm - MN.sav,MN3C,Хянуунж байсан хүн: Бага эмч,other
C:/tsogoo/Hicheel/erdem shinjilgeenii hural/ecnometric/shine/data/НҮТС-2023/wm - MN.sav,НҮТС-2023,wm - MN.sav,MN3K,Хянуунж байсан хүн: Сувилагч,other
C:/tsogoo/Hicheel/erdem shinjilgeenii hural/ecnometric/shine/data/НҮТС-2023/wm - MN.sav,НҮТС-2023,wm - MN.sav,MN3X,Хянуунж байсан хүн: Бусад (тодруулах),wealth_assets_housing
C:/tsogoo/Hicheel/erdem shinjilgeenii hural/ecnometric/shine/data/НҮТС-2023/wm - MN.sav,НҮТС-2023,wm - MN.sav,MN3NR,Хянуунж байсан хүн: Хариулаагүй,other
C:/tsogoo/Hicheel/erdem shinjilgeenii hural/ecnometric/shine/data/НҮТС-2023/wm - MN.sav,НҮТС-2023,wm - MN.sav,MN4AU,Жирэмсний хэдэн долоо хоногтой байхдаа хяналтад орсон - нэгж,other
C:/tsogoo/Hicheel/erdem shinjilgeenii hural/ecnometric/shine/data/НҮТС-2023/wm - MN.sav,НҮТС-2023,wm - MN.sav,MN4AN,Жирэмсний хэдэн долоо хоногтой байхдаа хяналтад орсон - хоног,other
C:/tsogoo/Hicheel/erdem shinjilgeenii hural/ecnometric/shine/data/НҮТС-2023/wm - MN.sav,НҮТС-2023,wm - MN.sav,MN5,Жирэмсний хяналтад хэдэн удаа үзүүлсэн,other
C:/tsogoo/Hicheel/erdem shinjilgeenii hural/ecnometric/shine/data/НҮТС-2023/wm - MN.sav,НҮТС-2023,wm - MN.sav,MN6A,Цусны даралт хэмжүүлсэн эсэх,wealth_assets_housing
C:/tsogoo/Hicheel/erdem shinjilgeenii hural/ecnometric/shine/data/НҮТС-2023/wm - MN.sav,НҮТС-2023,wm - MN.sav,MN6B,Шээсний ерөнхий шинжилгээ өгсөн эсэх,parents_family
C:/tsogoo/Hicheel/erdem shinjilgeenii hural/ecnometric/shine/data/НҮТС-2023/wm - MN.sav,НҮТС-2023,wm - MN.sav,MN6C,Цусны ерөнхий шинжилгээ өгсөн эсэх,wealth_assets_housing
C:/tsogoo/Hicheel/erdem shinjilgeenii hural/ecnometric/shine/data/НҮТС-2023/wm - MN.sav,НҮТС-2023,wm - MN.sav,MN6D,Хүүхдийн зүрхний цохилтыг сонссон эсэх,parents_family
C:/tsogoo/Hicheel/erdem shinjilgeenii hural/ecnometric/shine/data/НҮТС-2023/wm - MN.sav,НҮТС-2023,wm - MN.sav,MN6E,Хооллолтын талаар ярилцсан эсэх,parents_family
C:/tsogoo/Hicheel/erdem shinjilgeenii hural/ecnometric/shine/data/НҮТС-2023/wm - MN.sav,НҮТС-2023,wm - MN.sav,MN6F,Хүүхдийг хөхөөр хооллох талаар ярилцсан эсэх,parents_family
C:/tsogoo/Hicheel/erdem shinjilgeenii hural/ecnometric/shine/data/НҮТС-2023/wm - MN.sav,НҮТС-2023,wm - MN.sav,MN6G,Үтрээнээс цус гарч байгаа эсэхийг асуусан эсэх,wealth_assets_housing
C:/tsogoo/Hicheel/erdem shinjilgeenii hural/ecnometric/shine/data/НҮТС-2023/wm - MN.sav,НҮТС-2023,wm - MN.sav,MN6H,"Витамин, бичил тэжээл, төмөр, фолийн хүчил уухыг зөвлөсөн эсэх",parents_family
C:/tsogoo/Hicheel/erdem shinjilgeenii hural/ecnometric/shine/data/НҮТС-2023/wm - MN.sav,НҮТС-2023,wm - MN.sav,MN19D,Эх барьсан хүн: Эх барих эмэгтэйчүүдийн эмч,parents_family
C:/tsogoo/Hicheel/erdem shinjilgeenii hural/ecnometric/shine/data/НҮТС-2023/wm - MN.sav,НҮТС-2023,wm - MN.sav,MN19E,Эх барьсан хүн: Бусад мэргэжлийн их эмч,wealth_assets_housing
C:/tsogoo/Hicheel/erdem shinjilgeenii hural/ecnometric/shine/data/НҮТС-2023/wm - MN.sav,НҮТС-2023,wm - MN.sav,MN19I,Эх барьсан хүн: Өрх/ сумын эмч,wealth_assets_housing
C:/tsogoo/Hicheel/erdem shinjilgeenii hural/ecnometric/shine/data/НҮТС-2023/wm - MN.sav,НҮТС-2023,wm - MN.sav,MN19J,Эх барьсан хүн: Эх баригч,parents_family
C:/tsogoo/Hicheel/erdem shinjilgeenii hural/ecnometric/shine/data/НҮТС-2023/wm - MN.sav,НҮТС-2023,wm - MN.sav,MN19C,Эх барьсан хүн: Бага эмч,parents_family
C:/tsogoo/Hicheel/erdem shinjilgeenii hural/ecnometric/shine/data/НҮТС-2023/wm - MN.sav,НҮТС-2023,wm - MN.sav,MN19K,Эх барьсан хүн: Сувилагч,parents_family
C:/tsogoo/Hicheel/erdem shinjilgeenii hural/ecnometric/shine/data/НҮТС-2023/wm - MN.sav,НҮТС-2023,wm - MN.sav,MN19F,Эх барьсан хүн: Бариач/ засалч,parents_family
C:/tsogoo/Hicheel/erdem shinjilgeenii hural/ecnometric/shine/data/НҮТС-2023/wm - MN.sav,НҮТС-2023,wm - MN.sav,MN19G,Эх барьсан хүн: Олон нийтийн эрүүл мэндийн ажилтан,parents_family
C:/tsogoo/Hicheel/erdem shinjilgeenii hural/ecnometric/shine/data/НҮТС-2023/wm - MN.sav,НҮТС-2023,wm - MN.sav,MN19H,Эх барьсан хүн: Хамаатан / найз нөхөд,parents_family
C:/tsogoo/Hicheel/erdem shinjilgeenii hural/ecnometric/shine/data/НҮТС-2023/wm - MN.sav,НҮТС-2023,wm - MN.sav,MN19X,Эх барьсан хүн: Бусад (тодруулах),wealth_assets_housing
C:/tsogoo/Hicheel/erdem shinjilgeenii hural/ecnometric/shine/data/НҮТС-2023/wm - MN.sav,НҮТС-2023,wm - MN.sav,MN19Y,Эх барьсан хүн: Өөрөө,parents_family
C:/tsogoo/Hicheel/erdem shinjilgeenii hural/ecnometric/shine/data/НҮТС-2023/wm - MN.sav,НҮТС-2023,wm - MN.sav,MN19NR,Эх барьсан хүн: Хариулаагүй,parents_family
C:/tsogoo/Hicheel/erdem shinjilgeenii hural/ecnometric/shine/data/НҮТС-2023/wm - MN.sav,НҮТС-2023,wm - MN.sav,MN20,Бага хүүхдээ төрүүлсэн газар,other
C:/tsogoo/Hicheel/erdem shinjilgeenii hural/ecnometric/shine/data/НҮТС-2023/wm - MN.sav,НҮТС-2023,wm - MN.sav,MN21,Кесар хагалгаа хийлгэж төрүүлсэн эсэх,parents_family
C:/tsogoo/Hicheel/erdem shinjilgeenii hural/ecnometric/shine/data/НҮТС-2023/wm - MN.sav,НҮТС-2023,wm - MN.sav,MN22,Кесар хагалгаа хийлгэх шийдвэрийг хэзээ гаргасан,parents_family
C:/tsogoo/Hicheel/erdem shinjilgeenii hural/ecnometric/shine/data/НҮТС-2023/wm - MN.sav,НҮТС-2023,wm - MN.sav,MN23,Төрөх орон дээр байх хугацаанд хүүхдийг нүцгэн цээжин дээр нь хэвтүүлсэн эсэх,parents_family
C:/tsogoo/Hicheel/erdem shinjilgeenii hural/ecnometric/shine/data/НҮТС-2023/wm - MN.sav,НҮТС-2023,wm - MN.sav,MN24, Хүүхдийг таны цээжин дээр тавихаас өмнө өлгийдсөн эсэх,parents_family
C:/tsogoo/Hicheel/erdem shinjilgeenii hural/ecnometric/shine/data/НҮТС-2023/wm - MN.sav,НҮТС-2023,wm - MN.sav,MN25,Хүүхдийг төрсний дараа алчуураар биеийг нь арчиж хуурайшуулсан эсэх,parents_family
C:/tsogoo/Hicheel/erdem shinjilgeenii hural/ecnometric/shine/data/НҮТС-2023/wm - MN.sav,НҮТС-2023,wm - MN.sav,MN26U,Хүүхдийг төрснөөс хойш хэдий хугацааны дараа усанд оруулсан - нэгж,wealth_assets_housing
C:/tsogoo/Hicheel/erdem shinjilgeenii hural/ecnometric/shine/data/НҮТС-2023/wm - MN.sav,НҮТС-2023,wm - MN.sav,MN26N,Хүүхдийг төрснөөс хойш хэдий хугацааны дараа усанд оруулсан - хугацаа,wealth_assets_housing
C:/tsogoo/Hicheel/erdem shinjilgeenii hural/ecnometric/shine/data/НҮТС-2023/wm - MN.sav,НҮТС-2023,wm - MN.sav,MN32,Хүүхдийн төрөх үеийн бие,other
C:/tsogoo/Hicheel/erdem shinjilgeenii hural/ecnometric/shine/data/НҮТС-2023/wm - MN.sav,НҮТС-2023,wm - MN.sav,MN33,Хүүхдийг төрөхөд жинг нь хэмжсэн эсэх,parents_family
C:/tsogoo/Hicheel/erdem shinjilgeenii hural/ecnometric/shine/data/НҮТС-2023/wm - MN.sav,НҮТС-2023,wm - MN.sav,MN34A,Хүүхдийн жинг ямар эх сурвалжаас тэмдэглэсэн,parents_family
C:/tsogoo/Hicheel/erdem shinjilgeenii hural/ecnometric/shine/data/НҮТС-2023/wm - MN.sav,НҮТС-2023,wm - MN.sav,MN34,Хүүхдийн жин (кг),demographics_geo_weights
C:/tsogoo/Hicheel/erdem shinjilgeenii hural/ecnometric/shine/data/НҮТС-2023/wm - MN.sav,НҮТС-2023,wm - MN.sav,MN35,Бага хүүхдээ төрүүлснээс хойш биений юм ирсэн эсэх,parents_family
C:/tsogoo/Hicheel/erdem shinjilgeenii hural/ecnometric/shine/data/НҮТС-2023/wm - MN.sav,НҮТС-2023,wm - MN.sav,MN36,Бага хүүхдээ ер нь хөхүүлсэн эсэх,parents_family
C:/tsogoo/Hicheel/erdem shinjilgeenii hural/ecnometric/shine/data/НҮТС-2023/wm - MN.sav,НҮТС-2023,wm - MN.sav,MN37U,Бага хүүхдээ төрүүлээд хэдий хугацааны дараа амлуулсан - нэгж,other
C:/tsogoo/Hicheel/erdem shinjilgeenii hural/ecnometric/shine/data/НҮТС-2023/wm - MN.sav,НҮТС-2023,wm - MN.sav,MN37N,Бага хүүхдээ төрүүлээд хэдий хугацааны дараа амлуулсан - хугацаа,other
C:/tsogoo/Hicheel/erdem shinjilgeenii hural/ecnometric/shine/data/НҮТС-2023/wm - MN.sav,НҮТС-2023,wm - MN.sav,MN38,Төрсний дараах 2 хоногийн дотор өөрийнхөө сүүнээс бусад шингэн зүйл уулгасан эсэх,wealth_assets_housing
C:/tsogoo/Hicheel/erdem shinjilgeenii hural/ecnometric/shine/data/НҮТС-2023/wm - MN.sav,НҮТС-2023,wm - MN.sav,PN3U,Хүүхдийг төрүүлсэн газраа хэр удаан хугацаанд байсан - нэгж,other
C:/tsogoo/Hicheel/erdem shinjilgeenii hural/ecnometric/shine/data/НҮТС-2023/wm - MN.sav,НҮТС-2023,wm - MN.sav,PN3N,Хүүхдийг төрүүлсэн газраа хэр удаан хугацаанд байсан - хугацаа,other
C:/tsogoo/Hicheel/erdem shinjilgeenii hural/ecnometric/shine/data/НҮТС-2023/wm - MN.sav,НҮТС-2023,wm - MN.sav,PN4,Эмнэлгээс гарахаас өмнө хэн нэгэн хүүхдийн эрүүл мэндийг шалгасан эсэх,parents_family
C:/tsogoo/Hicheel/erdem shinjilgeenii hural/ecnometric/shine/data/НҮТС-2023/wm - MN.sav,НҮТС-2023,wm - MN.sav,PN5,Эмнэлгээс гарахаас өмнө хэн нэгэн эхийн эрүүл мэндийг шалгасан эсэх,parents_family
C:/tsogoo/Hicheel/erdem shinjilgeenii hural/ecnometric/shine/data/НҮТС-2023/wm - MN.sav,НҮТС-2023,wm - MN.sav,PN6,Эмнэлгээс гарсны дараа хэн нэгэн хүүхдийн эрүүл мэндийг шалгасан эсэх,parents_family
C:/tsogoo/Hicheel/erdem shinjilgeenii hural/ecnometric/shine/data/НҮТС-2023/wm - MN.sav,НҮТС-2023,wm - MN.sav,PN8,Эх барьсан мэргэжлийн хүн явахаасаа өмнө хүүхдийн эрүүл мэндийг шалгасан эсэх,parents_family
C:/tsogoo/Hicheel/erdem shinjilgeenii hural/ecnometric/shine/data/НҮТС-2023/wm - MN.sav,НҮТС-2023,wm - MN.sav,PN9,Эх барьсан мэргэжлийн хүн явахаасаа өмнө эхийн эрүүл мэндийг шалгасан эсэх,parents_family
C:/tsogoo/Hicheel/erdem shinjilgeenii hural/ecnometric/shine/data/НҮТС-2023/wm - MN.sav,НҮТС-2023,wm - MN.sav,PN10,Эх барьсан мэргэжлийн хүн явснаас хойш хэн нэгэн хүүхдийн эрүүл мэндийг шалгасан эсэх,parents_family
C:/tsogoo/Hicheel/erdem shinjilgeenii hural/ecnometric/shine/data/НҮТС-2023/wm - MN.sav,НҮТС-2023,wm - MN.sav,PN11,Хүүхдийг төрсний дараа хэн нэгэн түүний эрүүл мэндийг шалгасан эсэх,parents_family
C:/tsogoo/Hicheel/erdem shinjilgeenii hural/ecnometric/shine/data/НҮТС-2023/wm - MN.sav,НҮТС-2023,wm - MN.sav,PN12,Хүүхдийн үзлэг хэдэн удаа хийгдсэн,other
C:/tsogoo/Hicheel/erdem shinjilgeenii hural/ecnometric/shine/data/НҮТС-2023/wm - MN.sav,НҮТС-2023,wm - MN.sav,PN13U,Хүүхдийн ийм үзлэг төрснөөс хойш анх хэдий хугацааны дараа хийгдсэн - нэгж,other
C:/tsogoo/Hicheel/erdem shinjilgeenii hural/ecnometric/shine/data/НҮТС-2023/wm - MN.sav,НҮТС-2023,wm - MN.sav,PN13N,Хүүхдийн ийм үзлэг төрснөөс хойш анх хэдий хугацааны дараа хийгдсэн - хугацаа,other
C:/tsogoo/Hicheel/erdem shinjilgeenii hural/ecnometric/shine/data/НҮТС-2023/wm - MN.sav,НҮТС-2023,wm - MN.sav,PN14D,Хүүхдийн ийм үзлэгийн анхныхыг хийсэн хүн: Нярайн эмч,other
C:/tsogoo/Hicheel/erdem shinjilgeenii hural/ecnometric/shine/data/НҮТС-2023/wm - MN.sav,НҮТС-2023,wm - MN.sav,PN14E,Хүүхдийн ийм үзлэгийн анхныхыг хийсэн хүн: Бусад мэргэжлийн их эмч,wealth_assets_housing
C:/tsogoo/Hicheel/erdem shinjilgeenii hural/ecnometric/shine/data/НҮТС-2023/wm - MN.sav,НҮТС-2023,wm - MN.sav,PN14I,Хүүхдийн ийм үзлэгийн анхныхыг хийсэн хүн: Өрх/ сумын эмч,wealth_assets_housing
C:/tsogoo/Hicheel/erdem shinjilgeenii hural/ecnometric/shine/data/НҮТС-2023/wm - MN.sav,НҮТС-2023,wm - MN.sav,PN14J,Хүүхдийн ийм үзлэгийн анхныхыг хийсэн хүн: Эх баригч,parents_family
C:/tsogoo/Hicheel/erdem shinjilgeenii hural/ecnometric/shine/data/НҮТС-2023/wm - MN.sav,НҮТС-2023,wm - MN.sav,PN14C,Хүүхдийн ийм үзлэгийн анхныхыг хийсэн хүн: Бага эмч,other
C:/tsogoo/Hicheel/erdem shinjilgeenii hural/ecnometric/shine/data/НҮТС-2023/wm - MN.sav,НҮТС-2023,wm - MN.sav,PN14K,Хүүхдийн ийм үзлэгийн анхныхыг хийсэн хүн: Сувилагч,other
C:/tsogoo/Hicheel/erdem shinjilgeenii hural/ecnometric/shine/data/НҮТС-2023/wm - MN.sav,НҮТС-2023,wm - MN.sav,PN14F,Хүүхдийн ийм үзлэгийн анхныхыг хийсэн хүн: Бариач/ засалч,other
C:/tsogoo/Hicheel/erdem shinjilgeenii hural/ecnometric/shine/data/НҮТС-2023/wm - MN.sav,НҮТС-2023,wm - MN.sav,PN14G,Хүүхдийн ийм үзлэгийн анхныхыг хийсэн хүн: Олон нийтийн эрүүл мэндийн ажилтан,work_child_labour
C:/tsogoo/Hicheel/erdem shinjilgeenii hural/ecnometric/shine/data/НҮТС-2023/wm - MN.sav,НҮТС-2023,wm - MN.sav,PN14H,Хүүхдийн ийм үзлэгийн анхныхыг хийсэн хүн: Хамаатан / найз нөхөд,other
C:/tsogoo/Hicheel/erdem shinjilgeenii hural/ecnometric/shine/data/НҮТС-2023/wm - MN.sav,НҮТС-2023,wm - MN.sav,PN14X,Хүүхдийн ийм үзлэгийн анхныхыг хийсэн хүн: Бусад (тодруулах),wealth_assets_housing
C:/tsogoo/Hicheel/erdem shinjilgeenii hural/ecnometric/shine/data/НҮТС-2023/wm - MN.sav,НҮТС-2023,wm - MN.sav,PN14NR,Хүүхдийн ийм үзлэгийн анхныхыг хийсэн хүн: Хариулаагүй,other
C:/tsogoo/Hicheel/erdem shinjilgeenii hural/ecnometric/shine/data/НҮТС-2023/wm - MN.sav,НҮТС-2023,wm - MN.sav,PN15,Хүүхдийн ийм үзлэгийн анхных нь хаана хийгдсэн,other
C:/tsogoo/Hicheel/erdem shinjilgeenii hural/ecnometric/shine/data/НҮТС-2023/wm - MN.sav,НҮТС-2023,wm - MN.sav,PN17,Эмнэлгээс гарсны дараа хэн нэгэн эхийн эрүүл мэндийг шалгасан эсэх,parents_family
C:/tsogoo/Hicheel/erdem shinjilgeenii hural/ecnometric/shine/data/НҮТС-2023/wm - MN.sav,НҮТС-2023,wm - MN.sav,PN19,Эх барьсан мэргэжлийн хүн явснаас хойш хэн нэгэн эхийн эрүүл мэндийг шалгасан эсэх,parents_family
C:/tsogoo/Hicheel/erdem shinjilgeenii hural/ecnometric/shine/data/НҮТС-2023/wm - MN.sav,НҮТС-2023,wm - MN.sav,PN20,Хүүхдийг төрсний дараа хэн нэгэн эхийн эрүүл мэндийг шалгасан эсэх,parents_family
C:/tsogoo/Hicheel/erdem shinjilgeenii hural/ecnometric/shine/data/НҮТС-2023/wm - MN.sav,НҮТС-2023,wm - MN.sav,PN21,Эхийн үзлэг хэдэн удаа хийгдсэн,parents_family
C:/tsogoo/Hicheel/erdem shinjilgeenii hural/ecnometric/shine/data/НҮТС-2023/wm - MN.sav,НҮТС-2023,wm - MN.sav,PN22U,Эхийн ийм үзлэг төрснөөс хойш анх хэдий хугацааны дараа хийгдсэн - нэгж,parents_family
C:/tsogoo/Hicheel/erdem shinjilgeenii hural/ecnometric/shine/data/НҮТС-2023/wm - MN.sav,НҮТС-2023,wm - MN.sav,PN22N,Эхийн ийм үзлэг төрснөөс хойш анх хэдий хугацааны дараа хийгдсэн - хугацаа,parents_family
C:/tsogoo/Hicheel/erdem shinjilgeenii hural/ecnometric/shine/data/НҮТС-2023/wm - MN.sav,НҮТС-2023,wm - MN.sav,PN23D,Эхийн ийм үзлэгийн анхныхыг хийсэн хүн: Эх барих эмэгтэйчүүдийн эмч,parents_family
C:/tsogoo/Hicheel/erdem shinjilgeenii hural/ecnometric/shine/data/НҮТС-2023/wm - MN.sav,НҮТС-2023,wm - MN.sav,PN23E,Эхийн ийм үзлэгийн анхныхыг хийсэн хүн: Бусад мэргэжлийн их эмч,wealth_assets_housing
C:/tsogoo/Hicheel/erdem shinjilgeenii hural/ecnometric/shine/data/НҮТС-2023/wm - MN.sav,НҮТС-2023,wm - MN.sav,PN23I,Эхийн ийм үзлэгийн анхныхыг хийсэн хүн: Өрх/ сумын эмч,wealth_assets_housing
C:/tsogoo/Hicheel/erdem shinjilgeenii hural/ecnometric/shine/data/НҮТС-2023/wm - MN.sav,НҮТС-2023,wm - MN.sav,PN23J,Эхийн ийм үзлэгийн анхныхыг хийсэн хүн: Эх баригч,parents_family
C:/tsogoo/Hicheel/erdem shinjilgeenii hural/ecnometric/shine/data/НҮТС-2023/wm - MN.sav,НҮТС-2023,wm - MN.sav,PN23C,Эхийн ийм үзлэгийн анхныхыг хийсэн хүн: Бага эмч,parents_family
C:/tsogoo/Hicheel/erdem shinjilgeenii hural/ecnometric/shine/data/НҮТС-2023/wm - MN.sav,НҮТС-2023,wm - MN.sav,PN23K,Эхийн ийм үзлэгийн анхныхыг хийсэн хүн: Сувилагч,parents_family
C:/tsogoo/Hicheel/erdem shinjilgeenii hural/ecnometric/shine/data/НҮТС-2023/wm - MN.sav,НҮТС-2023,wm - MN.sav,PN23F,Эхийн ийм үзлэгийн анхныхыг хийсэн хүн: Бариач/ засалч,parents_family
C:/tsogoo/Hicheel/erdem shinjilgeenii hural/ecnometric/shine/data/НҮТС-2023/wm - MN.sav,НҮТС-2023,wm - MN.sav,PN23G,Эхийн ийм үзлэгийн анхныхыг хийсэн хүн: Олон нийтийн эрүүл мэндийн ажилтан,parents_family
C:/tsogoo/Hicheel/erdem shinjilgeenii hural/ecnometric/shine/data/НҮТС-2023/wm - MN.sav,НҮТС-2023,wm - MN.sav,PN23H,Эхийн ийм үзлэгийн анхныхыг хийсэн хүн: Хамаатан / найз нөхөд,parents_family
C:/tsogoo/Hicheel/erdem shinjilgeenii hural/ecnometric/shine/data/НҮТС-2023/wm - MN.sav,НҮТС-2023,wm - MN.sav,PN23X,Эхийн ийм үзлэгийн анхныхыг хийсэн хүн: Бусад (тодруулах),wealth_assets_housing
C:/tsogoo/Hicheel/erdem shinjilgeenii hural/ecnometric/shine/data/НҮТС-2023/wm - MN.sav,НҮТС-2023,wm - MN.sav,PN23NR,Эхийн ийм үзлэгийн анхныхыг хийсэн хүн: Хариулаагүй,parents_family
C:/tsogoo/Hicheel/erdem shinjilgeenii hural/ecnometric/shine/data/НҮТС-2023/wm - MN.sav,НҮТС-2023,wm - MN.sav,PN24,Эхийн ийм үзлэгийн анхных нь хаана хийгдсэн,parents_family
C:/tsogoo/Hicheel/erdem shinjilgeenii hural/ecnometric/shine/data/НҮТС-2023/wm - MN.sav,НҮТС-2023,wm - MN.sav,PN25A,Төрсний дараах 2 хоногт эрүүл мэндийн ажилтан хүүхдийн хүйг шалгасан эсэх,parents_family
C:/tsogoo/Hicheel/erdem shinjilgeenii hural/ecnometric/shine/data/НҮТС-2023/wm - MN.sav,НҮТС-2023,wm - MN.sav,PN25B,Төрсний дараах 2 хоногт эрүүл мэндийн ажилтан хүүхдийн халууныг хэмжсэн эсэх,parents_family
C:/tsogoo/Hicheel/erdem shinjilgeenii hural/ecnometric/shine/data/НҮТС-2023/wm - MN.sav,НҮТС-2023,wm - MN.sav,PN25C,Төрсний дараах 2 хоногт эрүүл мэндийн ажилтан хөхөөр хооллох талаар зөвлөгөө өгсөн эсэх,parents_family
C:/tsogoo/Hicheel/erdem shinjilgeenii hural/ecnometric/shine/data/НҮТС-2023/wm - MN.sav,НҮТС-2023,wm - MN.sav,PN27,Төрсний дараах 2 хоногт эрүүл мэндийн ажилтан хүүхэд хөхөө хөхөж байгааг ажигласан эсэх,parents_family
C:/tsogoo/Hicheel/erdem shinjilgeenii hural/ecnometric/shine/data/НҮТС-2023/wm - MN.sav,НҮТС-2023,wm - MN.sav,PN29,Төрсний дараах 2 хоногт эрүүл мэндийн ажилтан хүүхдийн жинг хэмжсэн эсэх,parents_family
C:/tsogoo/Hicheel/erdem shinjilgeenii hural/ecnometric/shine/data/НҮТС-2023/wm - MN.sav,НҮТС-2023,wm - MN.sav,PN30,Төрсний дараах 2 хоногт эрүүл мэндийн ажилтан ямар шинж тэмдгийн үед хүүхдээ эмнэлэгт хүргэх талаар мэдээлэл өгсөн эсэх,parents_family
C:/tsogoo/Hicheel/erdem shinjilgeenii hural/ecnometric/shine/data/НҮТС-2023/wm - MN.sav,НҮТС-2023,wm - MN.sav,CP1,Жирэмсэн эсэх,parents_family
C:/tsogoo/Hicheel/erdem shinjilgeenii hural/ecnometric/shine/data/НҮТС-2023/wm - MN.sav,НҮТС-2023,wm - MN.sav,CP2,Одоогоор жирэмслэхээс сэргийлэх ямар нэг арга хэрэглэж байгаа эсэх,parents_family
C:/tsogoo/Hicheel/erdem shinjilgeenii hural/ecnometric/shine/data/НҮТС-2023/wm - MN.sav,НҮТС-2023,wm - MN.sav,CP3,Ер нь жирэмслэхээс сэргийлэхийн тулд ямар нэг арга хэрэглэж байсан эсэх,parents_family
C:/tsogoo/Hicheel/erdem shinjilgeenii hural/ecnometric/shine/data/НҮТС-2023/wm - MN.sav,НҮТС-2023,wm - MN.sav,CP4A,Одоогийн арга: Умайн гуурсан хоолойг боох,health_disability_nutrition
C:/tsogoo/Hicheel/erdem shinjilgeenii hural/ecnometric/shine/data/НҮТС-2023/wm - MN.sav,НҮТС-2023,wm - MN.sav,CP4B,Одоогийн арга: Эрэгтэйн үрийн сувгийг боох,other
C:/tsogoo/Hicheel/erdem shinjilgeenii hural/ecnometric/shine/data/НҮТС-2023/wm - MN.sav,НҮТС-2023,wm - MN.sav,CP4C,Одоогийн арга: Ерөндөг/ спираль,other
C:/tsogoo/Hicheel/erdem shinjilgeenii hural/ecnometric/shine/data/НҮТС-2023/wm - MN.sav,НҮТС-2023,wm - MN.sav,CP4D,Одоогийн арга: Тариа,other
C:/tsogoo/Hicheel/erdem shinjilgeenii hural/ecnometric/shine/data/НҮТС-2023/wm - MN.sav,НҮТС-2023,wm - MN.sav,CP4E,Одоогийн арга: Суулгац,other
C:/tsogoo/Hicheel/erdem shinjilgeenii hural/ecnometric/shine/data/НҮТС-2023/wm - MN.sav,НҮТС-2023,wm - MN.sav,CP4F,Одоогийн арга: Эм уух,other
C:/tsogoo/Hicheel/erdem shinjilgeenii hural/ecnometric/shine/data/НҮТС-2023/wm - MN.sav,НҮТС-2023,wm - MN.sav,CP4G,Одоогийн арга: Эрэгтэй бэлгэвч,other
C:/tsogoo/Hicheel/erdem shinjilgeenii hural/ecnometric/shine/data/НҮТС-2023/wm - MN.sav,НҮТС-2023,wm - MN.sav,CP4H,Одоогийн арга: Эмэгтэй бэлгэвч,other
C:/tsogoo/Hicheel/erdem shinjilgeenii hural/ecnometric/shine/data/НҮТС-2023/wm - MN.sav,НҮТС-2023,wm - MN.sav,CP4I,Одоогийн арга: Диафрагм,other
C:/tsogoo/Hicheel/erdem shinjilgeenii hural/ecnometric/shine/data/НҮТС-2023/wm - MN.sav,НҮТС-2023,wm - MN.sav,CP4J,Одоогийн арга: Лаа / царцмаг,other
C:/tsogoo/Hicheel/erdem shinjilgeenii hural/ecnometric/shine/data/НҮТС-2023/wm - MN.sav,НҮТС-2023,wm - MN.sav,CP4K,Одоогийн арга: Дан хөхөө хөхүүлж жирэмслэхээс хамгаалах арга,parents_family
C:/tsogoo/Hicheel/erdem shinjilgeenii hural/ecnometric/shine/data/НҮТС-2023/wm - MN.sav,НҮТС-2023,wm - MN.sav,CP4L,Одоогийн арга: Хуанли хөтлөх,other
C:/tsogoo/Hicheel/erdem shinjilgeenii hural/ecnometric/shine/data/НҮТС-2023/wm - MN.sav,НҮТС-2023,wm - MN.sav,CP4M,Одоогийн арга: Гадуур тавих,other
C:/tsogoo/Hicheel/erdem shinjilgeenii hural/ecnometric/shine/data/НҮТС-2023/wm - MN.sav,НҮТС-2023,wm - MN.sav,CP4N,Одоогийн арга: Даавар агуулсан ерөндөг / спираль,parents_family
C:/tsogoo/Hicheel/erdem shinjilgeenii hural/ecnometric/shine/data/НҮТС-2023/wm - MN.sav,НҮТС-2023,wm - MN.sav,CP4X,Одоогийн арга: Бусад (тодруулах),wealth_assets_housing
C:/tsogoo/Hicheel/erdem shinjilgeenii hural/ecnometric/shine/data/НҮТС-2023/wm - MN.sav,НҮТС-2023,wm - MN.sav,CP4NR,Одоогийн арга: Хариулаагүй,other
C:/tsogoo/Hicheel/erdem shinjilgeenii hural/ecnometric/shine/data/НҮТС-2023/wm - MN.sav,НҮТС-2023,wm - MN.sav,UN2,Энэ жирэмслэлтийг хүсч байсан эсэх,parents_family
C:/tsogoo/Hicheel/erdem shinjilgeenii hural/ecnometric/shine/data/НҮТС-2023/wm - MN.sav,НҮТС-2023,wm - MN.sav,UN4,Арай хожим хүүхэд төрүүлэхийг хүсч байсан эсвэл дахин хүүхэд төрүүлэх хүсэлгүй байсан эсэх,parents_family
C:/tsogoo/Hicheel/erdem shinjilgeenii hural/ecnometric/shine/data/НҮТС-2023/wm - MN.sav,НҮТС-2023,wm - MN.sav,UN5,Хүүхдээ төрүүлээд дахин хүүхэд төрүүлэх бодолтой байгаа эсэх,parents_family
C:/tsogoo/Hicheel/erdem shinjilgeenii hural/ecnometric/shine/data/НҮТС-2023/wm - MN.sav,НҮТС-2023,wm - MN.sav,UN7,Хүүхэд төрүүлэх бодолтой байгаа эсэх,parents_family
C:/tsogoo/Hicheel/erdem shinjilgeenii hural/ecnometric/shine/data/НҮТС-2023/wm - MN.sav,НҮТС-2023,wm - MN.sav,UN8U,Хэдий хугацааны дараа хүүхэд төрүүлэх бодолтой байгаа - нэгж,parents_family
C:/tsogoo/Hicheel/erdem shinjilgeenii hural/ecnometric/shine/data/НҮТС-2023/wm - MN.sav,НҮТС-2023,wm - MN.sav,UN8N,Хэдий хугацааны дараа хүүхэд төрүүлэх бодолтой байгаа - хугацаа,parents_family
C:/tsogoo/Hicheel/erdem shinjilgeenii hural/ecnometric/shine/data/НҮТС-2023/wm - MN.sav,НҮТС-2023,wm - MN.sav,UN11,Бие физиологийн хувьд өөрийгөө жирэмслэх боломжтой гэж бодож байгаа эсэх,parents_family
C:/tsogoo/Hicheel/erdem shinjilgeenii hural/ecnometric/shine/data/НҮТС-2023/wm - MN.sav,НҮТС-2023,wm - MN.sav,UN12A,Шалтгаан: Бэлгийн хавьталд тогтмол ордоггүй / бэлгийн хавьталд орж байгаагүй,other
C:/tsogoo/Hicheel/erdem shinjilgeenii hural/ecnometric/shine/data/НҮТС-2023/wm - MN.sav,НҮТС-2023,wm - MN.sav,UN12B,Шалтгаан: Цэвэршсэн,other
C:/tsogoo/Hicheel/erdem shinjilgeenii hural/ecnometric/shine/data/НҮТС-2023/wm - MN.sav,НҮТС-2023,wm - MN.sav,UN12C,Шалтгаан: Биений юм ирж байгаагүй,other
C:/tsogoo/Hicheel/erdem shinjilgeenii hural/ecnometric/shine/data/НҮТС-2023/wm - MN.sav,НҮТС-2023,wm - MN.sav,UN12D,Шалтгаан: Умайгаа авахуулсан,other
C:/tsogoo/Hicheel/erdem shinjilgeenii hural/ecnometric/shine/data/НҮТС-2023/wm - MN.sav,НҮТС-2023,wm - MN.sav,UN12J,Шалтгаан: 1-2 хүртэлх жил жирэмслэхийг оролдож байгаа боловч үр дүнгүй,parents_family
C:/tsogoo/Hicheel/erdem shinjilgeenii hural/ecnometric/shine/data/НҮТС-2023/wm - MN.sav,НҮТС-2023,wm - MN.sav,UN12E,"Шалтгаан: 2, түүнээс дээш жил жирэмслэхийг оролдож байгаа боловч үр дүнгүй",parents_family
C:/tsogoo/Hicheel/erdem shinjilgeenii hural/ecnometric/shine/data/НҮТС-2023/wm - MN.sav,НҮТС-2023,wm - MN.sav,UN12F,Шалтгаан: Хүүхдээ төрүүлсний дараа биений юм дахин ирээгүй байгаа,other
C:/tsogoo/Hicheel/erdem shinjilgeenii hural/ecnometric/shine/data/НҮТС-2023/wm - MN.sav,НҮТС-2023,wm - MN.sav,UN12G,Шалтгаан: Хүүхдээ хөхүүлж байгаа,other
C:/tsogoo/Hicheel/erdem shinjilgeenii hural/ecnometric/shine/data/НҮТС-2023/wm - MN.sav,НҮТС-2023,wm - MN.sav,UN12H,Шалтгаан: Нас ахисан,demographics_geo_weights
C:/tsogoo/Hicheel/erdem shinjilgeenii hural/ecnometric/shine/data/НҮТС-2023/wm - MN.sav,НҮТС-2023,wm - MN.sav,UN12X,Шалтгаан: Бусад (тодруулах),wealth_assets_housing
C:/tsogoo/Hicheel/erdem shinjilgeenii hural/ecnometric/shine/data/НҮТС-2023/wm - MN.sav,НҮТС-2023,wm - MN.sav,UN12Z,Шалтгаан: Мэдэхгүй,parents_family
C:/tsogoo/Hicheel/erdem shinjilgeenii hural/ecnometric/shine/data/НҮТС-2023/wm - MN.sav,НҮТС-2023,wm - MN.sav,UN12NR,Шалтгаан: Хариулаагүй,other
C:/tsogoo/Hicheel/erdem shinjilgeenii hural/ecnometric/shine/data/НҮТС-2023/wm - MN.sav,НҮТС-2023,wm - MN.sav,UN13B,Хэдэн хүүхэдтэй болохыг хүсэх байсан/ хүсдэг,parents_family
C:/tsogoo/Hicheel/erdem shinjilgeenii hural/ecnometric/shine/data/НҮТС-2023/wm - MN.sav,НҮТС-2023,wm - MN.sav,UN14U,Биений юм хамгийн сүүлд ирсэн хугацаа - нэгж,other
C:/tsogoo/Hicheel/erdem shinjilgeenii hural/ecnometric/shine/data/НҮТС-2023/wm - MN.sav,НҮТС-2023,wm - MN.sav,UN14N,Биений юм хамгийн сүүлд ирсэн хугацаа - тоо,other
C:/tsogoo/Hicheel/erdem shinjilgeenii hural/ecnometric/shine/data/НҮТС-2023/wm - MN.sav,НҮТС-2023,wm - MN.sav,UN16A,Сүүлийн сарын тэмдэг ирснээс болоод ажил хийхэд хүндрэлтэй байсан эсэх,parents_family
C:/tsogoo/Hicheel/erdem shinjilgeenii hural/ecnometric/shine/data/НҮТС-2023/wm - MN.sav,НҮТС-2023,wm - MN.sav,UN16B,Сүүлийн сарын тэмдэг ирснээс болоод боловсрол болон сургалтанд хамрагдахад хүндрэлтэй байсан эсэх,education_schooling
C:/tsogoo/Hicheel/erdem shinjilgeenii hural/ecnometric/shine/data/НҮТС-2023/wm - MN.sav,НҮТС-2023,wm - MN.sav,UN16C,Сүүлийн сарын тэмдэг ирснээс болоод ажил эсвэл сургуулиас гадуурх нийгмийн харилцаанд оролцоход хүндрэлтэй байсан эсэх,parents_family
C:/tsogoo/Hicheel/erdem shinjilgeenii hural/ecnometric/shine/data/НҮТС-2023/wm - MN.sav,НҮТС-2023,wm - MN.sav,UN17,Сүүлийн сарын тэмдэг ирэх үед гэртээ ариун цэврийн хэрэглэлээ сольж байхад хэн нэгэн таныг харна гэж санаа зовж байсан эсэх,parents_family
C:/tsogoo/Hicheel/erdem shinjilgeenii hural/ecnometric/shine/data/НҮТС-2023/wm - MN.sav,НҮТС-2023,wm - MN.sav,UN18,Сүүлийн сарын тэмдэг ирсэн үед хангалттай ариун цэврийн хэрэглэл хангалттай байсан эсэх,parents_family
C:/tsogoo/Hicheel/erdem shinjilgeenii hural/ecnometric/shine/data/НҮТС-2023/wm - MN.sav,НҮТС-2023,wm - MN.sav,UN19,Сүүлийн сарын тэмдэг ирэх үед та шаардлагатай үед сарын тэмдэг ирэхтэй холбоотой өвдөлтийг багасгаж чадсан эсэх,parents_family
C:/tsogoo/Hicheel/erdem shinjilgeenii hural/ecnometric/shine/data/НҮТС-2023/wm - MN.sav,НҮТС-2023,wm - MN.sav,UN20,Хэрэв та сарын тэмдгийн талаар санаа зовж байвал тусламж үйлчилгээ үзүүлэх мэргэжилтнээс санаа зовохгүйгээр тусламж хүсэж чаддаг эсэх,wealth_assets_housing
C:/tsogoo/Hicheel/erdem shinjilgeenii hural/ecnometric/shine/data/НҮТС-2023/wm - MN.sav,НҮТС-2023,wm - MN.sav,UN21,"Таны анхны сарын тэмдэг ирэхээс өмнө, та сарын тэмдгийн талаар мэддэг байсан эсэх",parents_family
C:/tsogoo/Hicheel/erdem shinjilgeenii hural/ecnometric/shine/data/НҮТС-2023/wm - MN.sav,НҮТС-2023,wm - MN.sav,HP2,Хүний хөхөнцөр вирусийн эсрэг вакцин хийлгэж байсан эсэх,wealth_assets_housing
C:/tsogoo/Hicheel/erdem shinjilgeenii hural/ecnometric/shine/data/НҮТС-2023/wm - MN.sav,НҮТС-2023,wm - MN.sav,HP3,Хэрэв та хүний хөхөнцөр вирусийн вакцин хийлгэж байсан бол танд энэ тухай мэдээллийг тэмдэглэсэн өөр баримт байгаа эсэх,wealth_assets_housing
C:/tsogoo/Hicheel/erdem shinjilgeenii hural/ecnometric/shine/data/НҮТС-2023/wm - MN.sav,НҮТС-2023,wm - MN.sav,HP4,Хүний хөхөнцөр вирусийн вакцины карт байгаа эсэх,wealth_assets_housing
C:/tsogoo/Hicheel/erdem shinjilgeenii hural/ecnometric/shine/data/НҮТС-2023/wm - MN.sav,НҮТС-2023,wm - MN.sav,HP5,Хүний хөхөнцөр вирусийн вакцины тунгын тоо,wealth_assets_housing
C:/tsogoo/Hicheel/erdem shinjilgeenii hural/ecnometric/shine/data/НҮТС-2023/wm - MN.sav,НҮТС-2023,wm - MN.sav,HP6,Хамгийн сүүлийн хүний хөхөнцөр вирусийн вакцин хийлгэсэн газар,wealth_assets_housing
C:/tsogoo/Hicheel/erdem shinjilgeenii hural/ecnometric/shine/data/НҮТС-2023/wm - MN.sav,НҮТС-2023,wm - MN.sav,HP7,Хүний хөхөнцөр вирусийн вакциныг өсвөр насны охидод хийх нь зөв гэж үздэг эсэх,wealth_assets_housing
C:/tsogoo/Hicheel/erdem shinjilgeenii hural/ecnometric/shine/data/НҮТС-2023/wm - MN.sav,НҮТС-2023,wm - MN.sav,DV1A,"Эхнэр нь гадуур гарахдаа нөхөртөө хэлээгүй бол нөхөр нь эхнэрээ цохиж, зодох нь зөв гэж боддог эсэх",parents_family
C:/tsogoo/Hicheel/erdem shinjilgeenii hural/ecnometric/shine/data/НҮТС-2023/wm - MN.sav,НҮТС-2023,wm - MN.sav,DV1B,"Эхнэр нь хүүхэддээ анхаарал тавиагүй бол нөхөр нь эхнэрээ цохиж, зодох нь зөв гэж боддог эсэх",parents_family
C:/tsogoo/Hicheel/erdem shinjilgeenii hural/ecnometric/shine/data/НҮТС-2023/wm - MN.sav,НҮТС-2023,wm - MN.sav,DV1C,"Эхнэр нь нөхөртэйгээ маргалдвал нөхөр нь эхнэрээ цохиж, зодох нь зөв гэж боддог эсэх",parents_family
C:/tsogoo/Hicheel/erdem shinjilgeenii hural/ecnometric/shine/data/НҮТС-2023/wm - MN.sav,НҮТС-2023,wm - MN.sav,DV1D,"Эхнэр нь нөхөртэйгээ бэлгийн хавьталд орохоос татгалзвал нөхөр нь эхнэрээ цохиж, зодох нь зөв гэж боддог эсэх",parents_family
C:/tsogoo/Hicheel/erdem shinjilgeenii hural/ecnometric/shine/data/НҮТС-2023/wm - MN.sav,НҮТС-2023,wm - MN.sav,DV1E,"Эхнэр нь хоолоо түлсэн, хоол нь амтгүй бол нөхөр нь эхнэрээ цохиж, зодох нь зөв гэж боддог эсэх",parents_family
C:/tsogoo/Hicheel/erdem shinjilgeenii hural/ecnometric/shine/data/НҮТС-2023/wm - MN.sav,НҮТС-2023,wm - MN.sav,VT20,Харанхуйд гэрийнхээ ойр орчим ганцаараа явахад аюулгүй санагддаг эсэх,parents_family
C:/tsogoo/Hicheel/erdem shinjilgeenii hural/ecnometric/shine/data/НҮТС-2023/wm - MN.sav,НҮТС-2023,wm - MN.sav,VT21,Харанхуйд гэртээ ганцаараа байхад аюулгүй санагддаг эсэх,parents_family
C:/tsogoo/Hicheel/erdem shinjilgeenii hural/ecnometric/shine/data/НҮТС-2023/wm - MN.sav,НҮТС-2023,wm - MN.sav,VT23A,Сүүлийн 3 жилийн хугацаанд ялгаварлан гадуурхалт мэдэрсэн эсэх: Хүйс,parents_family
C:/tsogoo/Hicheel/erdem shinjilgeenii hural/ecnometric/shine/data/НҮТС-2023/wm - MN.sav,НҮТС-2023,wm - MN.sav,VT23A1,Сүүлийн 12 сарын хугацаанд ялгаварлан гадуурхалт мэдэрсэн эсэх: Хүйс,parents_family
C:/tsogoo/Hicheel/erdem shinjilgeenii hural/ecnometric/shine/data/НҮТС-2023/wm - MN.sav,НҮТС-2023,wm - MN.sav,VT23B,Сүүлийн 3 жилийн хугацаанд ялгаварлан гадуурхалт мэдэрсэн эсэх: Нас,parents_family
C:/tsogoo/Hicheel/erdem shinjilgeenii hural/ecnometric/shine/data/НҮТС-2023/wm - MN.sav,НҮТС-2023,wm - MN.sav,VT23B1,Сүүлийн 12 сарын хугацаанд ялгаварлан гадуурхалт мэдэрсэн эсэх: Нас,parents_family
C:/tsogoo/Hicheel/erdem shinjilgeenii hural/ecnometric/shine/data/НҮТС-2023/wm - MN.sav,НҮТС-2023,wm - MN.sav,VT23C,Сүүлийн 3 жилийн хугацаанд ялгаварлан гадуурхалт мэдэрсэн эсэх: Хөгжлийн бэрхшээл,parents_family
C:/tsogoo/Hicheel/erdem shinjilgeenii hural/ecnometric/shine/data/НҮТС-2023/wm - MN.sav,НҮТС-2023,wm - MN.sav,VT23C1,Сүүлийн 12 сарын хугацаанд ялгаварлан гадуурхалт мэдэрсэн эсэх: Хөгжлийн бэрхшээл,parents_family
C:/tsogoo/Hicheel/erdem shinjilgeenii hural/ecnometric/shine/data/НҮТС-2023/wm - MN.sav,НҮТС-2023,wm - MN.sav,VT23D,Сүүлийн 3 жилийн хугацаанд ялгаварлан гадуурхалт мэдэрсэн эсэх: Нутаг ус,wealth_assets_housing
C:/tsogoo/Hicheel/erdem shinjilgeenii hural/ecnometric/shine/data/НҮТС-2023/wm - MN.sav,НҮТС-2023,wm - MN.sav,VT23D1,Сүүлийн 12 сарын хугацаанд ялгаварлан гадуурхалт мэдэрсэн эсэх: Нутаг ус,wealth_assets_housing
C:/tsogoo/Hicheel/erdem shinjilgeenii hural/ecnometric/shine/data/НҮТС-2023/wm - MN.sav,НҮТС-2023,wm - MN.sav,VT23E,"Сүүлийн 3 жилийн хугацаанд ялгаварлан гадуурхалт мэдэрсэн эсэх: Хот, хөдөөгийн ялгаа",parents_family
C:/tsogoo/Hicheel/erdem shinjilgeenii hural/ecnometric/shine/data/НҮТС-2023/wm - MN.sav,НҮТС-2023,wm - MN.sav,VT23E1,"Сүүлийн 12 сарын хугацаанд ялгаварлан гадуурхалт мэдэрсэн эсэх: Хот, хөдөөгийн ялгаа",parents_family
C:/tsogoo/Hicheel/erdem shinjilgeenii hural/ecnometric/shine/data/НҮТС-2023/wm - MN.sav,НҮТС-2023,wm - MN.sav,VT23F,Сүүлийн 3 жилийн хугацаанд ялгаварлан гадуурхалт мэдэрсэн эсэх: Амьжиргааны түвшин,parents_family
C:/tsogoo/Hicheel/erdem shinjilgeenii hural/ecnometric/shine/data/НҮТС-2023/wm - MN.sav,НҮТС-2023,wm - MN.sav,VT23F1,Сүүлийн 12 сарын хугацаанд ялгаварлан гадуурхалт мэдэрсэн эсэх: Амьжиргааны түвшин,parents_family
C:/tsogoo/Hicheel/erdem shinjilgeenii hural/ecnometric/shine/data/НҮТС-2023/wm - MN.sav,НҮТС-2023,wm - MN.sav,VT23G,Сүүлийн 3 жилийн хугацаанд ялгаварлан гадуурхалт мэдэрсэн эсэх: Амьдарч байгаа газар,parents_family
C:/tsogoo/Hicheel/erdem shinjilgeenii hural/ecnometric/shine/data/НҮТС-2023/wm - MN.sav,НҮТС-2023,wm - MN.sav,VT23G1,Сүүлийн 12 сарын хугацаанд ялгаварлан гадуурхалт мэдэрсэн эсэх: Амьдарч байгаа газар,parents_family
C:/tsogoo/Hicheel/erdem shinjilgeenii hural/ecnometric/shine/data/НҮТС-2023/wm - MN.sav,НҮТС-2023,wm - MN.sav,VT23H,Сүүлийн 3 жилийн хугацаанд ялгаварлан гадуурхалт мэдэрсэн эсэх: Шашин/шүтлэг,parents_family
C:/tsogoo/Hicheel/erdem shinjilgeenii hural/ecnometric/shine/data/НҮТС-2023/wm - MN.sav,НҮТС-2023,wm - MN.sav,VT23H1,Сүүлийн 12 сарын хугацаанд ялгаварлан гадуурхалт мэдэрсэн эсэх: Шашин/шүтлэг,parents_family
C:/tsogoo/Hicheel/erdem shinjilgeenii hural/ecnometric/shine/data/НҮТС-2023/wm - MN.sav,НҮТС-2023,wm - MN.sav,VT23I,Сүүлийн 3 жилийн хугацаанд ялгаварлан гадуурхалт мэдэрсэн эсэх: Гэрлэлтийн байдал,parents_family
C:/tsogoo/Hicheel/erdem shinjilgeenii hural/ecnometric/shine/data/НҮТС-2023/wm - MN.sav,НҮТС-2023,wm - MN.sav,VT23I1,Сүүлийн 12 сарын хугацаанд ялгаварлан гадуурхалт мэдэрсэн эсэх: Гэрлэлтийн байдал,parents_family
C:/tsogoo/Hicheel/erdem shinjilgeenii hural/ecnometric/shine/data/НҮТС-2023/wm - MN.sav,НҮТС-2023,wm - MN.sav,VT23J,Сүүлийн 3 жилийн хугацаанд ялгаварлан гадуурхалт мэдэрсэн эсэх: Бэлгийн чиг хандлага,parents_family
C:/tsogoo/Hicheel/erdem shinjilgeenii hural/ecnometric/shine/data/НҮТС-2023/wm - MN.sav,НҮТС-2023,wm - MN.sav,VT23J1,Сүүлийн 12 сарын хугацаанд ялгаварлан гадуурхалт мэдэрсэн эсэх: Бэлгийн чиг хандлага,parents_family
C:/tsogoo/Hicheel/erdem shinjilgeenii hural/ecnometric/shine/data/НҮТС-2023/wm - MN.sav,НҮТС-2023,wm - MN.sav,VT23K,Сүүлийн 3 жилийн хугацаанд ялгаварлан гадуурхалт мэдэрсэн эсэх: Улс төрийн үзэл бодол,parents_family
C:/tsogoo/Hicheel/erdem shinjilgeenii hural/ecnometric/shine/data/НҮТС-2023/wm - MN.sav,НҮТС-2023,wm - MN.sav,VT23K1,Сүүлийн 12 сарын хугацаанд ялгаварлан гадуурхалт мэдэрсэн эсэх: Улс төрийн үзэл бодол,parents_family
C:/tsogoo/Hicheel/erdem shinjilgeenii hural/ecnometric/shine/data/НҮТС-2023/wm - MN.sav,НҮТС-2023,wm - MN.sav,VT23X,Сүүлийн 3 жилийн хугацаанд ялгаварлан гадуурхалт мэдэрсэн эсэх: Бусад шалтгаан,wealth_assets_housing
C:/tsogoo/Hicheel/erdem shinjilgeenii hural/ecnometric/shine/data/НҮТС-2023/wm - MN.sav,НҮТС-2023,wm - MN.sav,VT23X2,Сүүлийн 12 сарын хугацаанд ялгаварлан гадуурхалт мэдэрсэн эсэх: Бусад шалтгаан,wealth_assets_housing
C:/tsogoo/Hicheel/erdem shinjilgeenii hural/ecnometric/shine/data/НҮТС-2023/wm - MN.sav,НҮТС-2023,wm - MN.sav,MA1,Одоогоор гэрлэсэн үү эсвэл хамтран амьдарч байгаа эсэх,parents_family
C:/tsogoo/Hicheel/erdem shinjilgeenii hural/ecnometric/shine/data/НҮТС-2023/wm - MN.sav,НҮТС-2023,wm - MN.sav,MA2,Нөхөр/ хамтран амьдрагчын нас,demographics_geo_weights
C:/tsogoo/Hicheel/erdem shinjilgeenii hural/ecnometric/shine/data/НҮТС-2023/wm - MN.sav,НҮТС-2023,wm - MN.sav,MA5,Ер нь гэрлэж эсвэл хамтран амьдарч байсан эсэх,parents_family
C:/tsogoo/Hicheel/erdem shinjilgeenii hural/ecnometric/shine/data/НҮТС-2023/wm - MN.sav,НҮТС-2023,wm - MN.sav,MA6,Одоогийн гэрлэлтийн байдал,other
C:/tsogoo/Hicheel/erdem shinjilgeenii hural/ecnometric/shine/data/НҮТС-2023/wm - MN.sav,НҮТС-2023,wm - MN.sav,MA7,1-с олон удаа гэрлэж/ хамтран амьдарч байсан эсэх,parents_family
C:/tsogoo/Hicheel/erdem shinjilgeenii hural/ecnometric/shine/data/НҮТС-2023/wm - MN.sav,НҮТС-2023,wm - MN.sav,MA8M,Анх гэрлэсэн/ хамтран амьдарч эхэлсэн сар,parents_family
C:/tsogoo/Hicheel/erdem shinjilgeenii hural/ecnometric/shine/data/НҮТС-2023/wm - MN.sav,НҮТС-2023,wm - MN.sav,MA8Y,Анх гэрлэсэн/ хамтран амьдарч эхэлсэн он,parents_family
C:/tsogoo/Hicheel/erdem shinjilgeenii hural/ecnometric/shine/data/НҮТС-2023/wm - MN.sav,НҮТС-2023,wm - MN.sav,MA11,Анх гэрлэсэн/ хамтран амьдарч эхэлсэн нас,parents_family
C:/tsogoo/Hicheel/erdem shinjilgeenii hural/ecnometric/shine/data/НҮТС-2023/wm - MN.sav,НҮТС-2023,wm - MN.sav,AF2,Харааны шил эсвэл контакт линз зүүдэг эсэх,parents_family
C:/tsogoo/Hicheel/erdem shinjilgeenii hural/ecnometric/shine/data/НҮТС-2023/wm - MN.sav,НҮТС-2023,wm - MN.sav,AF3,Сонсголын аппарат зүүдэг эсэх,parents_family
C:/tsogoo/Hicheel/erdem shinjilgeenii hural/ecnometric/shine/data/НҮТС-2023/wm - MN.sav,НҮТС-2023,wm - MN.sav,AF6,Харааны шил/ контакт линз зүүсэн хэдий ч юм харахад хүндрэлтэй байдаг эсэх,parents_family
C:/tsogoo/Hicheel/erdem shinjilgeenii hural/ecnometric/shine/data/НҮТС-2023/wm - MN.sav,НҮТС-2023,wm - MN.sav,AF8,Сонсголын аппарат зүүсэн хэдий ч юм сонсоход хүндрэлтэй байдаг эсэх,parents_family
C:/tsogoo/Hicheel/erdem shinjilgeenii hural/ecnometric/shine/data/НҮТС-2023/wm - MN.sav,НҮТС-2023,wm - MN.sav,AF9,Алхах болон шатаар явахад хүндрэлтэй байдаг эсэх,parents_family
C:/tsogoo/Hicheel/erdem shinjilgeenii hural/ecnometric/shine/data/НҮТС-2023/wm - MN.sav,НҮТС-2023,wm - MN.sav,AF10,"Аливаа зүйлийг санах, анхаарлаа төвлөрүүлэхэд хүндрэлтэй байдаг эсэх",parents_family
C:/tsogoo/Hicheel/erdem shinjilgeenii hural/ecnometric/shine/data/НҮТС-2023/wm - MN.sav,НҮТС-2023,wm - MN.sav,AF11,Бие даан өөрийгөө арчлахад хүндрэлтэй байдаг эсэх,parents_family
C:/tsogoo/Hicheel/erdem shinjilgeenii hural/ecnometric/shine/data/НҮТС-2023/wm - MN.sav,НҮТС-2023,wm - MN.sav,AF12,Бусадтай харилцахад ямар нэгэн бэрхшээл гардаг эсэх,wealth_assets_housing
C:/tsogoo/Hicheel/erdem shinjilgeenii hural/ecnometric/shine/data/НҮТС-2023/wm - MN.sav,НҮТС-2023,wm - MN.sav,SB1,Хамгийн анх бэлгийн хавьталд орсон нас,demographics_geo_weights
C:/tsogoo/Hicheel/erdem shinjilgeenii hural/ecnometric/shine/data/НҮТС-2023/wm - MN.sav,НҮТС-2023,wm - MN.sav,SB2U,Хамгийн сүүлд хэзээ бэлгийн хавьталд орсон - нэгж,other
C:/tsogoo/Hicheel/erdem shinjilgeenii hural/ecnometric/shine/data/НҮТС-2023/wm - MN.sav,НҮТС-2023,wm - MN.sav,SB2N,Хамгийн сүүлд хэзээ бэлгийн хавьталд орсон - хугацаа,other
C:/tsogoo/Hicheel/erdem shinjilgeenii hural/ecnometric/shine/data/НҮТС-2023/wm - MN.sav,НҮТС-2023,wm - MN.sav,SB3,Хамгийн сүүлд бэлгийн хавьталд орохдоо бэлгэвч хэрэглэсэн эсэх,parents_family
C:/tsogoo/Hicheel/erdem shinjilgeenii hural/ecnometric/shine/data/НҮТС-2023/wm - MN.sav,НҮТС-2023,wm - MN.sav,SB4,Хамгийн сүүлд бэлгийн хавьталд орсон хүний хамаарал,other
C:/tsogoo/Hicheel/erdem shinjilgeenii hural/ecnometric/shine/data/НҮТС-2023/wm - MN.sav,НҮТС-2023,wm - MN.sav,HA1,"ХДХВ/ДОХ–ын талаар сонсож, уншиж байсан эсэх",parents_family
C:/tsogoo/Hicheel/erdem shinjilgeenii hural/ecnometric/shine/data/НҮТС-2023/wm - MN.sav,НҮТС-2023,wm - MN.sav,HA2,"ДОХ-ын халдваргүй, бэлгийн үнэнч нэг хавьтагчтай байснаар халдвар авах эрсдэлийг бууруулж чадна",other
C:/tsogoo/Hicheel/erdem shinjilgeenii hural/ecnometric/shine/data/НҮТС-2023/wm - MN.sav,НҮТС-2023,wm - MN.sav,HA3,Шумууланд хазуулснаар ДОХ-ын халдвар авч болно,other
C:/tsogoo/Hicheel/erdem shinjilgeenii hural/ecnometric/shine/data/НҮТС-2023/wm - MN.sav,НҮТС-2023,wm - MN.sav,HA4,Бэлгийн хавьталд орох бүртээ бэлгэвч хэрэглэснээр ДОХ-ын халдвар авах эрсдэлийг бууруулж чадна,other
C:/tsogoo/Hicheel/erdem shinjilgeenii hural/ecnometric/shine/data/НҮТС-2023/wm - MN.sav,НҮТС-2023,wm - MN.sav,HA5,ДОХ-ын халдвартай хүнтэй хоол хүнсээ хувааж идэхэд халдвар дамжих боломжтой,parents_family
C:/tsogoo/Hicheel/erdem shinjilgeenii hural/ecnometric/shine/data/НҮТС-2023/wm - MN.sav,НҮТС-2023,wm - MN.sav,HA7,Гаднаас нь харахад эрүүл хүн ДОХ-ын халдвартай байж болно,health_disability_nutrition
C:/tsogoo/Hicheel/erdem shinjilgeenii hural/ecnometric/shine/data/НҮТС-2023/wm - MN.sav,НҮТС-2023,wm - MN.sav,DM2,Бэлгийн хавьталд орохыг хүсэхгүй байгаа үедээ нөхөр/ хамтран амьдрагчдаа ҮГҮЙ гэж хэлж чаддаг эсэх,parents_family
C:/tsogoo/Hicheel/erdem shinjilgeenii hural/ecnometric/shine/data/НҮТС-2023/wm - MN.sav,НҮТС-2023,wm - MN.sav,DM3,Эрүүл мэндийн тусламж үйлчилгээ авах талаар шийдвэрийг ихэвчлэн хэн гаргадаг,wealth_assets_housing
C:/tsogoo/Hicheel/erdem shinjilgeenii hural/ecnometric/shine/data/НҮТС-2023/wm - MN.sav,НҮТС-2023,wm - MN.sav,DM4,Нөхөн үржихүйн эрүүл мэндэд анхаарах шийдвэрийг ихэвчлэн хэн гаргадаг,health_disability_nutrition
C:/tsogoo/Hicheel/erdem shinjilgeenii hural/ecnometric/shine/data/НҮТС-2023/wm - MN.sav,НҮТС-2023,wm - MN.sav,DM6,"Жирэмслэхээс сэргийлэх арга, хэрэгсэл хэрэглэх шийдвэрийг ихэвчлэн хэн гаргадаг",parents_family
C:/tsogoo/Hicheel/erdem shinjilgeenii hural/ecnometric/shine/data/НҮТС-2023/wm - MN.sav,НҮТС-2023,wm - MN.sav,TO1,"Ер нь тамхи нэг, хоёр удаа сорж үзсэн эсэх",parents_family
C:/tsogoo/Hicheel/erdem shinjilgeenii hural/ecnometric/shine/data/НҮТС-2023/wm - MN.sav,НҮТС-2023,wm - MN.sav,TO2,Анх ширхэг тамхийг бүтнээр нь татсан нас,demographics_geo_weights
C:/tsogoo/Hicheel/erdem shinjilgeenii hural/ecnometric/shine/data/НҮТС-2023/wm - MN.sav,НҮТС-2023,wm - MN.sav,TO3,Одоо тамхи татдаг эсэх,parents_family
C:/tsogoo/Hicheel/erdem shinjilgeenii hural/ecnometric/shine/data/НҮТС-2023/wm - MN.sav,НҮТС-2023,wm - MN.sav,TO4,Сүүлийн 24 цагт татсан тамхины тоо,other
C:/tsogoo/Hicheel/erdem shinjilgeenii hural/ecnometric/shine/data/НҮТС-2023/wm - MN.sav,НҮТС-2023,wm - MN.sav,TO5,Сүүлийн 1 сарын хугацаанд тамхи татсан эсэх,parents_family
C:/tsogoo/Hicheel/erdem shinjilgeenii hural/ecnometric/shine/data/НҮТС-2023/wm - MN.sav,НҮТС-2023,wm - MN.sav,TO6,"Электрон тамхи, vape гэж сонсож байсан",other
C:/tsogoo/Hicheel/erdem shinjilgeenii hural/ecnometric/shine/data/НҮТС-2023/wm - MN.sav,НҮТС-2023,wm - MN.sav,TO7,"Одоо электрон тамхи, vape татдаг эсэх",parents_family
C:/tsogoo/Hicheel/erdem shinjilgeenii hural/ecnometric/shine/data/НҮТС-2023/wm - MN.sav,НҮТС-2023,wm - MN.sav,TO8,"Сүүлийн 1 сарын хугацаанд электрон тамхи, vape татсан эсэх",parents_family
C:/tsogoo/Hicheel/erdem shinjilgeenii hural/ecnometric/shine/data/НҮТС-2023/wm - MN.sav,НҮТС-2023,wm - MN.sav,TO9,"Одоогоор навчин тамхи, дүнсэн тамхи зэрэг бусад төрлийн тамхийг хэрэглэдэг эсэх",wealth_assets_housing
C:/tsogoo/Hicheel/erdem shinjilgeenii hural/ecnometric/shine/data/НҮТС-2023/wm - MN.sav,НҮТС-2023,wm - MN.sav,TO10,"Сүүлийн нэг сарын хугацаанд навчин тамхи, дүнсэн тамхи зэрэг бусад төрлийн тамхийг хэрэглэсэн эсэх",wealth_assets_housing
C:/tsogoo/Hicheel/erdem shinjilgeenii hural/ecnometric/shine/data/НҮТС-2023/wm - MN.sav,НҮТС-2023,wm - MN.sav,TO11,Одоогийн байдлаар утаагүй тамхи татдаг эсэх,parents_family
C:/tsogoo/Hicheel/erdem shinjilgeenii hural/ecnometric/shine/data/НҮТС-2023/wm - MN.sav,НҮТС-2023,wm - MN.sav,TO12,Сүүлийн нэг сарын хугацаанд утаагүй тамхи татсан эсэх,parents_family
C:/tsogoo/Hicheel/erdem shinjilgeenii hural/ecnometric/shine/data/НҮТС-2023/wm - MN.sav,НҮТС-2023,wm - MN.sav,TA14,"Архи, согтууруулах ундаа ууж үзсэн эсэх",parents_family
C:/tsogoo/Hicheel/erdem shinjilgeenii hural/ecnometric/shine/data/НҮТС-2023/wm - MN.sav,НҮТС-2023,wm - MN.sav,TA15,"Архи, согтууруулах ундааг анх уусан нас",wealth_assets_housing
C:/tsogoo/Hicheel/erdem shinjilgeenii hural/ecnometric/shine/data/НҮТС-2023/wm - MN.sav,НҮТС-2023,wm - MN.sav,TA16,"Сүүлийн 1 сарын хугацаанд архи, согтууруулах ундаа уусан өдрийн тоо",wealth_assets_housing
C:/tsogoo/Hicheel/erdem shinjilgeenii hural/ecnometric/shine/data/НҮТС-2023/wm - MN.sav,НҮТС-2023,wm - MN.sav,TA17,"Сүүлийн 1 сард архи, согтууруулах ундааг өдөрт дунджаар хэдийг уусан бэ?",wealth_assets_housing
C:/tsogoo/Hicheel/erdem shinjilgeenii hural/ecnometric/shine/data/НҮТС-2023/wm - MN.sav,НҮТС-2023,wm - MN.sav,MH3,Сүүлийн 2 долоо хоногт гунигтай эсвэл сэтгэлээр унасан мэдрэмж хэр олон байсан бэ?,demographics_geo_weights
C:/tsogoo/Hicheel/erdem shinjilgeenii hural/ecnometric/shine/data/НҮТС-2023/wm - MN.sav,НҮТС-2023,wm - MN.sav,MH4,"Сүүлийн 2 долоо хоногт жижиг зүйлээс болоод амархан уурлах, төвөгшөөх, бухимдах, стрессдэх мэдрэмж хэр олон байсан бэ?",parents_family
C:/tsogoo/Hicheel/erdem shinjilgeenii hural/ecnometric/shine/data/НҮТС-2023/wm - MN.sav,НҮТС-2023,wm - MN.sav,MH5,"Сүүлийн 2 долоо хоногт хоббиндоо эсвэл дуртай зүйлээ хиймээргүй, төвөгтэй санагдсан мэдрэмж хэр их байсан бэ?",other
C:/tsogoo/Hicheel/erdem shinjilgeenii hural/ecnometric/shine/data/НҮТС-2023/wm - MN.sav,НҮТС-2023,wm - MN.sav,MH6,Сүүлийн 2 долоо хоногт аливаад итгэх илгэлгүй болсон мэдрэмж хэр их байсан бэ?,parents_family
C:/tsogoo/Hicheel/erdem shinjilgeenii hural/ecnometric/shine/data/НҮТС-2023/wm - MN.sav,НҮТС-2023,wm - MN.sav,MH7,"Сүүлийн 2 долоо хоногт тодорхой учир шалтгаангүйгээр санаа зовних, айх, сэтгэл түгших мэдрэмж хэр их байсан бэ?",other
C:/tsogoo/Hicheel/erdem shinjilgeenii hural/ecnometric/shine/data/НҮТС-2023/wm - MN.sav,НҮТС-2023,wm - MN.sav,MH8,Сүүлийн 2 долоо хоногт өөрийгөө хангалтгүй байна гэж голох мэдрэмж хэр их байсан бэ?,other
C:/tsogoo/Hicheel/erdem shinjilgeenii hural/ecnometric/shine/data/НҮТС-2023/wm - MN.sav,НҮТС-2023,wm - MN.sav,MH9,Сүүлийн 2 долоо хоногт таны талаарх бусад хүмүүсийн бодолд та хэр их санаа зовнисон мэдрэмжтэй байсан бэ?,wealth_assets_housing
C:/tsogoo/Hicheel/erdem shinjilgeenii hural/ecnometric/shine/data/НҮТС-2023/wm - MN.sav,НҮТС-2023,wm - MN.sav,MH10,"Сүүлийн 2 долоо хоногт өөрт чинь болон гэр бүл, ойр дотнынхонд чинь муу юм тохиолдох вий гэсэн мэдрэмж хэр их байсан бэ?",other
C:/tsogoo/Hicheel/erdem shinjilgeenii hural/ecnometric/shine/data/НҮТС-2023/wm - MN.sav,НҮТС-2023,wm - MN.sav,MH11,Сүүлийн 2 долоо хоногт шалтгаангүйгээр олон зүйлд их санаа зовнисон мэдрэмж хэр их байсан бэ?,other
C:/tsogoo/Hicheel/erdem shinjilgeenii hural/ecnometric/shine/data/НҮТС-2023/wm - MN.sav,НҮТС-2023,wm - MN.sav,MH12,"Сүүлийн 2 долоо хоногт санаа зовнилоо хянах боломжгүй, дахин дахин бодогдох мэдрэмж хэр их байсан бэ?",other
C:/tsogoo/Hicheel/erdem shinjilgeenii hural/ecnometric/shine/data/НҮТС-2023/wm - MN.sav,НҮТС-2023,wm - MN.sav,MH15,"Сүүлийн 2 долоо хоногт хоолны дуршил өөрчлөгдөж, хоол идэх хүсэлгүй эсвэл маш их хоол идэх хүсэл хэр их байсан бэ?",parents_family
C:/tsogoo/Hicheel/erdem shinjilgeenii hural/ecnometric/shine/data/НҮТС-2023/wm - MN.sav,НҮТС-2023,wm - MN.sav,MH16,Сүүлийн 2 долоо хоногт нойрны асуудал хэр их байсан бэ?,other
C:/tsogoo/Hicheel/erdem shinjilgeenii hural/ecnometric/shine/data/НҮТС-2023/wm - MN.sav,НҮТС-2023,wm - MN.sav,MH17,"Сүүлийн 2 долоо хоногт бие сульдсан, ядарсан, тэнхээгүй мэт мэдрэмж хэр их байсан бэ?",other
C:/tsogoo/Hicheel/erdem shinjilgeenii hural/ecnometric/shine/data/НҮТС-2023/wm - MN.sav,НҮТС-2023,wm - MN.sav,MH18,Сүүлийн 2 долоо хоногт аливаа зүйл хийхдээ амархан сатаарах мэдрэмж хэр их байсан бэ?,other
C:/tsogoo/Hicheel/erdem shinjilgeenii hural/ecnometric/shine/data/НҮТС-2023/wm - MN.sav,НҮТС-2023,wm - MN.sav,MH19,Сүүлийн 2 долоо хоногт ганцаардах мэдрэмж хэр их байсан бэ?,other
C:/tsogoo/Hicheel/erdem shinjilgeenii hural/ecnometric/shine/data/НҮТС-2023/wm - MN.sav,НҮТС-2023,wm - MN.sav,MH20,"Сүүлийн 2 долоо хоногт гэрийнхнийхээ урмыг хугалсан, итгэлийг нь алдсан, дотны хүмүүсээ зовоосон мэдрэмж хэр их байсан бэ?",other
C:/tsogoo/Hicheel/erdem shinjilgeenii hural/ecnometric/shine/data/НҮТС-2023/wm - MN.sav,НҮТС-2023,wm - MN.sav,MH21,"Сүүлийн 2 долоо хоногт өөрийгөө буруутгаснаас болж өөрийгөө өвтгөх (гэмтээх), амьдрах хүсэлгүй болсон мэдрэмж хэр их байсан бэ?",parents_family
C:/tsogoo/Hicheel/erdem shinjilgeenii hural/ecnometric/shine/data/НҮТС-2023/wm - MN.sav,НҮТС-2023,wm - MN.sav,MH22,"Сүүлийн 2 долоо хоногт хүмүүс таныг өмнөхөөсөө хөдөлгөөн нь удаан, хурдгүй байна гэж хэр их хэлсэн бэ?",other
C:/tsogoo/Hicheel/erdem shinjilgeenii hural/ecnometric/shine/data/НҮТС-2023/wm - MN.sav,НҮТС-2023,wm - MN.sav,MH23,"Сүүлийн 2 долоо хоногт хүмүүс таныг тавьтаргүй, тогтворгүй, тайван биш байна гэж хэр их хэлсэн бэ?",other
C:/tsogoo/Hicheel/erdem shinjilgeenii hural/ecnometric/shine/data/НҮТС-2023/wm - MN.sav,НҮТС-2023,wm - MN.sav,MH24,"Сүүлийн 2 долоо хоногт бачимдсан, амьсгал давхацсан, амьсгал авахад хэцүү, цээж давчуу мэт байх мэдрэмж хэр их байсан бэ?",parents_family
C:/tsogoo/Hicheel/erdem shinjilgeenii hural/ecnometric/shine/data/НҮТС-2023/wm - MN.sav,НҮТС-2023,wm - MN.sav,MH25,"Сүүлийн 2 долоо хоногт танд толгой эргэж, ухаан алдах гэж байгаа мэт мэдрэмж хэр зэрэг гарч байсан бэ?",other
C:/tsogoo/Hicheel/erdem shinjilgeenii hural/ecnometric/shine/data/НҮТС-2023/wm - MN.sav,НҮТС-2023,wm - MN.sav,MH27,"Сүүлийн 2 долоо хоногт гэнэт шалтгаангүй айж цочих, түгшүүртэй мэдрэмж хэр их байсан бэ?",other
C:/tsogoo/Hicheel/erdem shinjilgeenii hural/ecnometric/shine/data/НҮТС-2023/wm - MN.sav,НҮТС-2023,wm - MN.sav,MH28,Сүүлийн 2 долоо хоногт амарч тайвширч чадахгүй мэдрэмж хэр их байсан бэ?,other
C:/tsogoo/Hicheel/erdem shinjilgeenii hural/ecnometric/shine/data/НҮТС-2023/wm - MN.sav,НҮТС-2023,wm - MN.sav,MH29,"Сүүлийн 2 долоо хоногт өөрийн зүрхийг хэт хурдан, хүчтэй цохилж байгаа мэдрэмж хэр их байсан бэ?",other
C:/tsogoo/Hicheel/erdem shinjilgeenii hural/ecnometric/shine/data/НҮТС-2023/wm - MN.sav,НҮТС-2023,wm - MN.sav,MH30,Сүүлийн 2 долоо хоногт таны толгой эсвэл булчингаар өвдөж чангарсан мэдрэмж хэр их байсан бэ?,other
C:/tsogoo/Hicheel/erdem shinjilgeenii hural/ecnometric/shine/data/НҮТС-2023/wm - MN.sav,НҮТС-2023,wm - MN.sav,MH33,"Өнгөрсөн 2 долоо хоногийн хугацаанд өдөр тутмын амьдралд, бусадтай харилцах харилцаанд сөргөөр нөлөөлсөн тохиолдол хэр их байсан бэ?",wealth_assets_housing
C:/tsogoo/Hicheel/erdem shinjilgeenii hural/ecnometric/shine/data/НҮТС-2023/wm - MN.sav,НҮТС-2023,wm - MN.sav,MH34,Өнгөрсөн 2 долоо хоногийн хугацаанд сурах эсвэл ажиллах явцад сөргөөр нөлөөлсөн тохиолдол хэр их байсан бэ?,work_child_labour
C:/tsogoo/Hicheel/erdem shinjilgeenii hural/ecnometric/shine/data/НҮТС-2023/wm - MN.sav,НҮТС-2023,wm - MN.sav,MH35,Өнгөрсөн 2 долоо хоногийн хугацаанд үеийнхэнтэйгээ харилцах харилцаанд сөргөөр нөлөөлсөн тохиолдол хэр их байсан бэ?,other
C:/tsogoo/Hicheel/erdem shinjilgeenii hural/ecnometric/shine/data/НҮТС-2023/wm - MN.sav,НҮТС-2023,wm - MN.sav,MH36,Эдгээр асуудлуудын тухай бусадтай хэр их ярилцсан бэ?,wealth_assets_housing
C:/tsogoo/Hicheel/erdem shinjilgeenii hural/ecnometric/shine/data/НҮТС-2023/wm - MN.sav,НҮТС-2023,wm - MN.sav,MH37,"Өнгөрсөн 1 сарын хугацаанд дээрх асуудал, санаа зовоосон зүйлсийг хэн нэг хүнтэй хуваалцаж байсан уу?",other
C:/tsogoo/Hicheel/erdem shinjilgeenii hural/ecnometric/shine/data/НҮТС-2023/wm - MN.sav,НҮТС-2023,wm - MN.sav,MH38A,Ярилцсан хүн: Сэтгэл зүйч,other
C:/tsogoo/Hicheel/erdem shinjilgeenii hural/ecnometric/shine/data/НҮТС-2023/wm - MN.sav,НҮТС-2023,wm - MN.sav,MH38B,Ярилцсан хүн: Эмч / сувилагч / эрүүл мэндийн ажилтан,work_child_labour
C:/tsogoo/Hicheel/erdem shinjilgeenii hural/ecnometric/shine/data/НҮТС-2023/wm - MN.sav,НҮТС-2023,wm - MN.sav,MH38C,Ярилцсан хүн: Нийгмийн ажилтан,work_child_labour
C:/tsogoo/Hicheel/erdem shinjilgeenii hural/ecnometric/shine/data/НҮТС-2023/wm - MN.sav,НҮТС-2023,wm - MN.sav,MH38F,Ярилцсан хүн: Эцэг эх,parents_family
C:/tsogoo/Hicheel/erdem shinjilgeenii hural/ecnometric/shine/data/НҮТС-2023/wm - MN.sav,НҮТС-2023,wm - MN.sav,MH38G,Ярилцсан хүн: Хамаатан (насанд хүрсэн),demographics_geo_weights
C:/tsogoo/Hicheel/erdem shinjilgeenii hural/ecnometric/shine/data/НҮТС-2023/wm - MN.sav,НҮТС-2023,wm - MN.sav,MH38H,Ярилцсан хүн: Хамаатан (насанд хүрээгүй),demographics_geo_weights
C:/tsogoo/Hicheel/erdem shinjilgeenii hural/ecnometric/shine/data/НҮТС-2023/wm - MN.sav,НҮТС-2023,wm - MN.sav,MH38I,Ярилцсан хүн: Багш,other
C:/tsogoo/Hicheel/erdem shinjilgeenii hural/ecnometric/shine/data/НҮТС-2023/wm - MN.sav,НҮТС-2023,wm - MN.sav,MH38J,Ярилцсан хүн: Найз,other
C:/tsogoo/Hicheel/erdem shinjilgeenii hural/ecnometric/shine/data/НҮТС-2023/wm - MN.sav,НҮТС-2023,wm - MN.sav,MH38X,Ярилцсан хүн: Бусад,wealth_assets_housing
C:/tsogoo/Hicheel/erdem shinjilgeenii hural/ecnometric/shine/data/НҮТС-2023/wm - MN.sav,НҮТС-2023,wm - MN.sav,MH38NR,Ярилцсан хүн: Хариулаагүй,other
C:/tsogoo/Hicheel/erdem shinjilgeenii hural/ecnometric/shine/data/НҮТС-2023/wm - MN.sav,НҮТС-2023,wm - MN.sav,MH42,Өнгөрсөн 12 сарын хугацаанд та амьдралаа дуусгах хүсэл төрөх эсвэл зориудаар өөрийгөө хорлох оролдлого хийж байсан уу?,wealth_assets_housing
C:/tsogoo/Hicheel/erdem shinjilgeenii hural/ecnometric/shine/data/НҮТС-2023/wm - MN.sav,НҮТС-2023,wm - MN.sav,MH43,Сүүлийн 2 долоо хоногт та амьдралаа дуусгах ямар нэг зүйл хийх талаар бодож байсан уу?,wealth_assets_housing
C:/tsogoo/Hicheel/erdem shinjilgeenii hural/ecnometric/shine/data/НҮТС-2023/wm - MN.sav,НҮТС-2023,wm - MN.sav,HH6,Байршил,other
C:/tsogoo/Hicheel/erdem shinjilgeenii hural/ecnometric/shine/data/НҮТС-2023/wm - MN.sav,НҮТС-2023,wm - MN.sav,HH7,Бүс,demographics_geo_weights
C:/tsogoo/Hicheel/erdem shinjilgeenii hural/ecnometric/shine/data/НҮТС-2023/wm - MN.sav,НҮТС-2023,wm - MN.sav,WDOB,Эмэгтэйн төрсөн огноо (CMC),demographics_geo_weights
C:/tsogoo/Hicheel/erdem shinjilgeenii hural/ecnometric/shine/data/НҮТС-2023/wm - MN.sav,НҮТС-2023,wm - MN.sav,WDOM,Эмэгтэйн гэрлэсэн нас(CMC),demographics_geo_weights
C:/tsogoo/Hicheel/erdem shinjilgeenii hural/ecnometric/shine/data/НҮТС-2023/wm - MN.sav,НҮТС-2023,wm - MN.sav,WAGEM,Анх гэрлэсэн/хамтран амьдарсан нас,demographics_geo_weights
C:/tsogoo/Hicheel/erdem shinjilgeenii hural/ecnometric/shine/data/НҮТС-2023/wm - MN.sav,НҮТС-2023,wm - MN.sav,WDOBFC,Анхны хүүхдээ төрүүлсэн огноо (CMC),other
C:/tsogoo/Hicheel/erdem shinjilgeenii hural/ecnometric/shine/data/НҮТС-2023/wm - MN.sav,НҮТС-2023,wm - MN.sav,WDOBLC,Хамгийн бага хүүхдээ төрүүлсэн огноо (CMC),other
C:/tsogoo/Hicheel/erdem shinjilgeenii hural/ecnometric/shine/data/НҮТС-2023/wm - MN.sav,НҮТС-2023,wm - MN.sav,BH3_FIRST,Хамгийн том хүүхдийн хүйс,demographics_geo_weights
C:/tsogoo/Hicheel/erdem shinjilgeenii hural/ecnometric/shine/data/НҮТС-2023/wm - MN.sav,НҮТС-2023,wm - MN.sav,BH3_LAST,Хамгийн бага хүүхдийн хүйс,demographics_geo_weights
C:/tsogoo/Hicheel/erdem shinjilgeenii hural/ecnometric/shine/data/НҮТС-2023/wm - MN.sav,НҮТС-2023,wm - MN.sav,MSTATUS,Гэрлэлтийн байдал,other
C:/tsogoo/Hicheel/erdem shinjilgeenii hural/ecnometric/shine/data/НҮТС-2023/wm - MN.sav,НҮТС-2023,wm - MN.sav,CEB,Төрүүлсэн хүүхдийн тоо,other
C:/tsogoo/Hicheel/erdem shinjilgeenii hural/ecnometric/shine/data/НҮТС-2023/wm - MN.sav,НҮТС-2023,wm - MN.sav,CSURV,Амьд үлдсэн хүүхдийн тоо,other
C:/tsogoo/Hicheel/erdem shinjilgeenii hural/ecnometric/shine/data/НҮТС-2023/wm - MN.sav,НҮТС-2023,wm - MN.sav,CDEAD,Эндсэн хүүхдийн тоо,other
C:/tsogoo/Hicheel/erdem shinjilgeenii hural/ecnometric/shine/data/НҮТС-2023/wm - MN.sav,НҮТС-2023,wm - MN.sav,wmweight,15-49 насны эмэгтэйчүүдийн түүврийн жин,demographics_geo_weights
C:/tsogoo/Hicheel/erdem shinjilgeenii hural/ecnometric/shine/data/НҮТС-2023/wm - MN.sav,НҮТС-2023,wm - MN.sav,wscore,Аж байдлын түвшний нэгдсэн оноо,other
C:/tsogoo/Hicheel/erdem shinjilgeenii hural/ecnometric/shine/data/НҮТС-2023/wm - MN.sav,НҮТС-2023,wm - MN.sav,windex5,Аж байдлын түвшний квинтиль,other
C:/tsogoo/Hicheel/erdem shinjilgeenii hural/ecnometric/shine/data/НҮТС-2023/wm - MN.sav,НҮТС-2023,wm - MN.sav,windex10,Аж байдлын түвшний бүлэг,other
C:/tsogoo/Hicheel/erdem shinjilgeenii hural/ecnometric/shine/data/НҮТС-2023/wm - MN.sav,НҮТС-2023,wm - MN.sav,wscoreu,Аж байдлын түвшний нэгдсэн оноо - Хот,demographics_geo_weights
C:/tsogoo/Hicheel/erdem shinjilgeenii hural/ecnometric/shine/data/НҮТС-2023/wm - MN.sav,НҮТС-2023,wm - MN.sav,windex5u,Аж байдлын түвшний квинтиль - хот,demographics_geo_weights
C:/tsogoo/Hicheel/erdem shinjilgeenii hural/ecnometric/shine/data/НҮТС-2023/wm - MN.sav,НҮТС-2023,wm - MN.sav,windex10u,Аж байдлын түвшний бүлэг - хот,demographics_geo_weights
C:/tsogoo/Hicheel/erdem shinjilgeenii hural/ecnometric/shine/data/НҮТС-2023/wm - MN.sav,НҮТС-2023,wm - MN.sav,wscorer,Аж байдлын түвшний нэгдсэн оноо - Хөдөө,demographics_geo_weights
C:/tsogoo/Hicheel/erdem shinjilgeenii hural/ecnometric/shine/data/НҮТС-2023/wm - MN.sav,НҮТС-2023,wm - MN.sav,windex5r,Аж байдлын түвшний квинтиль - хөдөө,demographics_geo_weights
C:/tsogoo/Hicheel/erdem shinjilgeenii hural/ecnometric/shine/data/НҮТС-2023/wm - MN.sav,НҮТС-2023,wm - MN.sav,windex10r,Аж байдлын түвшний бүлэг - хөдөө,demographics_geo_weights
C:/tsogoo/Hicheel/erdem shinjilgeenii hural/ecnometric/shine/data/НҮТС-2023/wm - MN.sav,НҮТС-2023,wm - MN.sav,disability,Үйлдлийн чадвар (18-49 нас),demographics_geo_weights
C:/tsogoo/Hicheel/erdem shinjilgeenii hural/ecnometric/shine/data/НҮТС-2023/wm - MN.sav,НҮТС-2023,wm - MN.sav,ethnicity,Өрхийн тэргүүлэгчийн яс үндэс,wealth_assets_housing
C:/tsogoo/Hicheel/erdem shinjilgeenii hural/ecnometric/shine/data/НҮТС-2023/wm - MN.sav,НҮТС-2023,wm - MN.sav,area,"Хот, хөдөө",demographics_geo_weights
C:/tsogoo/Hicheel/erdem shinjilgeenii hural/ecnometric/shine/data/НҮТС-2023/wm - MN.sav,НҮТС-2023,wm - MN.sav,welevel,Боловсрол,education_schooling
