id,lwage,educ_years,parent_educ_mean,age,female,married,urban,birth_aimag,birth_cohort,wave,student_teacher_ratio_avg_17_18,q_school_access,tau_hat,tau_se,tau_return_pct,threshold_regime
2020-22-2,8.468403027246806,15,14,28,0,0,1,21,1990_1994,2020,17.503120926731654,1.5723337356047673,0.09087831045019194,0.02578140063724013,9.513573057552938,Доод STR регим
2020-26-2,8.28835161898739,15,14,28,0,1,1,21,1990_1994,2020,17.503120926731654,1.5723337356047673,0.0865746614367418,0.04453294663944486,9.04327779565115,Доод STR регим
2020-31-2,8.239561454817958,14,14,37,1,0,1,21,1980_1984,2020,26.19265965303557,1.506024096385542,0.11193842005828941,0.0363978672867697,11.844398480899088,Дээд STR регим
2020-59-3,8.517193191416238,8,8,32,1,0,1,21,1985_1989,2020,22.834960164922418,1.5076205308910147,0.09908922296344853,0.04247970958934323,10.416481202069372,Дээд STR регим
2020-135-4,7.951879382366177,16,10.5,33,1,0,0,21,1985_1989,2020,24.234704305030984,1.4958916250210248,0.08381548069736554,0.020986261814276652,8.74282237981301,Дээд STR регим
2020-145-3,7.354042381610556,11,9,25,1,1,0,21,post1995,2020,17.483333333333334,1.649365888253578,0.1553274169175124,0.04342884239766406,16.804033466983004,Доод STR регим
2020-173-2,8.4491130526127,14,14,37,1,0,1,22,1980_1984,2020,24.748683220466518,1.4545454545454546,0.09703816751252436,0.038193776386337135,10.190242969320362,Дээд STR регим
2020-187-2,7.374280643851548,8,4,34,0,0,1,22,1985_1989,2020,26.799242424242422,1.350837020064906,0.10909712692164476,0.01960289815496098,11.527066788786033,Дээд STR регим
2020-187-3,8.111728083308073,14,4,26,0,0,1,22,1990_1994,2020,19.688758420834745,1.336089646840503,0.11752022144663582,0.049352466095682446,12.470437286324177,Дээд STR регим
2020-188-3,8.025439585474205,18,11,36,0,0,1,22,1980_1984,2020,25.026490066225165,1.402948402948403,0.09746596584345257,0.028137466826515835,10.237392255821165,Дээд STR регим
2020-206-4,7.649692623711514,13,8.5,30,1,0,1,22,1990_1994,2020,21.916810097532988,1.2976546099921047,0.16019557354040573,0.028029053723802995,17.37404011118322,Дээд STR регим
2020-215-2,8.27396288153529,11,11,29,1,0,1,21,1990_1994,2020,18.17521304369243,1.545017281985095,0.1331679187603902,0.029604863526119192,14.244181963941704,Доод STR регим
2020-236-3,8.034748860188472,16,10.5,25,0,0,0,22,post1995,2020,19.300045599635204,1.3398775256283817,0.09183887127195993,0.03295530052236759,9.61881804429705,Доод STR регим
2020-308-4,8.421883011611913,11,14,26,0,0,0,22,1990_1994,2020,19.688758420834745,1.336089646840503,0.10745644581995971,0.04907174283039448,11.344236462122614,Дээд STR регим
2020-386-2,8.006367567650246,8,11,31,0,0,0,23,1985_1989,2020,22.193732193732195,1.8138962417330018,0.05506459117401081,0.04143844034927243,5.6608860078187995,Дээд STR регим
2020-495-3,8.038890759355807,16,4,26,1,0,1,41,1990_1994,2020,24.16820528868722,2.0265943765206895,0.11323502937004937,0.02618291816122035,11.98951102624617,Дээд STR регим
2020-519-3,8.13420093916013,14,12.5,32,1,1,1,41,1985_1989,2020,22.378024889129296,1.8808625307181825,0.06929006220641024,0.051757268237745964,7.174703737678123,Дээд STR регим
2020-535-3,8.214243646833667,15,10,27,1,1,0,85,1990_1994,2020,19.53062264661216,1.422535999053971,0.15828156824916695,0.03281307911487835,17.14960043523799,Доод STR регим
2020-611-3,7.951879382366177,14,10.5,25,1,0,0,41,post1995,2020,22.899363019844948,2.0404973746192026,0.12122934100521561,0.04241229780473176,12.888378202283658,Дээд STR регим
2020-631-3,7.536363938404511,8,7,32,1,0,1,44,1985_1989,2020,25.090786721413078,1.730214219618758,0.07110068784428863,0.028857369528335574,7.368932788984717,Дээд STR регим
2020-638-2,8.452654670278667,15,2,25,1,1,1,42,post1995,2020,3.9217361585782635,1.485632183908046,0.19347815874952914,0.08281286795270995,21.3462882715304,Доод STR регим
2020-650-2,7.487573774235079,10,4,37,1,1,1,48,1980_1984,2020,25.066286153783878,2.0833333333333335,0.07246796209761229,0.040503307809583534,7.515835971978313,Дээд STR регим
2020-720-2,8.600029196995386,15,15,34,1,1,1,43,1985_1989,2020,25.542614431584454,1.469941311043006,0.1098462973936549,0.021440738552022356,11.610650879511098,Дээд STR регим
2020-722-3,7.572731582575386,14,8.5,29,0,0,1,43,1990_1994,2020,20.408107672258616,1.5197888700998508,0.08838923114172674,0.03967329997196245,9.241324054100142,Дээд STR регим
2020-752-3,7.864868005376548,10,10,32,0,0,1,64,1985_1989,2020,25.684682760094,1.5238181228837382,0.0730194308953912,0.03741032609193208,7.575143952531294,Дээд STR регим
2020-799-2,7.951879382366177,15,8,27,0,0,0,43,1990_1994,2020,38.51660939289805,1.5758250358264287,0.09986574906090165,0.0241034932608273,10.502255780100779,Дээд STR регим
2020-884-2,7.957577403480815,14,14,27,0,0,1,44,1990_1994,2020,65.76839826839827,1.7682164667814524,0.09134745346588267,0.022152034419518515,9.5649626390653,Дээд STR регим
2020-901-2,7.9983993980010695,16,15,29,1,1,1,44,1990_1994,2020,21.401835416689693,1.7589330571791506,0.13572176781685374,0.030065249172213836,14.536317236172414,Дээд STR регим
2020-917-3,8.619708754941833,11,10,36,0,0,1,44,1980_1984,2020,26.092359264824875,1.7926123720516245,0.07681425561271692,0.021995686354053336,7.984148326898088,Дээд STR регим
2020-924-3,9.656627474604603,14,10.5,27,1,0,0,44,1990_1994,2020,65.76839826839827,1.7682164667814524,0.12381795921540384,0.027699514762133358,13.180981669755564,Дээд STR регим
2020-972-3,7.9983993980010695,10,10,31,1,0,0,21,1985_1989,2020,21.30328588937931,1.5113522166620617,0.11765805976957384,0.05006677132416864,12.485941091264507,Дээд STR регим
2020-1016-3,8.9510577740461,15,12.5,26,0,0,1,45,1990_1994,2020,19.097177399610953,1.2392535858488927,0.11763277532091179,0.033399866885449214,12.483096982217813,Доод STR регим
2020-1024-4,7.669895331029034,14,10,37,1,0,1,45,1980_1984,2020,25.270891367885397,1.0047846889952154,0.11261975266316682,0.026643630279749902,11.920627682028218,Дээд STR регим
2020-1026-2,8.131530710604252,13,13,33,0,1,1,45,1985_1989,2020,24.17985822406993,1.0061055954951834,0.12335520263610278,0.030638286663917106,13.128618542461389,Дээд STR регим
2020-1027-3,8.047189562170502,11,11.5,31,0,0,1,45,1985_1989,2020,21.79364858059656,1.0623909727995553,0.09287359414263631,0.018755477912937205,9.732301844400592,Дээд STR регим
2020-1027-4,7.951879382366177,15,11.5,28,1,1,1,45,1990_1994,2020,18.97585604312185,1.1827474871864456,0.15321515633905297,0.026133638141530996,16.55757329737064,Доод STR регим
2020-1029-2,7.783224016336037,15,13,30,0,0,1,85,1990_1994,2020,22.202228055814302,1.441519848202648,0.08447054833446166,0.01737829367312111,8.814079620128412,Дээд STR регим
2020-1040-3,8.144828031734418,14,9,27,0,0,1,64,1990_1994,2020,19.74301952063257,1.561694864157441,0.10193330875606654,0.051723619255760106,10.730962140930455,Дээд STR регим
2020-1041-3,9.315700887634009,14,9,31,1,0,1,45,1985_1989,2020,21.79364858059656,1.0623909727995553,0.15080047858032727,0.02344377799751726,16.276463848473455,Дээд STR регим
2020-1048-6,8.294049640102028,15,14,32,0,1,1,11,1985_1989,2020,24.05297052132284,0.9257993949993928,0.10206364871300275,0.027113405469308585,10.745395750385,Дээд STR регим
2020-1052-2,8.399410155759854,16,15,28,0,0,1,11,1990_1994,2020,20.053299634997735,1.002709606891408,0.10409551305830358,0.04061302379753984,10.970644130998842,Дээд STR регим
2020-1060-3,7.387328359244023,10,13.5,37,1,0,1,81,1980_1984,2020,22.61986301369863,2.048192771084337,0.08094253339790118,0.04587062165440798,8.4308583246404325,Дээд STR регим
2020-1064-3,7.849363818840582,11,10.5,25,1,0,1,46,post1995,2020,18.789659224441834,1.7030975327800146,0.1507821612512427,0.024976218499779636,16.27433399372704,Доод STR регим
2020-1072-3,8.58173171255381,14,12,34,0,0,1,45,1985_1989,2020,23.994292151354614,0.9535779403149253,0.1211903085195672,0.034382044974602365,12.883971974275177,Дээд STR регим
2020-1075-3,8.131530710604252,14,11,29,0,1,1,45,1990_1994,2020,19.0867399170035,1.145461140503846,0.0956717854331928,0.02108382135412921,10.039783811767112,Доод STR регим
2020-1076-3,7.600902459542082,14,12.5,34,1,0,1,41,1985_1989,2020,25.061267684081542,1.9313481439033608,0.07336335501282772,0.026020921973570397,7.612148001901042,Дээд STR регим
2020-1125-3,7.728735831051967,8,8,37,0,0,0,45,1980_1984,2020,25.270891367885397,1.0047846889952154,0.10774340790312639,0.0176895880749367,11.376192621050052,Дээд STR регим
2020-1132-2,7.864868005376548,12,8,25,0,0,0,45,post1995,2020,18.52287788355755,1.2812198524549712,0.07789691668105242,0.05094990745825281,8.101121870213746,Доод STR регим
2020-1147-3,8.214243646833667,15,10,25,1,1,0,45,post1995,2020,18.52287788355755,1.2812198524549712,0.16354089776896139,0.04334274517301095,17.76735184219993,Доод STR регим
2020-1243-3,8.111728083308073,11,9,27,0,0,0,46,1990_1994,2020,19.774011299435028,1.7054078539555662,0.053710730750955865,0.01837690084656969,5.517932707231266,Дээд STR регим
2020-1322-2,7.600902459542082,14,10,25,0,0,1,48,post1995,2020,7.548044159738312,2.028163836574253,0.0650713581003201,0.02790921330592606,6.7235177541952185,Доод STR регим
2020-1324-2,8.421883011611913,15,14,27,0,0,1,48,1990_1994,2020,8.069816204483619,1.9898650075765931,0.13252353788090052,0.07490316879484592,14.17058891101577,Доод STR регим
2020-1364-2,7.690514618231769,12,14,25,0,0,1,48,post1995,2020,7.548044159738312,2.028163836574253,0.0650713581003201,0.02790921330592606,6.7235177541952185,Доод STR регим
2020-1441-3,8.047189562170502,14,10,27,1,0,0,48,1990_1994,2020,8.069816204483619,1.9898650075765931,0.18403497776038533,0.04849605563393949,20.20578676530491,Доод STR регим
2020-1513-3,7.907427619795343,16,10,29,0,0,1,61,1990_1994,2020,19.67723692726329,0.7868469713759924,0.0892969046442288,0.02952976284170766,9.340524523330274,Дээд STR регим
2020-1528-3,7.690514618231769,10,10,27,0,0,1,81,1990_1994,2020,17.47543188568052,1.8944596907623652,0.09695678286173963,0.05710538141518941,10.181275539786938,Доод STR регим
2020-1552-2,7.6842840684811335,10,8,29,1,0,1,63,1990_1994,2020,19.192137993756607,1.9528477875829504,0.10889601897594361,0.049495746836227594,11.504640064665871,Доод STR регим
2020-1557-3,8.075360439137198,14,10,28,1,1,1,81,1990_1994,2020,18.482730502650128,1.8915979675309096,0.13617443499378368,0.0524864073875535,14.58817580400189,Доод STR регим
2020-1614-4,8.642356334370243,11,10,28,0,0,1,81,1990_1994,2020,18.482730502650128,1.8915979675309096,0.07509292470130496,0.024426318111102085,7.798431760130287,Доод STR регим
2020-1614-5,8.597235899089775,15,10,26,0,0,1,81,1990_1994,2020,16.789311552521923,1.9021509637727863,0.09017259661748303,0.02675695587983212,9.436315078395552,Доод STR регим
2020-1622-3,7.99394504765169,2,8,29,0,0,1,62,1990_1994,2020,22.613297995481652,1.273163358340374,0.10949160235088731,0.023778656810288665,11.571070154882456,Дээд STR регим
2020-1778-2,8.103429280493378,14,10,35,0,1,0,65,1985_1989,2020,25.777002422045697,1.7181695373184735,0.08032427400114801,0.012927734716409066,8.3638406468725,Дээд STR регим
2020-1783-4,7.649692623711514,10,12,33,1,0,0,62,1985_1989,2020,27.751495961574584,1.3752830541224506,0.10607863493856164,0.03763223424167331,11.190930798902098,Дээд STR регим
2020-1793-3,7.783224016336037,5,3,30,0,0,0,62,1990_1994,2020,24.38067476155451,1.2882758563222214,0.11731029284575592,0.031061007333488863,12.446829002897953,Дээд STR регим
2020-1796-4,7.97819669068355,8,8,26,1,0,1,63,1990_1994,2020,17.119660914624944,2.0290446060305576,0.1987985063162219,0.047652449304383886,21.993613170853376,Доод STR регим
2020-1799-2,8.334871634622283,15,10,28,1,0,1,63,1990_1994,2020,18.55785415480581,1.981862074245216,0.10896583799843343,0.02471487412272668,11.512425481420197,Доод STR регим
2020-1924-2,8.175022933680387,14,14,37,1,0,0,63,1980_1984,2020,23.73573071906918,1.8548387096774193,0.07706174819888607,0.05069387206205813,8.010876910459498,Дээд STR регим
2020-1956-3,8.111728083308073,14,12,30,0,0,1,64,1990_1994,2020,24.396746650467417,1.5240735280602395,0.06958218250476532,0.021455141032522735,7.206016217392874,Дээд STR регим
2020-1956-5,8.437150483742702,10,12,35,0,0,1,64,1985_1989,2020,26.353574366126665,1.5649192135350571,0.08914192774575924,0.015005755885820597,9.323580580956348,Дээд STR регим
2020-1978-2,8.13420093916013,14,13,28,1,0,1,64,1990_1994,2020,20.88054748834685,1.5492596994103947,0.1225798948535273,0.031432411962665475,13.040943036216412,Дээд STR регим
2020-1987-2,7.743624443545718,14,10,27,1,0,1,64,1990_1994,2020,19.74301952063257,1.561694864157441,0.1484973371736819,0.017917239154389537,16.00897086529065,Дээд STR регим
2020-1989-2,8.66029403505691,10,19,30,0,0,1,64,1990_1994,2020,24.396746650467417,1.5240735280602395,0.06958218250476532,0.021455141032522735,7.206016217392874,Дээд STR регим
2020-1999-2,8.254828926948747,10,10,31,1,0,1,64,1985_1989,2020,25.955434641792976,1.5293441053289185,0.10065564933770543,0.04279484897029338,10.589576025131532,Дээд STR регим
2020-2022-3,7.783224016336037,10,10,30,1,0,0,64,1990_1994,2020,24.396746650467417,1.5240735280602395,0.11099542440567665,0.025819193362891193,11.738979412036233,Дээд STR регим
2020-2030-3,8.13420093916013,14,13,33,1,0,0,64,1985_1989,2020,26.31736855585233,1.5280636127454599,0.09289032071850742,0.020253451011379583,9.73413730542334,Дээд STR регим
2020-2030-4,8.475950232882187,16,13,28,1,0,0,64,1990_1994,2020,20.88054748834685,1.5492596994103947,0.12341271295627036,0.03197582992998338,13.135124792620356,Дээд STR регим
2020-2054-4,8.482507633428348,16,9,31,1,0,0,64,1985_1989,2020,25.955434641792976,1.5293441053289185,0.10711223524573409,0.04612610703644334,11.305917193880276,Дээд STR регим
2020-2055-3,8.13420093916013,8,8,27,0,0,0,64,1990_1994,2020,19.74301952063257,1.561694864157441,0.08580478262588198,0.02449273819760203,8.959359994023174,Дээд STR регим
2020-2087-3,8.462705006132168,14,13,34,0,0,0,64,1985_1989,2020,26.855297934148577,1.5401815567481514,0.0964162700926973,0.024451288393623743,10.121737245501983,Дээд STR регим
2020-2102-2,7.951879382366177,11,8,28,1,0,0,64,1990_1994,2020,20.88054748834685,1.5492596994103947,0.12341271295627036,0.03197582992998338,13.135124792620356,Дээд STR регим
2020-2121-3,7.641724454062338,9,9.5,30,0,0,1,65,1990_1994,2020,23.381040929967888,1.7062866341828098,0.06962660330601968,0.027894864317582955,7.21077850030396,Дээд STR регим
2020-2164-3,8.254828926948747,11,11.5,30,0,0,1,65,1990_1994,2020,23.381040929967888,1.7062866341828098,0.06962660330601968,0.027894864317582955,7.21077850030396,Дээд STR регим
2020-2248-3,8.146819403119343,16,7.5,26,0,0,0,65,1990_1994,2020,18.995397334847908,1.7185857418044381,0.07761552876027075,0.024903516746056526,8.070707799573263,Доод STR регим
2020-2257-3,9.00909080529671,14,13,35,0,0,0,65,1985_1989,2020,25.777002422045697,1.7181695373184735,0.08329591480106051,0.013756720248853362,8.686337992787752,Дээд STR регим
2020-2314-2,7.829033552367331,14,14,32,1,0,1,67,1985_1989,2020,24.874596064683175,1.2848431215772613,0.09913420853274305,0.04092118721077164,10.421448462062411,Дээд STR регим
2020-2328-2,7.72396255229931,8,10,32,0,0,0,67,1985_1989,2020,24.874596064683175,1.2848431215772613,0.09579234962954397,0.03829972845622704,10.053051469655205,Дээд STR регим
2020-2381-3,7.951879382366177,12,10,28,1,0,0,67,1990_1994,2020,22.244230425038097,1.2561211249902675,0.14976220616786753,0.020013677543083468,16.155799855728368,Дээд STR регим
2020-2430-2,7.911057387845922,14,8,25,1,0,0,67,post1995,2020,22.50261913823421,1.27399991744335,0.14835533495693942,0.02053279989434068,15.992498503849362,Дээд STR регим
2020-2465-5,7.641724454062338,14,8,29,0,0,1,81,1990_1994,2020,19.40162620247366,1.8979622387424306,0.06394722639425107,0.03356099308172408,6.603613870609704,Доод STR регим
2020-2495-2,8.156179845878906,16,7.5,26,0,0,1,81,1990_1994,2020,16.789311552521923,1.9021509637727863,0.09017259661748303,0.02675695587983212,9.436315078395552,Доод STR регим
2020-2601-3,7.777525995221399,14,10,34,1,0,1,82,1985_1989,2020,26.123756313543048,2.2380561023622048,0.08914885987277238,0.0256748627961366,9.324338428529199,Дээд STR регим
2020-2644-2,7.929406526514119,4,0,31,0,0,1,82,1985_1989,2020,22.78229017359452,2.1077206196661087,0.047840043123108814,0.04709700721668511,4.9002846684549795,Дээд STR регим
2020-2657-3,8.086410275323782,14,10.5,28,1,0,1,82,1990_1994,2020,19.01048951048951,2.1394871211047777,0.10985180163229591,0.02768084606796886,11.611265212859134,Доод STR регим
2020-2663-3,7.706262975199909,12,10,25,0,0,0,82,post1995,2020,17.050691755270783,2.184474666884017,0.0462629121136214,0.022559260665965815,4.734973569495926,Доод STR регим
2020-2771-2,7.5055922797377574,11,8,30,0,1,1,83,1990_1994,2020,20.464889395083148,1.7042314486291816,0.07516867794035334,0.02044760340542079,7.806598149811772,Дээд STR регим
2020-2772-3,8.28835161898739,15,12.5,25,1,0,1,83,post1995,2020,16.288445749652645,1.731268820895838,0.1707405497658225,0.06194689923532754,18.618295364954584,Доод STR регим
2020-2784-4,8.517193191416238,13,9,27,0,1,1,83,1990_1994,2020,17.54980127747731,1.7236671891437996,0.09573849713827426,0.04315248202098542,10.047124998240786,Доод STR регим
2020-2813-2,7.2587322018062315,12,9,29,0,1,1,83,1990_1994,2020,19.290908096878248,1.7046872135963096,0.059902133423183936,0.018285671579474846,6.1732633322309605,Доод STR регим
2020-2852-3,8.057739773065654,16,10.5,27,1,0,0,83,1990_1994,2020,17.54980127747731,1.7236671891437996,0.1661788322943883,0.03345491884595456,18.078424519882375,Доод STR регим
2020-2862-3,7.708533123734448,15,12,26,0,1,0,83,1990_1994,2020,16.891363669887163,1.7315434082303012,0.07546490491266629,0.03766145787168344,7.8385381024812295,Доод STR регим
2020-2910-3,8.334871634622283,17,13.5,30,0,1,0,83,1990_1994,2020,20.464889395083148,1.7042314486291816,0.0806133257962606,0.018896594981400307,8.395167936923364,Дээд STR регим
2020-2912-2,8.111728083308073,11,8,28,0,0,1,84,1990_1994,2020,21.285611251352325,1.133590620039943,0.11908760785982518,0.04949138471607508,12.64686014689136,Дээд STR регим
2020-2923-3,8.565395293234115,12,10,28,0,0,1,84,1990_1994,2020,21.285611251352325,1.133590620039943,0.11908760785982518,0.04949138471607508,12.64686014689136,Дээд STR регим
2020-2935-3,8.645026562926123,16,12,27,1,0,1,84,1990_1994,2020,20.14497360949013,1.1372159625595029,0.1596912574276851,0.03561482159945723,17.314861415179262,Дээд STR регим
2020-2968-2,7.205006802450069,10,8,27,0,1,1,84,1990_1994,2020,20.14497360949013,1.1372159625595029,0.11898058098905621,0.04191574030085247,12.634804551095735,Дээд STR регим
2020-2991-3,7.951879382366177,15,5,25,1,0,0,84,post1995,2020,18.259557344064383,1.156224626385717,0.14281705749961063,0.050634843812215086,15.351875475663324,Доод STR регим
2020-2995-2,8.229511118964457,15,10,30,0,0,0,84,1990_1994,2020,24.03426396251548,1.142398578218381,0.10640428789263913,0.028812517390685112,11.227146350514005,Дээд STR регим
2020-3023-3,7.287244900687041,16,9,25,1,0,0,84,post1995,2020,18.259557344064383,1.156224626385717,0.14281705749961063,0.050634843812215086,15.351875475663324,Доод STR регим
2020-3099-2,8.214243646833667,16,10,27,1,0,1,85,1990_1994,2020,19.53062264661216,1.422535999053971,0.1582500551812634,0.018289344588781536,17.145908750093074,Доод STR регим
2020-3235-2,7.741158351050524,14,12,32,0,1,1,11,1985_1989,2020,24.05297052132284,0.9257993949993928,0.10206364871300275,0.027113405469308585,10.745395750385,Дээд STR регим
2020-3235-3,7.911057387845922,10,12,30,0,1,1,11,1990_1994,2020,21.68181991784634,0.9717695664298076,0.10517225244747734,0.02037979696882911,11.090194945561915,Дээд STR регим
2020-3237-3,8.28835161898739,8,11,31,1,1,1,11,1985_1989,2020,23.103916714538485,0.9478157109868292,0.10251912287842713,0.02723111543773622,10.7958489062713,Дээд STR регим
2020-3242-4,7.951879382366177,10,8,32,0,0,1,11,1985_1989,2020,24.05297052132284,0.9257993949993928,0.10668874539486228,0.03415078832152632,11.258790247202821,Дээд STR регим
2020-3247-3,8.628897180996239,14,16,31,0,1,1,11,1985_1989,2020,23.103916714538485,0.9478157109868292,0.09964134336923805,0.02123012395645937,10.477461227085506,Дээд STR регим
2020-3276-4,8.593733268538571,15,10,27,1,1,1,65,1990_1994,2020,19.751492179487045,1.715246341156099,0.14199542167993795,0.04253859809285372,15.257137168429157,Дээд STR регим
2020-3278-2,8.28835161898739,14,10,33,0,0,1,11,1985_1989,2020,25.242628873315546,0.9068776413462102,0.10873640334888346,0.03385802264708484,11.486843601956398,Дээд STR регим
2020-3295-2,7.536363938404511,12,10,26,0,0,1,11,1990_1994,2020,19.809893918706017,1.020533066128087,0.09667226030536082,0.03158130988418606,10.149930940939411,Дээд STR регим
2020-3327-3,8.045448917692719,10,10,28,0,0,1,11,1990_1994,2020,20.053299634997735,1.002709606891408,0.10409551305830358,0.04061302379753984,10.970644130998842,Дээд STR регим
2020-3328-4,7.697813920713381,11,4,37,1,1,1,11,1980_1984,2020,27.055429275776966,0.8984615384615384,0.11436863324811107,0.04170080864616057,12.11653475394019,Дээд STR регим
2020-3385-2,8.645026562926123,16,14,30,1,0,1,11,1990_1994,2020,21.68181991784634,0.9717695664298076,0.14214408626369257,0.04438499475546915,15.27427309647229,Дээд STR регим
2020-3445-3,8.065208067673181,12,14.5,27,0,0,1,11,1990_1994,2020,19.955776075935713,1.0130020360098193,0.10055542919463929,0.03183963871394904,10.57849327736724,Дээд STR регим
2020-3454-3,8.016417903503749,8,10.5,32,0,0,1,64,1985_1989,2020,25.684682760094,1.5238181228837382,0.0730194308953912,0.03741032609193208,7.575143952531294,Дээд STR регим
2020-3461-4,8.334871634622283,14,11,25,1,1,1,11,post1995,2020,19.576272791230142,1.0380060250036154,0.17636541997867564,0.0612649629264195,19.28738789645088,Дээд STR регим
2020-3484-3,7.661527081358517,14,7,26,0,0,1,11,1990_1994,2020,19.809893918706017,1.020533066128087,0.09667226030536082,0.03158130988418606,10.149930940939411,Дээд STR регим
2020-3488-2,7.602503740909056,8,8,33,0,0,1,11,1985_1989,2020,25.242628873315546,0.9068776413462102,0.10873640334888346,0.03385802264708484,11.486843601956398,Дээд STR регим
2020-3490-2,9.07680897935166,8,8,34,0,0,1,21,1985_1989,2020,24.51685905974052,1.508592854975703,0.12469557635466598,0.030310434333480556,13.280354838527298,Дээд STR регим
2020-3495-2,8.477972478262956,10,14,30,1,1,1,64,1990_1994,2020,24.396746650467417,1.5240735280602395,0.10048165854780482,0.0644046986244818,10.57033613127485,Дээд STR регим
2020-3516-4,7.7440033031827555,10,10,37,0,0,1,11,1980_1984,2020,27.055429275776966,0.8984615384615384,0.10819243346178001,0.03390329620188936,11.426214607897256,Дээд STR регим
2020-3524-3,8.740336742730447,14,14,26,0,0,1,11,1990_1994,2020,19.809893918706017,1.020533066128087,0.09667226030536082,0.03158130988418606,10.149930940939411,Дээд STR регим
2020-3535-3,8.539666047268296,14,12,32,1,1,1,11,1985_1989,2020,24.05297052132284,0.9257993949993928,0.09732802709440504,0.01795650359247185,10.22218729653579,Дээд STR регим
2020-3541-2,8.517193191416238,14,12,25,1,0,1,67,post1995,2020,22.50261913823421,1.27399991744335,0.1400761739379921,0.022146188119291615,15.036142307955402,Дээд STR регим
2020-3549-3,8.159518747144421,10,10,30,0,0,1,61,1990_1994,2020,20.464542584215724,0.7836800001583974,0.09117880180691713,0.03328469064152212,9.546485884463163,Дээд STR регим
2020-3553-3,8.622553707074063,10,6,31,0,0,1,48,1985_1989,2020,22.97225470394387,1.9511383770098105,0.07718837264965674,0.03794877341692593,8.02455459437188,Дээд STR регим
2020-3560-3,8.44435586746397,14,10,25,0,0,1,11,post1995,2020,19.576272791230142,1.0380060250036154,0.08578821440904322,0.04058044295752801,8.95755474667508,Дээд STR регим
2020-3571-3,8.28835161898739,15,8,25,1,0,1,23,post1995,2020,17.768879004448,1.8111997490729808,0.17455848175560584,0.08479192651355967,19.072037576686384,Доод STR регим
2020-3593-3,8.827348119720076,16,13.5,27,1,0,1,62,1990_1994,2020,23.021184542973273,1.2763711348688822,0.14731456491895895,0.022195029349668764,15.871839786656384,Дээд STR регим
2020-3596-3,8.827348119720076,14,14,32,1,1,1,11,1985_1989,2020,24.05297052132284,0.9257993949993928,0.09732802709440504,0.01795650359247185,10.22218729653579,Дээд STR регим
2020-3598-3,8.13420093916013,14,11,25,1,0,1,11,post1995,2020,19.576272791230142,1.0380060250036154,0.17009983978450616,0.04304755800894961,18.542319780904105,Дээд STR регим
2020-3610-3,8.827348119720076,16,12,25,1,0,1,11,post1995,2020,19.576272791230142,1.0380060250036154,0.17009983978450616,0.04304755800894961,18.542319780904105,Дээд STR регим
2020-3615-2,7.951879382366177,15,10,25,0,0,1,11,post1995,2020,19.576272791230142,1.0380060250036154,0.08578821440904322,0.04058044295752801,8.95755474667508,Дээд STR регим
2020-3621-3,8.539666047268296,10,8,37,0,1,1,11,1980_1984,2020,27.055429275776966,0.8984615384615384,0.1054899740598386,0.03370718302515618,11.125496309123651,Дээд STR регим
2020-3654-3,7.3777589082278725,10,10,35,1,0,1,11,1985_1989,2020,26.638652277373453,0.8899269756791881,0.11536726746348507,0.042167921644595124,12.22855408551382,Дээд STR регим
2020-3669-2,8.932708635377903,10,10,30,0,1,1,11,1990_1994,2020,21.68181991784634,0.9717695664298076,0.10517225244747734,0.02037979696882911,11.090194945561915,Дээд STR регим
2020-3680-3,8.111728083308073,13,10,25,0,0,1,81,post1995,2020,16.428311072925617,1.9027011095614204,0.06636096461804407,0.025220813348021044,6.8612378815857245,Доод STR регим
2020-3684-4,8.421883011611913,14,10,34,1,0,1,81,1985_1989,2020,23.84041184041184,1.9981593038821952,0.07033720417005145,0.022971427852339847,7.286989646786135,Дээд STR регим
2020-3699-3,9.461654800257088,18,9,34,1,1,1,65,1985_1989,2020,26.578366445916117,1.7136271529888552,0.10591172533623337,0.015472843948839089,11.172373513597588,Дээд STR регим
2020-3701-4,7.379360189594847,11,10,27,0,0,1,46,1990_1994,2020,19.774011299435028,1.7054078539555662,0.06568344546493278,0.020595766760698218,6.788861867032381,Дээд STR регим
2020-3705-3,8.495214284697463,14,14,32,0,0,1,81,1985_1989,2020,22.657861467828866,1.9224582260299612,0.040940808242807686,0.02976485453769103,4.179043831373175,Дээд STR регим
2020-3730-3,7.951879382366177,12,12,33,1,1,1,11,1985_1989,2020,25.242628873315546,0.9068776413462102,0.09783783175157786,0.029963596609982063,10.278393406794372,Дээд STR регим
2020-3740-3,7.3232707229438025,12,11,27,1,1,1,67,1990_1994,2020,23.611474289672746,1.261268414785817,0.16423524555346666,0.046755146292498814,17.849151737540225,Дээд STR регим
2020-3743-3,8.047189562170502,14,11.5,26,0,0,1,11,1990_1994,2020,19.809893918706017,1.020533066128087,0.09667226030536082,0.03158130988418606,10.149930940939411,Дээд STR регим
2020-3752-3,7.97819669068355,2,6,29,0,0,1,81,1990_1994,2020,19.40162620247366,1.8979622387424306,0.06394722639425107,0.03356099308172408,6.603613870609704,Доод STR регим
2020-3758-3,7.7440033031827555,14,8,34,1,0,1,11,1985_1989,2020,26.356786375059315,0.8938341206482799,0.12067480319037335,0.027387770955661594,12.825794681782398,Дээд STR регим
2020-3760-3,8.254828926948747,15,10,30,1,1,1,11,1990_1994,2020,21.68181991784634,0.9717695664298076,0.15160340061286373,0.038984162162460125,16.369862273971926,Дээд STR регим
2020-3773-3,8.468403027246806,16,13,26,1,0,1,11,1990_1994,2020,19.809893918706017,1.020533066128087,0.15827456296349723,0.02848884320661511,17.148779771695356,Дээд STR регим
2020-3779-3,8.421883011611913,15,9,25,0,1,1,11,post1995,2020,19.576272791230142,1.0380060250036154,0.08437808544154703,0.03818745599779201,8.804018820669368,Дээд STR регим
2020-3782-3,8.66029403505691,11,10,28,0,0,1,11,1990_1994,2020,20.053299634997735,1.002709606891408,0.10409551305830358,0.04061302379753984,10.970644130998842,Дээд STR регим
2020-3786-3,8.121297534324224,15,10,26,0,0,1,62,1990_1994,2020,22.641658752769864,1.2798553584782935,0.12382166249816084,0.03902296861478975,13.181400811709487,Дээд STR регим
2020-3789-3,9.270964993792617,15,14,26,1,0,1,11,1990_1994,2020,19.809893918706017,1.020533066128087,0.15827456296349723,0.02848884320661511,17.148779771695356,Дээд STR регим
2020-3804-2,7.561681746388801,12,14,28,0,0,1,11,1990_1994,2020,20.053299634997735,1.002709606891408,0.10409551305830358,0.04061302379753984,10.970644130998842,Дээд STR регим
2020-3814-3,7.888584531993863,8,13.5,31,1,1,1,11,1985_1989,2020,23.103916714538485,0.9478157109868292,0.10251912287842713,0.02723111543773622,10.7958489062713,Дээд STR регим
2020-3822-3,8.28835161898739,12,13,26,0,0,1,11,1990_1994,2020,19.809893918706017,1.020533066128087,0.09667226030536082,0.03158130988418606,10.149930940939411,Дээд STR регим
2020-3826-3,8.047189562170502,15,10,27,0,0,1,11,1990_1994,2020,19.955776075935713,1.0130020360098193,0.10055542919463929,0.03183963871394904,10.57849327736724,Дээд STR регим
2020-3826-4,7.967146854496965,11,10,25,0,0,1,11,post1995,2020,19.576272791230142,1.0380060250036154,0.08578821440904322,0.04058044295752801,8.95755474667508,Дээд STR регим
2020-3848-3,8.827348119720076,16,15,34,0,1,1,11,1985_1989,2020,26.356786375059315,0.8938341206482799,0.1117259184988634,0.03140157204970706,11.820633896903843,Дээд STR регим
2020-3849-3,8.175022933680387,14,13.5,31,1,1,1,11,1985_1989,2020,23.103916714538485,0.9478157109868292,0.10251912287842713,0.02723111543773622,10.7958489062713,Дээд STR регим
2020-3860-3,8.421883011611913,14,14,30,0,1,1,11,1990_1994,2020,21.68181991784634,0.9717695664298076,0.10517225244747734,0.02037979696882911,11.090194945561915,Дээд STR регим
2020-3863-2,8.981498799547335,15,14,29,0,1,1,11,1990_1994,2020,20.583862976361644,0.9881194944841533,0.09938662072798622,0.04455619642606552,10.449323700147684,Дээд STR регим
2020-3865-2,8.421883011611913,15,14,25,1,0,1,11,post1995,2020,19.576272791230142,1.0380060250036154,0.17009983978450616,0.04304755800894961,18.542319780904105,Дээд STR регим
2020-3866-4,8.28835161898739,16,13,26,1,1,1,11,1990_1994,2020,19.809893918706017,1.020533066128087,0.16524698929996534,0.03864504907749573,17.968445216880745,Дээд STR регим
2020-3869-2,8.907390827393613,15,10,27,0,0,1,67,1990_1994,2020,23.611474289672746,1.261268414785817,0.1311233573155071,0.030711216583098312,14.010841335107461,Дээд STR регим
2020-3872-2,8.13420093916013,17,14,31,1,0,1,11,1985_1989,2020,23.103916714538485,0.9478157109868292,0.10221578016311227,0.02299228987690826,10.762244889642968,Дээд STR регим
2020-3875-3,8.28835161898739,14,14,32,0,1,1,48,1985_1989,2020,25.341764036681102,1.9564627866461257,0.08751838105816004,0.044785342540778095,9.1462326491073,Дээд STR регим
2020-3876-2,8.28835161898739,15,14,30,0,0,1,84,1990_1994,2020,24.03426396251548,1.142398578218381,0.1080899326982963,0.016451535134643633,11.41479392115241,Дээд STR регим
2020-3886-3,7.898153983010014,14,10,25,1,0,1,11,post1995,2020,19.576272791230142,1.0380060250036154,0.17009983978450616,0.04304755800894961,18.542319780904105,Дээд STR регим
2020-3901-2,8.932708635377903,12,11,27,0,1,1,11,1990_1994,2020,19.955776075935713,1.0130020360098193,0.0969906895387384,0.03365351553398411,10.185011484044338,Дээд STR регим
2020-3902-2,7.849363818840582,11,10,28,1,1,1,11,1990_1994,2020,20.053299634997735,1.002709606891408,0.1576342836293854,0.07433899271622123,17.07379583688473,Дээд STR регим
2020-3914-2,7.7440033031827555,8,8,34,0,0,1,11,1985_1989,2020,26.356786375059315,0.8938341206482799,0.11799004189446828,0.03957740766032223,12.523290612352401,Дээд STR регим
2020-3915-3,8.13420093916013,14,12.5,32,0,0,1,41,1985_1989,2020,22.378024889129296,1.8808625307181825,0.0478544718562131,0.04355859975592945,4.9017982575845664,Дээд STR регим
2020-3946-2,8.573282658067281,8,15,32,1,0,1,11,1985_1989,2020,24.05297052132284,0.9257993949993928,0.0993864614172603,0.017484485176444353,10.449306104387146,Дээд STR регим
2020-3968-8,8.150948796461355,10,10,29,0,1,1,11,1990_1994,2020,20.583862976361644,0.9881194944841533,0.09938662072798622,0.04455619642606552,10.449323700147684,Дээд STR регим
2020-3969-3,7.783224016336037,14,11.5,35,1,0,1,45,1985_1989,2020,24.750235106801995,0.9229524052683853,0.1100147581491055,0.03089889849250541,11.629454477864321,Дээд STR регим
2020-3969-4,8.254828926948747,15,11.5,30,1,0,1,45,1990_1994,2020,20.027369080797733,1.1055629749860185,0.16015943168271557,0.015050688252831283,17.369798071987063,Дээд STR регим
2020-3969-5,8.334871634622283,12,11.5,32,0,0,1,45,1985_1989,2020,23.884039249458493,1.0282947473008386,0.10011461770197601,0.023911643819261762,10.529759748628088,Дээд STR регим
2020-3980-2,8.254828926948747,12,12,26,0,1,1,11,1990_1994,2020,19.809893918706017,1.020533066128087,0.09680369692862635,0.03168534168627032,10.16440962740921,Дээд STR регим
2020-3988-3,8.827348119720076,14,10,25,1,0,1,23,post1995,2020,17.768879004448,1.8111997490729808,0.17455848175560584,0.08479192651355967,19.072037576686384,Доод STR регим
2020-3989-2,8.14946841129092,10,14,27,0,1,1,43,1990_1994,2020,38.51660939289805,1.5758250358264287,0.10187967725937945,0.02074242278200331,10.725023632948204,Дээд STR регим
2020-4001-4,8.517193191416238,11,10,25,0,0,1,65,post1995,2020,18.417767093843562,1.7257175616071245,0.08696268586373461,0.07981096238897635,9.085597461036187,Доод STR регим
2020-4002-3,8.006367567650246,10,10,34,0,0,1,61,1985_1989,2020,25.558935090569864,0.8213275082559915,0.10654021234534886,0.03521683379575663,11.24226586704089,Дээд STR регим
2020-4004-3,7.864868005376548,10,9,32,1,0,1,11,1985_1989,2020,24.05297052132284,0.9257993949993928,0.0993864614172603,0.017484485176444353,10.449306104387146,Дээд STR регим
2020-4019-3,8.28835161898739,14,12,33,0,1,1,11,1985_1989,2020,25.242628873315546,0.9068776413462102,0.10038494434275448,0.029139648040625507,10.559642926214519,Дээд STR регим
2020-4028-3,7.459402897268383,10,10,31,0,1,1,11,1985_1989,2020,23.103916714538485,0.9478157109868292,0.09964134336923805,0.02123012395645937,10.477461227085506,Дээд STR регим
2020-4030-2,8.740336742730447,17,16,25,1,0,1,11,post1995,2020,19.576272791230142,1.0380060250036154,0.17009983978450616,0.04304755800894961,18.542319780904105,Дээд STR регим
2020-4046-2,8.421883011611913,12,14,29,0,0,1,11,1990_1994,2020,20.583862976361644,0.9881194944841533,0.09887554035234833,0.03629166217187765,10.392889640700599,Дээд STR регим
2020-4046-4,8.477972478262956,14,14,31,1,1,1,11,1985_1989,2020,23.103916714538485,0.9478157109868292,0.10251912287842713,0.02723111543773622,10.7958489062713,Дээд STR регим
2020-4049-4,7.287244900687041,10,3,33,1,0,1,11,1985_1989,2020,25.242628873315546,0.9068776413462102,0.10312872530639688,0.022454740234221504,10.863410915663763,Дээд STR регим
2020-4050-3,7.951879382366177,10,9.5,26,1,1,1,85,1990_1994,2020,18.567897570261806,1.4376811720383327,0.16257862698456613,0.035456513069359964,17.654082266908432,Доод STR регим
2020-4051-3,7.7440033031827555,14,10,26,1,0,1,81,1990_1994,2020,16.789311552521923,1.9021509637727863,0.19229493983268792,0.04172282805249536,21.20279395709379,Доод STR регим
2020-4062-3,7.846518866708351,14,10.5,34,1,0,1,11,1985_1989,2020,26.356786375059315,0.8938341206482799,0.12067480319037335,0.027387770955661594,12.825794681782398,Дээд STR регим
2020-4076-2,7.951879382366177,12,10,26,0,0,1,11,1990_1994,2020,19.809893918706017,1.020533066128087,0.09667226030536082,0.03158130988418606,10.149930940939411,Дээд STR регим
2020-4087-5,8.901456091873799,16,12,28,0,0,1,11,1990_1994,2020,20.053299634997735,1.002709606891408,0.10409551305830358,0.04061302379753984,10.970644130998842,Дээд STR регим
2020-4096-2,8.214243646833667,15,12,30,1,0,1,11,1990_1994,2020,21.68181991784634,0.9717695664298076,0.14214408626369257,0.04438499475546915,15.27427309647229,Дээд STR регим
2020-4106-3,8.740336742730447,16,8,31,1,0,1,64,1985_1989,2020,25.955434641792976,1.5293441053289185,0.10065564933770543,0.04279484897029338,10.589576025131532,Дээд STR регим
2020-4106-4,9.251162366496438,16,8,29,0,0,1,64,1990_1994,2020,22.131188589857874,1.531098867975945,0.08100624747515034,0.02244585774980432,8.437767116815253,Дээд STR регим
2020-4161-2,7.846518866708351,14,7,34,1,1,1,21,1985_1989,2020,24.51685905974052,1.508592854975703,0.0890412475786308,0.026236120659521477,9.312574418652787,Дээд STR регим
2020-4181-3,8.180720954795024,16,8,28,1,0,0,21,1990_1994,2020,17.503120926731654,1.5723337356047673,0.13248977354846975,0.024150296635439723,14.166734082376188,Доод STR регим
2020-4181-5,8.12415060330663,11,8,27,0,0,0,21,1990_1994,2020,17.316872272435916,1.598225473926412,0.09618282626490947,0.048814829639385805,10.096033006001504,Доод STR регим
2020-4216-4,8.740336742730447,13,11,28,0,0,0,21,1990_1994,2020,17.503120926731654,1.5723337356047673,0.08056853392531009,0.027276687193483917,8.390312823285084,Доод STR регим
2020-4240-3,8.421883011611913,15,8,27,0,0,0,21,1990_1994,2020,17.316872272435916,1.598225473926412,0.09618282626490947,0.048814829639385805,10.096033006001504,Доод STR регим
2020-4259-2,8.03118922082406,14,10,34,1,0,0,21,1985_1989,2020,24.51685905974052,1.508592854975703,0.09337313869816022,0.023025179149650504,9.78713171219281,Дээд STR регим
2020-4297-3,8.13420093916013,14,10,36,1,1,1,22,1980_1984,2020,25.026490066225165,1.402948402948403,0.09022282374136992,0.02538509654121193,9.441811887794005,Дээд STR регим
2020-4304-2,7.766887597016344,10,11,37,0,1,1,44,1980_1984,2020,25.2375337309236,1.8095238095238095,0.06717876393381843,0.02267108276390295,6.948664672720506,Дээд STR регим
2020-4308-2,7.641724454062338,11,0,30,0,1,1,22,1990_1994,2020,21.916810097532988,1.2976546099921047,0.093787776124398,0.020674024285347085,9.832663004756647,Дээд STR регим
2020-4310-3,8.535211696918916,14,12.5,26,0,0,1,22,1990_1994,2020,19.688758420834745,1.336089646840503,0.11752022144663582,0.049352466095682446,12.470437286324177,Дээд STR регим
2020-4329-3,8.159164517745928,14,9,31,0,0,1,22,1985_1989,2020,23.19569337641627,1.2934004645168933,0.09285711296375974,0.028994885805298996,9.730493341608515,Дээд STR регим
2020-4337-3,8.352331948650797,15,12.5,26,1,1,0,22,1990_1994,2020,19.688758420834745,1.336089646840503,0.17455174700483578,0.03961403431324616,19.071235658889997,Дээд STR регим
2020-4420-3,7.986280809083509,16,11.5,26,1,0,0,22,1990_1994,2020,19.688758420834745,1.336089646840503,0.1696759953342476,0.030859790933458232,18.49208692275528,Дээд STR регим
2020-4425-3,7.278129067279031,11,9.5,25,1,0,0,22,post1995,2020,19.300045599635204,1.3398775256283817,0.19315982574425627,0.07344782162472051,21.307665890621653,Доод STR регим
2020-4439-3,8.180720954795024,16,10.5,27,1,0,1,23,1990_1994,2020,18.767149133446537,1.80994006260955,0.13597720565592775,0.028398226426447938,14.565577882521751,Доод STR регим
2020-4449-2,7.801056492631593,12,6,29,1,0,1,23,1990_1994,2020,20.368875283599273,1.8135108907172597,0.10769666075953567,0.04721815757380824,11.37098622387407,Дээд STR регим
2020-4561-2,8.52902764906324,15,10,28,1,1,0,23,1990_1994,2020,19.681092974654995,1.8078354773212093,0.12381587687030142,0.07510250312319057,13.180745988138076,Дээд STR регим
2020-4567-2,7.951879382366177,10,10,25,0,0,0,23,post1995,2020,17.768879004448,1.8111997490729808,0.05690212768538135,0.021540487576462406,5.85522023712135,Доод STR регим
2020-4577-9,8.383661798791715,8,9,26,0,0,0,42,1990_1994,2020,3.785821276315573,1.4578544061302683,0.08080867540155963,0.052456922256090166,8.416344958590226,Доод STR регим
2020-4592-3,8.645026562926123,15,11,35,1,0,1,41,1985_1989,2020,25.028482992525273,2.0649267769051614,0.07322714045667535,0.028022362658774305,7.597490659218731,Дээд STR регим
2020-4602-3,8.645026562926123,14,15,34,1,1,1,11,1985_1989,2020,26.356786375059315,0.8938341206482799,0.1161502637096816,0.028734835518455366,12.316463033775804,Дээд STR регим
2020-4606-2,8.517193191416238,11,4,32,0,1,1,41,1985_1989,2020,22.378024889129296,1.8808625307181825,0.05587597016393858,0.032910805386732536,5.746651820366644,Дээд STR регим
2020-4676-3,7.600902459542082,10,10,25,1,0,0,41,post1995,2020,22.899363019844948,2.0404973746192026,0.12122934100521561,0.04241229780473176,12.888378202283658,Дээд STR регим
2020-4694-3,6.725433722188183,9,8,28,0,0,0,41,1990_1994,2020,22.945585650503684,1.985115445314791,0.058958507274413055,0.038475807608075174,6.073122719731283,Дээд STR регим
2020-4746-3,7.759507489718721,13,14.5,30,0,0,1,64,1990_1994,2020,24.396746650467417,1.5240735280602395,0.06958218250476532,0.021455141032522735,7.206016217392874,Дээд STR регим
2020-4776-3,8.286081470452851,13,13,35,0,1,0,85,1985_1989,2020,25.65013142938335,1.5096648049947532,0.08690369326993218,0.016351935540190397,9.079162408507568,Дээд STR регим
2020-4791-3,9.199869072108887,8,13,32,0,1,0,11,1985_1989,2020,24.05297052132284,0.9257993949993928,0.09486240921991852,0.03254693706065203,9.95075626148687,Дээд STR регим
2020-4846-3,8.047189562170502,14,10.5,25,0,0,1,43,post1995,2020,36.541956723020476,1.6433664957460496,0.10924398378558271,0.025661543860210037,11.543446506766397,Дээд STR регим
2020-4905-2,7.824046010856292,8,10,35,0,0,0,43,1985_1989,2020,25.622336367072087,1.475591263726857,0.10581518808426017,0.021770132680724887,11.161641756178753,Дээд STR регим
2020-4975-3,7.733999730171508,12,8,28,1,0,1,21,1990_1994,2020,17.503120926731654,1.5723337356047673,0.1361583293178478,0.0213057571764545,14.586330298837913,Доод STR регим
2020-4976-3,9.452902009147493,14,10,25,0,0,1,44,post1995,2020,65.10487796337151,1.7835271012483687,0.08706532614722731,0.021862450786495017,9.096794612314119,Дээд STR регим
2020-4995-3,8.421883011611913,14,1,33,1,0,1,44,1985_1989,2020,27.191257072135784,1.728430976585988,0.09186777460949515,0.01991696516235177,9.62198643978358,Дээд STR регим
2020-5008-3,7.8684977734271255,14,14,26,1,1,1,11,1990_1994,2020,19.809893918706017,1.020533066128087,0.16524698929996534,0.03864504907749573,17.968445216880745,Дээд STR регим
2020-5068-2,8.468403027246806,14,8,29,1,0,0,42,1990_1994,2020,18.153409090909093,1.4559386973180077,0.1443269818765665,0.04013719435532012,15.526179644312288,Доод STR регим
2020-5086-3,8.368394326660926,12,9.5,27,0,0,0,44,1990_1994,2020,65.76839826839827,1.7682164667814524,0.0938390167253287,0.02321570019314145,9.838291040601565,Дээд STR регим
2020-5088-5,8.334871634622283,12,8,26,0,0,0,44,1990_1994,2020,64.9016480595428,1.773770293326423,0.095280803895006,0.022246663440165407,9.996768697436377,Дээд STR регим
2020-5131-3,7.418580902748128,10,9,28,0,0,1,43,1990_1994,2020,29.527604527604524,1.5482223542238862,0.09600196131402255,0.019171881103433132,10.076122293028366,Дээд STR регим
2020-5132-5,7.572731582575386,12,11.5,33,0,1,1,45,1985_1989,2020,24.17985822406993,1.0061055954951834,0.12335520263610278,0.030638286663917106,13.128618542461389,Дээд STR регим
2020-5176-3,7.97819669068355,14,13,35,0,1,1,45,1985_1989,2020,24.750235106801995,0.9229524052683853,0.10382436316949864,0.018902478404330108,10.940558532219802,Дээд STR регим
2020-5185-3,7.561681746388801,14,10,31,1,0,1,64,1985_1989,2020,25.955434641792976,1.5293441053289185,0.10065564933770543,0.04279484897029338,10.589576025131532,Дээд STR регим
2020-5256-3,8.329173613507646,14,11.5,31,1,0,0,45,1985_1989,2020,21.79364858059656,1.0623909727995553,0.15228826843779997,0.025831963488717368,16.449587545956224,Дээд STR регим
2020-5301-8,9.790158867229126,14,10,28,0,0,1,46,1990_1994,2020,20.283045253677912,1.7045200679225514,0.07495224511310683,0.03070978612989757,7.783267787797565,Дээд STR регим
2020-5306-2,9.40449638641714,13,5,31,1,1,1,46,1985_1989,2020,24.43411708847694,1.711715043945561,0.11662250250287626,0.04271687500943789,12.369515750524297,Дээд STR регим
2020-5515-3,7.195437351433918,8,5,33,0,0,0,48,1985_1989,2020,27.032177998404396,1.9788233051403994,0.10530732326486807,0.019565401474555447,11.105201002414677,Дээд STR регим
2020-5529-2,8.28835161898739,14,8,25,1,1,0,48,post1995,2020,7.548044159738312,2.028163836574253,0.1936243036345038,0.11542776570926076,21.364023706811942,Доод STR регим
2020-5539-3,8.334871634622283,14,9,26,0,0,0,48,1990_1994,2020,7.789204812798279,2.0069697528801695,0.1253842314488112,0.07405379198668058,13.358392799489005,Доод STR регим
2020-5567-3,7.864868005376548,14,4,27,1,0,0,48,1990_1994,2020,8.069816204483619,1.9898650075765931,0.18403497776038533,0.04849605563393949,20.20578676530491,Доод STR регим
2020-5570-2,7.824046010856292,5,8,35,1,0,0,48,1985_1989,2020,25.986036966585534,2.0620017766556797,0.09003583321571998,0.021638164916542756,9.421349219083242,Дээд STR регим
2020-5607-3,8.907390827393613,10,10,26,0,0,1,61,1990_1994,2020,12.661237607582525,0.8376698108441282,0.10910450266856261,0.027363938841470984,11.527889387238787,Доод STR регим
2020-5609-2,8.535542330084434,16,14,30,1,1,1,61,1990_1994,2020,20.464542584215724,0.7836800001583974,0.1499803272249685,0.023513755343932356,16.181138644942592,Дээд STR регим
2020-5627-2,8.483291639740557,14,12,37,0,1,1,61,1980_1984,2020,25.362207922029242,0.9693877551020408,0.08975064161678227,0.015269668039569343,9.390147618970124,Дээд STR регим
2020-5661-3,8.941007438192598,14,11,25,0,0,1,84,post1995,2020,18.259557344064383,1.156224626385717,0.0916121061116436,0.022513956641195217,9.59396313366996,Доод STR регим
2020-5661-4,8.558015185936492,10,11,27,1,1,1,61,1990_1994,2020,13.459406642133894,0.8203151183234645,0.1588108801715973,0.04860548334971627,17.211625529319075,Доод STR регим
2020-5666-3,7.600902459542082,10,10,28,0,0,1,61,1990_1994,2020,16.53521818100174,0.8028991163436562,0.09776453049061005,0.024432815505714453,10.270310157759965,Доод STR регим
2020-5667-3,7.824046010856292,14,8,27,1,0,1,67,1990_1994,2020,23.611474289672746,1.261268414785817,0.16435868653407448,0.036749459811333034,17.86370005030504,Дээд STR регим
2020-5679-3,8.294049640102028,12,10,30,1,0,1,45,1990_1994,2020,20.027369080797733,1.1055629749860185,0.16015943168271557,0.015050688252831283,17.369798071987063,Дээд STR регим
2020-5688-4,7.082108666126914,8,8,34,0,0,1,63,1985_1989,2020,24.95433484807984,1.8612856339084771,0.08731199402693794,0.05475511237466399,9.123708606596859,Дээд STR регим
2020-5727-3,7.706262975199909,10,10,25,0,0,1,61,post1995,2020,12.14290593978759,0.8560938471253072,0.09682185130764281,0.054726885410697666,10.166409612009897,Доод STR регим
2020-5727-4,8.959025943695277,10,10,27,1,0,1,61,1990_1994,2020,13.459406642133894,0.8203151183234645,0.16336831357299877,0.03716167126721042,17.747028812238952,Доод STR регим
2020-5743-4,7.951879382366177,14,12,26,1,0,1,62,1990_1994,2020,22.641658752769864,1.2798553584782935,0.14430248921574124,0.0221787866928182,15.52335013542907,Дээд STR регим
2020-5747-2,8.2170885989659,11,14,28,0,0,1,62,1990_1994,2020,22.64614036983738,1.2724293009873493,0.11982282969819273,0.04647663362389022,12.729711031652702,Дээд STR регим
2020-5749-3,8.006367567650246,10,4.5,33,1,0,1,62,1985_1989,2020,27.751495961574584,1.3752830541224506,0.10744544879316721,0.04784957940040537,11.3430120133037,Дээд STR регим
2020-5764-3,8.411832675758411,8,11,27,0,1,1,62,1990_1994,2020,23.021184542973273,1.2763711348688822,0.12312928774700932,0.05091122327155858,13.103063989835718,Дээд STR регим
2020-5779-5,8.13420093916013,16,10,29,1,0,1,62,1990_1994,2020,22.613297995481652,1.273163358340374,0.14169168043163735,0.04188250783470714,15.222134137911269,Дээд STR регим
2020-5830-3,8.517193191416238,11,11,26,0,1,0,62,1990_1994,2020,22.641658752769864,1.2798553584782935,0.11806979028533174,0.047471683057859586,12.53226452153604,Дээд STR регим
2020-5838-2,7.313220387090301,11,11,27,1,0,0,62,1990_1994,2020,23.021184542973273,1.2763711348688822,0.146918035196411,0.026466072341744154,15.825902266572633,Дээд STR регим
2020-5846-5,7.971682009662357,15,6,27,1,0,0,62,1990_1994,2020,23.021184542973273,1.2763711348688822,0.146918035196411,0.026466072341744154,15.825902266572633,Дээд STR регим
2020-5932-3,8.245259475932595,12,10,31,1,0,1,63,1985_1989,2020,21.61380410931578,1.899431544091039,0.07385979353969235,0.04464681631909707,7.66558408089455,Дээд STR регим
2020-5952-3,8.52902764906324,16,10,31,1,0,1,63,1985_1989,2020,21.61380410931578,1.899431544091039,0.07385979353969235,0.04464681631909707,7.66558408089455,Дээд STR регим
2020-5978-3,8.28835161898739,16,8,25,1,0,0,63,post1995,2020,16.416426710544357,2.0695101745503472,0.17879997339694514,0.11561103638077351,19.578153212642825,Доод STR регим
2020-6086-3,7.784825297703011,14,10,26,1,0,1,64,1990_1994,2020,18.755652016639537,1.5780182719423008,0.1659149063516859,0.024315597408591336,18.047264672505058,Доод STR регим
2020-6097-3,8.214243646833667,14,14,28,0,0,1,64,1990_1994,2020,20.88054748834685,1.5492596994103947,0.08982680005763714,0.047148285410823866,9.398478919303077,Дээд STR регим
2020-6097-4,8.214243646833667,15,14,26,0,0,1,64,1990_1994,2020,18.755652016639537,1.5780182719423008,0.1067056753078052,0.05154461284936809,11.260673864780536,Доод STR регим
2020-6099-2,7.728735831051967,10,8,25,0,0,1,64,post1995,2020,17.98503388251919,1.5935576444826665,0.09893330682922832,0.04586388277441418,10.399266833199938,Доод STR регим
2020-6116-3,7.013115794639964,15,11,27,1,0,1,64,1990_1994,2020,19.74301952063257,1.561694864157441,0.1484973371736819,0.017917239154389537,16.00897086529065,Дээд STR регим
2020-6122-4,8.13420093916013,8,4,32,0,0,1,64,1985_1989,2020,25.684682760094,1.5238181228837382,0.0730194308953912,0.03741032609193208,7.575143952531294,Дээд STR регим
2020-6187-3,7.93353024369798,12,9,25,1,0,0,64,post1995,2020,17.98503388251919,1.5935576444826665,0.21614032646128997,0.05905857523637878,24.127655072578058,Доод STR регим
2020-6197-4,8.470673175781345,14,10,35,1,0,0,64,1985_1989,2020,26.353574366126665,1.5649192135350571,0.09174817476194745,0.026741647666009453,9.608876450909488,Дээд STR регим
2020-6230-2,8.211492613461779,9,10,26,0,1,1,65,1990_1994,2020,18.995397334847908,1.7185857418044381,0.09004318519531665,0.02647810616118803,9.422153685567359,Доод STR регим
2020-6234-3,8.037620111154352,10,11,32,0,0,1,65,1985_1989,2020,25.50634423444468,1.696732234651773,0.07297238361620413,0.03646208320510508,7.570082953754209,Дээд STR регим
2020-6245-2,8.111728083308073,10,8,32,0,0,1,65,1985_1989,2020,25.50634423444468,1.696732234651773,0.07297238361620413,0.03646208320510508,7.570082953754209,Дээд STR регим
2020-6245-3,8.031685375634536,10,8,29,0,0,1,65,1990_1994,2020,21.388195372389056,1.7054802444084523,0.06747735468644397,0.02046498384216077,6.98060332305297,Дээд STR регим
2020-6248-3,8.505217000369521,16,15,26,1,1,1,62,1990_1994,2020,22.641658752769864,1.2798553584782935,0.14157103460913648,0.029108874481131638,15.208233907287116,Дээд STR регим
2020-6258-2,6.933073086966427,5,11,29,0,0,1,65,1990_1994,2020,21.388195372389056,1.7054802444084523,0.06747735468644397,0.02046498384216077,6.98060332305297,Дээд STR регим
2020-6278-2,7.5280651355898165,12,4,30,1,0,1,65,1990_1994,2020,23.381040929967888,1.7062866341828098,0.11336576408467558,0.042510559528342706,12.00415290009107,Дээд STR регим
2020-6293-2,8.291204687969797,15,11,30,1,0,0,65,1990_1994,2020,23.381040929967888,1.7062866341828098,0.11701408019844126,0.03424548806831926,12.41352576266086,Дээд STR регим
2020-6312-3,8.421883011611913,17,15,28,1,0,0,65,1990_1994,2020,20.50788466683938,1.7081995467002802,0.10755039926831524,0.04103564670337398,11.354698128539864,Дээд STR регим
2020-6344-4,8.26076366246856,15,10.5,31,1,0,0,65,1985_1989,2020,24.924897627024734,1.7027891203847496,0.06322992199976234,0.03988097856178009,6.527174048499629,Дээд STR регим
2020-6386-2,7.766476159034815,10,10,28,1,0,1,67,1990_1994,2020,22.244230425038097,1.2561211249902675,0.15066888414137358,0.025179266908543763,16.261163519191,Дээд STR регим
2020-6388-2,7.846518866708351,14,10,31,0,1,1,67,1985_1989,2020,24.428783675825315,1.2739785626078253,0.0929381982553798,0.04367791386927958,9.739391231399864,Дээд STR регим
2020-6393-3,7.93353024369798,14,12,27,0,0,1,67,1990_1994,2020,23.611474289672746,1.261268414785817,0.1311233573155071,0.030711216583098312,14.010841335107461,Дээд STR регим
2020-6405-3,7.929406526514119,14,10,30,0,0,1,67,1990_1994,2020,22.472881852829083,1.2623327182966073,0.11365433158152212,0.01580528758476324,12.03647832193857,Дээд STR регим
2020-6414-3,8.111728083308073,14,10,28,0,1,1,67,1990_1994,2020,22.244230425038097,1.2561211249902675,0.11876587153622965,0.0353236334352287,12.610623389896203,Дээд STR регим
2020-6432-3,8.004381469678618,14,10,36,1,0,1,67,1980_1984,2020,25.20039607944888,1.3948924879774474,0.07650213134446728,0.03351047182451519,7.950449113063818,Дээд STR регим
2020-6512-2,7.951879382366177,14,10,26,1,0,0,67,1990_1994,2020,22.95030024405182,1.2723645727834134,0.15379583547831296,0.027276643877128935,16.6252755034342,Дээд STR регим
2020-6529-3,8.375362995977019,12,10,26,0,0,0,67,1990_1994,2020,22.95030024405182,1.2723645727834134,0.12291022542850925,0.0500037547291071,13.078290084022349,Дээд STR регим
2020-6530-2,7.5055922797377574,10,8,28,0,0,0,67,1990_1994,2020,22.244230425038097,1.2561211249902675,0.11327754170427295,0.04954377326194053,11.994272062969124,Дээд STR регим
2020-6540-3,7.969897887868855,14,12,29,1,0,0,67,1990_1994,2020,20.797932412475024,1.2557410294633167,0.15625322261381827,0.03550512447300464,16.912221379283498,Дээд STR регим
2020-6558-2,8.804875263868018,15,12,27,0,0,1,81,1990_1994,2020,17.47543188568052,1.8944596907623652,0.09695678286173963,0.05710538141518941,10.181275539786938,Доод STR регим
2020-6567-3,8.421883011611913,15,12,29,1,0,1,81,1990_1994,2020,19.40162620247366,1.8979622387424306,0.13944475124526465,0.05777570760114304,14.963528804537818,Доод STR регим
2020-6567-6,7.849363818840582,15,12,33,0,0,1,81,1985_1989,2020,23.40804774433093,1.9572230952796692,0.05844767049828015,0.03013058370755443,6.018950505444476,Дээд STR регим
2020-6574-3,8.421883011611913,16,11,31,1,0,1,81,1985_1989,2020,21.80021353021543,1.9141651622629692,0.08675904486517326,0.06733001337491912,9.063385422758152,Дээд STR регим
2020-6601-3,7.595204438427444,2,7.5,37,0,0,1,81,1980_1984,2020,22.61986301369863,2.048192771084337,0.05447976370010676,0.01665141354438647,5.599110684478248,Дээд STR регим
2020-6615-3,8.334871634622283,15,10,27,0,1,1,81,1990_1994,2020,17.47543188568052,1.8944596907623652,0.09150115160167134,0.03965270647689024,9.581803863769945,Доод STR регим
2020-6668-3,8.160518247477505,5,8,28,0,0,0,81,1990_1994,2020,18.482730502650128,1.8915979675309096,0.062321368714501536,0.02574483262757247,6.430432388679508,Доод STR регим
2020-6671-3,8.35511979545223,16,10,28,1,0,0,81,1990_1994,2020,18.482730502650128,1.8915979675309096,0.13262894391831778,0.019245374264918663,14.1826238146471,Доод STR регим
2020-6734-4,8.1886891244442,12,14,33,0,0,1,82,1985_1989,2020,27.743079861087516,2.1504448818897637,0.10451236748855944,0.03319168190709115,11.016912378525179,Дээд STR регим
2020-6734-6,7.783224016336037,14,14,28,0,0,1,82,1990_1994,2020,19.01048951048951,2.1394871211047777,0.068512655717668125,0.028722785549241237,7.091417805270139,Доод STR регим
2020-6770-3,7.706262975199909,0,8,25,0,0,1,82,post1995,2020,17.050691755270783,2.184474666884017,0.06333413891455326,0.02571053340954202,6.538276560445078,Доод STR регим
2020-6775-3,8.448200319929287,14,11.5,26,1,0,0,82,1990_1994,2020,17.783798133538447,2.167052275717396,0.18525902977514744,0.05453559522241749,20.353014989900807,Доод STR регим
2020-6792-3,8.229511118964457,14,9,27,0,0,0,82,1990_1994,2020,18.53477167993297,2.1519358159341286,0.0732460410854603,0.06771486174444277,7.59952433866673,Доод STR регим
2020-6800-3,8.111728083308073,10,10,28,1,0,0,82,1990_1994,2020,19.01048951048951,2.1394871211047777,0.11187361912310038,0.02352509176305909,11.837151094103127,Доод STR регим
2020-6824-2,8.0930895509177,14,8,31,1,0,0,82,1985_1989,2020,22.78229017359452,2.1077206196661087,0.06768882531379777,0.03603089705288505,7.003228970597997,Дээд STR регим
2020-6852-3,8.038890759355807,14,12,30,0,0,0,82,1990_1994,2020,20.801481127568085,2.12526329414583,0.06713514787573971,0.031058409797129614,6.944000095276692,Дээд STR регим
2020-6856-3,8.301255023823298,14,10,25,1,0,0,82,post1995,2020,17.050691755270783,2.184474666884017,0.21991820569904424,0.16502919774298147,24.597481278046995,Доод STR регим
2020-6866-3,7.418580902748128,10,7,25,0,0,0,82,post1995,2020,17.050691755270783,2.184474666884017,0.0462629121136214,0.022559260665965815,4.734973569495926,Доод STR регим
2020-6871-5,9.1764388203005,14,10,28,0,1,1,83,1990_1994,2020,18.277485226637772,1.7106890804719728,0.06705187058090101,0.02517315190752742,6.935094459073321,Доод STR регим
2020-6875-3,7.893038882343244,15,15.5,32,0,0,1,83,1985_1989,2020,21.68544732104054,1.6907061884609607,0.08102256125443692,0.026312889360828758,8.439536161044181,Дээд STR регим
2020-6891-3,7.1308988302963465,12,14,26,0,1,1,83,1990_1994,2020,16.891363669887163,1.7315434082303012,0.09054510198581946,0.0405213845676084,9.477088286901258,Доод STR регим
2020-6900-3,7.664197309914396,11,12.5,32,0,0,1,83,1985_1989,2020,21.68544732104054,1.6907061884609607,0.08102256125443692,0.026312889360828758,8.439536161044181,Дээд STR регим
2020-6908-2,8.214243646833667,15,14,25,0,1,1,83,post1995,2020,16.288445749652645,1.731268820895838,0.06858697596337081,0.0430602687014726,7.09937716152107,Доод STR регим
2020-6914-2,7.795875133889596,13,12,35,0,1,1,83,1985_1989,2020,23.442403324326165,1.76911278598309,0.07291146791755825,0.030901973665250083,7.563530446574984,Дээд STR регим
2020-6929-3,7.483119423885699,15,12.5,35,0,1,0,83,1985_1989,2020,23.442403324326165,1.76911278598309,0.06986618296525754,0.022021398229597016,7.2364670991937,Дээд STR регим
2020-6950-5,7.835345566110226,15,11,27,0,1,0,83,1990_1994,2020,17.54980127747731,1.7236671891437996,0.0842054464360608,0.03454194163186579,8.785236624383753,Доод STR регим
2020-6966-3,7.546414274258012,15,10,27,0,1,0,83,1990_1994,2020,17.54980127747731,1.7236671891437996,0.0842054464360608,0.03454194163186579,8.785236624383753,Доод STR регим
2020-6986-3,8.13420093916013,15,10.5,25,0,1,0,83,post1995,2020,16.288445749652645,1.731268820895838,0.05017869626914019,0.03813762673387617,5.1458971384583,Доод STR регим
2020-7003-3,7.122600027481652,15,5,26,1,0,0,83,1990_1994,2020,16.891363669887163,1.7315434082303012,0.1926921031485044,0.047596385315038986,21.25094082107919,Доод STR регим
2020-7003-4,7.156216638280637,15,5,25,1,0,0,83,post1995,2020,16.288445749652645,1.731268820895838,0.18816781579337669,0.10392871949274067,20.703605806791536,Доод STR регим
2020-7018-2,8.313994049600728,14,1,30,0,1,0,83,1990_1994,2020,20.464889395083148,1.7042314486291816,0.0806133257962606,0.018896594981400307,8.395167936923364,Дээд STR регим
2020-7022-2,8.334871634622283,12,8,25,1,1,0,83,post1995,2020,16.288445749652645,1.731268820895838,0.19589552781090466,0.12032146205236756,21.639981874404523,Доод STR регим
2020-7025-2,8.35013910675307,14,8,32,0,0,1,84,1985_1989,2020,25.67324397237249,1.1553645172795055,0.09537921932280018,0.02987554329561917,10.00759460919336,Дээд STR регим
2020-7028-2,8.214243646833667,17,12,28,0,0,1,84,1990_1994,2020,21.285611251352325,1.133590620039943,0.11908760785982518,0.04949138471607508,12.64686014689136,Дээд STR регим
2020-7038-2,8.106030062193435,16,8,25,1,0,1,84,post1995,2020,18.259557344064383,1.156224626385717,0.14860050312800843,0.029179898085669398,16.020939658855802,Доод STR регим
2020-7042-4,8.357344490474341,10,7.5,34,0,0,1,84,1985_1989,2020,27.13174445547832,1.2030816043256463,0.10296088789605803,0.018430245163280394,10.844805449264673,Дээд STR регим
2020-7054-4,8.106030062193435,18,14,34,1,0,1,84,1985_1989,2020,27.13174445547832,1.2030816043256463,0.10280772657530722,0.020191221917512672,10.82782961251767,Дээд STR регим
2020-7077-3,8.254828926948747,16,14,28,0,0,1,84,1990_1994,2020,21.285611251352325,1.133590620039943,0.11908760785982518,0.04949138471607508,12.64686014689136,Дээд STR регим
2020-7077-4,8.421883011611913,16,14,26,1,0,1,84,1990_1994,2020,19.019150876481913,1.1477111235742812,0.15738484097073638,0.03310637679140877,17.044596279952007,Доод STR регим
2020-7078-2,8.13420093916013,15,8,30,1,0,1,84,1990_1994,2020,24.03426396251548,1.142398578218381,0.13963718260865418,0.027203682746214156,14.985653521802234,Дээд STR регим
2020-7095-4,7.441053758600186,12,8,26,1,0,0,84,1990_1994,2020,19.019150876481913,1.1477111235742812,0.14552557986421596,0.03675753953993933,15.664732108519729,Доод STR регим
2020-7146-2,6.907755278982137,10,8,37,0,0,0,84,1980_1984,2020,26.02069617887357,1.2021857923497268,0.0954567810521422,0.014755827504209092,10.016127319373602,Дээд STR регим
2020-7210-2,7.171720824816602,8,11,32,1,1,1,85,1985_1989,2020,25.205639493141994,1.486168115302092,0.09073365673336978,0.040556878551021504,9.497732657881652,Дээд STR регим
2020-7210-3,7.354042381610556,9,11,25,0,0,1,85,post1995,2020,17.76202100276734,1.4559588427726506,0.08430362007038068,0.041645982169431585,8.79591699068012,Доод STR регим
2020-7219-3,8.106030062193435,15,11,26,0,0,1,85,1990_1994,2020,18.567897570261806,1.4376811720383327,0.10454837501252873,0.051327421924485014,11.020909894628538,Доод STR регим
2020-7230-3,7.5289289599169935,16,11,27,1,0,1,85,1990_1994,2020,19.53062264661216,1.422535999053971,0.1582500551812634,0.018289344588781536,17.145908750093074,Доод STR регим
2020-7233-2,6.868534565828856,12,12,35,1,0,1,85,1985_1989,2020,25.65013142938335,1.5096648049947532,0.09102242621444107,0.019092571318080124,9.529356827147462,Дээд STR регим
2020-7233-4,8.175022933680387,14,12,31,1,0,1,85,1985_1989,2020,23.75667108539254,1.4592979449842107,0.09466049538157208,0.043743584123537044,9.928557923412251,Дээд STR регим
2020-7324-3,7.8684977734271255,16,11,26,1,0,0,85,1990_1994,2020,18.567897570261806,1.4376811720383327,0.1590383747585127,0.05000927133791644,17.238293572953324,Доод STR регим
2020-7336-4,8.604204568405867,10,10,25,0,0,1,11,post1995,2020,19.576272791230142,1.0380060250036154,0.08578821440904322,0.04058044295752801,8.95755474667508,Дээд STR регим
2020-7363-3,8.08095642464132,9,10,34,0,0,1,44,1985_1989,2020,28.42678740235833,1.7295042379738643,0.09543904700387937,0.019800934459631568,10.014176305361765,Дээд STR регим
2020-7375-4,8.740336742730447,16,15,26,1,0,1,11,1990_1994,2020,19.809893918706017,1.020533066128087,0.15827456296349723,0.02848884320661511,17.148779771695356,Дээд STR регим
2020-7388-3,9.050491671034287,14,13,31,0,1,1,11,1985_1989,2020,23.103916714538485,0.9478157109868292,0.09964134336923805,0.02123012395645937,10.477461227085506,Дээд STR регим
2020-7390-2,7.6255950721324535,0,8,26,1,0,1,43,1990_1994,2020,37.46059470051972,1.6021639404985506,0.14234588436060208,0.03158164553187066,15.297537572690345,Дээд STR регим
2020-7396-2,8.446575624202284,14,14,36,0,0,1,11,1980_1984,2020,26.798263191541174,0.8917086453369639,0.10989318181340225,0.03574966395495451,11.615883802785554,Дээд STR регим
2020-7398-3,8.517193191416238,14,16,30,1,1,1,11,1990_1994,2020,21.68181991784634,0.9717695664298076,0.15160340061286373,0.038984162162460125,16.369862273971926,Дээд STR регим
2020-7407-2,8.28835161898739,14,15,28,0,0,1,84,1990_1994,2020,21.285611251352325,1.133590620039943,0.11908760785982518,0.04949138471607508,12.64686014689136,Дээд STR регим
2020-7422-3,8.13420093916013,15,12,32,0,1,1,11,1985_1989,2020,24.05297052132284,0.9257993949993928,0.10206364871300275,0.027113405469308585,10.745395750385,Дээд STR регим
2020-7424-3,8.645026562926123,14,12,35,0,0,1,11,1985_1989,2020,26.638652277373453,0.8899269756791881,0.11199063391250404,0.02935497892852404,11.850238460478678,Дээд STR регим
2020-7431-2,8.116715624819111,11,10,35,1,0,1,11,1985_1989,2020,26.638652277373453,0.8899269756791881,0.11536726746348507,0.042167921644595124,12.22855408551382,Дээд STR регим
2020-7447-2,8.612503371220562,10,14,27,0,1,1,11,1990_1994,2020,19.955776075935713,1.0130020360098193,0.0969906895387384,0.03365351553398411,10.185011484044338,Дээд STR регим
2020-7457-2,8.494203673191539,18,6,31,1,0,1,11,1985_1989,2020,23.103916714538485,0.9478157109868292,0.10221578016311227,0.02299228987690826,10.762244889642968,Дээд STR регим
2020-7459-2,9.175654813988293,15,14,29,1,1,1,82,1990_1994,2020,19.70783564261825,2.130294332091728,0.11634895855757378,0.03400776441145382,12.338781953567835,Дээд STR регим
2020-7459-3,8.421883011611913,16,14,27,1,0,1,82,1990_1994,2020,18.53477167993297,2.1519358159341286,0.13999218400651173,0.07493683334935347,15.026480835984056,Доод STR регим
2020-7473-3,8.221906519579237,19,15,35,1,1,1,61,1985_1989,2020,25.35989602452551,0.8926111325033158,0.08521447181398352,0.034227986654522896,8.89505908638888,Дээд STR регим
2020-7473-7,8.031685375634536,15,15,25,0,0,1,61,post1995,2020,12.14290593978759,0.8560938471253072,0.09682185130764281,0.054726885410697666,10.166409612009897,Доод STR регим
2020-7473-8,8.907390827393613,14,15,34,1,1,1,61,1985_1989,2020,25.558935090569864,0.8213275082559915,0.0868469041129034,0.04595951434976605,9.07296807071225,Дээд STR регим
2020-7485-3,8.28835161898739,16,16,31,0,1,1,11,1985_1989,2020,23.103916714538485,0.9478157109868292,0.09964134336923805,0.02123012395645937,10.477461227085506,Дээд STR регим
2020-7499-3,8.645026562926123,15,12,29,1,0,1,11,1990_1994,2020,20.583862976361644,0.9881194944841533,0.15200585493732865,0.0657592015068708,16.416705253729113,Дээд STR регим
2020-7513-3,8.031685375634536,14,16,32,0,1,1,11,1985_1989,2020,24.05297052132284,0.9257993949993928,0.10206364871300275,0.027113405469308585,10.745395750385,Дээд STR регим
2020-7514-2,7.967146854496965,14,10,28,1,1,1,11,1990_1994,2020,20.053299634997735,1.002709606891408,0.1576342836293854,0.07433899271622123,17.07379583688473,Дээд STR регим
2020-7514-3,8.121297534324224,14,10,26,0,1,1,11,1990_1994,2020,19.809893918706017,1.020533066128087,0.09680369692862635,0.03168534168627032,10.16440962740921,Дээд STR регим
2020-7515-2,7.264430222920869,14,12,35,0,1,1,11,1985_1989,2020,26.638652277373453,0.8899269756791881,0.10703695861574822,0.02586782738864712,11.29753877488997,Дээд STR регим
2020-7541-3,8.291204687969797,14,11,25,0,0,1,67,post1995,2020,22.50261913823421,1.27399991744335,0.10507203567830062,0.024060907726184175,11.079062402980288,Дээд STR регим
2020-7574-2,8.13420093916013,14,12,29,1,0,1,11,1990_1994,2020,20.583862976361644,0.9881194944841533,0.15200585493732865,0.0657592015068708,16.416705253729113,Дээд STR регим
2020-7581-3,9.393293042707148,15,14.5,26,1,0,1,11,1990_1994,2020,19.809893918706017,1.020533066128087,0.15827456296349723,0.02848884320661511,17.148779771695356,Дээд STR регим
2020-7609-2,7.9983993980010695,14,14,31,0,0,1,11,1985_1989,2020,23.103916714538485,0.9478157109868292,0.10205513175360487,0.023128286127556578,10.744452540362538,Дээд STR регим
2020-7609-4,8.180720954795024,16,14,28,1,0,1,11,1990_1994,2020,20.053299634997735,1.002709606891408,0.15468695163060703,0.0603256162528455,16.729248489324313,Дээд STR регим
2020-7611-3,8.421883011611913,15,10,26,1,0,1,11,1990_1994,2020,19.809893918706017,1.020533066128087,0.15827456296349723,0.02848884320661511,17.148779771695356,Дээд STR регим
2020-7626-2,8.586186062903188,17,14,30,1,0,1,11,1990_1994,2020,21.68181991784634,0.9717695664298076,0.14214408626369257,0.04438499475546915,15.27427309647229,Дээд STR регим
2020-7641-3,7.728735831051967,15,13.5,31,1,0,1,46,1985_1989,2020,24.43411708847694,1.711715043945561,0.10517860274543088,0.02586979114793379,11.09090040363947,Дээд STR регим
2020-7683-3,8.645026562926123,15,10,25,1,0,1,11,post1995,2020,19.576272791230142,1.0380060250036154,0.17009983978450616,0.04304755800894961,18.542319780904105,Дээд STR регим
2020-7688-2,8.645026562926123,11,13,34,0,0,1,81,1985_1989,2020,23.84041184041184,1.9981593038821952,0.06655276652300046,0.035418447062434896,6.881736036307129,Дээд STR регим
2020-7694-2,8.254828926948747,10,8,34,0,0,1,45,1985_1989,2020,23.994292151354614,0.9535779403149253,0.1211903085195672,0.034382044974602365,12.883971974275177,Дээд STR регим
2020-7696-2,8.797357406036395,14,10,34,1,0,1,65,1985_1989,2020,26.578366445916117,1.7136271529888552,0.10288012949196451,0.0257325512857679,10.835854161125269,Дээд STR регим
2020-7697-3,8.254828926948747,14,10,28,1,1,1,42,1990_1994,2020,10.982460162788033,1.4436781609195402,0.1589737488903184,0.0516745282832404,17.230717191263324,Доод STR регим
2020-7716-4,7.824046010856292,15,10,31,1,0,1,85,1985_1989,2020,23.75667108539254,1.4592979449842107,0.09466049538157208,0.043743584123537044,9.928557923412251,Дээд STR регим
2020-7747-3,8.214243646833667,14,8,31,0,1,1,11,1985_1989,2020,23.103916714538485,0.9478157109868292,0.09964134336923805,0.02123012395645937,10.477461227085506,Дээд STR регим
2020-7758-2,8.214243646833667,10,10,37,0,0,1,11,1980_1984,2020,27.055429275776966,0.8984615384615384,0.10819243346178001,0.03390329620188936,11.426214607897256,Дээд STR регим
2020-7758-3,7.951879382366177,14,10,26,0,0,1,11,1990_1994,2020,19.809893918706017,1.020533066128087,0.09667226030536082,0.03158130988418606,10.149930940939411,Дээд STR регим
2020-7764-3,7.561681746388801,14,11,26,1,0,1,11,1990_1994,2020,19.809893918706017,1.020533066128087,0.15827456296349723,0.02848884320661511,17.148779771695356,Дээд STR регим
2020-7770-3,8.13420093916013,15,9,25,1,0,1,11,post1995,2020,19.576272791230142,1.0380060250036154,0.17009983978450616,0.04304755800894961,18.542319780904105,Дээд STR регим
2020-7779-4,7.7440033031827555,3,6.5,33,1,0,1,45,1985_1989,2020,24.17985822406993,1.0061055954951834,0.12184852351740012,0.026394416996249042,12.958298356329824,Дээд STR регим
2020-7829-4,8.13420093916013,14,10,27,1,1,1,62,1990_1994,2020,23.021184542973273,1.2763711348688822,0.14092806620125023,0.043165616557322886,15.134182461477597,Дээд STR регим
2020-7853-3,8.66029403505691,10,8,33,1,0,1,62,1985_1989,2020,27.751495961574584,1.3752830541224506,0.10744544879316721,0.04784957940040537,11.3430120133037,Дээд STR регим
2020-7871-3,8.421883011611913,15,13,25,0,1,1,11,post1995,2020,19.576272791230142,1.0380060250036154,0.08437808544154703,0.03818745599779201,8.804018820669368,Дээд STR регим
2020-7888-4,7.951879382366177,10,10,36,1,0,1,11,1980_1984,2020,26.798263191541174,0.8917086453369639,0.11491177637141409,0.05794745533687834,12.1774466192333,Дээд STR регим
2020-7888-5,8.254828926948747,10,10,25,1,0,1,11,post1995,2020,19.576272791230142,1.0380060250036154,0.17009983978450616,0.04304755800894961,18.542319780904105,Дээд STR регим
2020-7890-2,7.951879382366177,11,8,28,1,0,1,64,1990_1994,2020,20.88054748834685,1.5492596994103947,0.1225798948535273,0.031432411962665475,13.040943036216412,Дээд STR регим
2020-7908-2,8.981498799547335,17,12,28,1,0,1,11,1990_1994,2020,20.053299634997735,1.002709606891408,0.15468695163060703,0.0603256162528455,16.729248489324313,Дээд STR регим
2020-7935-3,8.111728083308073,11,9.5,29,0,0,1,21,1990_1994,2020,18.17521304369243,1.545017281985095,0.08237647515585451,0.01989825715616651,8.586453390713068,Доод STR регим
2020-7938-3,8.73410619297981,17,12,26,1,0,1,85,1990_1994,2020,18.567897570261806,1.4376811720383327,0.15859592949427959,0.027147486220144366,17.18643351863891,Доод STR регим
2020-7938-4,8.089749176589297,15,12,25,1,0,1,85,post1995,2020,17.76202100276734,1.4559588427726506,0.1621167437773271,0.04546782292956731,17.599752370045607,Доод STR регим
2020-7939-3,8.14946841129092,14,12,27,0,0,1,11,1990_1994,2020,19.955776075935713,1.0130020360098193,0.10055542919463929,0.03183963871394904,10.57849327736724,Дээд STR регим
2020-7941-2,7.755053139369341,8,10,33,0,0,1,67,1985_1989,2020,24.93376015505794,1.2982693104683594,0.10856493077431395,0.042787748495297574,11.467728304774782,Дээд STR регим
2020-7953-2,8.827348119720076,18,15,32,1,1,1,11,1985_1989,2020,24.05297052132284,0.9257993949993928,0.09732802709440504,0.01795650359247185,10.22218729653579,Дээд STR регим
2020-7958-3,8.868170114240332,16,17,27,0,0,1,11,1990_1994,2020,19.955776075935713,1.0130020360098193,0.10055542919463929,0.03183963871394904,10.57849327736724,Дээд STR регим
2020-7970-3,8.072507370154792,14,8,29,1,1,1,81,1990_1994,2020,19.40162620247366,1.8979622387424306,0.15777913105290936,0.07111855966084721,17.090754902782713,Доод STR регим
2020-7978-2,7.967146854496965,16,14,28,0,0,1,11,1990_1994,2020,20.053299634997735,1.002709606891408,0.10409551305830358,0.04061302379753984,10.970644130998842,Дээд STR регим
2020-7984-3,8.10029938748445,15,15,26,1,0,1,11,1990_1994,2020,19.809893918706017,1.020533066128087,0.15827456296349723,0.02848884320661511,17.148779771695356,Дээд STR регим
2020-7988-3,8.180720954795024,15,14,28,1,0,1,11,1990_1994,2020,20.053299634997735,1.002709606891408,0.15468695163060703,0.0603256162528455,16.729248489324313,Дээд STR регим
2020-7998-3,9.065759143165074,16,12,29,0,0,1,62,1990_1994,2020,22.613297995481652,1.273163358340374,0.10949160235088731,0.023778656810288665,11.571070154882456,Дээд STR регим
2020-8016-2,8.254828926948747,11,8,31,0,0,1,61,1985_1989,2020,21.415332159341332,0.7819171572528096,0.083692671798762025,0.04595754271992813,8.72946861356294,Дээд STR регим
2020-8029-3,8.35013910675307,9,10.5,30,0,1,1,11,1990_1994,2020,21.68181991784634,0.9717695664298076,0.10517225244747734,0.02037979696882911,11.090194945561915,Дээд STR регим
2020-8029-4,8.35013910675307,9,10.5,30,0,0,1,11,1990_1994,2020,21.68181991784634,0.9717695664298076,0.1012568633087521,0.022491080086981963,10.656084014052713,Дээд STR регим
2020-8035-3,8.031685375634536,10,10,25,0,0,1,11,post1995,2020,19.576272791230142,1.0380060250036154,0.08578821440904322,0.04058044295752801,8.95755474667508,Дээд STR регим
2020-8035-4,7.784825297703011,18,10,29,1,0,1,11,1990_1994,2020,20.583862976361644,0.9881194944841533,0.15200585493732865,0.0657592015068708,16.416705253729113,Дээд STR регим
2020-8039-3,7.600902459542082,8,9.5,37,0,0,1,11,1980_1984,2020,27.055429275776966,0.8984615384615384,0.10819243346178001,0.03390329620188936,11.426214607897256,Дээд STR регим
2020-8051-3,7.967146854496965,11,10,29,0,1,1,11,1990_1994,2020,20.583862976361644,0.9881194944841533,0.09938662072798622,0.04455619642606552,10.449323700147684,Дээд STR регим
2020-8061-4,9.050491671034287,14,14.5,31,1,0,1,62,1985_1989,2020,26.00942577147238,1.3077062108703106,0.09710135085124491,0.037731860296961045,10.197205376717356,Дээд STR регим
2020-8063-5,7.880135477507336,12,10,26,0,0,1,11,1990_1994,2020,19.809893918706017,1.020533066128087,0.09667226030536082,0.03158130988418606,10.149930940939411,Дээд STR регим
2020-8078-3,8.299469707571367,14,10,28,0,1,1,11,1990_1994,2020,20.053299634997735,1.002709606891408,0.10111606216428677,0.049807034402973634,10.64050460760635,Дээд STR регим
2020-8092-3,8.357344490474341,15,10,30,0,0,1,62,1990_1994,2020,24.38067476155451,1.2882758563222214,0.11420449224155778,0.0263242141705719,12.098133343328744,Дээд STR регим
2020-8095-4,8.13420093916013,14,14,29,1,1,1,11,1990_1994,2020,20.583862976361644,0.9881194944841533,0.1583433503897276,0.06976239683108751,17.15683841190525,Дээд STR регим
2020-8104-2,8.294049640102028,10,7,26,0,0,1,11,1990_1994,2020,19.809893918706017,1.020533066128087,0.09667226030536082,0.03158130988418606,10.149930940939411,Дээд STR регим
2020-8106-4,8.047189562170502,14,12,25,1,0,1,11,post1995,2020,19.576272791230142,1.0380060250036154,0.17009983978450616,0.04304755800894961,18.542319780904105,Дээд STR регим
2020-8115-3,7.967146854496965,15,10,25,0,0,1,11,post1995,2020,19.576272791230142,1.0380060250036154,0.08578821440904322,0.04058044295752801,8.95755474667508,Дээд STR регим
2020-8118-2,7.951879382366177,10,10,34,0,1,1,11,1985_1989,2020,26.356786375059315,0.8938341206482799,0.1117259184988634,0.03140157204970706,11.820633896903843,Дээд STR регим
2020-8168-3,7.456321230730975,14,8,26,1,0,1,11,1990_1994,2020,19.809893918706017,1.020533066128087,0.15827456296349723,0.02848884320661511,17.148779771695356,Дээд STR регим
2020-8175-2,8.049207726326738,11,10,26,0,0,1,11,1990_1994,2020,19.809893918706017,1.020533066128087,0.09667226030536082,0.03158130988418606,10.149930940939411,Дээд STR регим
2020-8176-4,8.13420093916013,14,10,30,0,1,1,45,1990_1994,2020,20.027369080797733,1.1055629749860185,0.0994612060396505,0.017413138648432223,10.457561904599677,Дээд STR регим
2020-8201-4,8.421883011611913,16,9,26,1,0,1,64,1990_1994,2020,18.755652016639537,1.5780182719423008,0.1659149063516859,0.024315597408591336,18.047264672505058,Доод STR регим
2020-8201-7,8.13420093916013,16,9,27,0,0,1,64,1990_1994,2020,19.74301952063257,1.561694864157441,0.10193330875606654,0.051723619255760106,10.730962140930455,Дээд STR регим
2020-8202-2,7.759507489718721,8,4,32,0,0,1,11,1985_1989,2020,24.05297052132284,0.9257993949993928,0.10668874539486228,0.03415078832152632,11.258790247202821,Дээд STR регим
2020-8204-2,8.827348119720076,14,14,25,0,0,1,11,post1995,2020,19.576272791230142,1.0380060250036154,0.08578821440904322,0.04058044295752801,8.95755474667508,Дээд STR регим
2020-8214-2,8.111728083308073,13,10,36,1,0,1,85,1980_1984,2020,25.993743680485338,1.4973014402963625,0.08841753693351243,0.024902276570338305,9.244416260036669,Дээд STR регим
2020-8214-3,8.271358228899956,10,10,34,0,0,1,85,1985_1989,2020,26.423022961366048,1.5149016649705547,0.10315439869729362,0.021185300818032892,10.866257191884966,Дээд STR регим
2020-8215-2,8.421883011611913,14,8,31,1,0,1,67,1985_1989,2020,24.428783675825315,1.2739785626078253,0.10658662402589046,0.05019716656474715,11.247428927359282,Дээд STR регим
2020-8254-3,7.849363818840582,10,10,30,0,0,1,21,1990_1994,2020,19.557047327769425,1.5214777755665652,0.08097268654821717,0.0281108973914955,8.434127905904232,Дээд STR регим
2020-8259-3,8.037620111154352,10,9,31,1,1,1,21,1985_1989,2020,21.30328588937931,1.5113522166620617,0.11745038137046468,0.068903480633134,12.462582616705653,Дээд STR регим
2020-8282-2,8.691546578561015,14,10,34,1,0,1,21,1985_1989,2020,24.51685905974052,1.508592854975703,0.09578008589135399,0.02781584226269607,10.051701816120895,Дээд STR регим
2020-8295-3,8.645026562926123,14,9,28,1,0,0,21,1990_1994,2020,17.503120926731654,1.5723337356047673,0.13248977354846975,0.024150296635439723,14.166734082376188,Доод STR регим
2020-8297-2,6.61210503688118,16,10,32,0,0,0,21,1985_1989,2020,22.834960164922418,1.5076205308910147,0.09494869576450789,0.04598089583210033,9.960243941643343,Дээд STR регим
2020-8389-2,8.27603113459935,10,5,36,0,1,1,22,1980_1984,2020,25.026490066225165,1.402948402948403,0.08908917423301407,0.018084543448135714,9.317813530172248,Дээд STR регим
2020-8410-3,8.124992000074823,16,11,25,0,1,1,22,post1995,2020,19.300045599635204,1.3398775256283817,0.10196068445214368,0.0463416722800468,10.733993519589236,Доод STR регим
2020-8416-2,8.08290764477258,14,11,31,0,1,1,22,1985_1989,2020,23.19569337641627,1.2934004645168933,0.09260680482226114,0.030075752852975545,9.703030343003904,Дээд STR регим
2020-8428-4,8.634791024738542,16,9.5,26,0,0,1,22,1990_1994,2020,19.688758420834745,1.336089646840503,0.11752022144663582,0.049352466095682446,12.470437286324177,Дээд STR регим
2020-8477-3,8.305884097749031,14,10.5,28,1,1,0,22,1990_1994,2020,20.42782813402008,1.3134457390166694,0.13631809621968868,0.044225658318498534,14.604638864335517,Дээд STR регим
2020-8579-2,7.884670632672727,11,4,29,0,0,1,23,1990_1994,2020,20.368875283599273,1.8135108907172597,0.052566975465682016,0.037395810283113194,5.397315005722092,Дээд STR регим
2020-8600-2,8.465899897028686,15,14,25,1,1,1,23,post1995,2020,17.768879004448,1.8111997490729808,0.18949701420961715,0.08174463919781942,20.8641515233833,Доод STR регим
2020-8613-3,8.334871634622283,16,15,28,1,0,0,23,1990_1994,2020,19.681092974654995,1.8078354773212093,0.10768639620999818,0.030116618528101057,11.369843056735984,Дээд STR регим
2020-8614-3,7.4673710669175595,11,11.5,28,0,0,0,23,1990_1994,2020,19.681092974654995,1.8078354773212093,0.06057023870207233,0.03354896426356977,6.244221951214546,Дээд STR регим
2020-8640-2,7.77525584668686,15,8,26,1,0,0,23,1990_1994,2020,18.127322122715462,1.8161165549766287,0.18009673822606467,0.04610066902459586,19.73331854078633,Доод STR регим
2020-8704-2,7.641724454062338,10,8,35,0,0,1,41,1985_1989,2020,25.028482992525273,2.0649267769051614,0.0804464696504404,0.0328187926973968,8.377083045805445,Дээд STR регим
2020-8707-4,8.316522495954086,12,10,26,0,0,1,41,1990_1994,2020,24.16820528868722,2.0265943765206895,0.08197481143430783,0.03954700912065109,8.542846909891555,Дээд STR регим
2020-8709-3,8.907390827393613,14,9,31,0,1,1,41,1985_1989,2020,20.77424150211307,1.8996243294657593,0.04775825376005226,0.053579683097660646,4.891705291843151,Дээд STR регим
2020-8710-2,7.951879382366177,8,8,33,1,0,1,41,1985_1989,2020,23.722293205933006,1.882035036861819,0.058838637482095835,0.023910144407620345,6.060408518579985,Дээд STR регим
2020-8735-6,8.370589717224362,12,10.5,26,0,0,1,41,1990_1994,2020,24.16820528868722,2.0265943765206895,0.08197481143430783,0.03954700912065109,8.542846909891555,Дээд STR регим
2020-8746-3,7.888584531993863,14,10,25,0,0,1,41,post1995,2020,22.899363019844948,2.0404973746192026,0.06781830396457805,0.02974254328341384,7.017084501292592,Дээд STR регим
2020-8754-3,7.641724454062338,14,12.5,26,0,0,1,41,1990_1994,2020,24.16820528868722,2.0265943765206895,0.08197481143430783,0.03954700912065109,8.542846909891555,Дээд STR регим
2020-8755-3,7.264430222920869,10,5.5,36,0,0,1,62,1980_1984,2020,25.88691088060306,1.503995577222697,0.09003749080995573,0.024511111593454916,9.421530595431316,Дээд STR регим
2020-8755-5,7.5567312412289445,9,5.5,27,0,0,1,62,1990_1994,2020,23.021184542973273,1.2763711348688822,0.1227871586368406,0.056534537999997754,13.064374757929166,Дээд STR регим
2020-8848-3,8.006367567650246,11,10,27,0,0,0,41,1990_1994,2020,26.439452439452438,2.008083335537286,0.09104553104826407,0.031040205768955446,9.531887513971139,Дээд STR регим
2020-8850-3,7.753428443642338,8,6,34,1,0,0,41,1985_1989,2020,25.061267684081542,1.9313481439033608,0.07606082551733237,0.02835570875280388,7.9028204610022135,Дээд STR регим
2020-8879-3,8.229511118964457,12,8,32,0,1,1,41,1985_1989,2020,22.378024889129296,1.8808625307181825,0.05587597016393858,0.032910805386732536,5.746651820366644,Дээд STR регим
2020-8935-3,7.864868005376548,12,3,29,1,0,1,43,1990_1994,2020,20.408107672258616,1.5197888700998508,0.1456799012963948,0.03977211450786444,15.682583032985974,Дээд STR регим
2020-8948-3,8.561644953987072,15,9,28,1,1,1,43,1990_1994,2020,29.527604527604524,1.5482223542238862,0.11852632157499968,0.04303968224613896,12.583650750205443,Дээд STR регим
2020-8960-2,9.615805480084347,14,10,32,1,0,1,43,1985_1989,2020,23.45781337306761,1.4656712608034679,0.09541162355415359,0.04112453792745673,10.011159378496192,Дээд STR регим
2020-9093-3,8.047189562170502,15,11,27,0,0,1,44,1990_1994,2020,65.76839826839827,1.7682164667814524,0.09134745346588267,0.022152034419518515,9.5649626390653,Дээд STR регим
2020-9106-3,7.846518866708351,14,9,26,1,0,1,44,1990_1994,2020,64.9016480595428,1.773770293326423,0.11791084028833156,0.025963404422931474,12.514378939922155,Дээд STR регим
2020-9125-3,8.13420093916013,17,10.5,25,0,1,1,48,post1995,2020,7.548044159738312,2.028163836574253,0.0699049990689305,0.03304640813688504,7.240629681805255,Доод STR регим
2020-9129-2,9.050491671034287,10,4,32,0,1,1,22,1985_1989,2020,25.121916788583455,1.2896689629890072,0.10876127562694078,0.01576121962683058,11.489616568215034,Дээд STR регим
2020-9145-2,8.300186076634393,16,12,35,1,0,1,44,1985_1989,2020,27.48498590513543,1.7405294601556285,0.09068403180187472,0.015472028803413015,9.492298975223811,Дээд STR регим
2020-9148-3,7.937374696163295,14,11,28,1,0,1,44,1990_1994,2020,43.34994992260767,1.7632199316414159,0.11356723034111571,0.024490516069767505,12.026720230683075,Дээд STR регим
2020-9170-3,7.951879382366177,15,6.5,25,1,0,0,44,post1995,2020,65.10487796337151,1.7835271012483687,0.11858390361973656,0.026338518807004545,12.590133733669507,Дээд STR регим
2020-9183-2,8.180720954795024,14,8,26,1,1,0,44,1990_1994,2020,64.9016480595428,1.773770293326423,0.12205972294527895,0.028081242752607684,12.982157603757871,Дээд STR регим
2020-9259-3,7.418580902748128,14,8,32,0,0,1,45,1985_1989,2020,23.884039249458493,1.0282947473008386,0.10011461770197601,0.023911643819261762,10.529759748628088,Дээд STR регим
2020-9270-3,8.357344490474341,16,12,25,1,0,1,45,post1995,2020,18.52287788355755,1.2812198524549712,0.15700424751084074,0.04021133893644598,17.00005834805214,Доод STR регим
2020-9331-3,7.4673710669175595,14,12.5,37,1,0,1,45,1980_1984,2020,25.270891367885397,1.0047846889952154,0.11261975266316682,0.026643630279749902,11.920627682028218,Дээд STR регим
2020-9344-3,8.13420093916013,14,13,27,1,1,0,43,1990_1994,2020,38.51660939289805,1.5758250358264287,0.13149699480312996,0.05146663518021957,14.053448018657111,Дээд STR регим
2020-9361-3,8.294049640102028,12,8,32,0,0,0,64,1985_1989,2020,25.684682760094,1.5238181228837382,0.08190211427650361,0.025884990607324854,8.534956440232055,Дээд STR регим
2020-9373-2,8.539666047268296,13,10,26,1,0,0,45,1990_1994,2020,19.097177399610953,1.2392535858488927,0.1652168027702356,0.03231130273492647,17.96488421264948,Доод STR регим
2020-9434-3,7.592934289892906,12,10,28,1,1,1,46,1990_1994,2020,20.283045253677912,1.7045200679225514,0.13303610188219261,0.018173267970877118,14.229123645015097,Дээд STR регим
2020-9492-2,7.641724454062338,14,11,28,1,1,0,46,1990_1994,2020,20.283045253677912,1.7045200679225514,0.13057138012480046,0.030116496372969516,13.947927316346265,Дээд STR регим
2020-9585-3,8.539666047268296,14,8,33,1,0,1,48,1985_1989,2020,27.032177998404396,1.9788233051403994,0.0907104280492906,0.01968599317799217,9.495189199183063,Дээд STR регим
2020-9600-2,8.58173171255381,4,4,37,0,1,1,48,1980_1984,2020,25.066286153783878,2.0833333333333335,0.0763546757520264,0.018124675014791793,7.934532389169413,Дээд STR регим
2020-9600-4,8.229511118964457,11,4,31,0,0,1,48,1985_1989,2020,22.97225470394387,1.9511383770098105,0.07718837264965674,0.03794877341692593,8.02455459437188,Дээд STR регим
2020-9716-3,9.050491671034287,16,11,28,1,0,1,61,1990_1994,2020,16.53521818100174,0.8028991163436562,0.14788048064362455,0.03511154727909957,15.9374320409311,Доод STR регим
2020-9763-3,8.40469061107154,15,14,25,0,0,1,61,post1995,2020,12.14290593978759,0.8560938471253072,0.09682185130764281,0.054726885410697666,10.166409612009897,Доод STR регим
2020-9768-2,7.919356190660617,11,13,25,0,0,1,67,post1995,2020,22.50261913823421,1.27399991744335,0.10507203567830062,0.024060907726184175,11.079062402980288,Дээд STR регим
2020-9769-2,8.047189562170502,15,14,28,0,0,1,48,1990_1994,2020,13.230093440784248,1.9745657940485382,0.09039279419046425,0.0282866083916022,9.460415342684293,Доод STR регим
2020-9771-2,7.904088718529828,10,12,37,0,0,1,61,1980_1984,2020,25.362207922029242,0.9693877551020408,0.09345823813108864,0.017075855945435127,9.796474932390087,Дээд STR регим
2020-9786-2,7.495541943884256,10,8,35,0,0,1,61,1985_1989,2020,25.35989602452551,0.8926111325033158,0.09803898000580144,0.03135224650318037,10.300577944222432,Дээд STR регим
2020-9793-3,8.642356334370243,10,9,29,0,1,1,63,1990_1994,2020,19.192137993756607,1.9528477875829504,0.05744509911446562,0.014003551673783133,5.912712204164805,Доод STR регим
2020-9793-4,8.642356334370243,11,9,26,0,1,1,63,1990_1994,2020,17.119660914624944,2.0290446060305576,0.09640257556909665,0.031709084850332664,10.120229191098407,Доод STR регим
2020-9803-4,8.149949296128272,14,9.5,29,1,0,1,82,1990_1994,2020,19.70783564261825,2.130294332091728,0.1102969092510755,0.026389874143731548,11.660955295243758,Дээд STR регим
2020-9803-6,8.256803261252465,15,9.5,25,0,0,1,82,post1995,2020,17.050691755270783,2.184474666884017,0.06333413891455326,0.02571053340954202,6.538276560445078,Доод STR регим
2020-9816-3,8.096460611177285,10,10,27,1,0,1,81,1990_1994,2020,17.47543188568052,1.8944596907623652,0.16458053960336164,0.03933966762359613,17.88985137468726,Доод STR регим
2020-9820-3,8.929369734112388,14,11,37,0,0,1,63,1980_1984,2020,23.73573071906918,1.8548387096774193,0.05964619287033095,0.02584773044920888,6.146092765688738,Дээд STR регим
2020-9822-2,7.641724454062338,10,10,28,0,0,1,61,1990_1994,2020,16.53521818100174,0.8028991163436562,0.09776453049061005,0.024432815505714453,10.270310157759965,Доод STR регим
2020-9822-3,7.418580902748128,12,10,25,0,0,1,61,post1995,2020,12.14290593978759,0.8560938471253072,0.09682185130764281,0.054726885410697666,10.166409612009897,Доод STR регим
2020-9862-3,7.755053139369341,12,6,26,0,0,1,62,1990_1994,2020,22.641658752769864,1.2798553584782935,0.12382166249816084,0.03902296861478975,13.181400811709487,Дээд STR регим
2020-9864-3,7.795875133889596,12,9,25,1,0,1,62,post1995,2020,22.341735477328697,1.266945515870625,0.15588123630854486,0.024876724277547724,16.868739721803273,Дээд STR регим
2020-9944-3,8.016417903503749,14,12,25,0,0,0,62,post1995,2020,22.341735477328697,1.266945515870625,0.11105366040513674,0.03698552472820626,11.745486832662188,Дээд STR регим
2020-9984-4,8.833046140834714,11,7,27,0,0,0,62,1990_1994,2020,23.021184542973273,1.2763711348688822,0.11593484385488158,0.0525681549737999,12.292270443493102,Дээд STR регим
2020-9994-2,7.706262975199909,6,11,37,0,0,0,62,1980_1984,2020,25.527311130759408,1.5228426395939088,0.09210873378805899,0.03641650902561743,9.648404046243208,Дээд STR регим
2020-9997-3,8.13420093916013,18,10,25,0,1,0,65,post1995,2020,18.417767093843562,1.7257175616071245,0.06442675215722786,0.04106830962708624,6.654745308328147,Доод STR регим
2020-9999-3,8.002572496681696,16,14,25,1,0,0,62,post1995,2020,22.341735477328697,1.266945515870625,0.16248574679553746,0.0445124819029026,17.643155040976733,Дээд STR регим
2020-10002-4,7.967146854496965,14,5.5,37,1,0,0,62,1980_1984,2020,25.527311130759408,1.5228426395939088,0.08963990739487632,0.032995657072649974,9.378035056739309,Дээд STR регим
2020-10010-2,8.221212316149762,14,13,32,1,0,0,62,1985_1989,2020,26.77460827839152,1.3320196249918492,0.10800282711609424,0.038653037081269694,11.40508949332304,Дээд STR регим
2020-10190-2,7.710101751507074,14,8,25,1,0,1,64,post1995,2020,17.98503388251919,1.5935576444826665,0.1771725493593006,0.04358694208127808,19.383707117767845,Доод STR регим
2020-10198-3,8.673197439892819,16,11,25,1,0,1,64,post1995,2020,17.98503388251919,1.5935576444826665,0.1771725493593006,0.04358694208127808,19.383707117767845,Доод STR регим
2020-10199-2,8.28835161898739,16,12,25,1,0,1,64,post1995,2020,17.98503388251919,1.5935576444826665,0.1771725493593006,0.04358694208127808,19.383707117767845,Доод STR регим
2020-10211-2,7.814454706454505,15,8,29,1,0,1,64,1990_1994,2020,22.131188589857874,1.531098867975945,0.13996890601690512,0.038765269481902384,15.02380328192283,Дээд STR регим
2020-10211-3,7.89000397864809,16,8,26,0,0,1,64,1990_1994,2020,18.755652016639537,1.5780182719423008,0.1067056753078052,0.05154461284936809,11.260673864780536,Доод STR регим
2020-10216-4,7.600902459542082,14,15.5,27,0,0,1,64,1990_1994,2020,19.74301952063257,1.561694864157441,0.10193330875606654,0.051723619255760106,10.730962140930455,Дээд STR регим
2020-10226-4,8.66029403505691,16,9,25,0,0,1,64,post1995,2020,17.98503388251919,1.5935576444826665,0.09893330682922832,0.04586388277441418,10.399266833199938,Доод STR регим
2020-10245-2,8.28835161898739,14,13,37,1,0,0,64,1980_1984,2020,25.392553622015377,1.6374269005847952,0.10568193199991437,0.027636035866276477,11.146829777983914,Дээд STR регим
2020-10267-3,7.824046010856292,11,9,27,1,0,0,64,1990_1994,2020,19.74301952063257,1.561694864157441,0.14709268433114636,0.03324675395194686,15.846132926765666,Дээд STR регим
2020-10286-4,8.01766712290418,14,14.5,25,1,0,0,64,post1995,2020,17.98503388251919,1.5935576444826665,0.21614032646128997,0.05905857523637878,24.127655072578058,Доод STR регим
2020-10291-4,8.357344490474341,14,14,27,1,0,0,64,1990_1994,2020,19.74301952063257,1.561694864157441,0.14709268433114636,0.03324675395194686,15.846132926765666,Дээд STR регим
2020-10294-4,7.777525995221399,14,14,25,0,0,0,64,post1995,2020,17.98503388251919,1.5935576444826665,0.0890998018209602,0.06582329838121836,9.318975321023126,Доод STR регим
2020-10302-3,8.294049640102028,15,8,25,0,0,0,64,post1995,2020,17.98503388251919,1.5935576444826665,0.0890998018209602,0.06582329838121836,9.318975321023126,Доод STR регим
2020-10354-2,7.441053758600186,14,12,34,0,0,1,65,1985_1989,2020,26.578366445916117,1.7136271529888552,0.102313318444773,0.02973811208270789,10.773048975579801,Дээд STR регим
2020-10357-3,8.44435586746397,16,9,33,0,0,1,65,1985_1989,2020,26.384803921568626,1.7074401839295457,0.09584368027202528,0.022183246982617484,10.058700708482471,Дээд STR регим
2020-10360-2,8.111728083308073,13,14,34,1,1,1,65,1985_1989,2020,26.578366445916117,1.7136271529888552,0.10591172533623337,0.015472843948839089,11.172373513597588,Дээд STR регим
2020-10375-2,7.55211229537265,10,4,32,1,0,1,65,1985_1989,2020,25.50634423444468,1.696732234651773,0.07951757211281982,0.02332179239645179,8.27645858237316,Дээд STR регим
2020-10383-3,8.038890759355807,14,9,32,1,0,1,65,1985_1989,2020,25.50634423444468,1.696732234651773,0.07951757211281982,0.02332179239645179,8.27645858237316,Дээд STR регим
2020-10484-3,7.913658169545979,15,14,28,0,0,0,65,1990_1994,2020,20.50788466683938,1.7081995467002802,0.08825112129338436,0.038281021979352715,9.226237793206904,Дээд STR регим
2020-10496-2,8.244548996328996,14,8,26,1,0,1,67,1990_1994,2020,22.95030024405182,1.2723645727834134,0.15107569191089193,0.023061289291537477,16.308469085287356,Дээд STR регим
2020-10507-2,8.421883011611913,16,8,25,0,0,1,67,post1995,2020,22.50261913823421,1.27399991744335,0.10507203567830062,0.024060907726184175,11.079062402980288,Дээд STR регим
2020-10508-3,8.706435191054766,14,8.5,34,0,0,1,67,1985_1989,2020,25.330265385840498,1.3138478740405055,0.11003353819845083,0.037727815696404696,11.631550904213238,Дээд STR регим
2020-10547-3,7.677442536664417,8,10.5,34,0,0,1,67,1985_1989,2020,25.330265385840498,1.3138478740405055,0.11003353819845083,0.037727815696404696,11.631550904213238,Дээд STR регим
2020-10574-3,8.006367567650246,4,8,27,0,0,0,67,1990_1994,2020,23.611474289672746,1.261268414785817,0.12249758574441168,0.03856414302717436,13.031639119805295,Дээд STR регим
2020-10574-4,7.755053139369341,8,8,32,0,0,0,67,1985_1989,2020,24.874596064683175,1.2848431215772613,0.09579234962954397,0.03829972845622704,10.053051469655205,Дээд STR регим
2020-10637-4,8.44435586746397,14,12,27,1,0,0,67,1990_1994,2020,23.611474289672746,1.261268414785817,0.16280146656999245,0.051739205236083,17.680303175244163,Дээд STR регим
2020-10684-2,8.13420093916013,14,12,37,0,1,1,81,1980_1984,2020,22.61986301369863,2.048192771084337,0.05212959051172344,0.014595063622383697,5.351225886029476,Дээд STR регим
2020-10688-5,6.597600350678298,14,10,35,0,1,1,81,1985_1989,2020,23.583011583011583,2.0531012940651494,0.05681335516940528,0.017665248504504873,5.845823619978541,Дээд STR регим
2020-10692-2,7.761525653874958,15,10,28,1,0,1,81,1990_1994,2020,18.482730502650128,1.8915979675309096,0.1316686741140434,0.021384927883703317,14.073030316909897,Доод STR регим
2020-10694-3,8.539666047268296,14,10.5,26,0,0,1,81,1990_1994,2020,16.789311552521923,1.9021509637727863,0.09017259661748303,0.02675695587983212,9.436315078395552,Доод STR регим
2020-10731-2,7.195437351433918,4,10,28,0,0,1,81,1990_1994,2020,18.482730502650128,1.8915979675309096,0.07509292470130496,0.024426318111102085,7.798431760130287,Доод STR регим
2020-10836-3,7.714045115641964,0,9.5,31,0,0,1,82,1985_1989,2020,22.78229017359452,2.1077206196661087,0.047840043123108814,0.04709700721668511,4.9002846684549795,Дээд STR регим
2020-10889-3,7.888584531993863,0,8,25,0,0,1,82,post1995,2020,17.050691755270783,2.184474666884017,0.06333413891455326,0.02571053340954202,6.538276560445078,Доод STR регим
2020-10923-2,7.824046010856292,12,4,35,1,0,0,82,1985_1989,2020,24.683235867446392,2.2374081364829395,0.06968614838102925,0.0364551231318813,7.2171625642194925,Дээд STR регим
2020-10960-3,7.623375315394141,10,7,29,1,0,0,82,1990_1994,2020,19.70783564261825,2.130294332091728,0.11082858218726177,0.025563976803758468,11.72033818794256,Дээд STR регим
2020-10988-4,7.354042381610556,12,10,27,0,1,1,83,1990_1994,2020,17.54980127747731,1.7236671891437996,0.09573849713827426,0.04315248202098542,10.047124998240786,Доод STR регим
2020-10992-3,7.951879382366177,14,16,27,1,0,1,83,1990_1994,2020,17.54980127747731,1.7236671891437996,0.17161504900781707,0.02853368603608378,18.72207234416916,Доод STR регим
2020-10993-3,7.690514618231769,14,14,30,0,0,1,83,1990_1994,2020,20.464889395083148,1.7042314486291816,0.07984731394012484,0.017806399830047993,8.312167746759247,Дээд STR регим
2020-10998-2,8.599431289653209,6,8,30,0,1,1,83,1990_1994,2020,20.464889395083148,1.7042314486291816,0.07516867794035334,0.02044760340542079,7.806598149811772,Дээд STR регим
2020-11001-3,7.418580902748128,12,5.5,25,0,0,1,83,post1995,2020,16.288445749652645,1.731268820895838,0.06819177867863258,0.03519193142025404,7.0570601408062705,Доод STR регим
2020-11003-4,8.539666047268296,16,15,35,1,0,1,23,1985_1989,2020,23.268315946348736,1.9690595768181975,0.06619758072841311,0.01992186713649048,6.843779903104896,Дээд STR регим
2020-11003-5,9.14580185083861,17,15,34,0,0,1,23,1985_1989,2020,24.974375000000002,1.9016312839208376,0.0801025899920805,0.03817763447190078,8.339820778748642,Дээд STR регим
2020-11012-3,6.907755278982137,11,10.5,26,0,0,1,83,1990_1994,2020,16.891363669887163,1.7315434082303012,0.09515445658961612,0.042684920607551254,9.982871780047397,Доод STR регим
2020-11018-3,7.592934289892906,16,13.5,27,0,0,1,83,1990_1994,2020,17.54980127747731,1.7236671891437996,0.09907363945868577,0.05302642401063022,10.414760539715683,Доод STR регим
2020-11019-3,7.911057387845922,15,9,28,0,1,1,83,1990_1994,2020,18.277485226637772,1.7106890804719728,0.06705187058090101,0.02517315190752742,6.935094459073321,Доод STR регим
2020-11019-5,7.5055922797377574,15,9,26,0,0,1,83,1990_1994,2020,16.891363669887163,1.7315434082303012,0.09515445658961612,0.042684920607551254,9.982871780047397,Доод STR регим
2020-11029-3,8.804875263868018,16,14,34,0,1,1,11,1985_1989,2020,26.356786375059315,0.8938341206482799,0.1117259184988634,0.03140157204970706,11.820633896903843,Дээд STR регим
2020-11039-4,7.898153983010014,14,16,33,0,1,1,83,1985_1989,2020,22.95048389574479,1.704061101366828,0.08242766078109015,0.03281220482214154,8.592011598470961,Дээд STR регим
2020-11041-4,7.8632667240095735,15,11,26,0,0,1,83,1990_1994,2020,16.891363669887163,1.7315434082303012,0.09515445658961612,0.042684920607551254,9.982871780047397,Доод STR регим
2020-11043-5,8.572455870091288,14,4,36,0,1,1,83,1980_1984,2020,23.302227199203685,1.7971876974931535,0.06688674099833536,0.019906070415758103,6.917437769424684,Дээд STR регим
2020-11048-4,8.421883011611913,17,17,27,1,0,0,83,1990_1994,2020,17.54980127747731,1.7236671891437996,0.1661788322943883,0.03345491884595456,18.078424519882375,Доод STR регим
2020-11049-2,7.728735831051967,14,5,29,0,1,0,83,1990_1994,2020,19.290908096878248,1.7046872135963096,0.05965317882361671,0.018926375120989505,6.14683429992442,Доод STR регим
2020-11056-2,7.846518866708351,16,4,28,0,1,0,83,1990_1994,2020,18.277485226637772,1.7106890804719728,0.06415115939967077,0.023075508524944194,6.625356082876932,Доод STR регим
2020-11074-3,7.600902459542082,15,11,28,0,1,0,83,1990_1994,2020,18.277485226637772,1.7106890804719728,0.06415115939967077,0.023075508524944194,6.625356082876932,Доод STR регим
2020-11109-3,8.520520981508913,14,5,37,0,0,0,83,1980_1984,2020,24.29626523147177,1.8617021276595744,0.07040658294932922,0.027088633506637903,7.294433345374607,Дээд STR регим
2020-11126-4,8.586186062903188,17,14,30,0,1,0,83,1990_1994,2020,20.464889395083148,1.7042314486291816,0.0806133257962606,0.018896594981400307,8.395167936923364,Дээд STR регим
2020-11138-3,7.764784546819564,15,9.5,25,1,0,0,83,post1995,2020,16.288445749652645,1.731268820895838,0.18816781579337669,0.10392871949274067,20.703605806791536,Доод STR регим
2020-11147-3,8.645026562926123,19,11,31,1,0,1,84,1985_1989,2020,25.090253668364177,1.149042602112592,0.0996077806177991,0.026671498610688564,10.473753361738169,Дээд STR регим
2020-11175-3,6.9485772735023925,14,5.5,33,0,0,1,84,1985_1989,2020,26.722740016670457,1.1734744577724436,0.10168667438049644,0.013906794809747222,10.703655446749716,Дээд STR регим
2020-11190-3,7.418580902748128,14,10,26,0,0,1,84,1990_1994,2020,19.019150876481913,1.1477111235742812,0.11582803982615653,0.03248462201034035,12.280277817056874,Доод STR регим
2020-11231-2,7.195437351433918,15,8,25,1,0,0,84,post1995,2020,18.259557344064383,1.156224626385717,0.14281705749961063,0.050634843812215086,15.351875475663324,Доод STR регим
2020-11262-3,8.28835161898739,10,9,27,0,0,0,84,1990_1994,2020,20.14497360949013,1.1372159625595029,0.10678748414390077,0.05067298533007469,11.269776343339144,Дээд STR регим
2020-11466-6,7.456321230730975,10,10,25,1,1,1,11,post1995,2020,19.576272791230142,1.0380060250036154,0.17636541997867564,0.0612649629264195,19.28738789645088,Дээд STR регим
2020-11466-7,8.357344490474341,10,10,32,1,1,1,11,1985_1989,2020,24.05297052132284,0.9257993949993928,0.09732802709440504,0.01795650359247185,10.22218729653579,Дээд STR регим
2020-11536-2,8.14946841129092,15,15,25,1,0,1,11,post1995,2020,19.576272791230142,1.0380060250036154,0.17009983978450616,0.04304755800894961,18.542319780904105,Дээд STR регим
2020-11561-3,8.87386813535497,10,10.5,37,0,0,1,64,1980_1984,2020,25.392553622015377,1.6374269005847952,0.08663460219295115,0.03134762241437897,9.049814128076171,Дээд STR регим
2020-11580-3,8.421883011611913,16,14,28,1,1,1,11,1990_1994,2020,20.053299634997735,1.002709606891408,0.1576342836293854,0.07433899271622123,17.07379583688473,Дээд STR регим
2020-11588-2,8.28835161898739,15,12,35,1,0,1,11,1985_1989,2020,26.638652277373453,0.8899269756791881,0.11536726746348507,0.042167921644595124,12.22855408551382,Дээд STR регим
2020-11595-2,7.71583242621606,15,14,28,1,1,1,46,1990_1994,2020,20.283045253677912,1.7045200679225514,0.13303610188219261,0.018173267970877118,14.229123645015097,Дээд STR регим
2020-11608-2,8.12896988974258,15,14,35,0,0,1,11,1985_1989,2020,26.638652277373453,0.8899269756791881,0.11199063391250404,0.02935497892852404,11.850238460478678,Дээд STR регим
2020-11608-3,8.214912319543304,11,14,31,0,0,1,11,1985_1989,2020,23.103916714538485,0.9478157109868292,0.10205513175360487,0.023128286127556578,10.744452540362538,Дээд STR регим
2020-11609-2,9.60783731043517,16,14,30,0,0,1,11,1990_1994,2020,21.68181991784634,0.9717695664298076,0.1012568633087521,0.022491080086981963,10.656084014052713,Дээд STR регим
2020-11629-3,9.520495300280022,14,10,25,0,0,1,11,post1995,2020,19.576272791230142,1.0380060250036154,0.08578821440904322,0.04058044295752801,8.95755474667508,Дээд STR регим
2020-11640-2,8.031685375634536,14,14,32,1,0,1,11,1985_1989,2020,24.05297052132284,0.9257993949993928,0.0993864614172603,0.017484485176444353,10.449306104387146,Дээд STR регим
2020-11640-3,7.967146854496965,15,14,28,0,0,1,11,1990_1994,2020,20.053299634997735,1.002709606891408,0.10409551305830358,0.04061302379753984,10.970644130998842,Дээд STR регим
2020-11655-2,9.279333243463133,14,14,33,0,0,1,11,1985_1989,2020,25.242628873315546,0.9068776413462102,0.10873640334888346,0.03385802264708484,11.486843601956398,Дээд STR регим
2020-11659-2,8.645026562926123,14,10,30,1,0,1,11,1990_1994,2020,21.68181991784634,0.9717695664298076,0.14214408626369257,0.04438499475546915,15.27427309647229,Дээд STR регим
2020-11682-3,8.63497622707262,14,10.5,25,1,0,1,11,post1995,2020,19.576272791230142,1.0380060250036154,0.17009983978450616,0.04304755800894961,18.542319780904105,Дээд STR регим
2020-11697-3,8.462705006132168,15,10,25,0,0,1,11,post1995,2020,19.576272791230142,1.0380060250036154,0.08578821440904322,0.04058044295752801,8.95755474667508,Дээд STR регим
2020-11741-2,7.864868005376548,12,10,26,0,0,1,41,1990_1994,2020,24.16820528868722,2.0265943765206895,0.08197481143430783,0.03954700912065109,8.542846909891555,Дээд STR регим
2020-11744-2,7.600902459542082,5,8,25,0,0,1,11,post1995,2020,19.576272791230142,1.0380060250036154,0.08578821440904322,0.04058044295752801,8.95755474667508,Дээд STR регим
2020-11761-4,8.137045891292363,14,13,27,0,0,1,11,1990_1994,2020,19.955776075935713,1.0130020360098193,0.10055542919463929,0.03183963871394904,10.57849327736724,Дээд STR регим
2020-11785-3,8.254828926948747,15,12.5,29,1,0,1,11,1990_1994,2020,20.583862976361644,0.9881194944841533,0.15200585493732865,0.0657592015068708,16.416705253729113,Дээд STR регим
2020-11789-2,8.691546578561015,15,21,36,0,0,1,11,1980_1984,2020,26.798263191541174,0.8917086453369639,0.10989318181340225,0.03574966395495451,11.615883802785554,Дээд STR регим
2020-11805-3,8.294049640102028,16,10,25,0,0,1,43,post1995,2020,36.541956723020476,1.6433664957460496,0.10924398378558271,0.025661543860210037,11.543446506766397,Дээд STR регим
2020-11806-3,8.13420093916013,16,14,33,0,0,1,82,1985_1989,2020,27.743079861087516,2.1504448818897637,0.10451236748855944,0.03319168190709115,11.016912378525179,Дээд STR регим
2020-11809-2,7.236259345954173,8,10,28,1,0,1,64,1990_1994,2020,20.88054748834685,1.5492596994103947,0.1225798948535273,0.031432411962665475,13.040943036216412,Дээд STR регим
2020-11811-3,7.706262975199909,10,10,34,1,1,1,22,1985_1989,2020,26.799242424242422,1.350837020064906,0.10585237699827783,0.0314467461351172,11.165775813786173,Дээд STR регим
2020-11812-2,7.777525995221399,10,10,29,1,0,1,11,1990_1994,2020,20.583862976361644,0.9881194944841533,0.15200585493732865,0.0657592015068708,16.416705253729113,Дээд STR регим
2020-11821-2,8.13420093916013,10,10,25,0,1,1,23,post1995,2020,17.768879004448,1.8111997490729808,0.06781686581399597,0.029783123135719812,7.016930594720905,Доод STR регим
2020-11827-2,7.313220387090301,8,4,30,0,0,1,64,1990_1994,2020,24.396746650467417,1.5240735280602395,0.06958218250476532,0.021455141032522735,7.206016217392874,Дээд STR регим
2020-11832-3,7.849363818840582,13,12.5,32,0,0,1,11,1985_1989,2020,24.05297052132284,0.9257993949993928,0.10668874539486228,0.03415078832152632,11.258790247202821,Дээд STR регим
2020-11854-3,7.951879382366177,18,14,29,0,0,1,11,1990_1994,2020,20.583862976361644,0.9881194944841533,0.09887554035234833,0.03629166217187765,10.392889640700599,Дээд STR регим
2020-11863-3,8.614567355441414,14,12,33,0,0,1,11,1985_1989,2020,25.242628873315546,0.9068776413462102,0.10873640334888346,0.03385802264708484,11.486843601956398,Дээд STR регим
2020-11868-2,8.190290405811176,17,15,28,1,0,1,82,1990_1994,2020,19.01048951048951,2.1394871211047777,0.10985180163229591,0.02768084606796886,11.611265212859134,Доод STR регим
2020-11868-3,8.121297534324224,14,15,27,1,0,1,82,1990_1994,2020,18.53477167993297,2.1519358159341286,0.13999218400651173,0.07493683334935347,15.026480835984056,Доод STR регим
2020-11868-4,8.28835161898739,17,15,25,1,0,1,82,post1995,2020,17.050691755270783,2.184474666884017,0.1871050749284149,0.1307606066571257,20.575397290633866,Доод STR регим
2020-11885-2,8.421883011611913,15,10,25,0,1,1,41,post1995,2020,22.899363019844948,2.0404973746192026,0.07240220657545743,0.02771974134404384,7.508766444476844,Дээд STR регим
2020-11900-3,8.691546578561015,14,10,25,0,1,1,11,post1995,2020,19.576272791230142,1.0380060250036154,0.08437808544154703,0.03818745599779201,8.804018820669368,Дээд STR регим
2020-11915-3,7.929406526514119,17,10,33,1,1,1,82,1985_1989,2020,27.743079861087516,2.1504448818897637,0.08385171780002221,0.021440828944338578,8.746762976028212,Дээд STR регим
2020-11918-2,8.198739460297704,14,10,29,1,1,1,21,1990_1994,2020,18.17521304369243,1.545017281985095,0.13894993558650837,0.060260609529863444,14.906657121959377,Доод STR регим
2020-11926-3,8.66029403505691,14,10,25,0,0,1,65,post1995,2020,18.417767093843562,1.7257175616071245,0.08696268586373461,0.07981096238897635,9.085597461036187,Доод STR регим
2020-11931-3,8.180720954795024,10,9,36,1,0,1,11,1980_1984,2020,26.798263191541174,0.8917086453369639,0.11491177637141409,0.05794745533687834,12.1774466192333,Дээд STR регим
2020-11961-3,7.784825297703011,14,12,31,1,0,1,43,1985_1989,2020,22.83119160969324,1.479715515353548,0.10406437048680973,0.038905609030664194,10.967188273592686,Дээд STR регим
2020-11963-3,7.842395149524489,15,9,27,0,0,1,63,1990_1994,2020,18.041717768140494,2.011483004558588,0.10388444952686973,0.043325247282878086,10.947224746538996,Доод STR регим
2020-11975-3,8.229511118964457,14,12,27,0,1,1,11,1990_1994,2020,19.955776075935713,1.0130020360098193,0.0969906895387384,0.03365351553398411,10.185011484044338,Дээд STR регим
2020-12052-3,8.2170885989659,11,9,28,1,0,1,11,1990_1994,2020,20.053299634997735,1.002709606891408,0.15468695163060703,0.0603256162528455,16.729248489324313,Дээд STR регим
2020-12053-3,7.951879382366177,10,12,36,1,0,1,85,1980_1984,2020,25.993743680485338,1.4973014402963625,0.08841753693351243,0.024902276570338305,9.244416260036669,Дээд STR регим
2020-12056-3,8.093709577805395,16,14,33,1,0,1,83,1985_1989,2020,22.95048389574479,1.704061101366828,0.06516246417979536,0.033945743412061205,6.733241358418618,Дээд STR регим
2020-12059-3,8.069168468889277,11,10,25,0,0,1,45,post1995,2020,18.52287788355755,1.2812198524549712,0.09617628096902216,0.0388449742300968,10.095312397247769,Доод STR регим
2020-12064-2,8.411832675758411,14,10,25,0,0,1,11,post1995,2020,19.576272791230142,1.0380060250036154,0.08578821440904322,0.04058044295752801,8.95755474667508,Дээд STR регим
2020-12073-3,7.846518866708351,11,9,34,0,0,1,41,1985_1989,2020,25.061267684081542,1.9313481439033608,0.08454389566511612,0.04146051456432158,8.82206113511399,Дээд STR регим
2020-12079-2,7.929406526514119,10,0,29,1,0,1,11,1990_1994,2020,20.583862976361644,0.9881194944841533,0.15200585493732865,0.0657592015068708,16.416705253729113,Дээд STR регим
2020-12080-3,7.71583242621606,14,13,28,0,1,1,11,1990_1994,2020,20.053299634997735,1.002709606891408,0.10111606216428677,0.049807034402973634,10.64050460760635,Дээд STR регим
2020-12096-3,7.898153983010014,16,10,33,1,1,1,11,1985_1989,2020,25.242628873315546,0.9068776413462102,0.09783783175157786,0.029963596609982063,10.278393406794372,Дээд STR регим
2020-12107-3,7.418580902748128,16,14,25,0,0,1,11,post1995,2020,19.576272791230142,1.0380060250036154,0.08578821440904322,0.04058044295752801,8.95755474667508,Дээд STR регим
2020-12109-2,8.476371196895983,12,12,25,0,0,1,11,post1995,2020,19.576272791230142,1.0380060250036154,0.08578821440904322,0.04058044295752801,8.95755474667508,Дээд STR регим
2020-12118-2,8.37261196260513,10,8,34,0,0,1,11,1985_1989,2020,26.356786375059315,0.8938341206482799,0.11799004189446828,0.03957740766032223,12.523290612352401,Дээд STR регим
2020-12119-3,7.418580902748128,8,6,35,1,0,1,62,1985_1989,2020,26.726826208036236,1.472147286223582,0.10044068145326392,0.04610683730103165,10.56580537298708,Дээд STR регим
2020-12119-4,7.71583242621606,4,6,33,0,0,1,11,1985_1989,2020,25.242628873315546,0.9068776413462102,0.10873640334888346,0.03385802264708484,11.486843601956398,Дээд STR регим
2020-12126-3,8.2170885989659,14,11,33,0,1,1,23,1985_1989,2020,25.17747059939302,1.8403234320446455,0.0684423239285239,0.024182258724554505,7.08388613911477,Дээд STR регим
2020-12149-3,8.357344490474341,14,10,30,1,0,1,11,1990_1994,2020,21.68181991784634,0.9717695664298076,0.14214408626369257,0.04438499475546915,15.27427309647229,Дээд STR регим
2020-12159-3,8.421883011611913,14,14,27,1,1,1,11,1990_1994,2020,19.955776075935713,1.0130020360098193,0.16545961786084773,0.058987296386827655,17.99353134453583,Дээд STR регим
2020-12187-4,7.669895331029034,8,10,30,0,1,1,11,1990_1994,2020,21.68181991784634,0.9717695664298076,0.10517225244747734,0.02037979696882911,11.090194945561915,Дээд STR регим
2020-12187-5,8.006367567650246,8,10,27,0,1,1,11,1990_1994,2020,19.955776075935713,1.0130020360098193,0.0969906895387384,0.03365351553398411,10.185011484044338,Дээд STR регим
2020-12189-5,8.214243646833667,15,10,35,1,0,1,11,1985_1989,2020,26.638652277373453,0.8899269756791881,0.11536726746348507,0.042167921644595124,12.22855408551382,Дээд STR регим
2020-12200-4,8.096460611177285,10,11.5,31,0,1,1,11,1985_1989,2020,23.103916714538485,0.9478157109868292,0.09964134336923805,0.02123012395645937,10.477461227085506,Дээд STR регим
2020-12206-2,8.254828926948747,14,14,29,0,0,1,65,1990_1994,2020,21.388195372389056,1.7054802444084523,0.06747735468644397,0.02046498384216077,6.98060332305297,Дээд STR регим
2020-12210-3,8.477972478262956,12,10,36,1,0,1,11,1980_1984,2020,26.798263191541174,0.8917086453369639,0.11491177637141409,0.05794745533687834,12.1774466192333,Дээд STR регим
2020-12221-3,8.468403027246806,14,13,26,0,0,1,81,1990_1994,2020,16.789311552521923,1.9021509637727863,0.09017259661748303,0.02675695587983212,9.436315078395552,Доод STR регим
2020-12224-2,7.888584531993863,14,12,33,1,0,1,11,1985_1989,2020,25.242628873315546,0.9068776413462102,0.10312872530639688,0.022454740234221504,10.863410915663763,Дээд STR регим
2020-12284-2,8.645026562926123,8,8,36,1,0,1,11,1980_1984,2020,26.798263191541174,0.8917086453369639,0.11491177637141409,0.05794745533687834,12.1774466192333,Дээд STR регим
2020-12292-4,8.13420093916013,15,10,29,1,0,1,81,1990_1994,2020,19.40162620247366,1.8979622387424306,0.13944475124526465,0.05777570760114304,14.963528804537818,Доод STR регим
2020-12304-3,8.182991103329563,15,11,29,1,0,1,21,1990_1994,2020,18.17521304369243,1.545017281985095,0.1331679187603902,0.029604863526119192,14.244181963941704,Доод STR регим
2020-12306-3,8.031685375634536,11,14,27,0,1,1,11,1990_1994,2020,19.955776075935713,1.0130020360098193,0.0969906895387384,0.03365351553398411,10.185011484044338,Дээд STR регим
2020-12309-2,8.13420093916013,15,11,25,1,0,1,41,post1995,2020,22.899363019844948,2.0404973746192026,0.11533897893794898,0.03108830261314798,12.225379350100196,Дээд STR регим
2020-12313-2,7.784825297703011,10,11,31,1,1,1,11,1985_1989,2020,23.103916714538485,0.9478157109868292,0.10251912287842713,0.02723111543773622,10.7958489062713,Дээд STR регим
2020-12321-3,8.740336742730447,14,11.5,31,1,0,1,63,1985_1989,2020,21.61380410931578,1.899431544091039,0.07385979353969235,0.04464681631909707,7.66558408089455,Дээд STR регим
2020-12325-3,7.156216638280637,11,10,29,1,0,1,11,1990_1994,2020,20.583862976361644,0.9881194944841533,0.15200585493732865,0.0657592015068708,16.416705253729113,Дээд STR регим
2020-12346-2,7.824046010856292,0,10,32,0,0,1,21,1985_1989,2020,22.834960164922418,1.5076205308910147,0.08656296602824361,0.047380457009442045,9.042002497430923,Дээд STR регим
2020-12371-4,8.447349618048973,14,9,28,1,1,1,21,1990_1994,2020,17.503120926731654,1.5723337356047673,0.13244462185551567,0.029614467420906076,14.161579377426037,Доод STR регим
2020-12383-2,9.096102182286339,14,13,36,0,0,1,21,1980_1984,2020,25.616938504725198,1.4926570186069723,0.09506068578838474,0.02348399051983057,9.972559081561405,Дээд STR регим
2020-12392-3,7.332867384474098,17,9,31,1,0,1,21,1985_1989,2020,21.30328588937931,1.5113522166620617,0.11069021055648114,0.05912152460410737,11.704880332045153,Дээд STR регим
2020-12395-3,7.755053139369341,14,11,27,1,1,1,21,1990_1994,2020,17.316872272435916,1.598225473926412,0.17015271985947106,0.047328479876262694,18.548588473403637,Доод STR регим
2020-12396-2,8.047189562170502,14,9,33,1,1,1,21,1985_1989,2020,24.234704305030984,1.4958916250210248,0.08302559049844982,0.030885989791361118,8.656961405048214,Дээд STR регим
2020-12530-2,7.199891701783298,2,4,31,0,0,1,22,1985_1989,2020,23.19569337641627,1.2934004645168933,0.09285711296375974,0.028994885805298996,9.730493341608515,Дээд STR регим
2020-12562-2,6.725433722188183,9,1,28,0,0,0,22,1990_1994,2020,20.42782813402008,1.3134457390166694,0.07466962039714531,0.039344214817765566,7.752809876635625,Дээд STR регим
2020-12649-3,8.463847210710945,14,9,27,1,1,0,22,1990_1994,2020,19.904104674943326,1.325160462043126,0.17386053628406575,0.022760081766152837,18.988960782181373,Дээд STR регим
2020-12649-4,8.548445734920342,14,9,26,0,0,0,22,1990_1994,2020,19.688758420834745,1.336089646840503,0.10745644581995971,0.04907174283039448,11.344236462122614,Дээд STR регим
2020-12668-2,8.645026562926123,14,9,35,1,0,1,23,1985_1989,2020,23.268315946348736,1.9690595768181975,0.06619758072841311,0.01992186713649048,6.843779903104896,Дээд STR регим
2020-12670-3,7.1308988302963465,9,9,29,0,0,1,23,1990_1994,2020,20.368875283599273,1.8135108907172597,0.052566975465682016,0.037395810283113194,5.397315005722092,Дээд STR регим
2020-12714-2,8.180720954795024,16,12,25,1,0,1,23,post1995,2020,17.768879004448,1.8111997490729808,0.17455848175560584,0.08479192651355967,19.072037576686384,Доод STR регим
2020-12856-2,8.234626219631227,14,14,34,0,0,1,41,1985_1989,2020,25.061267684081542,1.9313481439033608,0.08454389566511612,0.04146051456432158,8.82206113511399,Дээд STR регим
2020-12879-2,7.755053139369341,11,4,32,1,0,0,41,1985_1989,2020,22.378024889129296,1.8808625307181825,0.07030604293010695,0.04336141728197318,7.283646503247354,Дээд STR регим
2020-13026-2,7.9853141584524145,14,10,28,1,0,0,43,1990_1994,2020,29.527604527604524,1.5482223542238862,0.12866348273187322,0.02513647542241769,13.730733620416435,Дээд STR регим
2020-13069-3,8.405252431384083,16,11,26,1,0,1,43,1990_1994,2020,37.46059470051972,1.6021639404985506,0.14234588436060208,0.03158164553187066,15.297537572690345,Дээд STR регим
2020-13136-2,7.962196349337109,13,8,26,1,0,0,43,1990_1994,2020,37.46059470051972,1.6021639404985506,0.1441727011568555,0.029316073912981366,15.508357557008878,Дээд STR регим
2020-13168-2,7.801056492631593,12,10,27,1,0,0,85,1990_1994,2020,19.53062264661216,1.422535999053971,0.1501868852621753,0.028435457711095874,16.205139271577384,Доод STR регим
2020-13216-2,8.357344490474341,19,14,31,1,0,1,44,1985_1989,2020,23.94017581915744,1.723243035273727,0.06449047928127476,0.027763430103087728,6.661542325087466,Дээд STR регим
2020-13223-5,8.43224579864746,15,9,28,0,0,1,44,1990_1994,2020,43.34994992260767,1.7632199316414159,0.08004789352630251,0.023768020164477034,8.333895135506374,Дээд STR регим
2020-13233-2,8.175022933680387,14,14,26,1,1,1,44,1990_1994,2020,64.9016480595428,1.773770293326423,0.11517608530670596,0.027246479765782716,12.20710003937231,Дээд STR регим
2020-13254-4,8.390134313297333,14,9,27,0,0,1,11,1990_1994,2020,19.955776075935713,1.0130020360098193,0.10055542919463929,0.03183963871394904,10.57849327736724,Дээд STR регим
2020-13353-3,7.195437351433918,12,10.5,31,0,0,0,44,1985_1989,2020,23.94017581915744,1.723243035273727,0.06208970932158274,0.03562473638532737,6.4057796349555,Дээд STR регим
2020-13353-4,8.111728083308073,12,10.5,25,0,0,0,44,post1995,2020,65.10487796337151,1.7835271012483687,0.0867872836234378,0.018670627979252213,9.066465280820113,Дээд STR регим
2020-13406-3,7.561681746388801,14,11,32,0,1,1,45,1985_1989,2020,23.884039249458493,1.0282947473008386,0.09850382379241764,0.02008900692620172,10.351862401247125,Дээд STR регим
2020-13410-4,7.849363818840582,12,11.5,29,0,0,1,45,1990_1994,2020,19.0867399170035,1.145461140503846,0.0955853421824891,0.014476247727212786,10.030272026268428,Доод STR регим
2020-13433-3,7.824046010856292,12,9,26,1,0,1,45,1990_1994,2020,19.097177399610953,1.2392535858488927,0.16153423794654664,0.023999333002112013,17.53126977628323,Доод STR регим
2020-13470-2,8.294049640102028,11,8,28,0,0,0,45,1990_1994,2020,18.97585604312185,1.1827474871864456,0.0967719127458039,0.018247627416444895,10.160908197318431,Доод STR регим
2020-13483-2,8.64302456025545,14,8,30,1,0,0,45,1990_1994,2020,20.027369080797733,1.1055629749860185,0.15845374049212727,0.0237762689557713,17.169772081155777,Дээд STR регим
2020-13488-2,8.622553707074063,11,8,26,0,0,0,45,1990_1994,2020,19.097177399610953,1.2392535858488927,0.10379360351789482,0.025275641202109306,10.93714609177363,Доод STR регим
2020-13516-3,8.468403027246806,11,10,28,0,0,1,46,1990_1994,2020,20.283045253677912,1.7045200679225514,0.07495224511310683,0.03070978612989757,7.783267787797565,Дээд STR регим
2020-13568-3,9.502476794777344,14,11,29,0,0,0,46,1990_1994,2020,21.611972518006517,1.7034349961044222,0.06408856938898964,0.018010392118021464,6.618682609549387,Дээд STR регим
2020-13685-2,8.221212316149762,16,15,28,1,0,1,48,1990_1994,2020,13.230093440784248,1.9745657940485382,0.14276865375175007,0.033258580642415915,15.346292147695628,Доод STR регим
2020-13721-3,8.129427660407474,14,8,29,1,1,0,42,1990_1994,2020,18.153409090909093,1.4559386973180077,0.15394853259331948,0.07106517663790823,16.64308520625093,Доод STR регим
2020-13739-2,8.316522495954086,14,10,31,1,0,0,48,1985_1989,2020,22.97225470394387,1.9511383770098105,0.09150866323356777,0.04399178288307233,9.582627005034672,Дээд STR регим
2020-13740-2,7.904088718529828,14,12,29,0,0,0,48,1990_1994,2020,18.840589127138834,1.969242892263669,0.05766995221187938,0.02705835438045793,5.936529683176017,Доод STR регим
2020-13756-3,7.911057387845922,9,8,36,1,0,0,48,1980_1984,2020,25.324684086600413,2.0725945017182132,0.07505316277767099,0.021895301499896467,7.794145572332889,Дээд STR регим
2020-13802-2,7.824046010856292,10,10,30,0,0,0,48,1990_1994,2020,20.553775743707092,1.9572460798835842,0.0654584713852107,0.023168233938867966,6.764839843376924,Дээд STR регим
2020-13833-2,9.072470577753062,10,10,34,0,0,1,61,1985_1989,2020,25.558935090569864,0.8213275082559915,0.10654021234534886,0.03521683379575663,11.24226586704089,Дээд STR регим
2020-13837-2,8.375362995977019,14,10,25,0,0,1,61,post1995,2020,12.14290593978759,0.8560938471253072,0.09682185130764281,0.054726885410697666,10.166409612009897,Доод STR регим
2020-13843-3,8.432058339653565,16,15,30,0,1,1,11,1990_1994,2020,21.68181991784634,0.9717695664298076,0.10517225244747734,0.02037979696882911,11.090194945561915,Дээд STR регим
2020-13845-3,7.441053758600186,10,10,30,1,1,1,61,1990_1994,2020,20.464542584215724,0.7836800001583974,0.1499803272249685,0.023513755343932356,16.181138644942592,Дээд STR регим
2020-13854-2,8.868170114240332,14,12,33,1,0,1,61,1985_1989,2020,24.50107773710216,0.8005597644523269,0.07559130064401522,0.035234637283763096,7.852169294816402,Дээд STR регим
2020-13858-3,8.398893493387213,14,14,25,1,1,1,61,post1995,2020,12.14290593978759,0.8560938471253072,0.15600287648018088,0.052633510505728676,16.882956520011263,Доод STR регим
2020-13860-3,8.1886891244442,12,11,31,0,0,1,61,1985_1989,2020,21.415332159341332,0.7819171572528096,0.083692671798762025,0.04595754271992813,8.72946861356294,Дээд STR регим
2020-13864-3,7.718685495198466,11,9,29,0,0,1,61,1990_1994,2020,19.67723692726329,0.7868469713759924,0.0892969046442288,0.02952976284170766,9.340524523330274,Дээд STR регим
2020-13864-4,7.623375315394141,12,9,29,0,0,1,61,1990_1994,2020,19.67723692726329,0.7868469713759924,0.0892969046442288,0.02952976284170766,9.340524523330274,Дээд STR регим
2020-13893-3,7.648693123378431,14,11,27,1,0,1,81,1990_1994,2020,17.47543188568052,1.8944596907623652,0.16458053960336164,0.03933966762359613,17.88985137468726,Доод STR регим
2020-13904-2,7.588973888676809,11,5,26,0,0,1,82,1990_1994,2020,17.783798133538447,2.167052275717396,0.09060601238797898,0.062179279126606334,9.483756783464404,Доод STR регим
2020-14028-3,7.595204438427444,8,6.5,28,0,0,0,62,1990_1994,2020,22.64614036983738,1.2724293009873493,0.12137021068128798,0.04521216277167389,12.90428187169943,Дээд STR регим
2020-14050-3,8.214243646833667,14,9.5,25,1,0,0,62,post1995,2020,22.341735477328697,1.266945515870625,0.16248574679553746,0.0445124819029026,17.643155040976733,Дээд STR регим
2020-14157-2,7.367287608360577,11,11,34,1,0,1,41,1985_1989,2020,25.061267684081542,1.9313481439033608,0.07336335501282772,0.026020921973570397,7.612148001901042,Дээд STR регим
2020-14157-3,7.846518866708351,11,11,27,1,0,1,41,1990_1994,2020,26.439452439452438,2.008083335537286,0.11152414909400556,0.024962982883173945,11.798074190157482,Дээд STR регим
2020-14282-3,7.600902459542082,14,14,33,1,0,0,63,1985_1989,2020,24.175279931093883,1.8554407208672397,0.06778850647936549,0.024674980928104284,7.013895708808904,Дээд STR регим
2020-14349-3,7.195437351433918,10,9,26,0,0,1,64,1990_1994,2020,18.755652016639537,1.5780182719423008,0.1067056753078052,0.05154461284936809,11.260673864780536,Доод STR регим
2020-14383-3,8.421883011611913,14,14,30,1,1,0,64,1990_1994,2020,24.396746650467417,1.5240735280602395,0.10233914462478003,0.03586401461740344,10.77590985722523,Дээд STR регим
2020-14383-5,8.421883011611913,16,14,26,1,1,0,64,1990_1994,2020,18.755652016639537,1.5780182719423008,0.15124115422508833,0.05769467773574937,16.327715345964357,Доод STR регим
2020-14403-3,8.214243646833667,10,11,27,0,0,0,64,1990_1994,2020,19.74301952063257,1.561694864157441,0.08580478262588198,0.02449273819760203,8.959359994023174,Дээд STR регим
2020-14403-4,7.641724454062338,14,11,32,0,0,0,64,1985_1989,2020,25.684682760094,1.5238181228837382,0.08190211427650361,0.025884990607324854,8.534956440232055,Дээд STR регим
2020-14420-4,7.641724454062338,15,13,25,0,0,0,64,post1995,2020,17.98503388251919,1.5935576444826665,0.0890998018209602,0.06582329838121836,9.318975321023126,Доод STR регим
2020-14457-3,8.687092228211634,14,13.5,31,0,1,1,65,1985_1989,2020,24.924897627024734,1.7027891203847496,0.05705776604856861,0.04229370325777586,5.871696652481773,Дээд STR регим
2020-14457-4,8.922658299524402,14,13.5,29,1,0,1,65,1990_1994,2020,21.388195372389056,1.7054802444084523,0.11879591820612946,0.03899770841636084,12.614007014957473,Дээд STR регим
2020-14457-5,8.254828926948747,14,13.5,27,1,0,1,65,1990_1994,2020,19.751492179487045,1.715246341156099,0.13147573440604537,0.03814433729797325,14.05102322283951,Дээд STR регим
2020-14466-3,8.691546578561015,15,12,27,0,1,1,65,1990_1994,2020,19.751492179487045,1.715246341156099,0.08562177409448518,0.049307176975767725,8.939421326097552,Дээд STR регим
2020-14482-2,6.607650686531799,0,8,26,0,0,1,65,1990_1994,2020,18.995397334847908,1.7185857418044381,0.0914651486651096,0.03786597778275059,9.577858668056848,Доод STR регим
2020-14485-3,8.411832675758411,12,9,34,1,0,1,65,1985_1989,2020,26.578366445916117,1.7136271529888552,0.10288012949196451,0.0257325512857679,10.835854161125269,Дээд STR регим
2020-14485-4,8.374092347775564,11,9,32,0,1,1,65,1985_1989,2020,25.50634423444468,1.696732234651773,0.07193793307047044,0.028537607990669185,7.45886455762117,Дээд STR регим
2020-14490-3,7.893038882343244,5,4,28,0,1,1,65,1990_1994,2020,20.50788466683938,1.7081995467002802,0.08028833908782027,0.056516064983992705,8.359946671616235,Дээд STR регим
2020-14556-4,7.893038882343244,14,11,26,1,0,0,65,1990_1994,2020,18.995397334847908,1.7185857418044381,0.15048993855317708,0.0319133482808444,16.240360958219412,Доод STR регим
2020-14562-2,8.653325365740818,10,10,33,1,1,0,65,1985_1989,2020,26.384803921568626,1.7074401839295457,0.095647453316953,0.02748543830261004,10.037106343530766,Дээд STR регим
2020-14572-2,7.951879382366177,8,8,27,0,0,0,65,1990_1994,2020,19.751492179487045,1.715246341156099,0.06674616477521442,0.02450963661900252,6.902408776221591,Дээд STR регим
2020-14575-3,7.878113232126568,8,9,28,1,0,0,65,1990_1994,2020,20.50788466683938,1.7081995467002802,0.10755039926831524,0.04103564670337398,11.354698128539864,Дээд STR регим
2020-14636-2,7.443898710732418,11,8,25,0,0,1,67,post1995,2020,22.50261913823421,1.27399991744335,0.10507203567830062,0.024060907726184175,11.079062402980288,Дээд STR регим
2020-14707-3,8.421883011611913,16,9,26,1,0,0,67,1990_1994,2020,22.95030024405182,1.2723645727834134,0.15379583547831296,0.027276643877128935,16.6252755034342,Дээд STR регим
2020-14716-3,7.4673710669175595,14,14,34,1,0,0,67,1985_1989,2020,25.330265385840498,1.3138478740405055,0.08643382950575572,0.029527004126016932,9.027922101589535,Дээд STR регим
2020-14795-2,7.71583242621606,15,0,26,1,0,1,81,1990_1994,2020,16.789311552521923,1.9021509637727863,0.19229493983268792,0.04172282805249536,21.20279395709379,Доод STR регим
2020-14798-2,6.789972243325754,14,4,34,0,0,1,81,1985_1989,2020,23.84041184041184,1.9981593038821952,0.06655276652300046,0.035418447062434896,6.881736036307129,Дээд STR регим
2020-14804-3,7.784825297703011,11,10,25,0,0,1,81,post1995,2020,16.428311072925617,1.9027011095614204,0.06636096461804407,0.025220813348021044,6.8612378815857245,Доод STR регим
2020-14812-4,8.645026562926123,14,8,31,0,1,1,81,1985_1989,2020,21.80021353021543,1.9141651622629692,0.04374425434648031,0.04325828139567286,4.47151393642371,Дээд STR регим
2020-14834-3,8.364852466834218,14,7,35,1,1,1,81,1985_1989,2020,23.583011583011583,2.0531012940651494,0.06795859367931992,0.02391075434223046,7.032098950711574,Дээд STR регим
2020-14843-3,8.312892727903508,16,8,25,0,0,1,81,post1995,2020,16.428311072925617,1.9027011095614204,0.06636096461804407,0.025220813348021044,6.8612378815857245,Доод STR регим
2020-14918-3,8.166990761983122,14,7,33,0,0,0,81,1985_1989,2020,23.40804774433093,1.9572230952796692,0.06112899308858499,0.027628342003251313,6.303602964427291,Дээд STR регим
2020-14963-3,9.050491671034287,16,10.5,26,1,0,1,82,1990_1994,2020,17.783798133538447,2.167052275717396,0.17033582389530377,0.07201699328060572,18.570297185811157,Доод STR регим
2020-15026-3,8.421883011611913,16,10,28,1,0,0,82,1990_1994,2020,19.01048951048951,2.1394871211047777,0.11187361912310038,0.02352509176305909,11.837151094103127,Доод STR регим
2020-15026-4,8.645026562926123,16,10,30,0,0,0,82,1990_1994,2020,20.801481127568085,2.12526329414583,0.06713514787573971,0.031058409797129614,6.944000095276692,Дээд STR регим
2020-15114-5,8.006367567650246,10,2,35,0,0,1,83,1985_1989,2020,23.442403324326165,1.76911278598309,0.0843929879541344,0.034467698942324515,8.805640286011318,Дээд STR регим
2020-15114-6,7.5267944873883605,10,2,29,0,0,1,83,1990_1994,2020,19.290908096878248,1.7046872135963096,0.06105785430427431,0.015802626668945476,6.296040924324919,Доод STR регим
2020-15116-3,7.97819669068355,13,11,28,0,1,1,83,1990_1994,2020,18.277485226637772,1.7106890804719728,0.06705187058090101,0.02517315190752742,6.935094459073321,Доод STR регим
2020-15146-3,7.737034633866663,15,16,25,1,0,1,83,post1995,2020,16.288445749652645,1.731268820895838,0.1707405497658225,0.06194689923532754,18.618295364954584,Доод STR регим
2020-15245-4,7.523460533568604,11,10.5,27,1,0,0,83,1990_1994,2020,17.54980127747731,1.7236671891437996,0.1661788322943883,0.03345491884595456,18.078424519882375,Доод STR регим
2020-15249-3,8.26076366246856,15,14,30,0,1,0,83,1990_1994,2020,20.464889395083148,1.7042314486291816,0.0806133257962606,0.018896594981400307,8.395167936923364,Дээд STR регим
2020-15252-2,8.381391650257175,18,8,37,0,1,0,83,1980_1984,2020,24.29626523147177,1.8617021276595744,0.06895655168252521,0.02479249545136287,7.138965805906761,Дээд STR регим
2020-15256-4,8.13420093916013,14,11.5,25,1,0,1,84,post1995,2020,18.259557344064383,1.156224626385717,0.14860050312800843,0.029179898085669398,16.020939658855802,Доод STR регим
2020-15267-3,7.951879382366177,14,9,29,1,0,1,84,1990_1994,2020,22.50946139290165,1.1348838867652484,0.14761806456499493,0.04648450862661404,15.907012186152603,Дээд STR регим
2020-15271-3,7.951879382366177,14,10,32,1,0,1,84,1985_1989,2020,25.67324397237249,1.1553645172795055,0.09824893704165559,0.03593592756654522,10.323738757923406,Дээд STR регим
2020-15305-2,8.28835161898739,14,16,31,1,0,1,84,1985_1989,2020,25.090253668364177,1.149042602112592,0.0996077806177991,0.026671498610688564,10.473753361738169,Дээд STR регим
2020-15358-3,8.28835161898739,16,10,30,1,0,0,84,1990_1994,2020,24.03426396251548,1.142398578218381,0.14064417692432798,0.030790771902106905,15.101501740742162,Дээд STR регим
2020-15365-3,7.951879382366177,14,10,36,1,0,0,84,1980_1984,2020,25.836032236197937,1.24542279308208,0.09982327520883084,0.030344722225629953,10.497562423308459,Дээд STR регим
2020-15386-2,8.301255023823298,14,13,36,1,0,0,84,1980_1984,2020,25.836032236197937,1.24542279308208,0.09982327520883084,0.030344722225629953,10.497562423308459,Дээд STR регим
2020-15477-3,7.951879382366177,14,11.5,29,0,0,0,85,1990_1994,2020,20.73475901691669,1.4284097997095433,0.08619358809838171,0.048269516959683345,9.0017322262130115,Дээд STR регим
2020-15485-3,7.967146854496965,12,8,26,0,0,0,85,1990_1994,2020,18.567897570261806,1.4376811720383327,0.08427165610017885,0.04581179512839216,8.792439496808901,Доод STR регим
2020-15486-3,7.801056492631593,14,5.5,30,0,0,0,85,1990_1994,2020,22.202228055814302,1.441519848202648,0.09253809455665199,0.02742822780215148,9.695492877604517,Дээд STR регим
2020-15538-3,8.13420093916013,15,8,32,0,0,0,85,1985_1989,2020,25.205639493141994,1.486168115302092,0.0811149707443861,0.019553580874534106,8.449557466295875,Дээд STR регим
2020-15591-3,7.561681746388801,10,8,31,1,1,1,11,1985_1989,2020,23.103916714538485,0.9478157109868292,0.10251912287842713,0.02723111543773622,10.7958489062713,Дээд STR регим
2020-15629-2,7.641724454062338,10,10,36,1,0,1,23,1980_1984,2020,22.08014521464142,2.041427203065134,0.0836711579452757,0.055398629064940245,8.727129448867865,Дээд STR регим
2020-15630-3,8.477972478262956,14,14,31,0,1,1,11,1985_1989,2020,23.103916714538485,0.9478157109868292,0.09964134336923805,0.02123012395645937,10.477461227085506,Дээд STR регим
2020-15634-4,8.626523091361562,14,15,29,1,0,1,11,1990_1994,2020,20.583862976361644,0.9881194944841533,0.15200585493732865,0.0657592015068708,16.416705253729113,Дээд STR регим
2020-15637-3,8.740336742730447,15,15,26,0,1,1,11,1990_1994,2020,19.809893918706017,1.020533066128087,0.09680369692862635,0.03168534168627032,10.16440962740921,Дээд STR регим
2020-15646-2,8.13420093916013,15,12,30,1,0,1,11,1990_1994,2020,21.68181991784634,0.9717695664298076,0.14214408626369257,0.04438499475546915,15.27427309647229,Дээд STR регим
2020-15650-3,8.421883011611913,15,14.5,26,0,0,1,11,1990_1994,2020,19.809893918706017,1.020533066128087,0.09667226030536082,0.03158130988418606,10.149930940939411,Дээд STR регим
2020-15655-2,8.477972478262956,15,10,31,0,0,1,11,1985_1989,2020,23.103916714538485,0.9478157109868292,0.10205513175360487,0.023128286127556578,10.744452540362538,Дээд STR регим
2020-15662-3,9.171119658822901,15,13.5,25,0,0,1,11,post1995,2020,19.576272791230142,1.0380060250036154,0.08578821440904322,0.04058044295752801,8.95755474667508,Дээд STR регим
2020-15665-3,7.931676675048657,14,12,26,1,0,1,81,1990_1994,2020,16.789311552521923,1.9021509637727863,0.19229493983268792,0.04172282805249536,21.20279395709379,Доод STR регим
2020-15675-2,8.883437586371121,10,15,34,1,0,1,67,1985_1989,2020,25.330265385840498,1.3138478740405055,0.08537718377194843,0.031078105007139988,8.91277905625194,Дээд STR регим
2020-15676-3,9.232813227828242,14,12,30,0,0,1,11,1990_1994,2020,21.68181991784634,0.9717695664298076,0.1012568633087521,0.022491080086981963,10.656084014052713,Дээд STR регим
2020-15737-2,8.645026562926123,15,14,29,1,0,1,11,1990_1994,2020,20.583862976361644,0.9881194944841533,0.15200585493732865,0.0657592015068708,16.416705253729113,Дээд STR регим
2020-15763-4,7.898153983010014,9,11,25,0,0,1,22,post1995,2020,19.300045599635204,1.3398775256283817,0.10343209979629532,0.07358831608128606,10.897049148631588,Доод STR регим
2020-15776-3,8.579324972523244,17,15,33,0,0,1,11,1985_1989,2020,25.242628873315546,0.9068776413462102,0.10873640334888346,0.03385802264708484,11.486843601956398,Дээд STR регим
2020-15782-3,7.784825297703011,15,11.5,26,0,0,1,45,1990_1994,2020,19.097177399610953,1.2392535858488927,0.11763277532091179,0.033399866885449214,12.483096982217813,Доод STR регим
2020-15821-3,8.421883011611913,15,12.5,26,0,0,1,11,1990_1994,2020,19.809893918706017,1.020533066128087,0.09667226030536082,0.03158130988418606,10.149930940939411,Дээд STR регим
2020-15837-2,7.951879382366177,10,10,36,1,0,1,22,1980_1984,2020,25.026490066225165,1.402948402948403,0.09980281273097093,0.02790345585720761,10.495301392517021,Дээд STR регим
2020-15843-2,7.728735831051967,10,8,32,1,0,1,84,1985_1989,2020,25.67324397237249,1.1553645172795055,0.09824893704165559,0.03593592756654522,10.323738757923406,Дээд STR регим
2020-15851-3,8.089749176589297,16,7.5,26,0,0,1,62,1990_1994,2020,22.641658752769864,1.2798553584782935,0.12382166249816084,0.03902296861478975,13.181400811709487,Дээд STR регим
2020-15852-2,8.750387078583948,14,12,25,0,1,1,11,post1995,2020,19.576272791230142,1.0380060250036154,0.08437808544154703,0.03818745599779201,8.804018820669368,Дээд STR регим
2020-15858-2,7.911057387845922,10,10,31,1,0,1,11,1985_1989,2020,23.103916714538485,0.9478157109868292,0.10221578016311227,0.02299228987690826,10.762244889642968,Дээд STR регим
2020-15865-3,8.421883011611913,14,14,28,1,0,1,11,1990_1994,2020,20.053299634997735,1.002709606891408,0.15468695163060703,0.0603256162528455,16.729248489324313,Дээд STR регим
2020-15893-3,7.561681746388801,10,11.5,28,0,0,1,11,1990_1994,2020,20.053299634997735,1.002709606891408,0.10409551305830358,0.04061302379753984,10.970644130998842,Дээд STR регим
2020-15894-3,8.482507633428348,14,14,35,0,1,1,11,1985_1989,2020,26.638652277373453,0.8899269756791881,0.10703695861574822,0.02586782738864712,11.29753877488997,Дээд STR регим
2020-15894-10,8.421883011611913,14,14,37,0,1,1,11,1980_1984,2020,27.055429275776966,0.8984615384615384,0.1054899740598386,0.03370718302515618,11.125496309123651,Дээд STR регим
2020-15913-4,8.396565203627622,14,12,30,1,0,1,11,1990_1994,2020,21.68181991784634,0.9717695664298076,0.14214408626369257,0.04438499475546915,15.27427309647229,Дээд STR регим
2020-15933-2,8.645026562926123,16,18,28,0,1,1,11,1990_1994,2020,20.053299634997735,1.002709606891408,0.10111606216428677,0.049807034402973634,10.64050460760635,Дээд STR регим
2020-15953-5,7.721530447330697,11,9,27,0,0,1,11,1990_1994,2020,19.955776075935713,1.0130020360098193,0.10055542919463929,0.03183963871394904,10.57849327736724,Дээд STR регим
2020-15956-2,8.006367567650246,10,10,37,0,0,1,11,1980_1984,2020,27.055429275776966,0.8984615384615384,0.10819243346178001,0.03390329620188936,11.426214607897256,Дээд STR регим
2020-15965-4,7.937374696163295,10,11.5,26,0,0,1,41,1990_1994,2020,24.16820528868722,2.0265943765206895,0.08197481143430783,0.03954700912065109,8.542846909891555,Дээд STR регим
2020-15975-3,7.777525995221399,10,8,26,1,0,1,11,1990_1994,2020,19.809893918706017,1.020533066128087,0.15827456296349723,0.02848884320661511,17.148779771695356,Дээд STR регим
2020-16020-3,8.645026562926123,15,12,25,0,0,1,11,post1995,2020,19.576272791230142,1.0380060250036154,0.08578821440904322,0.04058044295752801,8.95755474667508,Дээд STR регим
2020-16028-2,9.433483923290392,14,14,25,0,0,1,46,post1995,2020,18.789659224441834,1.7030975327800146,0.039777999794542045,0.023678857748144166,4.05797396324834,Доод STR регим
2020-16064-3,8.298503990451408,14,10,34,1,0,1,45,1985_1989,2020,23.994292151354614,0.9535779403149253,0.12072445637539428,0.03570204926416558,12.831396980925703,Дээд STR регим
2020-16126-3,7.967146854496965,15,10,25,1,0,1,11,post1995,2020,19.576272791230142,1.0380060250036154,0.17009983978450616,0.04304755800894961,18.542319780904105,Дээд STR регим
2020-16128-3,8.645026562926123,14,14,33,0,0,1,11,1985_1989,2020,25.242628873315546,0.9068776413462102,0.10873640334888346,0.03385802264708484,11.486843601956398,Дээд STR регим
2020-16144-2,8.111728083308073,14,10,31,0,0,1,11,1985_1989,2020,23.103916714538485,0.9478157109868292,0.10205513175360487,0.023128286127556578,10.744452540362538,Дээд STR регим
2020-16163-4,7.911057387845922,14,9,29,1,1,1,65,1990_1994,2020,21.388195372389056,1.7054802444084523,0.12647808165464358,0.027012022579715494,13.482457742646957,Дээд STR регим
2020-16198-2,7.305252217441125,0,10,26,0,0,1,84,1990_1994,2020,19.019150876481913,1.1477111235742812,0.11582803982615653,0.03248462201034035,12.280277817056874,Доод STR регим
2020-16198-3,7.706262975199909,0,10,30,0,0,1,84,1990_1994,2020,24.03426396251548,1.142398578218381,0.1080899326982963,0.016451535134643633,11.41479392115241,Дээд STR регим
2020-16201-2,8.645026562926123,14,14,31,0,1,1,11,1985_1989,2020,23.103916714538485,0.9478157109868292,0.09964134336923805,0.02123012395645937,10.477461227085506,Дээд STR регим
2020-16219-3,8.111728083308073,14,9,34,0,0,1,11,1985_1989,2020,26.356786375059315,0.8938341206482799,0.11799004189446828,0.03957740766032223,12.523290612352401,Дээд STR регим
2020-16238-2,7.951879382366177,11,10,28,1,0,1,11,1990_1994,2020,20.053299634997735,1.002709606891408,0.15468695163060703,0.0603256162528455,16.729248489324313,Дээд STR регим
2020-16292-3,7.784825297703011,11,10,26,1,0,1,11,1990_1994,2020,19.809893918706017,1.020533066128087,0.15827456296349723,0.02848884320661511,17.148779771695356,Дээд STR регим
2020-16313-4,8.26076366246856,14,8,37,1,1,1,11,1980_1984,2020,27.055429275776966,0.8984615384615384,0.11436863324811107,0.04170080864616057,12.11653475394019,Дээд STR регим
2020-16319-3,9.561317294800277,17,14.5,37,1,0,1,11,1980_1984,2020,27.055429275776966,0.8984615384615384,0.11650215011300832,0.04453164215906434,12.355992624542012,Дээд STR регим
2020-16327-3,8.542510999400527,15,13,25,1,0,1,63,post1995,2020,16.416426710544357,2.0695101745503472,0.13529749459233084,0.06653913899059541,14.48773285078937,Доод STR регим
2020-16338-3,7.718685495198466,10,10,32,0,0,1,62,1985_1989,2020,26.77460827839152,1.3320196249918492,0.11432253734067072,0.03376741620602287,12.111366759644238,Дээд STR регим
2020-16338-4,8.421883011611913,10,10,34,1,0,1,62,1985_1989,2020,28.016129763722393,1.4237451678640336,0.10806613605288652,0.049770510368893815,11.412142654353818,Дээд STR регим
2020-16367-2,8.254828926948747,18,14,25,1,1,1,11,post1995,2020,19.576272791230142,1.0380060250036154,0.17636541997867564,0.0612649629264195,19.28738789645088,Дээд STR регим
2020-16395-2,7.561681746388801,14,10,32,0,0,1,43,1985_1989,2020,23.45781337306761,1.4656712608034679,0.08781743926842973,0.03136726711499688,9.17887860737865,Дээд STR регим
2020-16397-3,7.7440033031827555,14,10,26,1,0,1,11,1990_1994,2020,19.809893918706017,1.020533066128087,0.15827456296349723,0.02848884320661511,17.148779771695356,Дээд STR регим
2020-16399-3,7.7440033031827555,11,10,28,0,0,1,11,1990_1994,2020,20.053299634997735,1.002709606891408,0.10409551305830358,0.04061302379753984,10.970644130998842,Дээд STR регим
2020-16399-5,7.595204438427444,14,10,27,1,1,1,11,1990_1994,2020,19.955776075935713,1.0130020360098193,0.16545961786084773,0.058987296386827655,17.99353134453583,Дээд STR регим
2020-16409-2,8.421883011611913,14,8,26,1,0,1,64,1990_1994,2020,18.755652016639537,1.5780182719423008,0.1659149063516859,0.024315597408591336,18.047264672505058,Доод STR регим
2020-16412-3,8.312892727903508,14,11.5,33,1,0,1,85,1985_1989,2020,26.682849045519397,1.5003828704379822,0.09362094085230391,0.020941003787496526,9.814340570996038,Дээд STR регим
2020-16412-4,8.002737799599668,11,11.5,30,0,0,1,85,1990_1994,2020,22.202228055814302,1.441519848202648,0.08447054833446166,0.01737829367312111,8.814079620128412,Дээд STR регим
2020-16422-2,7.561681746388801,14,12,25,1,1,1,11,post1995,2020,19.576272791230142,1.0380060250036154,0.17636541997867564,0.0612649629264195,19.28738789645088,Дээд STR регим
2020-16430-2,7.418580902748128,10,10,34,0,1,1,11,1985_1989,2020,26.356786375059315,0.8938341206482799,0.1117259184988634,0.03140157204970706,11.820633896903843,Дээд STR регим
2020-16431-2,8.13420093916013,14,13,32,1,0,1,64,1985_1989,2020,25.684682760094,1.5238181228837382,0.09192905658344681,0.025676268424196853,9.628704497346941,Дээд STR регим
2020-16436-3,7.951879382366177,16,10,29,0,0,1,84,1990_1994,2020,22.50946139290165,1.1348838867652484,0.11037376361911737,0.023278177165885025,11.669537257174323,Дээд STR регим
2020-16443-2,8.093709577805395,14,10,26,0,0,1,81,1990_1994,2020,16.789311552521923,1.9021509637727863,0.09017259661748303,0.02675695587983212,9.436315078395552,Доод STR регим
2021-20-3,7.896139179354519,11,10,26,1,1,1,21,post1995,2021,17.483333333333334,1.649365888253578,0.15519550634781454,0.05257791560186913,16.788626796559036,Доод STR регим
2021-23-2,8.492705531908683,12,11,27,0,1,1,21,1990_1994,2021,17.456786171574905,1.6182262922756814,0.08651418233977516,0.06654917965173132,9.036683156100711,Доод STR регим
2021-30-2,8.397395352104358,12,14,25,0,1,1,21,post1995,2021,17.67859368046284,1.6851248053982848,0.0731505370299532,0.06781182203492214,7.58924863841508,Доод STR регим
2021-72-3,8.063193264017684,12,8,31,1,0,0,21,1990_1994,2021,19.557047327769425,1.5214777755665652,0.12191290524364981,0.06222630005139329,12.965571040683699,Дээд STR регим
2021-156-2,9.139332696833735,11,2,26,0,0,0,22,post1995,2021,19.300045599635204,1.3398775256283817,0.06359693966951092,0.048697946610182945,6.566278579271723,Доод STR регим
2021-158-3,8.422087964694729,13,11.5,38,1,0,1,23,1980_1984,2021,23.234570385043952,2.013888888888889,0.05868487855057734,0.0303578573176085,6.044102037155441,Дээд STR регим
2021-161-5,8.263863959479835,15,10,32,1,1,1,23,1985_1989,2021,22.193732193732195,1.8138962417330018,0.07480292845994066,0.042254021343558074,7.7671751524633015,Дээд STR регим
2021-206-3,8.312654123649267,14,11,32,1,0,0,23,1985_1989,2021,22.193732193732195,1.8138962417330018,0.07012637788614548,0.03280631805664458,7.264373113611056,Дээд STR регим
2021-211-3,9.208325568320687,12,6,28,0,0,0,23,1990_1994,2021,18.767149133446537,1.80994006260955,0.02646159512973124,0.06126679782383968,2.6814811814792616,Доод STR регим
2021-288-3,8.10401525853794,16,10,25,1,0,1,67,post1995,2021,22.227883608509767,1.2775016812947715,0.14578647754863447,0.026687379360797046,15.694912706148557,Дээд STR регим
2021-332-2,8.373125945404285,14,12,32,1,0,0,41,1985_1989,2021,20.77424150211307,1.8996243294657593,0.06747150599893556,0.04848515734713474,6.979977628764411,Дээд STR регим
2021-339-2,7.88087170722373,9,10,30,0,0,0,41,1990_1994,2021,18.5646074001787,1.9528102649091548,0.017504701775079422,0.03336544539218273,1.765880694233113,Доод STR регим
2021-380-7,7.5298947843996356,11,9,25,1,0,0,41,post1995,2021,22.54399195575666,2.0520235161763036,0.10098992764179174,0.051761084962922865,10.626549900492721,Дээд STR регим
2021-385-2,7.247943386656839,14,10,31,1,1,1,43,1990_1994,2021,21.56273260538518,1.494026438253195,0.1452208178949145,0.030190924934922102,15.629487267899922,Дээд STR регим
2021-385-3,8.2181939226466465,14,10,26,0,0,1,43,post1995,2021,36.541956723020476,1.6433664957460496,0.07884084382583961,0.02201173630185726,8.203209627651686,Дээд STR регим
2021-511-3,8.229178401491945,15,15,27,0,0,1,44,1990_1994,2021,64.9016480595428,1.773770293326423,0.08375225696826538,0.019729176994601652,8.735947470400273,Дээд STR регим
2021-515-2,8.063193264017684,14,14,32,1,0,1,44,1985_1989,2021,23.94017581915744,1.723243035273727,0.062784637508714,0.04770674295574052,6.479749709465543,Дээд STR регим
2021-540-2,8.51072403741136,12,10,25,0,1,0,44,post1995,2021,66.27446860664637,1.8007171885319138,0.07457869649631767,0.019080334995814827,7.74301301622764,Дээд STR регим
2021-546-2,7.704248171544413,14,13,38,0,0,0,44,1980_1984,2021,25.2375337309236,1.8095238095238095,0.061561276575774565,0.027165776542325947,6.349566190473621,Дээд STR регим
2021-546-3,8.515178387760741,14,13,25,1,1,0,44,post1995,2021,66.27446860664637,1.8007171885319138,0.11689784459903697,0.04673487071819952,12.400460068476793,Дээд STR регим
2021-593-3,8.669329067588,15,14,27,0,0,1,23,1990_1994,2021,18.127322122715462,1.8161165549766287,0.07696118223984144,0.07433570866216273,8.000015239202085,Доод STR регим
2021-609-3,8.350875336469466,15,10,26,0,1,1,45,post1995,2021,18.52287788355755,1.2812198524549712,0.048013165219878556,0.047421325223374826,4.91844679777611,Доод STR регим
2021-708-3,8.089510572335058,16,7.5,25,1,0,0,46,post1995,2021,18.827955360298944,1.697007789190271,0.13570509198993327,0.05265955669233914,14.53440726429529,Доод STR регим
2021-759-7,8.15850344382201,14,11,26,1,0,0,48,post1995,2021,7.548044159738312,2.028163836574253,0.2240333176719795,0.13077985304326037,25.111270289660492,Доод STR регим
2021-828-2,8.95701114003978,14,14,32,0,1,1,45,1985_1989,2021,21.79364858059656,1.0623909727995553,0.09837730201780856,0.017594482756698986,10.337901370990487,Дээд STR регим
2021-833-3,8.468658372125848,8,11,36,0,0,1,61,1985_1989,2021,25.35989602452551,0.8926111325033158,0.08890414870472252,0.02958336076647029,9.297588815074143,Дээд STR регим
2021-833-4,7.7938603302341,10,11,35,1,1,1,61,1985_1989,2021,25.558935090569864,0.8213275082559915,0.08696808170807899,0.02580099976939164,9.086186071528335,Дээд STR регим
2021-834-3,8.843351821567259,15,15,34,0,0,1,61,1985_1989,2021,24.50107773710216,0.8005597644523269,0.09144575366650554,0.023698323564745213,9.575733426250554,Дээд STR регим
2021-838-3,7.920092420377011,11,9,25,0,0,1,61,post1995,2021,12.211373199553226,0.8646244050570628,0.08138324402917999,0.03381795527618607,8.478655488248243,Доод STR регим
2021-863-3,7.16014775889355,16,9,25,1,0,1,61,post1995,2021,12.211373199553226,0.8646244050570628,0.14800102950430608,0.046047704341288374,15.951409008710815,Доод STR регим
2021-892-2,7.822031207200796,11,10,36,0,0,1,62,1985_1989,2021,26.726826208036236,1.472147286223582,0.09472300622541154,0.02295005937533639,9.93542986511331,Дээд STR регим
2021-904-3,8.541495696078115,10,8,28,0,0,0,62,1990_1994,2021,23.021184542973273,1.2763711348688822,0.0846024041002922,0.049877888030594696,8.828428329889126,Дээд STR регим
2021-943-3,8.215073795310403,8,11,33,0,0,0,62,1985_1989,2021,26.77460827839152,1.3320196249918492,0.12735172947810502,0.027301340769758185,13.581644765809543,Дээд STR регим
2021-1015-2,8.325557528485175,14,14,29,0,0,1,63,1990_1994,2021,18.55785415480581,1.981862074245216,0.0323445998066133,0.04903868254865716,3.2873371950038255,Доод STR регим
2021-1019-2,7.957832748359858,15,15,27,0,1,1,63,1990_1994,2021,17.119660914624944,2.0290446060305576,0.12351895554721128,0.11073709733236554,13.147145199933053,Доод STR регим
2021-1069-2,7.347573227605681,14,12,38,0,0,1,64,1980_1984,2021,25.392553622015377,1.6374269005847952,0.08026645014183599,0.03549340413745543,8.357574812555523,Дээд STR регим
2021-1073-2,7.347573227605681,1,8,25,0,0,1,64,post1995,2021,17.85286364725617,1.6207221305566084,0.07268265645927996,0.037914727007200076,7.53892149382851,Доод STR регим
2021-1081-2,7.63241034792523,3,0,38,1,0,1,64,1980_1984,2021,25.392553622015377,1.6374269005847952,0.10679796760497245,0.05699947265795666,11.27094284182235,Дээд STR регим
2021-1155-3,7.57071677891989,12,8,26,1,0,0,64,post1995,2021,17.98503388251919,1.5935576444826665,0.1535328000846665,0.0776865822289968,16.59460296234183,Доод STR регим
2021-1168-2,8.4114999582859,14,12,28,1,0,0,64,1990_1994,2021,19.74301952063257,1.561694864157441,0.089537875949739415,0.046699346102352046,9.366875627072302,Дээд STR регим
2021-1176-3,7.927391722858623,11,10,35,0,0,1,65,1985_1989,2021,26.578366445916117,1.7136271529888552,0.07358910884839857,0.02699713146146196,7.6364445994883345,Дээд STR регим
2021-1176-4,7.753038335713845,11,10,33,0,1,1,65,1985_1989,2021,25.50634423444468,1.696732234651773,0.08540495405409418,0.026762462366109414,8.915803636852138,Дээд STR регим
2021-1198-3,7.7938603302341,14,9,32,0,0,1,65,1985_1989,2021,24.924897627024734,1.7027891203847496,0.05468335052754242,0.0244704782738865,5.620611460965685,Дээд STR регим
2021-1198-4,7.676077294577716,11,9,31,1,0,1,65,1990_1994,2021,23.381040929967888,1.7062866341828098,0.09769034863812043,0.04185149193054016,10.262130405276192,Дээд STR регим
2021-1298-3,7.88087170722373,9,9,25,0,0,1,67,post1995,2021,22.227883608509767,1.2775016812947715,0.08344672069464301,0.02816430899256604,8.70272976906612,Дээд STR регим
2021-1303-3,8.797162439097885,17,10,26,0,0,1,67,post1995,2021,22.50261913823421,1.27399991744335,0.07570978486586631,0.040166914277443455,7.864948832242091,Дээд STR регим
2021-1313-3,8.223041964959581,12,1.5,26,0,0,1,67,post1995,2021,22.50261913823421,1.27399991744335,0.07570978486586631,0.040166914277443455,7.864948832242091,Дээд STR регим
2021-1316-3,7.65772815590952,14,8,33,1,0,1,67,1985_1989,2021,24.874596064683175,1.2848431215772613,0.07736719649980907,0.03313612104056487,8.043873688441327,Дээд STR регим
2021-1343-3,8.53319689326342,14,10,27,0,0,0,67,1990_1994,2021,22.95030024405182,1.2723645727834134,0.08482756225716481,0.04765194142295832,8.852934697027926,Дээд STR регим
2021-1415-3,7.976181887028055,13,12,27,0,0,0,67,1990_1994,2021,22.95030024405182,1.2723645727834134,0.08482756225716481,0.04765194142295832,8.852934697027926,Дээд STR регим
2021-1415-4,7.88087170722373,15,12,26,1,0,0,67,post1995,2021,22.50261913823421,1.27399991744335,0.11725458412126663,0.02451042454390709,12.440564907965324,Дээд STR регим
2021-1463-3,8.01874150144685,14,14,29,1,1,1,81,1990_1994,2021,18.482730502650128,1.8915979675309096,0.14385136870389337,0.06104105470211079,15.471246935880245,Доод STR регим
2021-1475-3,7.490674071246354,15,17.5,33,1,0,1,81,1985_1989,2021,22.657861467828866,1.9224582260299612,0.06733766766740042,0.038123774184842765,6.965660565158238,Дээд STR регим
2021-1476-3,7.88087170722373,15,11.5,28,1,0,1,81,1990_1994,2021,17.47543188568052,1.8944596907623652,0.14733382975738535,0.02439312305322762,15.874072060430166,Доод STR регим
2021-1631-3,7.8524722327020315,15,11,28,0,0,1,83,1990_1994,2021,17.54980127747731,1.7236671891437996,0.08887924756231892,0.04483575015688363,9.294867214136326,Доод STR регим
2021-1643-3,7.753038335713845,13,9.5,25,0,0,1,83,post1995,2021,15.751992955135336,1.7438300545976837,0.07603213952375466,0.037337998994678934,7.899725205782904,Доод STR регим
2021-1646-3,7.753038335713845,16,10,26,0,1,1,83,post1995,2021,16.288445749652645,1.731268820895838,0.07464708648762035,0.052744638589107,7.750381811923801,Доод STR регим
2021-1646-4,7.967049403464782,16,10,26,0,0,1,83,post1995,2021,16.288445749652645,1.731268820895838,0.07183310739949661,0.053125420318166416,7.4476007004228295,Доод STR регим
2021-1669-3,7.0598911551539,2,12,28,0,1,0,83,1990_1994,2021,17.54980127747731,1.7236671891437996,0.07164844780551347,0.03367283641176622,7.427761301927038,Доод STR регим
2021-1680-3,7.65772815590952,14,10.5,35,1,0,0,83,1985_1989,2021,23.886576365400924,1.739781018058746,0.07361261098678772,0.042870950421098654,7.638974315831781,Дээд STR регим
2021-1701-2,8.040720408165626,11,8,26,0,1,0,83,post1995,2021,16.288445749652645,1.731268820895838,0.05336647059838172,0.03945015294302383,5.481613339632374,Доод STR регим
2021-1720-3,7.57071677891989,15,12.5,25,0,0,0,83,post1995,2021,15.751992955135336,1.7438300545976837,0.05299458153197849,0.028983203572390502,5.4423931741521825,Доод STR регим
2021-1727-4,8.299582042081914,14,8,37,0,1,0,83,1980_1984,2021,23.302227199203685,1.7971876974931535,0.058430078055585345,0.027601972169391656,6.017085389539156,Дээд STR регим
2021-1739-3,8.479708208312434,15,10,27,0,0,1,84,1990_1994,2021,19.019150876481913,1.1477111235742812,0.08034403997771486,0.05936198206323944,8.365982585176091,Доод STR регим
2021-1768-2,8.217343943844943,14,13,33,1,0,0,84,1985_1989,2021,25.67324397237249,1.1553645172795055,0.09871499146074719,0.03359467001619494,10.375167607292624,Дээд STR регим
2021-1835-3,8.180976299674068,16,10,27,1,0,1,85,1990_1994,2021,18.567897570261806,1.4376811720383327,0.1325974482411257,0.02672036633336437,14.179027612219187,Доод STR регим
2021-1911-2,8.211113394094307,10,10,25,1,1,1,23,post1995,2021,17.81183800623053,1.8016932241399584,0.18419986099764413,0.10464124145809423,20.22560831864004,Доод STR регим
2021-1944-2,8.350875336469466,14,14,32,0,1,1,11,1985_1989,2021,23.103916714538485,0.9478157109868292,0.11460942880832824,0.02101291795042927,12.14353516839537,Дээд STR регим
2021-1959-3,7.88087170722373,14,11,34,1,0,1,11,1985_1989,2021,25.242628873315546,0.9068776413462102,0.11878405189898147,0.026567371735640093,12.612670710489592,Дээд STR регим
2021-1959-4,8.350875336469466,15,11,32,1,1,1,11,1985_1989,2021,23.103916714538485,0.9478157109868292,0.11434902116446397,0.02107212235798552,12.114335936644128,Дээд STR регим
2021-1962-4,8.217343943844943,16,14,25,1,0,1,11,post1995,2021,19.814154327883934,1.0522298977933353,0.1527819319407886,0.062304261206187504,16.50708864919599,Дээд STR регим
2021-1963-3,8.14323597169122,14,14,36,0,0,1,11,1985_1989,2021,26.638652277373453,0.8899269756791881,0.10545839959890183,0.036904602617148403,11.121987636873865,Дээд STR регим
2021-1963-4,8.350875336469466,16,14,29,0,1,1,11,1990_1994,2021,20.053299634997735,1.002709606891408,0.08797115643462199,0.03902225660850748,9.195662565164376,Дээд STR регим
2021-1967-3,8.263863959479835,14,12,30,0,0,1,65,1990_1994,2021,21.388195372389056,1.7054802444084523,0.03307254488862947,0.047528106553126476,3.362552076979819,Дээд STR регим
2021-1974-3,7.481104620230203,15,14,25,1,1,1,11,post1995,2021,19.814154327883934,1.0522298977933353,0.15699752110087903,0.06980190353517024,16.99927136034094,Дээд STR регим
2021-1977-3,8.063193264017684,14,6,28,1,0,1,11,1990_1994,2021,19.955776075935713,1.0130020360098193,0.14091998329215685,0.06953048876209679,15.133251846108276,Дээд STR регим
2021-1980-4,8.063193264017684,16,10,29,1,0,1,84,1990_1994,2021,21.285611251352325,1.133590620039943,0.1429682669936349,0.0631214088513036,15.369319093175804,Дээд STR регим
2021-1984-3,7.88087170722373,14,16,37,1,0,1,11,1980_1984,2021,26.798263191541174,0.8917086453369639,0.12040900094221352,0.04507272549626059,12.795809317170747,Дээд STR регим
2021-1985-3,7.608457106902737,16,10.5,25,1,0,1,11,post1995,2021,19.814154327883934,1.0522298977933353,0.1527819319407886,0.062304261206187504,16.50708864919599,Дээд STR регим
2021-1995-3,8.350875336469466,14,14,26,1,0,1,23,post1995,2021,17.768879004448,1.8111997490729808,0.18085955345240873,0.052721271977369394,19.824687783764272,Доод STR регим
2021-1998-2,7.775511191565903,15,13,29,1,0,1,11,1990_1994,2021,20.053299634997735,1.002709606891408,0.14788595417679393,0.07007410260591612,15.938066630047665,Дээд STR регим
2021-1998-3,8.242090159930274,15,13,26,0,0,1,11,post1995,2021,19.576272791230142,1.0380060250036154,0.05476433087766441,0.04479640522221602,5.629165001391567,Дээд STR регим
2021-2015-2,8.350875336469466,16,12,32,0,0,1,11,1985_1989,2021,23.103916714538485,0.9478157109868292,0.11165573664773591,0.021749960658910068,11.81278639320209,Дээд STR регим
2021-2020-3,8.406964803120509,14,12.5,35,0,1,1,65,1985_1989,2021,26.578366445916117,1.7136271529888552,0.07283908782144667,0.03992102249257734,7.555745269652503,Дээд STR регим
2021-2021-3,8.183821251806298,14,15.5,34,0,0,1,62,1985_1989,2021,27.751495961574584,1.3752830541224506,0.1275404232045759,0.07028420411578845,13.603078931801814,Дээд STR регим
2021-2021-4,8.350875336469466,16,15.5,31,0,0,1,62,1990_1994,2021,24.38067476155451,1.2882758563222214,0.0934608731083212,0.03167851604346245,9.796764243982924,Дээд STR регим
2021-2047-3,8.2455148208116391,14,13,35,1,0,1,11,1985_1989,2021,26.356786375059315,0.8938341206482799,0.12145890074848993,0.04058504118430118,12.914295804107612,Дээд STR регим
2021-2134-2,7.65772815590952,9,10,28,1,0,1,61,1990_1994,2021,13.459406642133894,0.8203151183234645,0.1382087190714834,0.014512955809917016,14.821517967186026,Доод STR регим
2021-2138-2,8.088511072001975,14,10,25,0,0,1,44,post1995,2021,66.27446860664637,1.8007171885319138,0.07455847734576113,0.01749652419612715,7.740834566049326,Дээд STR регим
2021-2148-4,8.119282730668727,14,12,36,1,0,1,45,1985_1989,2021,24.750235106801995,0.9229524052683853,0.11462242975227045,0.04104244441873125,12.14499314968711,Дээд STR регим
2021-2167-3,7.88087170722373,10,12,28,0,0,1,62,1990_1994,2021,23.021184542973273,1.2763711348688822,0.09034141484021818,0.052457328812743904,9.4547914821427,Дээд STR регим
2021-2185-3,7.858398851371671,10,10,27,1,0,1,23,1990_1994,2021,18.127322122715462,1.8161165549766287,0.14673329200011984,0.03076735836866094,15.804506195624723,Доод STR регим
2021-2195-2,7.8091278023648885,9,8,26,0,0,1,11,post1995,2021,19.576272791230142,1.0380060250036154,0.05476433087766441,0.04479640522221602,5.629165001391567,Дээд STR регим
2021-2206-3,8.217343943844943,14,10.5,27,1,1,1,43,1990_1994,2021,37.46059470051972,1.6021639404985506,0.1270801761900944,0.04801537764417967,13.550805484159412,Дээд STR регим
2021-2230-5,8.223041964959581,12,15,26,0,0,1,11,post1995,2021,19.576272791230142,1.0380060250036154,0.05476433087766441,0.04479640522221602,5.629165001391567,Дээд STR регим
2021-2352-2,8.574018887783675,14,10,35,1,1,1,64,1985_1989,2021,26.855297934148577,1.5401815567481514,0.08540887976288204,0.028886440842658203,8.916231209418868,Дээд STR регим
2021-2355-3,8.350875336469466,14,10,30,1,0,1,11,1990_1994,2021,20.583862976361644,0.9881194944841533,0.13929004116842184,0.05105398892602685,14.945744163929376,Дээд STR регим
2021-2364-3,8.095983086840675,17,12.5,30,1,0,1,85,1990_1994,2021,20.73475901691669,1.4284097997095433,0.1302233704633424,0.04145638372480115,13.908279236094678,Дээд STR регим
2021-2366-3,7.896139179354519,10,9.5,38,1,0,1,41,1980_1984,2021,23.50718965370544,2.1465968586387434,0.06271462188521511,0.03444697103510518,6.472294724385397,Дээд STR регим
2021-2378-3,7.9942003925307334,14,14,26,1,0,1,11,post1995,2021,19.576272791230142,1.0380060250036154,0.14465739244365078,0.05142141530932693,15.564357021598774,Дээд STR регим
2021-2398-3,6.990898283666948,11,10,25,1,0,1,62,post1995,2021,21.757303688517347,1.2593690370688988,0.13437350918404542,0.04758354444021189,14.381996713054424,Дээд STR регим
2021-2432-4,7.65772815590952,15,14,25,1,0,1,11,post1995,2021,19.814154327883934,1.0522298977933353,0.1527819319407886,0.062304261206187504,16.50708864919599,Дээд STR регим
2021-2453-3,7.59603458690418,0,8,25,0,0,1,11,post1995,2021,19.814154327883934,1.0522298977933353,0.06094522509898894,0.04475402885374229,6.284069559885919,Дээд STR регим
2021-2465-3,8.468658372125848,14,8,35,1,0,1,82,1985_1989,2021,26.123756313543048,2.2380561023622048,0.07268020627465477,0.025222357774557266,7.538658003939247,Дээд STR регим
2021-2474-3,8.109713279652578,12,10,26,1,1,1,84,post1995,2021,18.259557344064383,1.156224626385717,0.13376477062290257,0.04065089544458156,14.312389169502126,Доод STR регим
2021-2490-2,8.920643495868905,16,10,28,1,0,1,11,1990_1994,2021,19.955776075935713,1.0130020360098193,0.14091998329215685,0.06953048876209679,15.133251846108276,Дээд STR регим
2021-2512-2,8.574018887783675,14,14,29,1,0,1,11,1990_1994,2021,20.053299634997735,1.002709606891408,0.14788595417679393,0.07007410260591612,15.938066630047665,Дээд STR регим
2021-2512-3,8.669329067588,16,14,26,0,0,1,11,post1995,2021,19.576272791230142,1.0380060250036154,0.05476433087766441,0.04479640522221602,5.629165001391567,Дээд STR регим
2021-2532-3,8.063193264017684,14,12,33,1,0,1,11,1985_1989,2021,24.05297052132284,0.9257993949993928,0.11166077965126422,0.02307919509170186,11.813350266900201,Дээд STR регим
2021-2534-3,8.350875336469466,14,10,28,1,0,1,45,1990_1994,2021,19.340289669343882,1.2128171259434517,0.1406725939290948,0.03829789692022148,15.104772627139962,Доод STR регим
2021-2540-3,8.263863959479835,15,10,30,1,0,1,11,1990_1994,2021,20.583862976361644,0.9881194944841533,0.13929004116842184,0.05105398892602685,14.945744163929376,Дээд STR регим
2021-2577-2,8.217343943844943,16,10,32,1,1,1,23,1985_1989,2021,22.193732193732195,1.8138962417330018,0.07480292845994066,0.042254021343558074,7.7671751524633015,Дээд STR регим
2021-2594-3,8.217343943844943,15,14,25,0,0,1,11,post1995,2021,19.814154327883934,1.0522298977933353,0.06094522509898894,0.04475402885374229,6.284069559885919,Дээд STR регим
2021-2614-2,7.490674071246354,9,10,35,0,0,1,11,1985_1989,2021,26.356786375059315,0.8938341206482799,0.11006134696707957,0.03139632145845452,11.634655283348284,Дээд STR регим
2021-2615-5,7.427615935279217,14,15,34,1,1,1,11,1985_1989,2021,25.242628873315546,0.9068776413462102,0.11485783608781405,0.02609267771059651,12.171395899139359,Дээд STR регим
2021-2628-2,8.350875336469466,14,12,32,1,0,1,81,1985_1989,2021,21.80021353021543,1.9141651622629692,0.08727561256141002,0.05030025365972558,9.119738598371718,Дээд STR регим
2021-2637-3,8.183821251806298,10,10,31,0,0,1,11,1990_1994,2021,21.68181991784634,0.9717695664298076,0.08962570398618848,0.03483342074078997,9.376481526838676,Дээд STR регим
2021-2642-5,8.15850344382201,15,11.5,25,1,1,1,11,post1995,2021,19.814154327883934,1.0522298977933353,0.15699752110087903,0.06980190353517024,16.99927136034094,Дээд STR регим
2021-2643-4,8.89247261890221,15,12.5,34,1,0,1,11,1985_1989,2021,25.242628873315546,0.9068776413462102,0.11878405189898147,0.026567371735640093,12.612670710489592,Дээд STR регим
2021-2644-2,7.28303470646811,10,10,33,1,1,1,11,1985_1989,2021,24.05297052132284,0.9257993949993928,0.11030796087754989,0.02096249666868831,11.662189337232531,Дээд STR регим
2021-2744-3,7.920092420377011,8,10,33,0,0,1,11,1985_1989,2021,24.05297052132284,0.9257993949993928,0.11402038051090516,0.04078362437162344,12.077496661781861,Дээд STR регим
2021-2746-2,8.4114999582859,14,10,26,0,0,1,11,post1995,2021,19.576272791230142,1.0380060250036154,0.05476433087766441,0.04479640522221602,5.629165001391567,Дээд STR регим
2021-2747-5,7.71221634119359,13,9.5,28,0,1,1,11,1990_1994,2021,19.955776075935713,1.0130020360098193,0.08340538631543926,0.044836151313880857,8.698236702073082,Дээд STR регим
2021-2751-4,8.063193264017684,15,9,26,0,0,1,11,post1995,2021,19.576272791230142,1.0380060250036154,0.05476433087766441,0.04479640522221602,5.629165001391567,Дээд STR регим
2021-2754-2,7.88087170722373,10,5,36,0,1,1,11,1985_1989,2021,26.638652277373453,0.8899269756791881,0.10569427498213518,0.03895812198115521,11.148201669794355,Дээд STR регим
2021-2792-2,8.488745130692585,11,10,25,0,0,1,11,post1995,2021,19.814154327883934,1.0522298977933353,0.06094522509898894,0.04475402885374229,6.284069559885919,Дээд STR регим
2021-2795-2,8.271738015910742,14,10,33,1,0,1,11,1985_1989,2021,24.05297052132284,0.9257993949993928,0.11166077965126422,0.02307919509170186,11.813350266900201,Дээд STR регим
2021-2852-3,7.927391722858623,14,12,26,0,0,0,21,post1995,2021,17.483333333333334,1.649365888253578,0.02556414906138335,0.09416869167178585,2.589371427851095,Доод STR регим
2021-2887-3,7.88087170722373,15,14,28,1,1,1,22,1990_1994,2021,19.904104674943326,1.325160462043126,0.1474674481305834,0.044350792287141505,15.88955599988109,Дээд STR регим
2021-2892-3,8.063193264017684,15,14,26,0,0,1,22,post1995,2021,19.300045599635204,1.3398775256283817,0.08422125684673468,0.05483614383773429,8.786956577246595,Доод STR регим
2021-3055-2,8.4114999582859,14,8,33,0,1,1,41,1985_1989,2021,22.378024889129296,1.8808625307181825,0.05114146105853091,0.03364998627261693,5.247176652323882,Дээд STR регим
2021-3057-2,8.4114999582859,14,10,34,1,0,1,41,1985_1989,2021,23.722293205933006,1.882035036861819,0.060702390011497964,0.04220884244703388,6.258263192028046,Дээд STR регим
2021-3057-3,8.223041964959581,10,10,26,0,0,1,41,post1995,2021,22.899363019844948,2.0404973746192026,0.05024854809555743,0.05851537887765531,5.153242027937677,Дээд STR регим
2021-3121-2,7.785828158536836,12,16,31,0,0,0,43,1990_1994,2021,21.56273260538518,1.494026438253195,0.05983075878168274,0.03510632589333199,6.165685524058517,Дээд STR регим
2021-3145-3,7.4529337432635065,10,10,30,0,0,0,41,1990_1994,2021,18.5646074001787,1.9528102649091548,0.017504701775079422,0.03336544539218273,1.765880694233113,Доод STR регим
2021-3186-3,8.350875336469466,15,13,26,1,1,1,43,post1995,2021,36.541956723020476,1.6433664957460496,0.12003024794053348,0.04418092255751221,12.753095655289393,Дээд STR регим
2021-3221-3,8.350875336469466,14,10,25,0,0,0,43,post1995,2021,36.26052285572802,1.6873780397575937,0.08453437214682626,0.02435639877679932,8.821024771159358,Дээд STR регим
2021-3298-3,8.487007510794045,14,14,26,0,0,1,44,post1995,2021,65.10487796337151,1.7835271012483687,0.071831991198703,0.019075390559862262,7.447480767392589,Дээд STR регим
2021-3320-3,7.753038335713845,9,9,27,0,0,0,44,1990_1994,2021,64.9016480595428,1.773770293326423,0.07819317988395653,0.027680099926726806,8.133152999404736,Дээд STR регим
2021-3336-4,8.109713279652578,10,12,26,0,0,0,44,post1995,2021,65.10487796337151,1.7835271012483687,0.06586779731428447,0.021571939938395582,6.8085504059612445,Дээд STR регим
2021-3345-3,7.5298947843996356,9,8,26,0,0,0,44,post1995,2021,65.10487796337151,1.7835271012483687,0.06586779731428447,0.021571939938395582,6.8085504059612445,Дээд STR регим
2021-3378-2,7.255107999933587,10,10,33,1,0,1,84,1985_1989,2021,25.67324397237249,1.1553645172795055,0.0989454218839484,0.04177251865271684,10.400604334460617,Дээд STR регим
2021-3378-4,7.1339991273076215,10,10,31,0,0,1,84,1990_1994,2021,24.03426396251548,1.142398578218381,0.09174406027121693,0.04188938901918954,9.60842546713112,Дээд STR регим
2021-3382-5,7.88087170722373,12,14,37,0,0,1,41,1980_1984,2021,23.845093478073576,2.1695551138113505,0.04276119442064907,0.025730268378000142,4.3688626421356735,Дээд STR регим
2021-3404-2,8.063193264017684,14,14,35,1,1,1,45,1985_1989,2021,23.994292151354614,0.9535779403149253,0.0955121670079638,0.050576512006691644,10.022220836487051,Дээд STR регим
2021-3413-3,7.935359892507799,8,9,33,1,0,1,45,1985_1989,2021,23.884039249458493,1.0282947473008386,0.1243569464068064,0.026028673807675005,13.242001212084563,Дээд STR регим
2021-3453-3,8.14323597169122,14,10,32,1,0,1,46,1985_1989,2021,24.43411708847694,1.711715043945561,0.08030867614493302,0.023393016271712443,8.362150416449188,Дээд STR регим
2021-3461-2,8.217343943844943,12,4,26,0,0,1,46,post1995,2021,18.789659224441834,1.7030975327800146,0.025806060760378523,0.036724606702637455,2.614191999064297,Доод STR регим
2021-3470-2,8.150535274172832,15,11,30,1,1,1,46,1990_1994,2021,21.611972518006517,1.7034349961044222,0.13817579661252857,0.023269351531920248,14.817737822699794,Дээд STR регим
2021-3482-3,8.628507073067745,14,11,32,1,0,0,46,1985_1989,2021,24.43411708847694,1.711715043945561,0.0729849151317104,0.024114141338973463,7.571430978363147,Дээд STR регим
2021-3486-3,7.65772815590952,14,8,36,1,1,0,46,1985_1989,2021,24.36046511627907,1.874489589650293,0.05111187022614524,0.022601998532494016,5.244062346838185,Дээд STR регим
2021-3486-4,8.292034836446533,10,8,27,0,0,0,46,1990_1994,2021,19.25637501908688,1.714084183586253,0.020294339783749574,0.03861096924742481,2.050167006593151,Доод STR регим
2021-3549-3,8.12381788583412,14,11,26,1,1,1,48,post1995,2021,7.548044159738312,2.028163836574253,0.22232401090948198,0.07411396378508846,24.897599415848525,Доод STR регим
2021-3554-3,7.9942003925307334,14,9,26,1,1,0,48,post1995,2021,7.548044159738312,2.028163836574253,0.2275505662697413,0.11324491852077333,25.552092515877224,Доод STR регим
2021-3618-3,9.26716606834362,16,13.5,29,1,0,1,61,1990_1994,2021,16.53521818100174,0.8028991163436562,0.13035243756704581,0.018563390344034064,13.922981996584483,Доод STR регим
2021-3629-3,9.100111983680454,12,12,28,0,1,1,61,1990_1994,2021,13.459406642133894,0.8203151183234645,0.08151740953594834,0.05400747024693869,8.493210558407727,Доод STR регим
2021-3639-2,7.753038335713845,14,10,26,1,0,1,11,post1995,2021,19.576272791230142,1.0380060250036154,0.14465739244365078,0.05142141530932693,15.564357021598774,Дээд STR регим
2021-3641-2,9.313686083978514,10,12,36,0,1,1,11,1985_1989,2021,26.638652277373453,0.8899269756791881,0.10569427498213518,0.03895812198115521,11.148201669794355,Дээд STR регим
2021-3647-2,8.574018887783675,14,14,31,0,0,1,61,1990_1994,2021,20.464542584215724,0.7836800001583974,0.06006900389126655,0.05017456396324392,6.190981992700539,Дээд STR регим
2021-3667-3,8.109713279652578,14,9,30,1,0,1,62,1990_1994,2021,22.613297995481652,1.273163358340374,0.12614095899951552,0.05596244292016281,13.444206683193949,Дээд STR регим
2021-3667-4,7.57071677891989,10,9,28,1,0,1,62,1990_1994,2021,23.021184542973273,1.2763711348688822,0.12016187549668692,0.044834360076023934,12.767938046531647,Дээд STR регим
2021-3671-2,8.105258929303197,10,10,36,0,0,1,62,1985_1989,2021,26.726826208036236,1.472147286223582,0.09472300622541154,0.02295005937533639,9.93542986511331,Дээд STR регим
2021-3688-4,7.976181887028055,11,10.5,25,0,0,1,62,post1995,2021,21.757303688517347,1.2593690370688988,0.07787309284244728,0.03822109106976333,8.098546517210803,Дээд STR регим
2021-3690-3,7.809608687202239,12,9,26,0,0,1,62,post1995,2021,22.341735477328697,1.266945515870625,0.07012944195309981,0.048880094893211455,7.264701779335603,Дээд STR регим
2021-3723-3,7.976181887028055,16,2,30,1,1,0,62,1990_1994,2021,22.613297995481652,1.273163358340374,0.13406303825904453,0.07409144165811035,14.346489940926887,Дээд STR регим
2021-3724-3,7.775511191565903,14,5.5,27,0,0,0,62,1990_1994,2021,22.641658752769864,1.2798553584782935,0.07512595675716591,0.06834456912663367,7.801992622760889,Дээд STR регим
2021-3743-3,7.753038335713845,15,8,25,1,1,0,62,post1995,2021,21.757303688517347,1.2593690370688988,0.12130877415691295,0.0338443581507194,12.897345638105385,Дээд STR регим
2021-3756-2,8.628507073067745,10,2,26,0,0,0,62,post1995,2021,22.341735477328697,1.266945515870625,0.05485325060861297,0.07074361035219563,5.638557935926225,Дээд STR регим
2021-3765-2,7.976181887028055,14,10,28,1,0,0,62,1990_1994,2021,23.021184542973273,1.2763711348688822,0.11707978568081115,0.05310138302886485,12.420912190257717,Дээд STR регим
2021-3777-4,8.738321939074952,10,10,29,0,0,0,62,1990_1994,2021,22.64614036983738,1.2724293009873493,0.08207975341121553,0.03375574106225339,8.554238208527721,Дээд STR регим
2021-3777-5,8.332856830966787,8,10,27,0,0,0,62,1990_1994,2021,22.641658752769864,1.2798553584782935,0.07512595675716591,0.06834456912663367,7.801992622760889,Дээд STR регим
2021-3827-3,8.24188505276106,14,5,25,1,0,0,63,post1995,2021,16.641201935319582,2.1142156443960696,0.1869862963947301,0.08600958841139718,20.561076372270893,Доод STR регим
2021-3871-4,7.713817622560564,14,12,26,0,0,1,64,post1995,2021,17.98503388251919,1.5935576444826665,0.05510334670132877,0.04385468292592871,5.664981030524774,Доод STR регим
2021-4122-2,8.363297856468023,14,8,32,1,0,1,67,1985_1989,2021,24.428783675825315,1.2739785626078253,0.09427515732482075,0.04120996085709302,9.886206426866305,Дээд STR регим
2021-4236-3,8.2315285788369,16,8,29,1,0,0,67,1990_1994,2021,22.244230425038097,1.2561211249902675,0.15011117935095222,0.02580890874520545,16.196342188619806,Дээд STR регим
2021-4429-8,7.5298947843996356,8,10,34,0,1,1,83,1985_1989,2021,22.95048389574479,1.704061101366828,0.08500925597447712,0.028050774510383594,8.872714388241775,Дээд STR регим
2021-4430-2,7.424534268741809,15,12,32,1,0,1,83,1985_1989,2021,21.18313880736241,1.7005562547323256,0.1063174967787389,0.019351596240199016,11.217493241494413,Дээд STR регим
2021-4431-2,8.53319689326342,15,18,25,0,1,1,83,post1995,2021,15.751992955135336,1.7438300545976837,0.07902366081425954,0.035512802645807966,8.222992820870001,Доод STR регим
2021-4437-3,9.244693212491562,10,8,25,0,1,1,83,post1995,2021,15.751992955135336,1.7438300545976837,0.07902366081425954,0.035512802645807966,8.222992820870001,Доод STR регим
2021-4438-4,8.263863959479835,10,10.5,31,0,1,1,83,1990_1994,2021,20.464889395083148,1.7042314486291816,0.06694845848556567,0.027934817591981635,6.924036648655951,Дээд STR регим
2021-4441-2,8.183821251806298,14,4,33,0,1,1,83,1985_1989,2021,21.68544732104054,1.6907061884609607,0.07968989635061259,0.025071211990193486,8.295118848331162,Дээд STR регим
2021-4443-2,7.57071677891989,13,14,28,0,1,1,83,1990_1994,2021,17.54980127747731,1.7236671891437996,0.08818387016358645,0.04912162754173983,9.218892452305738,Доод STR регим
2021-4445-3,8.063193264017684,15,12.5,27,0,1,1,83,1990_1994,2021,16.891363669887163,1.7315434082303012,0.10680968944719925,0.06237945511026728,11.272247149903203,Доод STR регим
2021-4451-2,8.4114999582859,14,12,36,1,0,1,85,1985_1989,2021,25.65013142938335,1.5096648049947532,0.08542378142222917,0.023621015852841574,8.917854254086732,Дээд STR регим
2021-4453-4,8.14323597169122,14,12.5,25,1,0,0,83,post1995,2021,15.751992955135336,1.7438300545976837,0.16851760855979275,0.0738218381596539,18.35490672558917,Доод STR регим
2021-4477-4,8.286336815331895,8,5,26,0,0,0,83,post1995,2021,16.288445749652645,1.731268820895838,0.049880245053743735,0.03540248080225636,5.114520900034525,Доод STR регим
2021-4486-3,7.775511191565903,11,10,27,1,0,0,83,1990_1994,2021,16.891363669887163,1.7315434082303012,0.1776410175310614,0.06271994292022841,19.43964768694435,Доод STR регим
2021-4520-3,8.18835640697169,15,12,30,0,1,0,83,1990_1994,2021,19.290908096878248,1.7046872135963096,0.05371887373444994,0.025040963471731015,5.51879194151399,Доод STR регим
2021-4522-4,7.935359892507799,12,6.5,26,0,1,0,83,post1995,2021,16.288445749652645,1.731268820895838,0.05336647059838172,0.03945015294302383,5.481613339632374,Доод STR регим
2021-4551-3,8.063193264017684,12,10,29,0,0,1,84,1990_1994,2021,21.285611251352325,1.133590620039943,0.08380028611633503,0.031031510227608784,8.741170090739825,Дээд STR регим
2021-4616-3,7.9296618713931615,15,10,29,1,0,1,85,1990_1994,2021,20.143652473927702,1.4219324561022253,0.1274297444037971,0.029727206946750493,13.590506175042517,Дээд STR регим
2021-4622-3,7.357142678621831,18,8,31,0,0,1,85,1990_1994,2021,22.202228055814302,1.441519848202648,0.055591443422898026,0.04582423047449394,5.71656835012706,Дээд STR регим
2021-4702-3,8.669329067588,12,10,25,0,0,0,85,post1995,2021,17.31213451181112,1.480116883457649,0.03788615110926076,0.06524748151427513,3.861298121139667,Доод STR регим
2021-4711-2,8.34023693826441,10,10,31,0,0,1,11,1990_1994,2021,21.68181991784634,0.9717695664298076,0.08962570398618848,0.03483342074078997,9.376481526838676,Дээд STR регим
2021-4728-3,7.878201478667851,14,8,32,1,0,1,11,1985_1989,2021,23.103916714538485,0.9478157109868292,0.11419819081009473,0.020871750356851192,12.097426966849945,Дээд STR регим
2021-4735-3,7.976181887028055,10,12.5,37,1,0,1,11,1980_1984,2021,26.798263191541174,0.8917086453369639,0.12040900094221352,0.04507272549626059,12.795809317170747,Дээд STR регим
2021-4747-3,7.713817622560564,10,8,29,1,1,1,84,1990_1994,2021,21.285611251352325,1.133590620039943,0.15174682861105868,0.04873135444889262,16.386554167381927,Дээд STR регим
2021-4781-3,8.468658372125848,16,14,27,1,0,1,11,1990_1994,2021,19.809893918706017,1.020533066128087,0.15095832574683585,0.06738126734205827,16.294819207456168,Дээд STR регим
2021-4806-3,8.574018887783675,17,15,32,1,0,1,11,1985_1989,2021,23.103916714538485,0.9478157109868292,0.11419819081009473,0.020871750356851192,12.097426966849945,Дээд STR регим
2021-4812-3,8.97948399589184,15,14,32,0,0,1,11,1985_1989,2021,23.103916714538485,0.9478157109868292,0.11165573664773591,0.021749960658910068,11.81278639320209,Дээд STR регим
2021-4812-4,8.003089339947978,14,14,30,1,0,1,11,1990_1994,2021,20.583862976361644,0.9881194944841533,0.13929004116842184,0.05105398892602685,14.945744163929376,Дээд STR регим
2021-4815-3,8.419868207956418,16,14,26,0,0,1,21,post1995,2021,17.483333333333334,1.649365888253578,0.05546664342219249,0.07180545778565611,5.703375745558037,Доод STR регим
2021-4850-2,7.866367021020848,9,4,31,1,0,1,11,1990_1994,2021,21.68181991784634,0.9717695664298076,0.1337322892560994,0.05017016242161815,14.308676207160742,Дээд STR регим
2021-4861-3,8.350875336469466,14,15,28,1,1,1,11,1990_1994,2021,19.955776075935713,1.0130020360098193,0.14397722508186456,0.06902113193878615,15.485780643340119,Дээд STR регим
2021-4870-3,7.778356143698135,15,11,26,0,0,1,64,post1995,2021,17.98503388251919,1.5935576444826665,0.05510334670132877,0.04385468292592871,5.664981030524774,Доод STR регим
2021-4889-3,7.753038335713845,14,11.5,28,0,0,1,23,1990_1994,2021,18.767149133446537,1.80994006260955,0.04584682505496263,0.06652064585974858,4.691403767448676,Доод STR регим
2021-4891-3,8.066038216149916,13,12.5,26,0,0,1,21,post1995,2021,17.483333333333334,1.649365888253578,0.05546664342219249,0.07180545778565611,5.703375745558037,Доод STR регим
2021-4895-3,7.88087170722373,15,11,26,0,0,1,65,post1995,2021,18.417767093843562,1.7257175616071245,0.035037731155552136,0.04843385958752272,3.565878466513306,Доод STR регим
2021-4897-3,8.217343943844943,14,13,28,1,0,1,11,1990_1994,2021,19.955776075935713,1.0130020360098193,0.14091998329215685,0.06953048876209679,15.133251846108276,Дээд STR регим
2021-4908-2,8.350875336469466,14,14,38,1,0,1,11,1980_1984,2021,27.055429275776966,0.8984615384615384,0.11505958567365128,0.04276232905758659,12.194028714808635,Дээд STR регим
2021-4909-2,7.976181887028055,10,8,37,1,0,1,11,1980_1984,2021,26.798263191541174,0.8917086453369639,0.12040900094221352,0.04507272549626059,12.795809317170747,Дээд STR регим
2021-4936-4,8.130332566855312,15,14,26,0,1,1,83,post1995,2021,16.288445749652645,1.731268820895838,0.07464708648762035,0.052744638589107,7.750381811923801,Доод STR регим
2021-4962-3,8.063193264017684,15,14,29,1,0,1,11,1990_1994,2021,20.053299634997735,1.002709606891408,0.14788595417679393,0.07007410260591612,15.938066630047665,Дээд STR регим
2021-4962-4,8.350875336469466,15,14,27,0,0,1,11,1990_1994,2021,19.809893918706017,1.020533066128087,0.07455802495803568,0.05655729016743589,7.740785825429253,Дээд STR регим
2021-4978-3,8.75634044457763,14,12,29,1,0,1,46,1990_1994,2021,20.283045253677912,1.7045200679225514,0.11476340142111426,0.02727087040070077,12.160803530905628,Дээд STR регим
2021-5008-2,8.237546651162463,10,10,33,0,1,1,11,1985_1989,2021,24.05297052132284,0.9257993949993928,0.11453139541402335,0.04176210180265055,12.134784569120761,Дээд STR регим
2021-5013-3,7.490674071246354,10,9.5,29,0,0,1,11,1990_1994,2021,20.053299634997735,1.002709606891408,0.08437986424328349,0.03719782643310811,8.804212361619124,Дээд STR регим
2021-5018-2,8.476957174940544,14,10,34,1,0,1,22,1985_1989,2021,27.124418791085457,1.315044616051925,0.10749411456291601,0.02877277046482646,11.348430738541637,Дээд STR регим
2021-5019-2,7.96067770049209,11,10,32,0,1,1,84,1985_1989,2021,25.090253668364177,1.149042602112592,0.09260348435328872,0.0176728350293918,9.702666078100242,Дээд STR регим
2021-5050-3,7.896139179354519,8,12,32,0,0,1,11,1985_1989,2021,23.103916714538485,0.9478157109868292,0.11165573664773591,0.021749960658910068,11.81278639320209,Дээд STR регим
2021-5053-2,8.063193264017684,14,10,29,1,0,1,22,1990_1994,2021,20.42782813402008,1.3134457390166694,0.15213084854509198,0.03718141661593153,16.43125750717307,Дээд STR регим
2021-5071-3,8.217343943844943,14,9,27,0,1,1,11,1990_1994,2021,19.809893918706017,1.020533066128087,0.0779681567076071,0.048154636542297354,8.108823271327136,Дээд STR регим
2021-5074-3,8.350875336469466,16,14,27,0,0,1,11,1990_1994,2021,19.809893918706017,1.020533066128087,0.07455802495803568,0.05655729016743589,7.740785825429253,Дээд STR регим
2021-5083-3,8.078460736148473,10,12,29,0,0,1,11,1990_1994,2021,20.053299634997735,1.002709606891408,0.08437986424328349,0.03719782643310811,8.804212361619124,Дээд STR регим
2021-5083-4,8.183821251806298,14,12,26,1,0,1,11,post1995,2021,19.576272791230142,1.0380060250036154,0.14465739244365078,0.05142141530932693,15.564357021598774,Дээд STR регим
2021-5094-4,8.063193264017684,11,8,33,0,0,1,11,1985_1989,2021,24.05297052132284,0.9257993949993928,0.11402038051090516,0.04078362437162344,12.077496661781861,Дээд STR регим
2021-5113-3,7.59603458690418,14,11.5,30,1,0,1,11,1990_1994,2021,20.583862976361644,0.9881194944841533,0.13929004116842184,0.05105398892602685,14.945744163929376,Дээд STR регим
2021-5121-3,7.957832748359858,14,11,37,0,0,1,11,1980_1984,2021,26.798263191541174,0.8917086453369639,0.1068057968447519,0.03906436765231998,11.271814012124647,Дээд STR регим
2021-5130-3,8.97948399589184,14,14,28,0,0,1,11,1990_1994,2021,19.955776075935713,1.0130020360098193,0.08195175756403497,0.03974050115938067,8.540344606023865,Дээд STR регим
2021-5134-2,8.263863959479835,12,10,35,1,0,1,43,1985_1989,2021,25.542614431584454,1.469941311043006,0.10667084375797736,0.017680299231590466,11.256798550566938,Дээд STR регим
2021-5138-4,7.833081043387382,13,10,26,1,0,1,11,post1995,2021,19.576272791230142,1.0380060250036154,0.14465739244365078,0.05142141530932693,15.564357021598774,Дээд STR регим
2021-5158-3,8.522725593396125,14,8,31,0,0,1,11,1990_1994,2021,21.68181991784634,0.9717695664298076,0.08962570398618848,0.03483342074078997,9.376481526838676,Дээд STR регим
2021-5163-5,7.552367640251694,2,6,27,0,1,1,11,1990_1994,2021,19.809893918706017,1.020533066128087,0.0779681567076071,0.048154636542297354,8.108823271327136,Дээд STR регим
2021-5181-4,8.15850344382201,14,10,28,0,0,1,62,1990_1994,2021,23.021184542973273,1.2763711348688822,0.09034141484021818,0.052457328812743904,9.4547914821427,Дээд STR регим
2021-5182-3,8.574018887783675,14,11,32,0,1,1,85,1985_1989,2021,23.75667108539254,1.4592979449842107,0.07923496436291945,0.018616700457712233,8.245863139504284,Дээд STR регим
2021-5183-3,8.97948399589184,15,15,30,1,0,1,11,1990_1994,2021,20.583862976361644,0.9881194944841533,0.13929004116842184,0.05105398892602685,14.945744163929376,Дээд STR регим
2021-5229-2,8.217343943844943,14,10,31,1,0,1,11,1990_1994,2021,21.68181991784634,0.9717695664298076,0.1337322892560994,0.05017016242161815,14.308676207160742,Дээд STR регим
2021-5230-2,8.589286359914464,15,14,27,0,1,1,11,1990_1994,2021,19.809893918706017,1.020533066128087,0.0779681567076071,0.048154636542297354,8.108823271327136,Дээд STR регим
2021-5242-2,8.75634044457763,14,10,26,1,1,1,11,post1995,2021,19.576272791230142,1.0380060250036154,0.15004924673019576,0.05690125010245585,16.189146067465376,Дээд STR регим
2021-5246-2,8.263863959479835,14,10,32,1,1,1,11,1985_1989,2021,23.103916714538485,0.9478157109868292,0.11434902116446397,0.02107212235798552,12.114335936644128,Дээд STR регим
2021-5249-2,8.119282730668727,10,10,37,0,1,1,11,1980_1984,2021,26.798263191541174,0.8917086453369639,0.10735632388256894,0.04168800707244337,11.33308901951182,Дээд STR регим
2021-5250-3,8.350875336469466,14,10,25,1,0,1,11,post1995,2021,19.814154327883934,1.0522298977933353,0.1527819319407886,0.062304261206187504,16.50708864919599,Дээд STR регим
2021-5255-2,7.88087170722373,14,10,26,1,0,1,62,post1995,2021,22.341735477328697,1.266945515870625,0.12083654563065561,0.034942916862336144,12.844044877016781,Дээд STR регим
2021-5272-4,7.88087170722373,14,12,35,0,0,1,11,1985_1989,2021,26.356786375059315,0.8938341206482799,0.11006134696707957,0.03139632145845452,11.634655283348284,Дээд STR регим
2021-5292-4,7.907189015541103,13,11.5,31,0,0,1,84,1990_1994,2021,24.03426396251548,1.142398578218381,0.09174406027121693,0.04188938901918954,9.60842546713112,Дээд STR регим
2021-5299-3,8.217343943844943,14,8,31,0,0,1,65,1990_1994,2021,23.381040929967888,1.7062866341828098,0.03639875414367218,0.041296598979217926,3.7069299732892302,Дээд STR регим
2021-5304-4,7.88087170722373,16,10,26,1,0,1,82,post1995,2021,17.050691755270783,2.184474666884017,0.20726456597212606,0.06060398228557638,23.030802636576,Доод STR регим
2021-5310-2,8.14323597169122,15,10,29,1,0,1,11,1990_1994,2021,20.053299634997735,1.002709606891408,0.14788595417679393,0.07007410260591612,15.938066630047665,Дээд STR регим
2021-5311-3,7.889170510038425,11,12,28,1,1,1,11,1990_1994,2021,19.955776075935713,1.0130020360098193,0.14397722508186456,0.06902113193878615,15.485780643340119,Дээд STR регим
2021-5333-3,8.350875336469466,14,13,33,0,1,1,64,1985_1989,2021,25.684682760094,1.5238181228837382,0.08373752517532644,0.027868658854131055,8.734345606736316,Дээд STR регим
2021-5364-3,7.818996303505642,14,11,33,1,1,1,11,1985_1989,2021,24.05297052132284,0.9257993949993928,0.11030796087754989,0.02096249666868831,11.662189337232531,Дээд STR регим
2021-5370-3,6.9798484474803635,15,12,33,1,1,1,11,1985_1989,2021,24.05297052132284,0.9257993949993928,0.11030796087754989,0.02096249666868831,11.662189337232531,Дээд STR регим
2021-5386-3,6.7414374240353645,14,9.5,37,0,0,1,11,1980_1984,2021,26.798263191541174,0.8917086453369639,0.1068057968447519,0.03906436765231998,11.271814012124647,Дээд STR регим
2021-5388-3,8.574018887783675,14,8,30,1,0,1,81,1990_1994,2021,19.40162620247366,1.8979622387424306,0.13266595282030993,0.040631047103262534,14.186849666377643,Доод STR регим
2021-5397-2,7.214041834981158,11,14,32,1,0,1,11,1985_1989,2021,23.103916714538485,0.9478157109868292,0.11419819081009473,0.020871750356851192,12.097426966849945,Дээд STR регим
2021-5398-3,7.88087170722373,11,12,25,0,1,1,11,post1995,2021,19.814154327883934,1.0522298977933353,0.06796073576103559,0.04238322748619084,7.032328222459294,Дээд STR регим
2021-5407-2,8.15850344382201,14,10,29,1,0,1,11,1990_1994,2021,20.053299634997735,1.002709606891408,0.14788595417679393,0.07007410260591612,15.938066630047665,Дээд STR регим
2021-5446-2,7.608457106902737,12,12,37,1,0,1,11,1980_1984,2021,26.798263191541174,0.8917086453369639,0.12040900094221352,0.04507272549626059,12.795809317170747,Дээд STR регим
2021-5464-2,8.063193264017684,14,14,36,0,1,1,45,1985_1989,2021,24.750235106801995,0.9229524052683853,0.10299346618738582,0.02229991805566631,10.848416642451708,Дээд STR регим
2021-5530-3,8.095983086840675,15,10,26,1,0,1,85,post1995,2021,17.76202100276734,1.4559588427726506,0.14826177065085755,0.03581395551434008,15.981646253915693,Доод STR регим
2021-5551-3,7.490674071246354,9,10,26,1,0,1,11,post1995,2021,19.576272791230142,1.0380060250036154,0.14465739244365078,0.05142141530932693,15.564357021598774,Дээд STR регим
2021-5580-2,7.753038335713845,14,10,26,1,0,1,82,post1995,2021,17.050691755270783,2.184474666884017,0.20726456597212606,0.06060398228557638,23.030802636576,Доод STR регим
2021-5600-3,7.267530519932144,10,8,26,1,0,1,21,post1995,2021,17.483333333333334,1.649365888253578,0.15772371162768836,0.04554960348918895,17.084265980255143,Доод STR регим
2021-5621-2,7.976181887028055,14,12,34,1,1,1,21,1985_1989,2021,24.234704305030984,1.4958916250210248,0.09791071438591438,0.02560301624305091,10.2864310795161,Дээд STR регим
2021-5622-3,8.574018887783675,10,9,35,0,0,1,21,1985_1989,2021,24.51685905974052,1.508592854975703,0.09180306427918335,0.026223024180249462,9.614892994343705,Дээд STR регим
2021-5650-2,8.468658372125848,16,9,36,1,0,0,21,1985_1989,2021,24.625141288888333,1.5183604930248034,0.08707751003422624,0.053779981061634015,9.098123843429207,Дээд STR регим
2021-5719-2,7.676077294577716,10,8,34,0,0,0,22,1985_1989,2021,27.124418791085457,1.315044616051925,0.1038057642174031,0.038291326759837034,10.938495173274433,Дээд STR регим
2021-5754-2,8.223041964959581,1,4,27,0,0,0,22,1990_1994,2021,19.688758420834745,1.336089646840503,0.0955786483514804,0.043515887387051755,10.029535504686727,Дээд STR регим
2021-5765-3,8.217343943844943,14,12,29,1,1,1,23,1990_1994,2021,19.681092974654995,1.8078354773212093,0.11136360619339487,0.05573781818315453,11.78012724371027,Дээд STR регим
2021-5779-3,8.397395352104358,14,10.5,31,1,0,1,22,1990_1994,2021,21.916810097532988,1.2976546099921047,0.14401804336182492,0.04541318518190149,15.490494670474453,Дээд STR регим
2021-5877-3,8.040720408165626,8,8,28,1,0,1,82,1990_1994,2021,18.53477167993297,2.1519358159341286,0.11095223178284376,0.030183013945062502,11.734153216671528,Доод STR регим
2021-5882-3,8.543559680298966,14,11,26,0,1,1,41,post1995,2021,22.899363019844948,2.0404973746192026,0.057847778556134065,0.0399427776805326,5.955369664045418,Дээд STR регим
2021-5902-3,7.775511191565903,10,8,28,0,0,0,41,1990_1994,2021,26.439452439452438,2.008083335537286,0.051082758866500336,0.030686995164807718,5.240998593683943,Дээд STR регим
2021-5902-8,7.88087170722373,10,8,29,0,1,0,41,1990_1994,2021,22.945585650503684,1.985115445314791,0.027990305813067155,0.027389531539661307,2.8385715009742185,Дээд STR регим
2021-5922-3,8.040720408165626,14,11.5,35,0,0,0,41,1985_1989,2021,25.061267684081542,1.9313481439033608,0.05186668983092912,0.028600604588252667,5.3235326174706055,Дээд STR регим
2021-5948-3,7.920092420377011,12,9,26,1,0,0,41,post1995,2021,22.899363019844948,2.0404973746192026,0.09400503689953417,0.03639067158750349,9.856527926618174,Дээд STR регим
2021-6101-2,8.654061595457211,14,14,26,1,1,1,44,post1995,2021,65.10487796337151,1.7835271012483687,0.11259550840225115,0.0464667209831969,11.91791428202118,Дээд STR регим
2021-6187-3,7.490674071246354,11,11,28,1,0,1,45,1990_1994,2021,19.340289669343882,1.2128171259434517,0.1406725939290948,0.03829789692022148,15.104772627139962,Доод STR регим
2021-6208-7,8.694646875572289,16,10,27,0,1,1,43,1990_1994,2021,37.46059470051972,1.6021639404985506,0.08598109809394343,0.02573110904944469,8.9785729082974,Дээд STR регим
2021-6243-3,8.766657411548563,13,11,28,0,0,0,45,1990_1994,2021,19.340289669343882,1.2128171259434517,0.048245052903547185,0.03777708973445884,4.942778914428203,Доод STR регим
2021-6250-2,7.704248171544413,16,10,31,1,0,1,46,1990_1994,2021,23.032125474221175,1.706083996785699,0.10499464687356706,0.06361317608188503,11.070466459729179,Дээд STR регим
2021-6250-3,7.496608806766169,16,10,29,1,0,1,46,1990_1994,2021,20.283045253677912,1.7045200679225514,0.11476340142111426,0.02727087040070077,12.160803530905628,Дээд STR регим
2021-6253-2,8.50144819494884,15,8,30,0,0,1,46,1990_1994,2021,21.611972518006517,1.7034349961044222,0.04150807551497291,0.02315432098739373,4.238157958553801,Дээд STR регим
2021-6329-2,8.109713279652578,10,11,29,1,0,1,48,1990_1994,2021,13.230093440784248,1.9745657940485382,0.14868823028916983,0.04103951533777348,16.031118292992154,Доод STR регим
2021-6356-2,8.551546031931617,11,8,28,0,0,0,48,1990_1994,2021,8.069816204483619,1.9898650075765931,0.06551686745307646,0.08266290499729495,6.7710746722530635,Доод STR регим
2021-6356-3,7.927391722858623,11,8,26,0,0,0,48,post1995,2021,7.548044159738312,2.028163836574253,0.08490650730130382,0.10097633871083535,8.861528435974343,Доод STR регим
2021-6407-2,8.4114999582859,14,8,38,1,1,1,65,1980_1984,2021,25.417370636579708,1.702127659574468,0.0791886792668245,0.031367093084230045,8.240853085273315,Дээд STR регим
2021-6418-3,8.286336815331895,14,14,36,1,0,1,61,1985_1989,2021,25.35989602452551,0.8926111325033158,0.0866823360143974,0.02386729307445659,9.055019616670435,Дээд STR регим
2021-6446-3,7.953709031175996,13,8,27,1,0,1,81,1990_1994,2021,16.789311552521923,1.9021509637727863,0.1883373241668223,0.036813652763891175,20.72406781287257,Доод STR регим
2021-6465-3,7.971727536678674,11,10,27,0,0,1,62,1990_1994,2021,22.641658752769864,1.2798553584782935,0.08691738714036783,0.05766773133643179,9.080656134652232,Дээд STR регим
2021-6515-9,7.9942003925307334,14,11.5,28,1,0,0,62,1990_1994,2021,23.021184542973273,1.2763711348688822,0.11707978568081115,0.05310138302886485,12.420912190257717,Дээд STR регим
2021-6595-2,7.43458460459531,15,10,25,1,1,1,63,post1995,2021,16.641201935319582,2.1142156443960696,0.1798203129250516,0.08662918062192002,19.700225796214067,Доод STR регим
2021-6621-2,7.960914414897267,17,8,25,1,0,0,63,post1995,2021,16.641201935319582,2.1142156443960696,0.1869862963947301,0.08600958841139718,20.561076372270893,Доод STR регим
2021-6622-2,7.524196763284998,10,3,26,0,0,0,63,post1995,2021,16.416426710544357,2.0695101745503472,0.05930311418279413,0.11049015673068388,6.109682549637219,Доод STR регим
2021-6650-3,8.738321939074952,12,4.5,25,0,0,0,63,post1995,2021,16.641201935319582,2.1142156443960696,0.05823005961595858,0.047370700504119165,5.9958821381370875,Доод STR регим
2021-6674-3,7.308352514452399,14,10,35,1,0,1,64,1985_1989,2021,26.855297934148577,1.5401815567481514,0.0944287841786532,0.02566107808529764,9.903089195829384,Дээд STR регим
2021-6682-2,8.001499695012345,10,14,31,1,0,1,64,1990_1994,2021,24.396746650467417,1.5240735280602395,0.09359787729400985,0.03457321694984937,9.811807890757173,Дээд STR регим
2021-6682-3,7.301053211970788,10,14,36,0,0,1,64,1985_1989,2021,26.353574366126665,1.5649192135350571,0.08120722123582647,0.027449606297330134,8.459562452743995,Дээд STR регим
2021-6693-3,8.09956090818856,10,8,34,1,0,1,64,1985_1989,2021,26.31736855585233,1.5280636127454599,0.1037309940805785,0.02733309939310625,10.93020059690839,Дээд STR регим
2021-6693-6,8.09956090818856,10,8,26,1,0,1,64,post1995,2021,17.98503388251919,1.5935576444826665,0.16867136766743343,0.038911325394091305,18.373106269569163,Доод STR регим
2021-6694-2,7.490674071246354,8,6,28,1,0,1,64,1990_1994,2021,19.74301952063257,1.561694864157441,0.10710040129745164,0.03721226071253585,11.30460001320641,Дээд STR регим
2021-6781-3,8.063193264017684,15,10,27,1,0,1,65,1990_1994,2021,18.995397334847908,1.7185857418044381,0.1271454241089146,0.02510765702427705,13.558214679612268,Доод STR регим
2021-6785-2,8.263863959479835,10,10,27,0,0,1,65,1990_1994,2021,18.995397334847908,1.7185857418044381,0.053502991049821584,0.03899449012940515,5.496014720123221,Доод STR регим
2021-6848-3,8.89247261890221,14,4,29,0,0,0,65,1990_1994,2021,20.50788466683938,1.7081995467002802,0.035494993715348484,0.04480093375114684,3.6132460941044275,Дээд STR регим
2021-6866-2,7.775511191565903,12,10,29,1,0,0,65,1990_1994,2021,20.50788466683938,1.7081995467002802,0.11285846970074508,0.044366507147568734,11.947348231910748,Дээд STR регим
2021-6867-3,8.312654123649267,9,8,25,0,0,0,65,post1995,2021,17.923387030316213,1.739209625099188,0.029719996079489015,0.035369505895518884,3.0166043035280588,Доод STR регим
2021-6916-2,7.6195069430893225,14,4,37,1,0,1,67,1980_1984,2021,25.20039607944888,1.3948924879774474,0.07075475303154352,0.030046168005413824,7.331796561053094,Дээд STR регим
2021-7013-3,7.9666124360119035,4,8,28,0,0,0,67,1990_1994,2021,23.611474289672746,1.261268414785817,0.0896152465613896,0.03190452780074313,9.375337736488909,Дээд STR регим
2021-7056-3,8.035022387050988,16,15,28,1,0,1,81,1990_1994,2021,17.47543188568052,1.8944596907623652,0.14733382975738535,0.02439312305322762,15.874072060430166,Доод STR регим
2021-7152-2,7.88087170722373,15,14,30,1,0,1,82,1990_1994,2021,19.70783564261825,2.130294332091728,0.09707685176492892,0.03839619372552795,10.194505678941246,Дээд STR регим
2021-7152-3,7.698550150429775,15,14,27,0,0,1,82,1990_1994,2021,17.783798133538447,2.167052275717396,0.07581722302771306,0.06384922838479812,7.876538266634925,Доод STR регим
2021-7177-3,7.9942003925307334,15,14,28,0,0,1,82,1990_1994,2021,18.53477167993297,2.1519358159341286,0.05018089163273515,0.048270349021951986,5.1461279721864095,Доод STR регим
2021-7242-3,7.552367640251694,14,13.5,31,0,1,1,83,1990_1994,2021,20.464889395083148,1.7042314486291816,0.06694845848556567,0.027934817591981635,6.924036648655951,Дээд STR регим
2021-7242-4,7.57071677891989,14,13.5,26,0,0,1,83,post1995,2021,16.288445749652645,1.731268820895838,0.07183310739949661,0.053125420318166416,7.4476007004228295,Доод STR регим
2021-7306-3,7.6616885571256175,11,5.5,26,0,0,0,83,post1995,2021,16.288445749652645,1.731268820895838,0.049880245053743735,0.03540248080225636,5.114520900034525,Доод STR регим
2021-7326-3,7.659947912647833,10,6,33,0,1,0,83,1985_1989,2021,21.68544732104054,1.6907061884609607,0.07805098833419175,0.032038389171135544,8.117778471888638,Дээд STR регим
2021-7329-3,8.263863959479835,11,10,30,0,0,1,84,1990_1994,2021,22.50946139290165,1.1348838867652484,0.1018126712439099,0.03774775282280055,10.717604638863175,Дээд STR регим
2021-7351-3,8.063193264017684,14,11,32,0,0,1,84,1985_1989,2021,25.090253668364177,1.149042602112592,0.09366883316850377,0.019703807763138435,9.8195999600591,Дээд STR регим
2021-7386-2,8.387689309592181,14,8,36,1,0,0,84,1985_1989,2021,26.289170429274208,1.228291812303476,0.09985408075876434,0.026885565132522504,10.500966413915847,Дээд STR регим
2021-7395-3,7.8625225685555336,8,8,27,1,0,0,84,1990_1994,2021,19.019150876481913,1.1477111235742812,0.13501892018050873,0.06952015399058326,14.455843939873137,Доод STR регим
2021-7402-2,7.598887655886586,9,13,26,0,0,0,84,post1995,2021,18.259557344064383,1.156224626385717,0.04065060892427272,0.03732896285107537,4.148815530176031,Доод STR регим
2021-7416-3,8.574018887783675,16,9.5,30,0,0,1,85,1990_1994,2021,20.73475901691669,1.4284097997095433,0.05617026847355882,0.02137236987721364,5.777777461132461,Дээд STR регим
2021-7418-3,8.183821251806298,13,8,26,0,0,1,85,post1995,2021,17.76202100276734,1.4559588427726506,0.044227598100214725,0.04603764639702247,4.522021795473852,Доод STR регим
2021-7433-3,7.935359892507799,15,11.5,31,0,0,1,85,1990_1994,2021,22.202228055814302,1.441519848202648,0.055591443422898026,0.04582423047449394,5.71656835012706,Дээд STR регим
2021-7509-3,7.479745000714163,14,13,26,1,0,1,11,post1995,2021,19.576272791230142,1.0380060250036154,0.14465739244365078,0.05142141530932693,15.564357021598774,Дээд STR регим
2021-7515-3,7.9317301244572205,14,10,29,1,0,1,85,1990_1994,2021,20.143652473927702,1.4219324561022253,0.1274297444037971,0.029727206946750493,13.590506175042517,Дээд STR регим
2021-7521-2,8.669329067588,11,15,34,0,1,1,11,1985_1989,2021,25.242628873315546,0.9068776413462102,0.11182295570964693,0.03850428287599243,11.831485185806123,Дээд STR регим
2021-7528-3,8.669329067588,15,15,31,1,0,1,11,1990_1994,2021,21.68181991784634,0.9717695664298076,0.1337322892560994,0.05017016242161815,14.308676207160742,Дээд STR регим
2021-7569-4,8.217343943844943,14,14,29,1,0,1,11,1990_1994,2021,20.053299634997735,1.002709606891408,0.14788595417679393,0.07007410260591612,15.938066630047665,Дээд STR регим
2021-7573-3,8.063193264017684,14,10,30,0,0,1,11,1990_1994,2021,20.583862976361644,0.9881194944841533,0.08867882183097588,0.03172528334733986,9.272963905509535,Дээд STR регим
2021-7585-3,8.350875336469466,18,16,28,1,0,1,11,1990_1994,2021,19.955776075935713,1.0130020360098193,0.14091998329215685,0.06953048876209679,15.133251846108276,Дээд STR регим
2021-7586-3,8.574018887783675,16,13,25,0,0,1,65,post1995,2021,17.923387030316213,1.739209625099188,0.05934357786778453,0.02637489811219131,6.113976225274742,Доод STR регим
2021-7596-3,8.119282730668727,10,10,25,1,0,1,11,post1995,2021,19.814154327883934,1.0522298977933353,0.1527819319407886,0.062304261206187504,16.50708864919599,Дээд STR регим
2021-7605-2,8.350875336469466,14,10,34,1,0,1,11,1985_1989,2021,25.242628873315546,0.9068776413462102,0.11878405189898147,0.026567371735640093,12.612670710489592,Дээд STR регим
2021-7605-3,8.109713279652578,10,10,32,0,0,1,11,1985_1989,2021,23.103916714538485,0.9478157109868292,0.11165573664773591,0.021749960658910068,11.81278639320209,Дээд STR регим
2021-7634-2,8.881503587531636,14,14,27,0,0,1,11,1990_1994,2021,19.809893918706017,1.020533066128087,0.07455802495803568,0.05655729016743589,7.740785825429253,Дээд STR регим
2021-7637-3,8.8208789657152,14,14,26,0,0,1,11,post1995,2021,19.576272791230142,1.0380060250036154,0.05476433087766441,0.04479640522221602,5.629165001391567,Дээд STR регим
2021-7663-3,8.406964803120509,15,15,27,1,0,1,11,1990_1994,2021,19.809893918706017,1.020533066128087,0.15095832574683585,0.06738126734205827,16.294819207456168,Дээд STR регим
2021-7712-2,8.468658372125848,14,14,25,1,0,1,45,post1995,2021,18.1835498073051,1.33516497451351,0.14541583002351471,0.054898879076671604,15.652038619163022,Доод STR регим
2021-7716-3,8.217343943844943,14,14,25,1,0,1,11,post1995,2021,19.814154327883934,1.0522298977933353,0.1527819319407886,0.062304261206187504,16.50708864919599,Дээд STR регим
2021-7731-2,7.88087170722373,14,10,25,1,0,1,11,post1995,2021,19.814154327883934,1.0522298977933353,0.1527819319407886,0.062304261206187504,16.50708864919599,Дээд STR регим
2021-7751-4,8.217343943844943,16,14,26,0,0,1,11,post1995,2021,19.576272791230142,1.0380060250036154,0.05476433087766441,0.04479640522221602,5.629165001391567,Дээд STR регим
2021-7760-4,8.263863959479835,10,10,35,0,0,1,11,1985_1989,2021,26.356786375059315,0.8938341206482799,0.11006134696707957,0.03139632145845452,11.634655283348284,Дээд STR регим
2021-7760-5,7.490674071246354,10,10,30,0,0,1,11,1990_1994,2021,20.583862976361644,0.9881194944841533,0.08867882183097588,0.03172528334733986,9.272963905509535,Дээд STR регим
2021-7779-2,7.896139179354519,15,12,33,0,1,1,11,1985_1989,2021,24.05297052132284,0.9257993949993928,0.11453139541402335,0.04176210180265055,12.134784569120761,Дээд STR регим
2021-7783-2,7.490674071246354,9,10,38,0,0,1,11,1980_1984,2021,27.055429275776966,0.8984615384615384,0.10415214313138123,0.03670548014018214,10.97692858462831,Дээд STR регим
2021-7787-3,8.350875336469466,14,14,35,0,0,1,11,1985_1989,2021,26.356786375059315,0.8938341206482799,0.11006134696707957,0.03139632145845452,11.634655283348284,Дээд STR регим
2021-7796-3,8.050289859181776,14,11.5,27,0,0,1,43,1990_1994,2021,37.46059470051972,1.6021639404985506,0.08441916232516176,0.023884604620210782,8.808488242481616,Дээд STR регим
2021-7810-2,8.366142808600253,15,14,27,1,0,1,11,1990_1994,2021,19.809893918706017,1.020533066128087,0.15095832574683585,0.06738126734205827,16.294819207456168,Дээд STR регим
2021-7816-3,8.574018887783675,16,15,26,1,0,1,11,post1995,2021,19.576272791230142,1.0380060250036154,0.14465739244365078,0.05142141530932693,15.564357021598774,Дээд STR регим
2021-7840-3,8.574018887783675,15,11,28,1,0,1,11,1990_1994,2021,19.955776075935713,1.0130020360098193,0.14091998329215685,0.06953048876209679,15.133251846108276,Дээд STR регим
2021-7849-2,7.971727536678674,15,12,27,1,0,1,11,1990_1994,2021,19.809893918706017,1.020533066128087,0.15095832574683585,0.06738126734205827,16.294819207456168,Дээд STR регим
2021-7863-7,8.286336815331895,10,11.5,29,0,0,1,11,1990_1994,2021,20.053299634997735,1.002709606891408,0.08437986424328349,0.03719782643310811,8.804212361619124,Дээд STR регим
2021-7871-3,7.753038335713845,15,10,26,1,0,1,11,post1995,2021,19.576272791230142,1.0380060250036154,0.14465739244365078,0.05142141530932693,15.564357021598774,Дээд STR регим
2021-7873-2,8.468658372125848,15,4,31,0,0,1,85,1990_1994,2021,22.202228055814302,1.441519848202648,0.055591443422898026,0.04582423047449394,5.71656835012706,Дээд STR регим
2021-7873-3,8.224643246326554,15,4,29,0,0,1,85,1990_1994,2021,20.143652473927702,1.4219324561022253,0.05171327114531456,0.020176287882440937,5.307375258984193,Дээд STR регим
2021-7885-4,8.350875336469466,14,10.5,28,1,0,1,84,1990_1994,2021,20.14497360949013,1.1372159625595029,0.12467340744408455,0.04168428550502404,13.277843564306458,Дээд STR регим
2021-7896-3,8.040720408165626,8,9,31,0,0,1,65,1990_1994,2021,23.381040929967888,1.7062866341828098,0.03639875414367218,0.041296598979217926,3.7069299732892302,Дээд STR регим
2021-7896-4,7.976181887028055,14,9,25,0,0,1,65,post1995,2021,17.923387030316213,1.739209625099188,0.05934357786778453,0.02637489811219131,6.113976225274742,Доод STR регим
2021-7896-5,8.263863959479835,10,9,38,0,0,1,65,1980_1984,2021,25.417370636579708,1.702127659574468,0.06523089869233406,0.030459821741359167,6.7405458456993195,Дээд STR регим
2021-7928-3,8.397395352104358,14,12.5,26,1,0,1,11,post1995,2021,19.576272791230142,1.0380060250036154,0.14465739244365078,0.05142141530932693,15.564357021598774,Дээд STR регим
2021-7943-3,8.078460736148473,14,10,27,0,1,1,85,1990_1994,2021,18.567897570261806,1.4376811720383327,0.06374055904385648,0.05594289016539589,6.581584660626216,Доод STR регим
2021-7953-3,8.468658372125848,15,13,29,1,0,1,85,1990_1994,2021,20.143652473927702,1.4219324561022253,0.1274297444037971,0.029727206946750493,13.590506175042517,Дээд STR регим
2021-7954-2,7.920092420377011,14,12,30,1,0,1,11,1990_1994,2021,20.583862976361644,0.9881194944841533,0.13929004116842184,0.05105398892602685,14.945744163929376,Дээд STR регим
2021-7960-2,8.350875336469466,14,14,28,1,0,1,48,1990_1994,2021,8.069816204483619,1.9898650075765931,0.148438625325117,0.03477749057178021,16.002159964103303,Доод STR регим
2021-7961-2,7.858398851371671,8,10,36,0,0,1,84,1985_1989,2021,26.289170429274208,1.228291812303476,0.09204412131385202,0.02175081309008755,9.641319620438548,Дээд STR регим
2021-7964-2,7.8266501530570904,14,10,33,1,0,1,42,1985_1989,2021,23.71578552680915,1.5095785440613028,0.07855797696999688,0.01686932393739356,8.172606854411413,Дээд STR регим
2021-7972-2,8.183821251806298,15,10,34,1,1,1,11,1985_1989,2021,25.242628873315546,0.9068776413462102,0.11485783608781405,0.02609267771059651,12.171395899139359,Дээд STR регим
2021-7977-3,7.57071677891989,11,10,27,0,0,1,81,1990_1994,2021,16.789311552521923,1.9021509637727863,0.08641621081633312,0.06993156898519155,9.026001189413657,Доод STR регим
2021-7978-2,8.53319689326342,15,8,26,0,0,1,81,post1995,2021,16.428311072925617,1.9027011095614204,0.07268981078226446,0.048052731118531214,7.53969086475843,Доод STR регим
2021-8001-3,8.387689309592181,15,11,27,1,0,1,11,1990_1994,2021,19.809893918706017,1.020533066128087,0.15095832574683585,0.06738126734205827,16.294819207456168,Дээд STR регим
2021-8014-2,8.350875336469466,14,12,25,0,1,1,11,post1995,2021,19.814154327883934,1.0522298977933353,0.06796073576103559,0.04238322748619084,7.032328222459294,Дээд STR регим
2021-8017-3,7.827146307867567,14,10,25,0,0,1,67,post1995,2021,22.227883608509767,1.2775016812947715,0.08344672069464301,0.02816430899256604,8.70272976906612,Дээд STR регим
2021-8020-3,7.96067770049209,12,8,29,0,0,1,85,1990_1994,2021,20.143652473927702,1.4219324561022253,0.05171327114531456,0.020176287882440937,5.307375258984193,Дээд STR регим
2021-8023-3,8.183821251806298,12,10,25,0,0,1,11,post1995,2021,19.814154327883934,1.0522298977933353,0.06094522509898894,0.04475402885374229,6.284069559885919,Дээд STR регим
2021-8024-3,9.161805552685793,14,12,33,1,0,1,62,1985_1989,2021,26.77460827839152,1.3320196249918492,0.11250065230929429,0.04559917322654294,11.907298689425282,Дээд STR регим
2021-8045-4,7.753038335713845,10,12,31,1,0,1,11,1990_1994,2021,21.68181991784634,0.9717695664298076,0.1337322892560994,0.05017016242161815,14.308676207160742,Дээд STR регим
2021-8048-2,8.589286359914464,10,8,36,0,0,1,48,1985_1989,2021,25.986036966585534,2.0620017766556797,0.08320161802873545,0.015233021284349793,8.676089705117018,Дээд STR регим
2021-8060-2,7.5298947843996356,16,14,29,0,0,1,65,1990_1994,2021,20.50788466683938,1.7081995467002802,0.04369264035438426,0.04973327418815873,4.466121883683027,Дээд STR регим
2021-8064-3,8.350875336469466,11,11.5,28,1,0,1,85,1990_1994,2021,19.53062264661216,1.422535999053971,0.1157168832379338,0.020059400664990425,12.26779781807994,Доод STR регим
2021-8082-2,7.639709650406842,14,14,26,1,0,1,11,post1995,2021,19.576272791230142,1.0380060250036154,0.14465739244365078,0.05142141530932693,15.564357021598774,Дээд STR регим
2021-8083-3,7.65772815590952,14,11,35,0,0,1,11,1985_1989,2021,26.356786375059315,0.8938341206482799,0.11006134696707957,0.03139632145845452,11.634655283348284,Дээд STR регим
2021-8113-5,8.350875336469466,16,11,27,1,0,1,11,1990_1994,2021,19.809893918706017,1.020533066128087,0.15095832574683585,0.06738126734205827,16.294819207456168,Дээд STR регим
2021-8120-6,7.896139179354519,13,13,28,1,1,1,11,1990_1994,2021,19.955776075935713,1.0130020360098193,0.14397722508186456,0.06902113193878615,15.485780643340119,Дээд STR регим
2021-8121-3,8.97948399589184,14,15,29,1,0,1,11,1990_1994,2021,20.053299634997735,1.002709606891408,0.14788595417679393,0.07007410260591612,15.938066630047665,Дээд STR регим
2021-8138-2,8.574018887783675,14,14,35,1,0,1,11,1985_1989,2021,26.356786375059315,0.8938341206482799,0.12145890074848993,0.04058504118430118,12.914295804107612,Дээд STR регим
2021-8148-3,8.350875336469466,11,13,25,0,0,1,48,post1995,2021,7.506174670001444,2.0537109517849603,0.0723515210729806,0.04828535470323111,7.5033174467227015,Доод STR регим
2021-8153-2,8.14323597169122,14,12,37,1,0,1,81,1980_1984,2021,22.833011583011583,2.1352074966532797,0.07492533684191464,0.052315684110698514,7.7803675654181115,Дээд STR регим
2021-8159-3,8.217343943844943,14,13,31,1,1,1,41,1990_1994,2021,19.30657781848911,1.921911548022799,0.11096402582357583,0.04918278413919611,11.735471021596844,Доод STR регим
2021-8161-3,7.778356143698135,8,14,32,0,0,1,64,1985_1989,2021,25.955434641792976,1.5293441053289185,0.06952772142041218,0.03248079691654522,7.2001778204846545,Дээд STR регим
2021-8178-2,7.713817622560564,8,10,33,0,0,1,43,1985_1989,2021,23.45781337306761,1.4656712608034679,0.10231708723246231,0.02282086708528964,10.773466456469794,Дээд STR регим
2021-8178-3,8.035022387050988,11,10,31,0,0,1,43,1990_1994,2021,21.56273260538518,1.494026438253195,0.05886501567036438,0.04025425312649031,6.063206236902929,Дээд STR регим
2021-8178-4,8.551546031931617,9,10,29,1,0,1,43,1990_1994,2021,29.527604527604524,1.5482223542238862,0.13401368691634144,0.0271674732574197,14.340846927361216,Дээд STR регим
2021-8185-2,7.5298947843996356,1,11,29,0,0,1,81,1990_1994,2021,18.482730502650128,1.8915979675309096,0.029360047279064442,0.06230402782818102,2.9795302731618456,Доод STR регим
2021-8194-3,8.063193264017684,14,9,31,1,0,1,11,1990_1994,2021,21.68181991784634,0.9717695664298076,0.1337322892560994,0.05017016242161815,14.308676207160742,Дээд STR регим
2021-8194-4,7.357623563459182,15,9,25,0,0,1,11,post1995,2021,19.814154327883934,1.0522298977933353,0.06094522509898894,0.04475402885374229,6.284069559885919,Дээд STR регим
2021-8216-3,8.217343943844943,16,12.5,26,0,0,1,11,post1995,2021,19.576272791230142,1.0380060250036154,0.05476433087766441,0.04479640522221602,5.629165001391567,Дээд STR регим
2021-8224-4,8.063193264017684,13,9,25,0,0,1,11,post1995,2021,19.814154327883934,1.0522298977933353,0.06094522509898894,0.04475402885374229,6.284069559885919,Дээд STR регим
2021-8235-2,8.217343943844943,10,10,36,0,0,1,11,1985_1989,2021,26.638652277373453,0.8899269756791881,0.10545839959890183,0.036904602617148403,11.121987636873865,Дээд STR регим
2021-8235-3,7.672995628040309,15,10,34,0,0,1,11,1985_1989,2021,25.242628873315546,0.9068776413462102,0.11413804727444933,0.03912994971194178,12.09068523399326,Дээд STR регим
2021-8237-4,8.14323597169122,15,10,32,1,0,1,11,1985_1989,2021,23.103916714538485,0.9478157109868292,0.11419819081009473,0.020871750356851192,12.097426966849945,Дээд STR регим
2021-8249-3,8.130332566855312,14,12,27,1,0,1,11,1990_1994,2021,19.809893918706017,1.020533066128087,0.15095832574683585,0.06738126734205827,16.294819207456168,Дээд STR регим
2021-8259-3,8.574018887783675,14,10,28,0,1,1,45,1990_1994,2021,19.340289669343882,1.2128171259434517,0.07344076535020727,0.054068427452486745,7.620478617017712,Доод STR регим
2021-8260-3,8.812429911228673,14,14,28,1,0,1,11,1990_1994,2021,19.955776075935713,1.0130020360098193,0.14091998329215685,0.06953048876209679,15.133251846108276,Дээд STR регим
2021-8268-3,8.127731785155255,13,8,27,0,0,1,11,1990_1994,2021,19.809893918706017,1.020533066128087,0.07455802495803568,0.05655729016743589,7.740785825429253,Дээд STR регим
2021-8269-2,8.350875336469466,15,10,27,1,0,1,62,1990_1994,2021,22.641658752769864,1.2798553584782935,0.1364358575231381,0.053946729574203954,14.618135650673514,Дээд STR регим
2021-8269-3,8.350875336469466,15,10,25,1,0,1,62,post1995,2021,21.757303688517347,1.2593690370688988,0.13437350918404542,0.04758354444021189,14.381996713054424,Дээд STR регим
2021-8284-3,8.063193264017684,10,10,30,1,0,1,11,1990_1994,2021,20.583862976361644,0.9881194944841533,0.13929004116842184,0.05105398892602685,14.945744163929376,Дээд STR регим
2021-8285-3,7.907189015541103,14,10,26,1,0,1,11,post1995,2021,19.576272791230142,1.0380060250036154,0.14465739244365078,0.05142141530932693,15.564357021598774,Дээд STR регим
2021-8300-3,8.18835640697169,15,14.5,25,1,0,1,11,post1995,2021,19.814154327883934,1.0522298977933353,0.1527819319407886,0.062304261206187504,16.50708864919599,Дээд STR регим
2021-8335-2,8.217343943844943,13,11,29,0,0,1,84,1990_1994,2021,21.285611251352325,1.133590620039943,0.08380028611633503,0.031031510227608784,8.741170090739825,Дээд STR регим
2021-8342-3,7.672995628040309,12,10,27,0,0,1,11,1990_1994,2021,19.809893918706017,1.020533066128087,0.07455802495803568,0.05655729016743589,7.740785825429253,Дээд STR регим
2021-8344-3,8.574018887783675,14,10,35,0,0,1,11,1985_1989,2021,26.356786375059315,0.8938341206482799,0.11006134696707957,0.03139632145845452,11.634655283348284,Дээд STR регим
2021-8347-3,8.217343943844943,14,14,29,1,0,1,11,1990_1994,2021,20.053299634997735,1.002709606891408,0.14788595417679393,0.07007410260591612,15.938066630047665,Дээд STR регим
2021-8360-2,8.836383152251166,14,14,38,1,0,1,11,1980_1984,2021,27.055429275776966,0.8984615384615384,0.11505958567365128,0.04276232905758659,12.194028714808635,Дээд STR регим
2021-8377-2,8.361686252573682,14,10,38,1,1,1,11,1980_1984,2021,27.055429275776966,0.8984615384615384,0.1146337079069116,0.0432219113337693,12.146257945394368,Дээд STR регим
2021-8390-2,7.99989841364537,10,10,30,0,1,1,21,1990_1994,2021,18.17521304369243,1.545017281985095,0.0715523516912381,0.03815142946673818,7.417438407503596,Доод STR регим
2021-8390-3,8.14323597169122,14,10,29,1,0,1,21,1990_1994,2021,17.503120926731654,1.5723337356047673,0.14183327535774895,0.02619823732034974,15.238450162586826,Доод STR регим
2021-8396-4,7.71221634119359,12,8,27,0,1,1,11,1990_1994,2021,19.809893918706017,1.020533066128087,0.0779681567076071,0.048154636542297354,8.108823271327136,Дээд STR регим
2021-8672-4,8.063193264017684,11,8,28,1,1,1,83,1990_1994,2021,17.54980127747731,1.7236671891437996,0.1563686281349065,0.036002146333292184,16.92571447368718,Доод STR регим
2021-8675-2,8.168553779675511,13,11,27,0,1,1,41,1990_1994,2021,24.16820528868722,2.0265943765206895,0.06647805542092931,0.03653696221248777,6.873751082302637,Дээд STR регим
2021-8683-3,7.976181887028055,10,12,33,0,0,1,41,1985_1989,2021,22.378024889129296,1.8808625307181825,0.04716474051480364,0.03189108541444187,4.82946914625102,Дээд STR регим
2021-8683-4,7.775511191565903,14,12,30,1,0,1,41,1990_1994,2021,18.5646074001787,1.9528102649091548,0.10161779859643921,0.03751459188246048,10.696030908258859,Доод STR регим
2021-8722-2,7.362840699736469,19,8,28,1,0,0,41,1990_1994,2021,26.439452439452438,2.008083335537286,0.0816776958098048,0.025710992088339577,8.510601924628268,Дээд STR регим
2021-8772-3,7.442883407410005,11,4,27,0,0,0,41,1990_1994,2021,24.16820528868722,2.0265943765206895,0.044444580756434864,0.041940633867897106,4.544703722099874,Дээд STR регим
2021-8887-3,8.059069546833822,10,10,25,0,0,1,44,post1995,2021,66.27446860664637,1.8007171885319138,0.07455847734576113,0.01749652419612715,7.740834566049326,Дээд STR регим
2021-8970-3,8.223041964959581,10,10,30,0,0,1,64,1990_1994,2021,22.131188589857874,1.531098867975945,0.04388288783225746,0.028377010244738297,4.48599819054325,Дээд STR регим
2021-8997-3,7.609937492073171,14,10,25,0,0,1,45,post1995,2021,18.1835498073051,1.33516497451351,0.06660837414567922,0.05750499151857394,6.887679640809208,Доод STR регим
2021-9010-2,8.75634044457763,14,11,26,1,0,1,45,post1995,2021,18.52287788355755,1.2812198524549712,0.1367858454686262,0.04018765420668663,14.658257637181826,Доод STR регим
2021-9019-3,8.376193144453755,15,10,29,1,1,1,45,1990_1994,2021,18.97585604312185,1.1827474871864456,0.15773840655088706,0.03953947053477016,17.0859865371932,Доод STR регим
2021-9032-3,8.771607916708419,16,9,25,0,0,0,85,post1995,2021,17.31213451181112,1.480116883457649,0.03788615110926076,0.06524748151427513,3.861298121139667,Доод STR регим
2021-9032-4,8.063193264017684,16,9,25,1,0,0,85,post1995,2021,17.31213451181112,1.480116883457649,0.16060227980365258,0.06906491812425646,17.42178657717426,Доод STR регим
2021-9043-3,8.350875336469466,11,10,26,1,0,0,85,post1995,2021,17.76202100276734,1.4559588427726506,0.13352981880587456,0.06521861099370735,14.285534420867464,Доод STR регим
2021-9073-3,9.026004011526732,15,12,30,0,0,1,46,1990_1994,2021,21.611972518006517,1.7034349961044222,0.04150807551497291,0.02315432098739373,4.238157958553801,Дээд STR регим
2021-9208-2,8.628507073067745,15,14,26,0,0,1,61,post1995,2021,12.14290593978759,0.8560938471253072,0.06353102350678241,0.05228676024048488,6.559254370618506,Доод STR регим
2021-9214-3,8.97948399589184,14,17,27,1,0,1,61,1990_1994,2021,12.661237607582525,0.8376698108441282,0.144734231077177,0.015027890863657316,15.573237170041509,Доод STR регим
2021-9222-2,8.623866693511243,11,14,26,0,1,1,61,post1995,2021,12.14290593978759,0.8560938471253072,0.06708245271657332,0.045451327466067525,6.938364812647135,Доод STR регим
2021-9225-2,8.040720408165626,11,10,35,0,0,1,81,1985_1989,2021,23.84041184041184,1.9981593038821952,0.04811947450534567,0.03740083139895323,4.929601195785027,Дээд STR регим
2021-9225-3,7.6352553000574614,11,10,29,0,0,1,81,1990_1994,2021,18.482730502650128,1.8915979675309096,0.029360047279064442,0.06230402782818102,2.9795302731618456,Доод STR регим
2021-9230-3,8.97948399589184,14,12,34,1,0,1,61,1985_1989,2021,24.50107773710216,0.8005597644523269,0.07930398058607464,0.035293978921692726,8.253334117956745,Дээд STR регим
2021-9231-4,7.347573227605681,12,10,27,0,0,1,81,1990_1994,2021,16.789311552521923,1.9021509637727863,0.08641621081633312,0.06993156898519155,9.026001189413657,Доод STR регим
2021-9237-3,7.8400497127034745,14,13,32,0,0,1,83,1985_1989,2021,21.18313880736241,1.7005562547323256,0.07318721649508195,0.01817289661540628,7.593195026884003,Дээд STR регим
2021-9237-4,8.14323597169122,16,13,29,1,0,1,43,1990_1994,2021,29.527604527604524,1.5482223542238862,0.13401368691634144,0.0271674732574197,14.340846927361216,Дээд STR регим
2021-9270-3,7.5298947843996356,4,2,35,0,0,1,62,1985_1989,2021,28.016129763722393,1.4237451678640336,0.1060986246652046,0.04816558013136669,11.193153497429442,Дээд STR регим
2021-9274-2,8.189755987326114,14,10,31,1,1,1,62,1990_1994,2021,24.38067476155451,1.2882758563222214,0.12738472686401756,0.062487241641084275,13.585392725010536,Дээд STR регим
2021-9288-3,7.935359892507799,11,11,26,0,0,1,62,post1995,2021,22.341735477328697,1.266945515870625,0.07012944195309981,0.048880094893211455,7.264701779335603,Дээд STR регим
2021-9396-2,8.11988860769423,14,8,30,1,0,1,63,1990_1994,2021,19.192137993756607,1.9528477875829504,0.09004376183334147,0.05614080658376491,9.422216782560122,Доод STR регим
2021-9447-3,8.063193264017684,16,8,25,1,0,0,63,post1995,2021,16.641201935319582,2.1142156443960696,0.1869862963947301,0.08600958841139718,20.561076372270893,Доод STR регим
2021-9471-2,8.713780830158834,12,11,36,0,0,1,64,1985_1989,2021,26.353574366126665,1.5649192135350571,0.08120722123582647,0.027449606297330134,8.459562452743995,Дээд STR регим
2021-9472-4,8.44618551627379,12,12,26,0,0,1,64,post1995,2021,17.98503388251919,1.5935576444826665,0.05510334670132877,0.04385468292592871,5.664981030524774,Доод STR регим
2021-9495-2,8.078460736148473,12,10,25,0,0,1,64,post1995,2021,17.85286364725617,1.6207221305566084,0.07268265645927996,0.037914727007200076,7.53892149382851,Доод STR регим
2021-9529-2,6.703216211215167,9,8,27,0,0,0,64,1990_1994,2021,18.755652016639537,1.5780182719423008,0.01971225400491937,0.05313558838892326,1.9907823408128245,Доод STR регим
2021-9599-2,7.920092420377011,10,11,36,1,0,1,65,1985_1989,2021,25.777002422045697,1.7181695373184735,0.08733979524559618,0.04093606354524236,9.126742420852295,Дээд STR регим
2021-9711-2,8.223041964959581,10,10,26,0,0,1,67,post1995,2021,22.50261913823421,1.27399991744335,0.07570978486586631,0.040166914277443455,7.864948832242091,Дээд STR регим
2021-9718-3,7.59603458690418,10,8,33,0,0,1,67,1985_1989,2021,24.874596064683175,1.2848431215772613,0.10265538280904112,0.03578240440617444,10.810946969562751,Дээд STR регим
2021-9718-4,7.124429676291471,10,8,36,1,0,1,67,1985_1989,2021,25.473211756109926,1.3383604728808807,0.0769252501820266,0.019578895363998605,7.996134646129782,Дээд STR регим
2021-9722-2,7.65772815590952,7,8,33,0,1,1,67,1985_1989,2021,24.874596064683175,1.2848431215772613,0.10152536440025271,0.0451040678400192,10.68579928250417,Дээд STR регим
2021-9743-2,8.522725593396125,14,10,36,1,0,0,67,1985_1989,2021,25.473211756109926,1.3383604728808807,0.07725085941058496,0.016491561192894823,8.031304909789672,Дээд STR регим
2021-9855-3,8.669329067588,14,10.5,28,0,0,1,81,1990_1994,2021,17.47543188568052,1.8944596907623652,0.049518607093860405,0.06710183431934186,5.0765143718579875,Доод STR регим
2021-9951-2,8.168553779675511,14,8,32,1,0,1,82,1985_1989,2021,22.78229017359452,2.1077206196661087,0.05747968954999527,0.03776885730901438,5.9163758343709905,Дээд STR регим
2021-9970-3,8.574018887783675,14,11,32,1,0,1,82,1985_1989,2021,22.78229017359452,2.1077206196661087,0.05747968954999527,0.03776885730901438,5.9163758343709905,Дээд STR регим
2021-9975-2,7.96067770049209,13,10,26,0,0,1,82,post1995,2021,17.050691755270783,2.184474666884017,0.06887030265544626,0.044450936432703834,7.129725572830048,Доод STR регим
2021-10034-2,7.697716469681198,14,10,28,0,1,1,83,1990_1994,2021,17.54980127747731,1.7236671891437996,0.08818387016358645,0.04912162754173983,9.218892452305738,Доод STR регим
2021-10035-2,8.642300395200081,10,10,29,0,1,1,83,1990_1994,2021,18.277485226637772,1.7106890804719728,0.05960197847497859,0.02613405333702876,6.141399684129745,Доод STR регим
2021-10040-3,8.263863959479835,14,10.5,34,0,1,1,83,1985_1989,2021,22.95048389574479,1.704061101366828,0.08500925597447712,0.028050774510383594,8.872714388241775,Дээд STR регим
2021-10041-3,6.654426047045735,16,15.5,31,0,0,1,83,1990_1994,2021,20.464889395083148,1.7042314486291816,0.07144749532311481,0.018397972638620867,7.406175595538178,Дээд STR регим
2021-10053-2,8.75634044457763,15,12,27,0,0,1,83,1990_1994,2021,16.891363669887163,1.7315434082303012,0.10941519935261158,0.06399565505283625,11.562546116236994,Доод STR регим
2021-10064-3,8.401647661842889,14,14.5,34,0,1,0,83,1985_1989,2021,22.95048389574479,1.704061101366828,0.08251000857451912,0.02403480112978477,8.600954279210061,Дээд STR регим
2021-10127-2,9.609336326079472,15,0,28,0,1,0,83,1990_1994,2021,17.54980127747731,1.7236671891437996,0.07164844780551347,0.03367283641176622,7.427761301927038,Доод STR регим
2021-10167-3,8.628507073067745,13,8,27,0,0,0,84,1990_1994,2021,19.019150876481913,1.1477111235742812,0.058531367123385074,0.049666618021061364,6.0278243051473,Доод STR регим
2021-10182-3,7.886569728338368,11,8,27,0,0,0,84,1990_1994,2021,19.019150876481913,1.1477111235742812,0.058531367123385074,0.049666618021061364,6.0278243051473,Доод STR регим
2021-10199-3,6.708493268316011,11,10,30,0,0,0,84,1990_1994,2021,22.50946139290165,1.1348838867652484,0.09897274898163352,0.041292498806271644,10.403621303782074,Дээд STR регим
2021-10329-4,8.61657850220247,11,10,30,0,0,1,11,1990_1994,2021,20.583862976361644,0.9881194944841533,0.08867882183097588,0.03172528334733986,9.272963905509535,Дээд STR регим
2021-10340-3,8.574018887783675,20,12,34,0,1,1,11,1985_1989,2021,25.242628873315546,0.9068776413462102,0.11182295570964693,0.03850428287599243,11.831485185806123,Дээд STR регим
2021-10341-3,7.896139179354519,10,10,37,0,1,1,11,1980_1984,2021,26.798263191541174,0.8917086453369639,0.10735632388256894,0.04168800707244337,11.33308901951182,Дээд STR регим
2021-10341-4,7.896139179354519,10,10,35,0,0,1,11,1985_1989,2021,26.356786375059315,0.8938341206482799,0.11006134696707957,0.03139632145845452,11.634655283348284,Дээд STR регим
2021-10357-3,8.183821251806298,14,12,35,1,0,1,11,1985_1989,2021,26.356786375059315,0.8938341206482799,0.12145890074848993,0.04058504118430118,12.914295804107612,Дээд STR регим
2021-10364-3,8.217343943844943,18,10,32,1,0,1,11,1985_1989,2021,23.103916714538485,0.9478157109868292,0.11419819081009473,0.020871750356851192,12.097426966849945,Дээд STR регим
2021-10364-4,8.468658372125848,16,10,29,1,0,1,11,1990_1994,2021,20.053299634997735,1.002709606891408,0.14788595417679393,0.07007410260591612,15.938066630047665,Дээд STR регим
2021-10377-3,7.920092420377011,15,10,30,1,0,1,11,1990_1994,2021,20.583862976361644,0.9881194944841533,0.13929004116842184,0.05105398892602685,14.945744163929376,Дээд STR регим
2021-10377-4,8.14323597169122,16,10,28,0,0,1,11,1990_1994,2021,19.955776075935713,1.0130020360098193,0.08195175756403497,0.03974050115938067,8.540344606023865,Дээд STR регим
2021-10391-3,8.050289859181776,11,8,26,1,0,1,11,post1995,2021,19.576272791230142,1.0380060250036154,0.14465739244365078,0.05142141530932693,15.564357021598774,Дээд STR регим
2021-10398-2,7.896139179354519,11,11,25,0,0,1,84,post1995,2021,17.966763319088752,1.1605681538099333,0.07699351201547087,0.04201312488599038,8.003506911904946,Доод STR регим
2021-10401-2,8.390096049622747,16,16,28,1,0,1,63,1990_1994,2021,18.041717768140494,2.011483004558588,0.120305360663281,0.02765454210507738,12.784119733797006,Доод STR регим
2021-10402-3,7.57071677891989,10,10,33,0,1,1,11,1985_1989,2021,24.05297052132284,0.9257993949993928,0.11453139541402335,0.04176210180265055,12.134784569120761,Дээд STR регим
2021-10431-3,8.669329067588,15,8,27,0,1,1,11,1990_1994,2021,19.809893918706017,1.020533066128087,0.0779681567076071,0.048154636542297354,8.108823271327136,Дээд STR регим
2021-10439-3,8.18835640697169,14,13,37,1,0,1,64,1980_1984,2021,25.569598799060557,1.6096739022697988,0.1167789862913261,0.06204634556797515,12.38710113393302,Дээд STR регим
2021-10444-2,7.539464235415786,14,8,25,1,0,1,85,post1995,2021,17.31213451181112,1.480116883457649,0.16739318542141243,0.0589253925474457,18.221900521566358,Доод STR регим
2021-10451-3,8.522725593396125,16,10,25,1,0,1,11,post1995,2021,19.814154327883934,1.0522298977933353,0.1527819319407886,0.062304261206187504,16.50708864919599,Дээд STR регим
2021-10459-2,8.063193264017684,15,14,26,1,1,1,11,post1995,2021,19.576272791230142,1.0380060250036154,0.15004924673019576,0.05690125010245585,16.189146067465376,Дээд STR регим
2021-10484-2,8.350875336469466,12,12,29,0,0,1,21,1990_1994,2021,17.503120926731654,1.5723337356047673,0.07676150230856196,0.03298520345949488,7.978451956529997,Доод STR регим
2021-10486-2,7.713817622560564,8,10,29,0,0,1,11,1990_1994,2021,20.053299634997735,1.002709606891408,0.08437986424328349,0.03719782643310811,8.804212361619124,Дээд STR регим
2021-10498-3,7.753038335713845,14,12,34,1,0,1,84,1985_1989,2021,26.722740016670457,1.1734744577724436,0.1072028132596816,0.027882010803087335,11.315999519411912,Дээд STR регим
2021-10498-4,8.289181767464125,14,12,30,1,0,1,84,1990_1994,2021,22.50946139290165,1.1348838867652484,0.15184765505136733,0.07603255653536029,16.398289600949468,Дээд STR регим
2021-10511-2,6.964580975349574,10,10,29,0,0,1,11,1990_1994,2021,20.053299634997735,1.002709606891408,0.08437986424328349,0.03719782643310811,8.804212361619124,Дээд STR регим
2021-10530-3,8.063193264017684,17,13,33,1,0,1,11,1985_1989,2021,24.05297052132284,0.9257993949993928,0.11166077965126422,0.02307919509170186,11.813350266900201,Дээд STR регим
2021-10530-4,8.063193264017684,14,13,31,1,0,1,11,1990_1994,2021,21.68181991784634,0.9717695664298076,0.1337322892560994,0.05017016242161815,14.308676207160742,Дээд STR регим
2021-10572-3,7.753038335713845,10,9.5,31,0,1,1,41,1990_1994,2021,19.30657781848911,1.921911548022799,0.029501998286970633,0.02622803098955235,2.994149358850251,Доод STR регим
2021-10582-3,8.259409609130454,11,12,34,1,0,1,61,1985_1989,2021,24.50107773710216,0.8005597644523269,0.07930398058607464,0.035293978921692726,8.253334117956745,Дээд STR регим
2021-10585-3,8.119282730668727,12,10,31,0,0,1,63,1990_1994,2021,20.27581690745423,1.9290966181736762,0.007494316368319126,0.050716664595612825,0.7522469041636226,Дээд STR регим
2021-10614-2,7.6352553000574614,11,8,30,1,0,1,82,1990_1994,2021,19.70783564261825,2.130294332091728,0.09707685176492892,0.03839619372552795,10.194505678941246,Дээд STR регим
2021-10634-3,7.96067770049209,9,8,25,0,0,1,11,post1995,2021,19.814154327883934,1.0522298977933353,0.06094522509898894,0.04475402885374229,6.284069559885919,Дээд STR регим
2021-10650-2,7.57071677891989,11,10,25,1,0,1,11,post1995,2021,19.814154327883934,1.0522298977933353,0.1527819319407886,0.062304261206187504,16.50708864919599,Дээд STR регим
2021-10655-2,7.672995628040309,11,8,33,0,0,1,11,1985_1989,2021,24.05297052132284,0.9257993949993928,0.11402038051090516,0.04078362437162344,12.077496661781861,Дээд STR регим
2021-10655-3,7.932506823525393,10,8,32,0,0,1,11,1985_1989,2021,23.103916714538485,0.9478157109868292,0.11165573664773591,0.021749960658910068,11.81278639320209,Дээд STR регим
2021-10709-3,8.286336815331895,11,10.5,35,0,0,1,11,1985_1989,2021,26.356786375059315,0.8938341206482799,0.11006134696707957,0.03139632145845452,11.634655283348284,Дээд STR регим
2021-10733-2,8.212570665092285,11,14,30,1,0,1,11,1990_1994,2021,20.583862976361644,0.9881194944841533,0.13929004116842184,0.05105398892602685,14.945744163929376,Дээд STR регим
2021-10742-3,8.468658372125848,14,11,27,1,0,1,81,1990_1994,2021,16.789311552521923,1.9021509637727863,0.1883373241668223,0.036813652763891175,20.72406781287257,Доод STR регим
2021-10754-3,7.88087170722373,9,8,30,0,0,1,11,1990_1994,2021,20.583862976361644,0.9881194944841533,0.08867882183097588,0.03172528334733986,9.272963905509535,Дээд STR регим
2021-10762-3,8.183821251806298,14,10,33,0,1,1,67,1985_1989,2021,24.874596064683175,1.2848431215772613,0.10152536440025271,0.0451040678400192,10.68579928250417,Дээд STR регим
2021-10773-3,8.217343943844943,11,10,25,0,0,1,45,post1995,2021,18.1835498073051,1.33516497451351,0.06660837414567922,0.05750499151857394,6.887679640809208,Доод STR регим
2021-10779-3,7.976181887028055,14,8,31,0,0,1,11,1990_1994,2021,21.68181991784634,0.9717695664298076,0.08962570398618848,0.03483342074078997,9.376481526838676,Дээд STR регим
2021-10812-2,8.001499695012345,18,5,27,0,0,1,82,1990_1994,2021,17.783798133538447,2.167052275717396,0.07581722302771306,0.06384922838479812,7.876538266634925,Доод STR регим
2021-10840-3,8.328402480617406,10,11,34,0,0,1,41,1985_1989,2021,23.722293205933006,1.882035036861819,0.060044495523993144,0.04076828919069291,6.188379457004833,Дээд STR регим
2021-10850-3,8.18835640697169,15,10,26,0,0,1,11,post1995,2021,19.576272791230142,1.0380060250036154,0.05476433087766441,0.04479640522221602,5.629165001391567,Дээд STR регим
2021-10857-2,7.88087170722373,10,13,31,0,0,1,11,1990_1994,2021,21.68181991784634,0.9717695664298076,0.08962570398618848,0.03483342074078997,9.376481526838676,Дээд STR регим
2021-10859-2,7.490674071246354,8,10,30,0,0,1,11,1990_1994,2021,20.583862976361644,0.9881194944841533,0.08867882183097588,0.03172528334733986,9.272963905509535,Дээд STR регим
2021-10859-3,7.827146307867567,8,10,26,1,0,1,11,post1995,2021,19.576272791230142,1.0380060250036154,0.14465739244365078,0.05142141530932693,15.564357021598774,Дээд STR регим
2021-10895-2,8.040720408165626,8,10,26,0,0,1,11,post1995,2021,19.576272791230142,1.0380060250036154,0.05476433087766441,0.04479640522221602,5.629165001391567,Дээд STR регим
2021-10918-3,8.44618551627379,14,10.5,27,1,0,1,85,1990_1994,2021,18.567897570261806,1.4376811720383327,0.1325974482411257,0.02672036633336437,14.179027612219187,Доод STR регим
2021-10927-3,8.97948399589184,15,16,27,1,0,1,11,1990_1994,2021,19.809893918706017,1.020533066128087,0.15095832574683585,0.06738126734205827,16.294819207456168,Дээд STR регим
2021-10944-3,8.350875336469466,14,12,38,1,0,1,11,1980_1984,2021,27.055429275776966,0.8984615384615384,0.11505958567365128,0.04276232905758659,12.194028714808635,Дээд STR регим
2021-10951-2,7.9296618713931615,16,14,34,0,1,1,11,1985_1989,2021,25.242628873315546,0.9068776413462102,0.11182295570964693,0.03850428287599243,11.831485185806123,Дээд STR регим
2021-10966-3,8.217343943844943,16,10,28,1,0,1,41,1990_1994,2021,26.439452439452438,2.008083335537286,0.0903793241853087,0.031233487037418697,9.458940920255543,Дээд STR регим
2021-10971-3,8.350875336469466,16,12.5,27,1,0,1,23,1990_1994,2021,18.127322122715462,1.8161165549766287,0.14673329200011984,0.03076735836866094,15.804506195624723,Доод STR регим
2021-10971-4,7.88087170722373,16,12.5,25,1,0,1,23,post1995,2021,17.81183800623053,1.8016932241399584,0.17764735811246954,0.08278585675989501,19.440405006154784,Доод STR регим
2021-10976-2,8.063193264017684,16,11,30,1,0,1,48,1990_1994,2021,18.840589127138834,1.969242892263669,0.10617110491306159,0.04654621937122402,11.201213096832285,Доод STR регим
2021-10983-3,7.753038335713845,11,10,30,1,0,1,11,1990_1994,2021,20.583862976361644,0.9881194944841533,0.13929004116842184,0.05105398892602685,14.945744163929376,Дээд STR регим
2021-11024-3,8.468658372125848,14,12,30,0,0,1,65,1990_1994,2021,21.388195372389056,1.7054802444084523,0.03307254488862947,0.047528106553126476,3.362552076979819,Дээд STR регим
2021-11027-3,8.217343943844943,16,11,27,1,0,1,85,1990_1994,2021,18.567897570261806,1.4376811720383327,0.1325974482411257,0.02672036633336437,14.179027612219187,Доод STR регим
2021-11053-4,7.7894059798847195,9,10,26,0,1,1,11,post1995,2021,19.576272791230142,1.0380060250036154,0.063386770456820965,0.04195918803772934,6.543883981813314,Дээд STR регим
2021-11084-3,8.487007510794045,11,12,28,0,0,1,11,1990_1994,2021,19.955776075935713,1.0130020360098193,0.08195175756403497,0.03974050115938067,8.540344606023865,Дээд STR регим
2021-11109-2,8.350875336469466,16,14,30,1,1,1,11,1990_1994,2021,20.583862976361644,0.9881194944841533,0.1499856355941018,0.05289124556012668,16.18175537894977,Дээд STR регим
2021-11113-2,7.775511191565903,14,19,26,1,0,1,11,post1995,2021,19.576272791230142,1.0380060250036154,0.14465739244365078,0.05142141530932693,15.564357021598774,Дээд STR регим
2021-11122-3,8.063193264017684,16,13,30,1,1,1,11,1990_1994,2021,20.583862976361644,0.9881194944841533,0.1499856355941018,0.05289124556012668,16.18175537894977,Дээд STR регим
2021-11125-3,8.75634044457763,15,14,27,1,0,1,11,1990_1994,2021,19.809893918706017,1.020533066128087,0.15095832574683585,0.06738126734205827,16.294819207456168,Дээд STR регим
2021-11139-3,8.574018887783675,14,12,38,0,0,1,84,1980_1984,2021,26.02069617887357,1.2021857923497268,0.09064501094781921,0.023241119528345497,9.48802657556218,Дээд STR регим
2021-11158-3,8.350875336469466,14,10,25,1,0,1,11,post1995,2021,19.814154327883934,1.0522298977933353,0.1527819319407886,0.062304261206187504,16.50708864919599,Дээд STR регим
2021-11164-2,7.96067770049209,14,10,29,1,1,1,11,1990_1994,2021,20.053299634997735,1.002709606891408,0.15147551062237366,0.06675356480840748,16.354980685015796,Дээд STR регим
2021-11169-3,8.4114999582859,16,11,37,1,0,1,11,1980_1984,2021,26.798263191541174,0.8917086453369639,0.12040900094221352,0.04507272549626059,12.795809317170747,Дээд STR регим
2021-11181-2,7.465356263262064,10,15,33,1,0,1,11,1985_1989,2021,24.05297052132284,0.9257993949993928,0.11166077965126422,0.02307919509170186,11.813350266900201,Дээд STR регим
2021-11190-3,8.574018887783675,14,11,28,0,0,1,11,1990_1994,2021,19.955776075935713,1.0130020360098193,0.08195175756403497,0.03974050115938067,8.540344606023865,Дээд STR регим
2021-11193-3,8.015402600181336,11,9,35,0,0,1,11,1985_1989,2021,26.356786375059315,0.8938341206482799,0.11006134696707957,0.03139632145845452,11.634655283348284,Дээд STR регим
2022-1-2,7.835091031838387,14,8,25,1,0,1,21,post1995,2022,17.78749953288014,1.7097834887258332,0.13664128294662295,0.08319354997606476,14.64168354831421,Доод STR регим
2022-7-2,8.710559769192287,10,2,27,0,1,1,21,post1995,2022,17.483333333333334,1.649365888253578,0.1142872317160295,0.04593266553144607,12.107408667683274,Доод STR регим
2022-40-3,7.826792229023693,10,8,37,1,0,1,21,1985_1989,2022,24.625141288888333,1.5183604930248034,0.08957737188206703,0.036829462858018795,9.371195259094334,Дээд STR регим
2022-64-2,7.854167178899202,14,10,27,0,0,1,21,post1995,2022,17.483333333333334,1.649365888253578,0.11761190884468933,0.04514289879100642,12.480749880837138,Доод STR регим
2022-78-2,8.392106038073752,15,10,27,0,0,1,21,post1995,2022,17.483333333333334,1.649365888253578,0.11761190884468933,0.04514289879100642,12.480749880837138,Доод STR регим
2022-109-2,8.117968190729728,14,13,35,1,0,0,21,1985_1989,2022,24.234704305030984,1.4958916250210248,0.08682563464384008,0.029662429350617445,9.07064817126384,Дээд STR регим
2022-158-3,8.679788110525534,15,12,25,1,0,0,21,post1995,2022,17.78749953288014,1.7097834887258332,0.139967236608059,0.06895468420494988,15.023611260328407,Доод STR регим
2022-227-2,8.163264465644906,15,10,27,0,0,0,21,post1995,2022,17.483333333333334,1.649365888253578,0.10445071489961372,0.031559476449795426,11.010068109445893,Доод STR регим
2022-257-3,7.96862242446291,14,13.5,29,1,0,1,22,1990_1994,2022,19.904104674943326,1.325160462043126,0.15024995814588324,0.019350287419454763,16.212468895960775,Дээд STR регим
2022-264-3,8.048665132136447,10,12,36,1,0,1,22,1985_1989,2022,26.799242424242422,1.350837020064906,0.09324393924746768,0.018268175285476137,9.77294819135377,Дээд STR регим
2022-281-2,7.542954609037226,16,10,25,0,0,1,42,post1995,2022,3.9800505692640584,1.4808429118773947,0.08504597771277632,0.04505289354538766,8.876712456975033,Доод STR регим
2022-359-2,9.221385392958279,12,8,25,0,0,0,22,post1995,2022,19.082633053221286,1.3964604173044413,0.09803063558824487,0.04552277592583039,10.299657553983387,Доод STR регим
2022-370-3,8.048665132136447,11,12.5,36,1,0,0,22,1985_1989,2022,26.799242424242422,1.350837020064906,0.09269014192237349,0.016663772772913598,9.712173056384565,Дээд STR регим
2022-375-4,8.838393140702172,14,8,25,1,0,0,22,post1995,2022,19.082633053221286,1.3964604173044413,0.18609635748604847,0.07999430374826992,20.45383210703491,Доод STR регим
2022-439-4,8.017412588632341,11,8,27,0,0,0,22,post1995,2022,19.300045599635204,1.3398775256283817,0.09753150655561643,0.04099066036743148,10.244617529788913,Доод STR регим
2022-466-3,8.432928032594008,15,11,25,0,0,0,11,post1995,2022,20.59674255558934,1.0650428339903726,0.08033622436447284,0.04645323519604619,8.365135641877309,Дээд STR регим
2022-493-3,7.7397808520340625,14,10,26,1,1,1,23,post1995,2022,17.81183800623053,1.8016932241399584,0.21991662578312168,0.06380220812031351,24.597284424657918,Доод STR регим
2022-493-2,7.7397808520340625,14,10,37,0,0,1,23,1985_1989,2022,23.268315946348736,1.9690595768181975,0.06036379517690391,0.02729553791826603,6.222290783357853,Дээд STR регим
2022-523-2,8.592776733535905,10,8,32,0,0,1,23,1990_1994,2022,21.18094661418912,1.8151997520569172,0.05572991316201957,0.025941345420137072,5.7312079093119195,Дээд STR регим
2022-529-3,7.922102408828017,14,11,31,1,1,1,21,1990_1994,2022,18.17521304369243,1.545017281985095,0.14668221706677584,0.08326707066363469,15.798591639233916,Доод STR регим
2022-536-2,7.634420336376237,15,8,28,0,0,1,23,1990_1994,2022,18.127322122715462,1.8161165549766287,0.06659818703547943,0.033709469844811574,6.886590769783951,Доод STR регим
2022-551-2,8.122773104290168,14,8,36,1,0,1,23,1985_1989,2022,24.974375000000002,1.9016312839208376,0.06924368275581408,0.019454008146488695,7.169733149068436,Дээд STR регим
2022-560-3,8.710559769192287,12,12,31,0,0,0,46,1990_1994,2022,21.611972518006517,1.7034349961044222,0.056740850844698903,0.025808728507588474,5.838149618216493,Дээд STR регим
2022-560-2,8.422877696740507,12,12,30,0,0,0,44,1990_1994,2022,43.34994992260767,1.7632199316414159,0.08103876655334673,0.017221580431345227,8.44129347038014,Дээд STR регим
2022-564-2,8.081951109769912,14,14,34,1,1,0,23,1985_1989,2022,23.673864830162252,1.8079931039396437,0.07444808872780481,0.019900191931045082,7.728941860645855,Дээд STR регим
2022-566-3,8.710559769192287,11,9,31,1,1,0,21,1990_1994,2022,18.17521304369243,1.545017281985095,0.15296368538568453,0.09225957797533434,16.52826613839529,Доод STR регим
2022-607-3,8.053780232803216,11,10,25,1,0,0,21,post1995,2022,17.78749953288014,1.7097834887258332,0.139967236608059,0.06895468420494988,15.023611260328407,Доод STR регим
2022-610-2,8.633598728056159,14,8,39,1,0,0,23,1980_1984,2022,23.234570385043952,2.013888888888889,0.06038227736178869,0.016543364403566973,6.224254021517406,Дээд STR регим
2022-756-2,7.494164444867794,12,10,32,0,0,1,41,1990_1994,2022,19.30657781848911,1.921911548022799,0.04509856192022192,0.028806264669687724,4.61309635041558,Доод STR регим
2022-763-2,7.417203403731666,12,8,26,0,0,1,41,post1995,2022,22.54399195575666,2.0520235161763036,0.08114813252612776,0.0556501805492403,8.453153906482402,Дээд STR регим
2022-767-3,7.7397808520340625,15,7,28,1,0,1,41,1990_1994,2022,24.16820528868722,2.0265943765206895,0.10203212140360947,0.030680505740693576,10.741904301067585,Дээд STR регим
2022-811-3,6.8700101357948,10,12,32,0,0,0,44,1990_1994,2022,22.474191258493054,1.7555854036122587,0.06882824243816581,0.027109402480616603,7.125219768053492,Дээд STR регим
2022-819-2,8.209784481279797,15,10,26,0,0,0,41,post1995,2022,22.54399195575666,2.0520235161763036,0.07934484107363873,0.060565831496385454,8.257757492339234,Дээд STR регим
2022-829-3,7.759583479330242,11,9,26,0,0,0,41,post1995,2022,22.54399195575666,2.0520235161763036,0.07934484107363873,0.060565831496385454,8.257757492339234,Дээд STR регим
2022-892-3,7.9866409299655885,15,9,26,1,0,0,41,post1995,2022,22.54399195575666,2.0520235161763036,0.11403143605623045,0.0436522763629198,12.07873574647551,Дээд STR регим
2022-1005-5,8.122773104290168,11,6,28,1,0,1,42,1990_1994,2022,3.785821276315573,1.4578544061302683,0.154882690117634,0.042769832632810166,16.752099132117593,Доод STR регим
2022-1018-3,8.479448048228901,14,11,31,1,1,0,62,1990_1994,2022,22.613297995481652,1.273163358340374,0.13518977460691253,0.054661254451746855,14.47540089808692,Дээд STR регим
2022-1134-3,8.209784481279797,11,10,37,0,0,0,43,1985_1989,2022,25.622336367072087,1.475591263726857,0.10486133851873967,0.019586128849026524,11.055660825454815,Дээд STR регим
2022-1146-3,8.487416217878078,10,10.5,31,0,0,0,43,1990_1994,2022,20.408107672258616,1.5197888700998508,0.08539452292995547,0.04834421170738625,8.914667528509202,Дээд STR регим
2022-1147-3,7.411276785062027,12,12,37,0,0,0,43,1985_1989,2022,25.622336367072087,1.475591263726857,0.10486133851873967,0.019586128849026524,11.055660825454815,Дээд STR регим
2022-1257-3,8.432928032594008,14,14,27,0,0,1,44,post1995,2022,65.10487796337151,1.7835271012483687,0.08946151428983681,0.022373282650931033,9.358524509767708,Дээд STR регим
2022-1263-2,7.565427464889285,10,10,38,1,1,1,44,1980_1984,2022,26.092359264824875,1.7926123720516245,0.08020422718358398,0.03801460182661986,8.350832693461152,Дээд STR регим
2022-1290-3,8.093952665754676,14,10,29,1,0,1,44,1990_1994,2022,65.76839826839827,1.7682164667814524,0.11285427154345773,0.02581436832858704,11.946878260321458,Дээд STR регим
2022-1318-2,8.354215458419073,14,12,27,1,0,0,11,post1995,2022,19.576272791230142,1.0380060250036154,0.16234004751668318,0.04565506488412289,17.626015766745407,Дээд STR регим
2022-1325-3,7.7942690373181325,14,11,27,0,0,0,44,post1995,2022,65.10487796337151,1.7835271012483687,0.09185692706562862,0.02043106015835149,9.620797316926488,Дээд STR регим
2022-1328-2,8.884913156337065,14,12,35,0,0,0,44,1985_1989,2022,27.191257072135784,1.728430976585988,0.08675712439621765,0.015236558587361206,9.063175970113392,Дээд STR регим
2022-1335-3,7.899629552975958,9,8,26,0,0,0,44,post1995,2022,66.27446860664637,1.8007171885319138,0.0935496509359575,0.022734905991528418,9.806512194888551,Дээд STR регим
2022-1336-2,7.717307996182004,13,12,30,1,0,0,44,1990_1994,2022,43.34994992260767,1.7632199316414159,0.11309706283556466,0.021658801460534498,11.974061287309222,Дээд STR регим
2022-1364-2,8.592776733535905,12,10,26,0,0,0,44,post1995,2022,66.27446860664637,1.8007171885319138,0.0935496509359575,0.022734905991528418,9.806512194888551,Дээд STR регим
2022-1455-3,8.027462924485844,14,6,31,1,1,0,44,1990_1994,2022,21.401835416689693,1.7589330571791506,0.1444697877619968,0.03509079676646623,15.542678640735641,Дээд STR регим
2022-1463-3,8.002145116501554,10,10,32,0,0,1,45,1990_1994,2022,20.027369080797733,1.1055629749860185,0.08843272312173898,0.02498624177378104,9.246075278901756,Дээд STR регим
2022-1513-3,7.46736625171307,16,10,26,0,0,1,45,post1995,2022,18.1835498073051,1.33516497451351,0.08636119597799745,0.04324046075642689,9.020003306571645,Доод STR регим
2022-1520-7,7.388803929209968,16,10,28,1,0,1,45,1990_1994,2022,19.097177399610953,1.2392535858488927,0.14591249310965743,0.028757097070532645,15.709492984132378,Доод STR регим
2022-1532-3,7.637265288508468,12,9,25,0,0,1,45,post1995,2022,17.98855912837071,1.393159194618173,0.08090486171185306,0.04479184240546773,8.426773628326888,Доод STR регим
2022-1575-2,8.589931781403672,12,12,34,0,0,1,11,1985_1989,2022,24.05297052132284,0.9257993949993928,0.11670690767459128,0.03945093994996486,12.379000719081311,Дээд STR регим
2022-1602-3,7.7397808520340625,16,10,27,1,0,0,45,post1995,2022,18.52287788355755,1.2812198524549712,0.16181329347633894,0.03062195844821979,17.564072103660354,Доод STR регим
2022-1603-3,8.002145116501554,12,10,27,1,1,0,85,post1995,2022,17.76202100276734,1.4559588427726506,0.16878350887839105,0.07276245410316849,18.386381517388315,Доод STR регим
2022-1623-3,8.99254382052943,10,10.5,26,0,1,0,45,post1995,2022,18.1835498073051,1.33516497451351,0.07313592164431879,0.07036824386401778,7.587676191547099,Доод STR регим
2022-1625-4,8.081951109769912,14,10.5,26,0,0,0,45,post1995,2022,18.1835498073051,1.33516497451351,0.07656593139832701,0.06834464984730217,7.95733657723936,Доод STR регим
2022-1625-3,8.182327635046759,14,10.5,29,1,0,0,45,1990_1994,2022,19.340289669343882,1.2128171259434517,0.14094716255325362,0.02358668339290511,15.136381125346677,Доод STR регим
2022-1647-3,8.081951109769912,14,10,27,0,0,0,45,post1995,2022,18.52287788355755,1.2812198524549712,0.08827769482109832,0.03918621099922844,9.229140358229504,Доод STR регим
2022-1693-4,7.96862242446291,17,8,25,1,1,1,46,post1995,2022,18.68253902967842,1.7042699533151802,0.17085389597146558,0.04738288647188582,18.631741060648956,Доод STR регим
2022-1710-4,8.253801366696573,15,10,29,1,1,1,46,1990_1994,2022,19.774011299435028,1.7054078539555662,0.1515106862611421,0.035292694712080026,16.359073617770626,Дээд STR регим
2022-1732-5,8.676158342474954,16,14,27,0,1,1,23,post1995,2022,17.768879004448,1.8111997490729808,0.08139389084860016,0.02562307782174956,8.479810447052483,Доод STR регим
2022-1732-2,7.634420336376237,16,14,27,1,1,1,46,post1995,2022,18.789659224441834,1.7030975327800146,0.16280836300276483,0.037273221260296405,17.681114752342133,Доод STR регим
2022-1735-3,7.7397808520340625,15,9,31,0,0,1,46,1990_1994,2022,21.611972518006517,1.7034349961044222,0.04421308535662042,0.033718764928887805,4.520504905178724,Дээд STR регим
2022-1738-3,7.784754217676793,16,9,30,0,0,0,46,1990_1994,2022,20.283045253677912,1.7045200679225514,0.0626698198407858,0.015508674171035536,6.4675246547619025,Дээд STR регим
2022-1746-3,7.871765594666424,16,9,30,0,0,0,46,1990_1994,2022,20.283045253677912,1.7045200679225514,0.0626698198407858,0.015508674171035536,6.4675246547619025,Дээд STR регим
2022-1763-3,7.609672166687043,12,9,28,1,0,0,46,1990_1994,2022,19.25637501908688,1.714084183586253,0.12246516781244464,0.022031164317984946,13.027974927211282,Доод STR регим
2022-1851-2,7.283443413552142,10,10,38,0,0,1,48,1980_1984,2022,25.324684086600413,2.0725945017182132,0.0723191381209238,0.01623268324760825,7.4998362283142495,Дээд STR регим
2022-1914-3,8.528238212398334,10,9,25,0,1,1,48,post1995,2022,7.619990079988552,2.081011345626708,0.06687658614170348,0.02038804730433046,6.916352043685392,Доод STR регим
2022-1934-2,7.478416087899655,10,10,39,0,0,1,48,1980_1984,2022,25.066286153783878,2.0833333333333335,0.06424947440523437,0.014054650663967366,6.635839470682181,Дээд STR регим
2022-1997-2,8.41457889392581,14,10,33,1,0,0,48,1985_1989,2022,22.97225470394387,1.9511383770098105,0.06945073617093596,0.015919279467647984,7.191925305716285,Дээд STR регим
2022-2050-3,7.7397808520340625,15,12,27,0,0,0,48,post1995,2022,7.548044159738312,2.028163836574253,0.12385360039058567,0.079779311724541,13.185015644837872,Доод STR регим
2022-2068-2,7.498618795217174,14,10,31,1,0,1,61,1990_1994,2022,19.67723692726329,0.7868469713759924,0.12895632459530365,0.02772321119756331,13.764043617421917,Дээд STR регим
2022-2082-3,8.710559769192287,15,12,32,1,1,1,61,1990_1994,2022,20.464542584215724,0.7836800001583974,0.12466323665322984,0.021799560975305457,13.276691444910082,Дээд STR регим
2022-2102-3,8.209784481279797,14,10,27,1,0,1,65,post1995,2022,18.417767093843562,1.7257175616071245,0.1402128057029619,0.02651912280551412,15.051860972924281,Доод STR регим
2022-2124-3,8.615249589387963,19,10,30,1,0,1,82,1990_1994,2022,19.01048951048951,2.1394871211047777,0.11142594242389044,0.05990674931636297,11.78709541266938,Доод STR регим
2022-2126-3,7.9866409299655885,14,10,25,1,0,1,81,post1995,2022,16.224682065659028,1.9122211930251658,0.17677206854408672,0.07540844820284638,19.335905805811148,Доод STR регим
2022-2150-3,8.543505684529121,10,7.5,35,0,0,1,85,1985_1989,2022,26.682849045519397,1.5003828704379822,0.09116989186994481,0.013870441621095408,9.545509836526666,Дээд STR регим
2022-2167-3,8.122773104290168,14,12,27,0,0,1,61,post1995,2022,12.14290593978759,0.8560938471253072,0.11023512940684262,0.027270413055697246,11.654057111905258,Доод STR регим
2022-2190-2,7.555858013873134,10,2,29,1,1,1,82,1990_1994,2022,18.53477167993297,2.1519358159341286,0.10969965686417349,0.04441216437648898,11.594285434518458,Доод STR регим
2022-2192-3,8.519939409583637,10,10,29,0,0,1,65,1990_1994,2022,19.751492179487045,1.715246341156099,0.06572132473397853,0.022973623114436785,6.792907027675521,Дээд STR регим
2022-2201-3,8.305094661084123,11,13.5,25,1,0,1,65,post1995,2022,17.371639926844974,1.7500807400122191,0.16085205454885831,0.0977854316422381,17.451119237124523,Доод STR регим
2022-2255-3,7.611947480524178,9,7,28,1,0,1,62,1990_1994,2022,22.641658752769864,1.2798553584782935,0.1379060329346982,0.03308534793977268,14.786768344872513,Дээд STR регим
2022-2276-5,8.241767527132849,14,10,28,1,0,1,62,1990_1994,2022,22.641658752769864,1.2798553584782935,0.1379060329346982,0.03308534793977268,14.786768344872513,Дээд STR регим
2022-2298-2,8.483786449827498,14,8,32,1,0,1,62,1990_1994,2022,24.38067476155451,1.2882758563222214,0.1212905933457474,0.054548035606061876,12.895293091441795,Дээд STR регим
2022-2329-3,8.029247046279345,14,12,31,1,0,1,62,1990_1994,2022,22.613297995481652,1.273163358340374,0.12878612271747875,0.033439450059239297,13.744682411272823,Дээд STR регим
2022-2338-3,8.305094661084123,12,8,25,0,0,0,62,post1995,2022,21.7248104945242,1.2593120609077246,0.11379094703438884,0.028251690848961588,12.051785281721926,Дээд STR регим
2022-2354-4,8.25630449691469,14,9.5,28,1,0,0,62,1990_1994,2022,22.641658752769864,1.2798553584782935,0.13631751913696602,0.04732544082076548,14.604572727997578,Дээд STR регим
2022-2359-4,8.107268917754203,12,9,27,0,0,0,62,post1995,2022,22.341735477328697,1.266945515870625,0.12054482013143661,0.04175995824310932,12.81113019295088,Дээд STR регим
2022-2419-2,7.835091031838387,2,4,32,0,0,0,62,1990_1994,2022,24.38067476155451,1.2882758563222214,0.11073608966520225,0.019098710598382026,11.710005369959763,Дээд STR регим
2022-2483-3,7.835091031838387,14,8,32,1,1,0,62,1990_1994,2022,24.38067476155451,1.2882758563222214,0.12380924081887974,0.06930074490261096,13.179994917379823,Дээд STR регим
2022-2506-2,7.726898226203049,15,12,28,1,0,1,63,1990_1994,2022,17.119660914624944,2.0290446060305576,0.13116335328239703,0.050339328478961685,14.015401400134087,Доод STR регим
2022-2580-4,8.372824108524302,15,7.5,32,1,0,1,63,1990_1994,2022,20.27581690745423,1.9290966181736762,0.10883894747020145,0.03568193342422696,11.498276508550731,Дээд STR регим
2022-2771-3,8.43025780403813,14,11,31,0,0,1,64,1990_1994,2022,22.131188589857874,1.531098867975945,0.05615656112377111,0.043734099673009896,5.776327538074355,Дээд STR регим
2022-2773-3,8.448195504724797,10,10,27,0,0,1,64,post1995,2022,17.98503388251919,1.5935576444826665,0.09456339333670757,0.04199631933366598,9.917884153879687,Доод STR регим
2022-2777-3,7.516637300719853,9,4,25,0,0,1,64,post1995,2022,17.88864468864469,1.6546977178108841,0.08829164751019213,0.03689904443361746,9.230664409097189,Доод STR регим
2022-2798-2,7.922102408828017,16,12,27,1,0,1,64,post1995,2022,17.98503388251919,1.5935576444826665,0.16790272339901952,0.04224782573458928,18.282154419187925,Доод STR регим
2022-2798-3,7.686055452677899,10,12,25,0,0,1,64,post1995,2022,17.88864468864469,1.6546977178108841,0.08829164751019213,0.03689904443361746,9.230664409097189,Доод STR регим
2022-2825-3,8.145245960142226,14,10,30,1,0,1,64,1990_1994,2022,20.88054748834685,1.5492596994103947,0.13704409382300642,0.03896665760077347,14.687871767268334,Дээд STR регим
2022-2831-3,7.0619011436049055,14,9,26,1,0,1,64,post1995,2022,17.85286364725617,1.6207221305566084,0.1860936662835581,0.03469988535893225,20.45350794181815,Доод STR регим
2022-2846-3,8.104423965621972,16,9,25,1,0,0,64,post1995,2022,17.88864468864469,1.6546977178108841,0.21865783658767313,0.06887817658675521,24.44054138316274,Доод STR регим
2022-2854-2,8.076253088655276,14,10,30,1,0,0,64,1990_1994,2022,20.88054748834685,1.5492596994103947,0.13647717234343537,0.02978672326986923,14.622871176173735,Дээд STR регим
2022-2877-2,8.13855697199143,16,12,26,1,0,0,64,post1995,2022,17.85286364725617,1.6207221305566084,0.20088877977650801,0.03705520097482051,22.248879878457405,Доод STR регим
2022-2911-4,7.835091031838387,18,13,26,1,0,0,64,post1995,2022,17.85286364725617,1.6207221305566084,0.20088877977650801,0.03705520097482051,22.248879878457405,Доод STR регим
2022-2912-3,7.705879300358381,10,12,27,0,0,0,64,post1995,2022,17.98503388251919,1.5935576444826665,0.0824703279257992,0.0438424518221183,8.596645008390546,Доод STR регим
2022-2992-3,8.432928032594008,14,10,28,0,0,0,64,1990_1994,2022,18.755652016639537,1.5780182719423008,0.06588396192011714,0.030409346914035344,6.810276938032445,Доод STR регим
2022-3017-2,7.652041937726056,14,14,25,1,0,1,65,post1995,2022,17.371639926844974,1.7500807400122191,0.16085205454885831,0.0977854316422381,17.451119237124523,Доод STR регим
2022-3038-3,7.516637300719853,12,7,39,1,0,1,65,1980_1984,2022,25.417370636579708,1.702127659574468,0.07445901923997818,0.03857984716858492,7.730119399591828,Дээд STR регим
2022-3055-3,8.088087546302278,15,11.5,29,0,0,1,65,1990_1994,2022,19.751492179487045,1.715246341156099,0.06572132473397853,0.022973623114436785,6.792907027675521,Дээд STR регим
2022-3101-3,7.786300867668955,14,10,30,1,0,0,65,1990_1994,2022,20.50788466683938,1.7081995467002802,0.12287737435214867,0.02857155209040384,13.074575401496059,Дээд STR регим
2022-3125-4,8.838393140702172,15,12,31,1,0,0,65,1990_1994,2022,21.388195372389056,1.7054802444084523,0.11991327471372502,0.036752394643873566,12.739907333213285,Дээд STR регим
2022-3149-3,8.315144996937624,10,9.5,30,0,0,0,65,1990_1994,2022,20.50788466683938,1.7081995467002802,0.0660037748884614,0.02179170071805029,6.823074961031317,Дээд STR регим
2022-3164-3,7.565427464889285,14,13,31,1,0,0,65,1990_1994,2022,21.388195372389056,1.7054802444084523,0.11991327471372502,0.036752394643873566,12.739907333213285,Дээд STR регим
2022-3165-2,8.327567516936181,15,14,31,1,0,0,65,1990_1994,2022,21.388195372389056,1.7054802444084523,0.11991327471372502,0.036752394643873566,12.739907333213285,Дээд STR регим
2022-3202-3,7.7397808520340625,14,9,38,1,0,0,65,1980_1984,2022,25.297926756271426,1.6843971631205674,0.07858804023356364,0.0407759277556971,8.17585892488566,Дээд STR регим
2022-3213-3,7.7397808520340625,15,9.5,27,1,0,0,65,post1995,2022,18.417767093843562,1.7257175616071245,0.14399945304966416,0.03445310196741258,15.488347686083536,Доод STR регим
2022-3247-3,7.835091031838387,14,13,30,0,0,0,65,1990_1994,2022,20.50788466683938,1.7081995467002802,0.0660037748884614,0.02179170071805029,6.823074961031317,Дээд STR регим
2022-3285-2,7.896784600843727,14,10,29,0,0,1,67,1990_1994,2022,23.611474289672746,1.261268414785817,0.11141812850905555,0.029981088066295316,11.786221921238882,Дээд STR регим
2022-3298-2,8.163264465644906,14,10,35,0,0,1,67,1985_1989,2022,24.93376015505794,1.2982693104683594,0.0920638393567024,0.02101689681008517,9.643481553991462,Дээд STR регим
2022-3542-4,7.7397808520340625,14,13,28,1,0,0,67,1990_1994,2022,22.95030024405182,1.2723645727834134,0.15167729647758335,0.0395806682235027,16.378461843304358,Дээд STR регим
2022-3557-2,8.363935161107056,16,12,30,1,0,1,81,1990_1994,2022,18.482730502650128,1.8915979675309096,0.14903837239884135,0.05446925712409519,16.0717527870474,Доод STR регим
2022-3597-3,8.509889073730136,14,8.5,27,0,0,1,81,post1995,2022,16.428311072925617,1.9027011095614204,0.09800461658384545,0.04841821961287083,10.29678770404372,Доод STR регим
2022-3599-3,7.940451547496214,8,1.5,29,0,0,1,81,1990_1994,2022,17.47543188568052,1.8944596907623652,0.07050708856454749,0.04448848167687291,7.305217580336487,Доод STR регим
2022-3604-4,8.076253088655276,16,12,30,0,0,1,81,1990_1994,2022,18.482730502650128,1.8915979675309096,0.060216394511709105,0.030338514879256984,6.206634700924707,Доод STR регим
2022-3604-3,8.432928032594008,18,12,25,0,0,1,81,post1995,2022,16.224682065659028,1.9122211930251658,0.06714938368299057,0.025067644192550084,6.945522540285265,Доод STR регим
2022-3611-3,7.747749021683239,11,8,25,0,0,1,81,post1995,2022,16.224682065659028,1.9122211930251658,0.06714938368299057,0.025067644192550084,6.945522540285265,Доод STR регим
2022-3644-2,9.3549167855828,11,16,26,0,0,0,81,post1995,2022,16.257084139391747,1.8935722624044042,0.087196759820628,0.05491938821949841,9.111134547140786,Доод STR регим
2022-3830-3,8.027462924485844,15,10,27,1,0,1,82,post1995,2022,17.050691755270783,2.184474666884017,0.15762533987664215,0.04489750354630137,17.072748762484437,Доод STR регим
2022-3837-2,7.816741893170191,15,8,38,1,0,1,82,1980_1984,2022,25.534623217922608,2.1961122047244093,0.06947006198242776,0.036556281576687916,7.193996896675703,Дээд STR регим
2022-3899-3,7.7397808520340625,14,14,26,0,0,0,82,post1995,2022,16.87985262115368,2.208672675733575,0.09578333461723809,0.07573946639156602,10.05205934451392,Доод STR регим
2022-3937-3,7.8324902501383304,11,4,27,0,0,0,82,post1995,2022,17.050691755270783,2.184474666884017,0.08395034287633629,0.06921107208689495,8.757488662727786,Доод STR регим
2022-4002-3,7.922102408828017,14,9.5,25,1,0,0,82,post1995,2022,16.608578439995778,2.2255495526104516,0.21938181276047847,0.14988906158765228,24.530665990152656,Доод STR регим
2022-4044-4,7.456533376650147,15,10,28,0,1,1,83,1990_1994,2022,16.891363669887163,1.7315434082303012,0.07354458705399863,0.041773115469300265,7.6316525385083045,Доод STR регим
2022-4050-5,6.6544137901159734,11,11,27,0,0,1,83,post1995,2022,16.288445749652645,1.731268820895838,0.0906415129763181,0.041037860173618136,9.48764359023535,Доод STR регим
2022-4058-3,7.349583216056686,15,10.5,25,1,0,1,83,post1995,2022,15.444730303230205,1.7669782027458318,0.16773357499282596,0.07646851908674848,18.262148873287586,Доод STR регим
2022-4061-3,7.388803929209968,10,11,25,0,1,1,83,post1995,2022,15.444730303230205,1.7669782027458318,0.07320901572319617,0.0367765327982437,7.595540501050602,Доод STR регим
2022-4072-2,7.611947480524178,11,4,35,0,0,1,83,1985_1989,2022,22.95048389574479,1.704061101366828,0.09378901521208527,0.020191182117614524,9.832799097141343,Дээд STR регим
2022-4086-4,7.717307996182004,14,10,26,0,1,1,83,post1995,2022,15.751992955135336,1.7438300545976837,0.08303916057521664,0.022006335867613764,8.658435898360217,Доод STR регим
2022-4093-2,8.209784481279797,11,11,36,0,1,1,83,1985_1989,2022,23.886576365400924,1.739781018058746,0.08125058224607377,0.026457107037139604,8.464265470905996,Дээд STR регим
2022-4096-2,7.542954609037226,14,16,36,0,1,1,83,1985_1989,2022,23.886576365400924,1.739781018058746,0.08125058224607377,0.026457107037139604,8.464265470905996,Дээд STR регим
2022-4129-2,8.002145116501554,14,8,35,0,1,0,83,1985_1989,2022,22.95048389574479,1.704061101366828,0.08161248987481136,0.01776575750849931,8.503526620051494,Дээд STR регим
2022-4132-3,8.038402864524178,16,8,28,0,1,0,83,1990_1994,2022,16.891363669887163,1.7315434082303012,0.07022025047563522,0.027275358915419465,7.274442770700218,Доод STR регим
2022-4134-4,8.305094661084123,16,9,29,0,1,0,83,1990_1994,2022,17.54980127747731,1.7236671891437996,0.06570933713494308,0.030501096028442556,6.791626844799414,Доод STR регим
2022-4158-3,7.563157316354745,15,10,31,0,1,0,83,1990_1994,2022,19.290908096878248,1.7046872135963096,0.06190075106363576,0.022928442246501157,6.385675283701597,Доод STR регим
2022-4167-4,7.611947480524178,11,9,26,0,1,0,83,post1995,2022,15.751992955135336,1.7438300545976837,0.07578947261759265,0.03031497388398483,7.873544689992351,Доод STR регим
2022-4172-3,8.145245960142226,14,12,29,0,1,0,83,1990_1994,2022,17.54980127747731,1.7236671891437996,0.06570933713494308,0.030501096028442556,6.791626844799414,Доод STR регим
2022-4236-3,8.14746571688054,15,14,30,0,1,0,83,1990_1994,2022,18.277485226637772,1.7106890804719728,0.06179738562393183,0.016493275460476495,6.374679249912418,Доод STR регим
2022-4239-3,7.915133739511924,14,11.5,32,0,1,0,83,1990_1994,2022,20.464889395083148,1.7042314486291816,0.07427188507735082,0.03681955353573248,7.709961300101598,Дээд STR регим
2022-4297-2,8.089156493491183,14,8,30,0,0,1,84,1990_1994,2022,21.285611251352325,1.133590620039943,0.09681092297492798,0.017250434808517075,10.165205683410129,Дээд STR регим
2022-4337-4,7.9866409299655885,14,8,34,1,0,1,84,1985_1989,2022,25.67324397237249,1.1553645172795055,0.09864619051106066,0.023101558046467977,10.367573952167763,Дээд STR регим
2022-4341-2,7.349583216056686,11,8,31,1,0,1,84,1990_1994,2022,22.50946139290165,1.1348838867652484,0.12188305768061353,0.03269670495081532,12.962199343999847,Дээд STR регим
2022-4353-3,8.726840654796424,15,12,30,1,0,1,84,1990_1994,2022,21.285611251352325,1.133590620039943,0.13852219845096214,0.025202062443471146,14.857517787695084,Дээд STR регим
2022-4363-2,8.076253088655276,14,14,28,0,0,0,84,1990_1994,2022,19.019150876481913,1.1477111235742812,0.08710491833988046,0.029036529820917666,9.101114079132277,Доод STR регим
2022-4364-3,7.531904772850641,8,10.5,29,1,0,0,84,1990_1994,2022,20.14497360949013,1.1372159625595029,0.13907174647450837,0.02050366763632551,14.920654856421445,Дээд STR регим
2022-4365-2,8.215482502394435,10,8,38,1,0,0,84,1980_1984,2022,25.836032236197937,1.24542279308208,0.08977464308581992,0.03767572249621863,9.392773174719693,Дээд STR регим
2022-4375-4,7.819586845302422,16,11,29,0,0,0,84,1990_1994,2022,20.14497360949013,1.1372159625595029,0.09546001737248411,0.03797456889989032,10.016483367380523,Дээд STR регим
2022-4376-2,9.221385392958279,4,9,37,0,0,0,84,1985_1989,2022,26.289170429274208,1.228291812303476,0.0896073504469351,0.018968482262615313,9.374474099713325,Дээд STR регим
2022-4383-3,7.899629552975958,11,8,26,0,0,0,84,post1995,2022,17.966763319088752,1.1605681538099333,0.08400665141531731,0.04528489429753809,8.763612810436916,Доод STR регим
2022-4400-3,7.835091031838387,12,10,25,0,0,0,84,post1995,2022,17.81186876802998,1.173425216809542,0.07482812608955965,0.05118935577321395,7.769890664039969,Доод STR регим
2022-4428-3,7.429625923730223,11,1,25,0,0,0,84,post1995,2022,17.81186876802998,1.173425216809542,0.07482812608955965,0.05118935577321395,7.769890664039969,Доод STR регим
2022-4481-2,7.7454788731487,14,13,38,1,0,0,84,1980_1984,2022,25.836032236197937,1.24542279308208,0.08977464308581992,0.03767572249621863,9.392773174719693,Дээд STR регим
2022-4548-2,7.494164444867794,15,11,36,1,0,1,85,1985_1989,2022,26.423022961366048,1.5149016649705547,0.08116261308668049,0.029334682163830696,8.454724380315316,Дээд STR регим
2022-4561-4,8.327567516936181,16,10,25,1,0,1,85,post1995,2022,16.894594370365798,1.4993097457877662,0.15513228331803533,0.07138371558043592,16.781243299135195,Доод STR регим
2022-4587-2,8.122773104290168,18,11,29,1,0,1,85,1990_1994,2022,19.53062264661216,1.422535999053971,0.140808508426187,0.027755672264089027,15.120418097623546,Доод STR регим
2022-4601-3,9.74965793032799,10,8,29,0,0,0,85,1990_1994,2022,19.53062264661216,1.422535999053971,0.07773259356393633,0.047414211410221827,8.083359816302305,Доод STR регим
2022-4613-2,7.835091031838387,14,8,28,1,0,0,85,1990_1994,2022,18.567897570261806,1.4376811720383327,0.13062465097466458,0.036182844331713496,13.9539975809573,Доод STR регим
2022-4616-3,8.017412588632341,14,10,25,1,0,0,85,post1995,2022,16.894594370365798,1.4993097457877662,0.18668448571179808,0.11138639035447422,20.524695241859025,Доод STR регим
2022-4746-4,7.695329089463229,16,10,28,1,1,1,11,1990_1994,2022,19.809893918706017,1.020533066128087,0.146661335606752,0.04715765499038525,15.796173620817754,Дээд STR регим
2022-4792-4,8.145245960142226,12,10,25,1,0,1,11,post1995,2022,20.59674255558934,1.0650428339903726,0.15587902761300468,0.04434192415971046,16.868481594624107,Дээд STR регим
2022-4814-3,8.145245960142226,14,14,33,1,0,1,11,1985_1989,2022,23.103916714538485,0.9478157109868292,0.10681531161966154,0.020674498632018052,11.272872743425545,Дээд STR регим
2022-4835-2,8.615249589387963,16,12,31,0,0,1,62,1990_1994,2022,22.613297995481652,1.273163358340374,0.09864957063719608,0.027405593851555467,10.367947009119472,Дээд STR регим
2022-4843-3,8.14746571688054,16,12,28,1,0,1,11,1990_1994,2022,19.809893918706017,1.020533066128087,0.1471167626382539,0.04875353101795042,15.848922339113525,Дээд STR регим
2022-4845-2,8.349546423654957,15,12,27,0,1,1,11,post1995,2022,19.576272791230142,1.0380060250036154,0.0838774577318013,0.02848180808534719,8.749562146313483,Дээд STR регим
2022-4859-2,7.835091031838387,13,12,39,1,1,1,43,1980_1984,2022,25.401342038447588,1.4718614718614718,0.08313951857265255,0.028945988653744977,8.669341188598878,Дээд STR регим
2022-4891-3,8.042730396616632,16,12,26,0,0,1,11,post1995,2022,19.814154327883934,1.0522298977933353,0.08766839309668809,0.02844124239367146,9.162607126118294,Дээд STR регим
2022-4909-3,8.131822939810087,16,14.5,30,0,0,1,11,1990_1994,2022,20.053299634997735,1.002709606891408,0.09705831076118904,0.028910134064013604,10.192462581139928,Дээд STR регим
2022-4910-2,7.7770766367777595,15,14,34,1,0,1,11,1985_1989,2022,24.05297052132284,0.9257993949993928,0.11070393872683687,0.017557758994225986,11.70641384619806,Дээд STR регим
2022-4912-3,8.615249589387963,14,12,31,1,0,1,11,1990_1994,2022,20.583862976361644,0.9881194944841533,0.13095144828176883,0.036341853391430964,13.991243526106324,Дээд STR регим
2022-4913-3,7.759583479330242,12,10,35,0,1,1,11,1985_1989,2022,25.242628873315546,0.9068776413462102,0.10011366786960675,0.03837573058039946,10.52965476393437,Дээд STR регим
2022-4916-3,8.145245960142226,10,11.5,27,1,1,1,11,post1995,2022,19.576272791230142,1.0380060250036154,0.1607985913398611,0.06048701627945916,17.44484009124292,Дээд STR регим
2022-4993-3,9.020714697496127,10,10,32,1,0,1,81,1990_1994,2022,20.56359156990926,1.906636090013806,0.14254036346277071,0.048605970432628855,15.319962714819813,Дээд STR регим
2022-4998-3,7.819586845302422,16,12,29,1,0,1,85,1990_1994,2022,19.53062264661216,1.422535999053971,0.140808508426187,0.027755672264089027,15.120418097623546,Доод STR регим
2022-4998-4,7.7397808520340625,14,12,26,0,0,1,85,post1995,2022,17.31213451181112,1.480116883457649,0.08190910774536143,0.04977789531200906,8.535715478724072,Доод STR регим
2022-5012-2,8.615249589387963,15,12,30,0,0,1,11,1990_1994,2022,20.053299634997735,1.002709606891408,0.09705831076118904,0.028910134064013604,10.192462581139928,Дээд STR регим
2022-5016-2,8.615249589387963,15,8,33,0,0,1,11,1985_1989,2022,23.103916714538485,0.9478157109868292,0.11735271616341492,0.04233048386496628,12.451599471633322,Дээд STR регим
2022-5037-3,8.122773104290168,12,10.5,27,0,0,1,61,post1995,2022,12.14290593978759,0.8560938471253072,0.11023512940684262,0.027270413055697246,11.654057111905258,Доод STR регим
2022-5080-3,8.432928032594008,18,11,28,1,0,1,62,1990_1994,2022,22.641658752769864,1.2798553584782935,0.1379060329346982,0.03308534793977268,14.786768344872513,Дээд STR регим
2022-5090-3,8.209784481279797,12,14,27,1,0,1,11,post1995,2022,19.576272791230142,1.0380060250036154,0.16350262952209216,0.045101717555320095,17.762845178338125,Дээд STR регим
2022-5113-3,8.838393140702172,16,13.5,25,0,0,1,48,post1995,2022,7.619990079988552,2.081011345626708,0.06346823800159827,0.026746034703741428,6.552564204025746,Доод STR регим
2022-5139-2,8.70622136759369,16,13,30,1,0,1,84,1990_1994,2022,21.285611251352325,1.133590620039943,0.13852219845096214,0.025202062443471146,14.857517787695084,Дээд STR регим
2022-5139-3,8.41045517674195,10,13,33,0,0,1,84,1985_1989,2022,25.090253668364177,1.149042602112592,0.10116291877114057,0.027343393835523856,10.645688967692667,Дээд STR регим
2022-5144-3,8.050202411455333,16,9,25,1,0,1,65,post1995,2022,17.371639926844974,1.7500807400122191,0.16085205454885831,0.0977854316422381,17.451119237124523,Доод STR регим
2022-5146-3,8.195093765869794,15,12.5,30,1,0,1,65,1990_1994,2022,20.50788466683938,1.7081995467002802,0.1262438106445223,0.04814105678844662,13.455875206520918,Дээд STR регим
2022-5146-4,7.989241711665646,11,12.5,29,0,0,1,65,1990_1994,2022,19.751492179487045,1.715246341156099,0.06572132473397853,0.022973623114436785,6.792907027675521,Дээд STR регим
2022-5164-3,8.708031322838929,16,11.5,32,1,0,1,11,1990_1994,2022,21.68181991784634,0.9717695664298076,0.12752000603493624,0.044250055068703664,13.600759502145854,Дээд STR регим
2022-5165-5,8.838393140702172,14,16,32,1,1,1,11,1990_1994,2022,21.68181991784634,0.9717695664298076,0.13105703310652364,0.03498506080316737,14.003279906996013,Дээд STR регим
2022-5165-3,8.838393140702172,14,16,34,1,1,1,11,1985_1989,2022,24.05297052132284,0.9257993949993928,0.10646845200833593,0.022057075728446757,11.234283370968923,Дээд STR регим
2022-5180-4,8.129741773606261,14,10,26,1,0,1,43,post1995,2022,36.26052285572802,1.6873780397575937,0.13295196617959035,0.03286094662587356,14.219513301731723,Дээд STR регим
2022-5236-3,8.027462924485844,11,10.5,28,0,1,1,63,1990_1994,2022,17.119660914624944,2.0290446060305576,0.068035556713171,0.02618106642474308,7.0403367827664765,Доод STR регим
2022-5239-2,8.002145116501554,12,10,26,0,0,1,11,post1995,2022,19.814154327883934,1.0522298977933353,0.08766839309668809,0.02844124239367146,9.162607126118294,Дээд STR регим
2022-5245-3,7.7397808520340625,15,10.5,25,1,0,1,81,post1995,2022,16.224682065659028,1.9122211930251658,0.17677206854408672,0.07540844820284638,19.335905805811148,Доод STR регим
2022-5250-3,8.209784481279797,14,12.5,31,0,0,1,11,1990_1994,2022,20.583862976361644,0.9881194944841533,0.08769269536055795,0.029516476740272354,9.165260056837354,Дээд STR регим
2022-5259-2,7.922102408828017,15,10,25,0,0,1,11,post1995,2022,20.59674255558934,1.0650428339903726,0.08793809683018984,0.030005952264323624,9.19205265942562,Дээд STR регим
2022-5270-3,7.830636681489008,14,10.5,25,0,0,1,11,post1995,2022,20.59674255558934,1.0650428339903726,0.08793809683018984,0.030005952264323624,9.19205265942562,Дээд STR регим
2022-5281-3,8.209784481279797,11,10,28,1,0,1,11,1990_1994,2022,19.809893918706017,1.020533066128087,0.1471167626382539,0.04875353101795042,15.848922339113525,Дээд STR регим
2022-5298-3,7.572726767370896,14,11,29,1,0,1,11,1990_1994,2022,19.955776075935713,1.0130020360098193,0.14246845957200804,0.047608123255893295,15.311671058922748,Дээд STR регим
2022-5319-3,8.058234583152597,15,10,26,0,0,1,81,post1995,2022,16.257084139391747,1.8935722624044042,0.0922442309727605,0.0309484583735954,9.66326210288817,Доод STR регим
2022-5321-3,7.804319373171634,15,14,25,1,0,1,11,post1995,2022,20.59674255558934,1.0650428339903726,0.15587902761300468,0.04434192415971046,16.868481594624107,Дээд STR регим
2022-5333-2,7.858807558455704,10,13,36,0,1,1,11,1985_1989,2022,26.356786375059315,0.8938341206482799,0.10443504577038544,0.0348947775893868,11.008328691970659,Дээд STR регим
2022-5335-3,7.571125486003923,14,12,26,0,0,1,11,post1995,2022,19.814154327883934,1.0522298977933353,0.08766839309668809,0.02844124239367146,9.162607126118294,Дээд STR регим
2022-5347-2,8.60828092007187,14,10,30,0,1,1,11,1990_1994,2022,20.053299634997735,1.002709606891408,0.09602763012824127,0.029475374500209647,10.07894785282566,Дээд STR регим
2022-5388-3,8.209784481279797,13,10,27,0,1,1,82,post1995,2022,17.050691755270783,2.184474666884017,0.07810145807680248,0.049718551506757164,8.123235286040597,Доод STR регим
2022-5388-4,7.922102408828017,11,10,26,1,0,1,82,post1995,2022,16.87985262115368,2.208672675733575,0.21927217435262525,0.07926087324063878,24.517013394642696,Доод STR регим
2022-5429-7,8.265873947930842,10,13,31,0,0,1,11,1990_1994,2022,20.583862976361644,0.9881194944841533,0.08769269536055795,0.029516476740272354,9.165260056837354,Дээд STR регим
2022-5429-2,8.041903608640638,14,13,38,1,1,1,11,1980_1984,2022,26.798263191541174,0.8917086453369639,0.11064733349224048,0.03750162376834464,11.700090857395207,Дээд STR регим
2022-5439-2,8.448195504724797,14,14,29,1,1,1,11,1990_1994,2022,19.955776075935713,1.0130020360098193,0.14350596427458287,0.04714608744293137,15.431369543041097,Дээд STR регим
2022-5445-2,8.327567516936181,14,10,29,1,0,1,85,1990_1994,2022,19.53062264661216,1.422535999053971,0.140808508426187,0.027755672264089027,15.120418097623546,Доод STR регим
2022-5471-2,7.429625923730223,10,13,37,0,0,1,46,1985_1989,2022,24.36046511627907,1.874489589650293,0.06970526151516089,0.028989993754930644,7.219211839812778,Дээд STR регим
2022-5513-2,8.432928032594008,14,16,34,0,0,1,11,1985_1989,2022,24.05297052132284,0.9257993949993928,0.11670690767459128,0.03945093994996486,12.379000719081311,Дээд STR регим
2022-5515-2,8.225051953410587,10,10,27,0,1,1,11,post1995,2022,19.576272791230142,1.0380060250036154,0.0838774577318013,0.02848180808534719,8.749562146313483,Дээд STR регим
2022-5517-3,7.503733895883945,16,9,29,1,0,1,11,1990_1994,2022,19.955776075935713,1.0130020360098193,0.14246845957200804,0.047608123255893295,15.311671058922748,Дээд STR регим
2022-5521-3,8.661769605022856,17,10.5,27,1,0,1,85,post1995,2022,17.76202100276734,1.4559588427726506,0.16733431256044085,0.059260047277236466,18.214940664928502,Доод STR регим
2022-5561-2,9.362884955231978,14,20,34,0,0,1,64,1985_1989,2022,25.684682760094,1.5238181228837382,0.09024390206517666,0.025686575231682673,9.444118762055421,Дээд STR регим
2022-5588-4,7.516637300719853,15,9.5,31,0,0,1,21,1990_1994,2022,18.17521304369243,1.545017281985095,0.06658548315382523,0.035862728278575735,6.885232903809491,Доод STR регим
2022-5597-3,8.838393140702172,14,13,29,0,0,1,11,1990_1994,2022,19.955776075935713,1.0130020360098193,0.09046120436608783,0.03490336151928651,9.467903805062306,Дээд STR регим
2022-5600-2,8.656071583908217,14,14,32,1,0,1,11,1990_1994,2022,21.68181991784634,0.9717695664298076,0.12752000603493624,0.044250055068703664,13.600759502145854,Дээд STR регим
2022-5613-3,8.209784481279797,14,14,33,0,1,1,11,1985_1989,2022,23.103916714538485,0.9478157109868292,0.1103948191333909,0.03726131279504492,11.671888541463638,Дээд STR регим
2022-5613-2,7.572726767370896,14,14,35,1,0,1,11,1985_1989,2022,25.242628873315546,0.9068776413462102,0.10779940358309385,0.033191975334739145,11.38242938130225,Дээд STR регим
2022-5635-2,8.432928032594008,14,14,34,0,1,1,11,1985_1989,2022,24.05297052132284,0.9257993949993928,0.10941032188056851,0.041542638403930195,11.562001974364279,Дээд STR регим
2022-5672-7,8.053780232803216,10,8,29,1,1,1,11,1990_1994,2022,19.955776075935713,1.0130020360098193,0.14350596427458287,0.04714608744293137,15.431369543041097,Дээд STR регим
2022-5700-3,8.145245960142226,16,12.5,30,0,0,1,65,1990_1994,2022,20.50788466683938,1.7081995467002802,0.06279575173409649,0.031194941817339145,6.480933155979018,Дээд STR регим
2022-5707-3,8.265873947930842,10,13,25,0,0,1,61,post1995,2022,12.618293837391562,0.9164649525968335,0.10044543499871579,0.0460182607379091,10.566330953817516,Доод STR регим
2022-5723-4,8.282105142859423,10,10,26,0,0,1,11,post1995,2022,19.814154327883934,1.0522298977933353,0.08766839309668809,0.02844124239367146,9.162607126118294,Дээд STR регим
2022-5724-2,8.209784481279797,15,10,31,0,1,1,11,1990_1994,2022,20.583862976361644,0.9881194944841533,0.08414463543441576,0.03194917583862106,8.77862148631905,Дээд STR регим
2022-5744-3,9.349218764468162,14,14,34,0,0,1,11,1985_1989,2022,24.05297052132284,0.9257993949993928,0.11670690767459128,0.03945093994996486,12.379000719081311,Дээд STR регим
2022-5757-2,8.145245960142226,14,10,30,1,0,1,11,1990_1994,2022,20.053299634997735,1.002709606891408,0.13676963237718823,0.04573329065371682,14.656398687436333,Дээд STR регим
2022-5790-3,9.531540321262117,16,14,25,0,0,1,11,post1995,2022,20.59674255558934,1.0650428339903726,0.08793809683018984,0.030005952264323624,9.19205265942562,Дээд STR регим
2022-5791-3,7.922102408828017,14,10.5,35,1,0,1,11,1985_1989,2022,25.242628873315546,0.9068776413462102,0.10779940358309385,0.033191975334739145,11.38242938130225,Дээд STR регим
2022-5793-3,7.978191875479061,10,10,36,1,0,1,11,1985_1989,2022,26.356786375059315,0.8938341206482799,0.1158147413654859,0.04714581220904984,12.27878467212653,Дээд STR регим
2022-5821-3,8.959021128490788,16,15.5,28,0,0,1,11,1990_1994,2022,19.809893918706017,1.020533066128087,0.09230696525260691,0.029228317013218992,9.670141964461143,Дээд STR регим
2022-5834-2,7.899629552975958,14,0,28,0,1,1,11,1990_1994,2022,19.809893918706017,1.020533066128087,0.08603643476329681,0.030655378822892803,8.984603586410312,Дээд STR регим
2022-5834-3,7.717307996182004,14,0,26,0,1,1,11,post1995,2022,19.814154327883934,1.0522298977933353,0.08591612241403614,0.03129841000298829,8.971492181467378,Дээд STR регим
2022-5840-3,9.531540321262117,15,14.5,33,0,1,1,11,1985_1989,2022,23.103916714538485,0.9478157109868292,0.1103948191333909,0.03726131279504492,11.671888541463638,Дээд STR регим
2022-5841-3,7.7397808520340625,16,12.5,26,0,0,1,11,post1995,2022,19.814154327883934,1.0522298977933353,0.08766839309668809,0.02844124239367146,9.162607126118294,Дээд STR регим
2022-5860-2,7.429625923730223,16,10,36,1,0,1,82,1985_1989,2022,26.123756313543048,2.2380561023622048,0.07454953836983445,0.027998448652393006,7.739871477627336,Дээд STR регим
2022-5870-4,7.7397808520340625,14,13.5,26,1,1,1,11,post1995,2022,19.814154327883934,1.0522298977933353,0.1544008285512549,0.041529240895499656,16.69585433494305,Дээд STR регим
2022-5888-2,8.042730396616632,11,10,29,0,0,1,41,1990_1994,2022,26.439452439452438,2.008083335537286,0.06756353150533477,0.03426919766705799,6.989822968384507,Дээд STR регим
2022-5892-3,7.819586845302422,9,8,26,0,0,1,84,post1995,2022,17.966763319088752,1.1605681538099333,0.0995331778270137,0.030820811568782646,10.465512018846246,Доод STR регим
2022-5912-4,8.076253088655276,8,10,27,0,0,1,81,post1995,2022,16.428311072925617,1.9027011095614204,0.09800461658384545,0.04841821961287083,10.29678770404372,Доод STR регим
2022-5924-4,8.432928032594008,15,10,28,1,1,1,11,1990_1994,2022,19.809893918706017,1.020533066128087,0.146661335606752,0.04715765499038525,15.796173620817754,Дээд STR регим
2022-5926-3,8.884913156337065,10,8,32,1,0,1,21,1990_1994,2022,19.557047327769425,1.5214777755665652,0.1362442947444643,0.05371951978136858,14.59618118501822,Дээд STR регим
2022-5926-2,7.111172192611688,10,8,35,1,0,1,21,1985_1989,2022,24.234704305030984,1.4958916250210248,0.08760019316719656,0.042609907005449504,9.155162497873626,Дээд STR регим
2022-5930-3,7.899629552975958,13,9,25,0,1,1,21,post1995,2022,17.78749953288014,1.7097834887258332,0.09155582451894989,0.0388443943250459,9.587795184447812,Доод STR регим
2022-5949-2,7.725276165831181,7,10,31,0,1,1,21,1990_1994,2022,18.17521304369243,1.545017281985095,0.06610455684808803,0.04098673692098548,6.83384134237861,Доод STR регим
2022-5953-2,7.680940352011129,15,14,29,1,1,1,21,1990_1994,2022,17.316872272435916,1.598225473926412,0.14567518159290865,0.049012941991506374,15.682037046783993,Доод STR регим
2022-5961-2,7.688487557646512,12,10,31,1,0,1,21,1990_1994,2022,18.17521304369243,1.545017281985095,0.13518856113248812,0.05997769114217834,14.475261985199971,Доод STR регим
2022-5973-3,8.089156493491183,11,8,25,0,0,1,21,post1995,2022,17.78749953288014,1.7097834887258332,0.09790264762344882,0.030200223065498983,10.285541428661716,Доод STR регим
2022-5992-3,7.141943851278442,11,8,25,1,0,1,21,post1995,2022,17.78749953288014,1.7097834887258332,0.13664128294662295,0.08319354997606476,14.64168354831421,Доод STR регим
2022-6003-2,8.209784481279797,14,8,37,0,0,1,21,1985_1989,2022,24.625141288888333,1.5183604930248034,0.08735596211295073,0.029862909348072158,9.128506672683034,Дээд STR регим
2022-6014-2,7.899629552975958,13,9,36,0,0,1,21,1985_1989,2022,24.51685905974052,1.508592854975703,0.08999731840830012,0.025947041467057324,9.417134958046702,Дээд STR регим
2022-6034-3,8.327567516936181,15,12,27,0,0,0,21,post1995,2022,17.483333333333334,1.649365888253578,0.10445071489961372,0.031559476449795426,11.010068109445893,Доод STR регим
2022-6044-3,7.283443413552142,11,12,26,1,0,0,21,post1995,2022,17.67859368046284,1.6851248053982848,0.17752886053035766,0.04227535970536025,19.426252445493763,Доод STR регим
2022-6048-2,8.361184127735166,10,11,35,1,0,0,21,1985_1989,2022,24.234704305030984,1.4958916250210248,0.08682563464384008,0.029662429350617445,9.07064817126384,Дээд STR регим
2022-6169-3,8.327567516936181,18,8,26,1,0,1,22,post1995,2022,19.01993355481728,1.3718227361450208,0.1680225498784789,0.044035325263512615,18.296328602539134,Доод STR регим
2022-6169-2,8.002145116501554,10,8,36,1,0,1,22,1985_1989,2022,26.799242424242422,1.350837020064906,0.09324393924746768,0.018268175285476137,9.77294819135377,Дээд STR регим
2022-6237-3,8.017412588632341,14,10,27,1,1,1,22,post1995,2022,19.300045599635204,1.3398775256283817,0.18175346424316907,0.029435484180006754,19.93184825398824,Доод STR регим
2022-6252-3,7.922102408828017,12,9.5,39,0,0,0,22,1980_1984,2022,24.748683220466518,1.4545454545454546,0.07662380264773884,0.017981940067242724,7.9635843839727105,Дээд STR регим
2022-6278-2,8.209784481279797,14,7,33,1,0,0,22,1985_1989,2022,23.19569337641627,1.2934004645168933,0.09651738764565347,0.02933902746742348,10.132873049102642,Дээд STR регим
2022-6373-2,7.7397808520340625,10,8,35,0,1,1,23,1985_1989,2022,25.17747059939302,1.8403234320446455,0.06817278865649358,0.020286482157145142,7.055027144167458,Дээд STR регим
2022-6401-3,8.479448048228901,14,10.5,30,1,0,1,23,1990_1994,2022,19.681092974654995,1.8078354773212093,0.09821100446520438,0.05591194236153289,10.319553973638929,Дээд STR регим
2022-6421-2,8.122773104290168,11,8,25,0,0,1,23,post1995,2022,17.69292412617221,1.8113577394014886,0.0717196099504721,0.02495477955986462,7.43540636386566,Доод STR регим
2022-6563-2,8.432928032594008,12,8,27,0,0,0,23,post1995,2022,17.768879004448,1.8111997490729808,0.08519679168127875,0.05497922929578614,8.893133824312848,Доод STR регим
2022-6610-2,8.6952922970615,14,14,31,1,0,1,41,1990_1994,2022,18.5646074001787,1.9528102649091548,0.11761866419160105,0.07169437839599177,12.481509729889995,Доод STR регим
2022-6615-2,8.615249589387963,17,15,39,1,1,1,41,1980_1984,2022,23.50718965370544,2.1465968586387434,0.06592824179918144,0.03273722930244601,6.815006588891492,Дээд STR регим
2022-6625-2,7.611947480524178,11,8,36,0,0,1,41,1985_1989,2022,25.061267684081542,1.9313481439033608,0.07043381114986999,0.03527075227281647,7.297354819495694,Дээд STR регим
2022-6632-2,8.209784481279797,14,8,34,0,0,1,41,1985_1989,2022,22.378024889129296,1.8808625307181825,0.07826148826952593,0.03751144193468287,8.140539652794953,Дээд STR регим
2022-6638-2,8.80449158902649,18,15,38,1,1,1,41,1980_1984,2022,23.845093478073576,2.1695551138113505,0.06965759465174763,0.03065188917729853,7.214101158092778,Дээд STR регим
2022-6648-3,7.7397808520340625,10,8,29,1,1,1,41,1990_1994,2022,26.439452439452438,2.008083335537286,0.10105766961798879,0.02599977009840702,10.63404421543983,Дээд STR регим
2022-6652-3,8.002145116501554,10,9,38,0,0,1,41,1980_1984,2022,23.845093478073576,2.1695551138113505,0.05832817743752087,0.01957614333653738,6.006282733420587,Дээд STR регим
2022-6664-3,8.528238212398334,15,10,34,0,0,1,41,1985_1989,2022,22.378024889129296,1.8808625307181825,0.07826148826952593,0.03751144193468287,8.140539652794953,Дээд STR регим
2022-6667-3,9.596078842399688,12,11,31,1,0,1,41,1990_1994,2022,18.5646074001787,1.9528102649091548,0.11761866419160105,0.07169437839599177,12.481509729889995,Доод STR регим
2022-6700-2,8.432928032594008,9,8,26,0,0,0,41,post1995,2022,22.54399195575666,2.0520235161763036,0.07934484107363873,0.060565831496385454,8.257757492339234,Дээд STR регим
2022-6744-3,8.145245960142226,15,15.5,25,0,0,0,41,post1995,2022,22.92143703118831,2.091619929891003,0.06290795942420954,0.04627949115550624,6.492881805882211,Дээд STR регим
2022-6912-2,8.053780232803216,14,8,32,1,0,0,63,1990_1994,2022,20.27581690745423,1.9290966181736762,0.11272930363066055,0.032724097613496234,11.932889366700739,Дээд STR регим
2022-7023-2,8.145245960142226,14,13,35,1,0,0,43,1985_1989,2022,24.37806798184681,1.4641626558213043,0.1039363421250059,0.025379770763319615,10.952982235671339,Дээд STR регим
2022-7137-2,8.002145116501554,14,10,25,1,0,1,44,post1995,2022,66.28115913620178,1.8265954400738822,0.11249268194265619,0.025061233868037908,11.906406750779785,Дээд STR регим
2022-7214-3,7.994939732780283,10,14,32,1,0,0,44,1990_1994,2022,22.474191258493054,1.7555854036122587,0.11666282179887909,0.03935917480109216,12.374046501629255,Дээд STR регим
2022-7270-3,7.786300867668955,14,6,25,1,0,0,44,post1995,2022,66.28115913620178,1.8265954400738822,0.11726807711845721,0.02691546937665308,12.442082078427298,Дээд STR регим
2022-7274-3,7.611947480524178,14,11,26,0,1,0,44,post1995,2022,66.27446860664637,1.8007171885319138,0.09453756609508834,0.024791302614889862,9.915045314787218,Дээд STR регим
2022-7325-2,7.909199003992109,16,10,25,1,0,1,64,post1995,2022,17.88864468864469,1.6546977178108841,0.18246926170138844,0.06127989363576393,20.017725897960894,Доод STR регим
2022-7348-2,8.081951109769912,12,10,32,1,0,1,43,1990_1994,2022,21.56273260538518,1.494026438253195,0.14386884552895887,0.036946781249159684,15.473265024297888,Дээд STR регим
2022-7369-4,8.489017499245051,11,13.5,28,1,1,1,45,1990_1994,2022,19.097177399610953,1.2392535858488927,0.14365974223912292,0.024039663190707054,15.449121709004498,Доод STR регим
2022-7380-4,8.076253088655276,14,11,31,1,1,1,62,1990_1994,2022,22.613297995481652,1.273163358340374,0.13498998534555207,0.05306380179145878,14.452532226831071,Дээд STR регим
2022-7380-3,7.937369880958806,14,11,33,0,1,1,45,1985_1989,2022,21.79364858059656,1.0623909727995553,0.11295877370406542,0.02053480728420094,11.958577562263484,Дээд STR регим
2022-7383-2,8.081951109769912,15,14,29,0,1,1,43,1990_1994,2022,38.51660939289805,1.5758250358264287,0.09472498562966113,0.019256133321537222,9.935647471985721,Дээд STR регим
2022-7416-2,7.611947480524178,10,8,27,1,0,1,41,post1995,2022,22.899363019844948,2.0404973746192026,0.11490079003263637,0.043259553119382656,12.176214206571379,Дээд STR регим
2022-7420-3,8.270409103096233,14,8,26,1,0,1,64,post1995,2022,17.85286364725617,1.6207221305566084,0.1860936662835581,0.03469988535893225,20.45350794181815,Доод STR регим
2022-7434-3,7.580694937020073,15,13,27,1,0,1,81,post1995,2022,16.428311072925617,1.9027011095614204,0.1910883511429683,0.055892428808200265,21.056640228192425,Доод STR регим
2022-7446-3,7.516637300719853,10,9,30,0,0,0,45,1990_1994,2022,18.97585604312185,1.1827474871864456,0.08643814295461526,0.016176589826292095,9.028392388970063,Доод STR регим
2022-7464-2,7.101121856758187,14,10,36,1,1,0,45,1985_1989,2022,23.994292151354614,0.9535779403149253,0.09439231989285175,0.01917501628924432,9.89908173123959,Дээд STR регим
2022-7470-3,7.516637300719853,14,10,31,1,0,0,45,1990_1994,2022,19.0867399170035,1.145461140503846,0.140085926187795,0.020779088512689732,15.0372641746219,Доод STR регим
2022-7471-2,9.126075213153953,10,8,37,0,1,0,45,1985_1989,2022,24.750235106801995,0.9229524052683853,0.09308399609698885,0.014379882594467824,9.755392164203268,Дээд STR регим
2022-7482-3,7.962924403348272,15,14,28,1,0,0,45,1990_1994,2022,19.097177399610953,1.2392535858488927,0.14304235474636498,0.042030291551377524,15.377866863400037,Доод STR регим
2022-7485-3,8.282105142859423,15,9,26,1,0,0,84,post1995,2022,17.966763319088752,1.1605681538099333,0.1294705007110523,0.023931804597174963,13.822553412361472,Доод STR регим
2022-7497-3,8.579910222942654,10,9.5,26,0,0,0,45,post1995,2022,18.1835498073051,1.33516497451351,0.07656593139832701,0.06834464984730217,7.95733657723936,Доод STR регим
2022-7524-3,8.25630449691469,14,12,26,1,0,1,46,post1995,2022,18.827955360298944,1.697007789190271,0.1655905008849577,0.032159118399000576,18.0089757054239,Доод STR регим
2022-7541-3,8.081951109769912,10,10,27,1,0,1,46,post1995,2022,18.789659224441834,1.7030975327800146,0.154339378524708,0.02486093928580958,16.688683591919684,Доод STR регим
2022-7552-3,7.611947480524178,16,11,32,1,0,1,46,1990_1994,2022,23.032125474221175,1.706083996785699,0.11191781439573015,0.034759057675312094,11.84209387670887,Дээд STR регим
2022-7624-3,7.429625923730223,12,10,30,0,0,0,46,1990_1994,2022,20.283045253677912,1.7045200679225514,0.0626698198407858,0.015508674171035536,6.4675246547619025,Дээд STR регим
2022-7697-2,8.122773104290168,10,14,25,0,0,0,46,post1995,2022,18.68253902967842,1.7042699533151802,0.034091605760517785,0.03525466307399723,3.4679384978887784,Доод STR регим
2022-7767-3,7.429625923730223,15,8,27,0,1,1,48,post1995,2022,7.548044159738312,2.028163836574253,0.11338243002360895,0.06214075083249266,12.006019570018434,Доод STR регим
2022-7935-3,8.327567516936181,14,16,27,0,0,1,82,post1995,2022,17.050691755270783,2.184474666884017,0.08808097908412028,0.053213159894907214,9.207655380670342,Доод STR регим
2022-8024-2,8.920280300174356,17,10,30,0,0,1,65,1990_1994,2022,20.50788466683938,1.7081995467002802,0.06279575173409649,0.031194941817339145,6.480933155979018,Дээд STR регим
2022-8031-2,7.189240565981507,10,8,31,0,1,1,61,1990_1994,2022,19.67723692726329,0.7868469713759924,0.07923152521361933,0.04478541322079208,8.245490866459981,Дээд STR регим
2022-8052-3,8.027462924485844,14,11.5,29,0,0,1,61,1990_1994,2022,13.459406642133894,0.8203151183234645,0.09293375345055041,0.02331036099350082,9.738903462307746,Доод STR регим
2022-8066-2,7.804319373171634,10,10,38,1,0,1,61,1980_1984,2022,24.89683344100154,1.032312925170068,0.08073938087236841,0.025406557092104935,8.408832559296787,Дээд STR регим
2022-8112-2,7.611947480524178,14,10,29,1,0,1,62,1990_1994,2022,23.021184542973273,1.2763711348688822,0.1361620610332381,0.04472059045723643,14.586757903208047,Дээд STR регим
2022-8113-3,7.472185538149019,14,9,30,1,0,1,62,1990_1994,2022,22.64614036983738,1.2724293009873493,0.13141526691911518,0.027999938411433944,14.044127052582557,Дээд STR регим
2022-8118-3,8.100794197571393,12,8,30,1,1,1,62,1990_1994,2022,22.64614036983738,1.2724293009873493,0.1403936758647744,0.060320478341900616,15.072672303652922,Дээд STR регим
2022-8128-3,8.042730396616632,14,11,35,1,0,1,62,1985_1989,2022,27.751495961574584,1.3752830541224506,0.09925238297638116,0.03055919635549524,10.434498226359267,Дээд STR регим
2022-8152-2,8.042730396616632,10,8,32,0,0,1,62,1990_1994,2022,24.38067476155451,1.2882758563222214,0.10830035305470023,0.018487421454939753,11.438240328512151,Дээд STR регим
2022-8153-4,8.209784481279797,11,8,26,0,0,1,62,post1995,2022,21.757303688517347,1.2593690370688988,0.12303359070793748,0.02839205942557336,13.092240879380013,Дээд STR регим
2022-8158-4,7.668985114123627,11,8,27,1,1,1,62,post1995,2022,22.341735477328697,1.266945515870625,0.14890290622124247,0.05155131623633574,16.056030055343374,Дээд STR регим
2022-8185-4,7.96416807411353,12,9,28,1,0,1,62,1990_1994,2022,22.641658752769864,1.2798553584782935,0.1379060329346982,0.03308534793977268,14.786768344872513,Дээд STR регим
2022-8233-3,9.3549167855828,16,10,25,1,0,0,62,post1995,2022,21.7248104945242,1.2593120609077246,0.1585199280462595,0.03446694037902393,17.177527518441927,Дээд STR регим
2022-8253-4,8.528238212398334,10,10,25,0,0,0,62,post1995,2022,21.7248104945242,1.2593120609077246,0.11379094703438884,0.028251690848961588,12.051785281721926,Дээд STR регим
2022-8256-3,6.983338821101803,10,8,25,0,0,0,62,post1995,2022,21.7248104945242,1.2593120609077246,0.11379094703438884,0.028251690848961588,12.051785281721926,Дээд STR регим
2022-8383-3,8.702260966377592,14,10,25,0,0,1,63,post1995,2022,16.971503995097464,2.1606420861713485,0.05690653171695828,0.02238826186140255,5.855686427880413,Доод STR регим
2022-8384-4,8.567458925551614,10,9,31,0,0,1,63,1990_1994,2022,19.192137993756607,1.9528477875829504,0.043480803901644396,0.020082275665068823,4.443994494768222,Доод STR регим
2022-8387-4,8.076253088655276,14,17,28,1,0,1,63,1990_1994,2022,17.119660914624944,2.0290446060305576,0.13116335328239703,0.050339328478961685,14.015401400134087,Доод STR регим
2022-8401-3,8.400404840888449,14,14,31,0,0,1,63,1990_1994,2022,19.192137993756607,1.9528477875829504,0.043480803901644396,0.020082275665068823,4.443994494768222,Доод STR регим
2022-8434-4,7.3316455153700195,16,10,26,1,0,1,63,post1995,2022,16.641201935319582,2.1142156443960696,0.19919264899793868,0.047841850265636046,22.041705537705504,Доод STR регим
2022-8592-3,8.209784481279797,16,9,26,1,0,1,64,post1995,2022,17.85286364725617,1.6207221305566084,0.1860936662835581,0.03469988535893225,20.45350794181815,Доод STR регим
2022-8603-6,7.783219201131548,10,9,25,0,0,1,64,post1995,2022,17.88864468864469,1.6546977178108841,0.08829164751019213,0.03689904443361746,9.230664409097189,Доод STR регим
2022-8641-2,8.369633182221694,10,11,38,0,0,1,64,1980_1984,2022,25.569598799060557,1.6096739022697988,0.08183239530988562,0.020516696520862392,8.52738975900078,Дээд STR регим
2022-8647-3,7.819586845302422,12,8,26,0,0,1,64,post1995,2022,17.85286364725617,1.6207221305566084,0.10055268586299486,0.04781330141503332,10.578189924303526,Доод STR регим
2022-8717-3,7.922102408828017,14,9,32,1,0,0,64,1990_1994,2022,24.396746650467417,1.5240735280602395,0.0971308815663607,0.04131257954186816,10.20045962704581,Дээд STR регим
2022-8724-3,8.432928032594008,14,10,28,0,0,0,64,1990_1994,2022,18.755652016639537,1.5780182719423008,0.06588396192011714,0.030409346914035344,6.810276938032445,Доод STR регим
2022-8726-2,7.686055452677899,10,10,36,0,0,0,64,1985_1989,2022,26.855297934148577,1.5401815567481514,0.08344905476584524,0.02963390490114103,8.702983489273386,Дээд STR регим
2022-8757-2,7.516637300719853,4,8,38,0,0,0,64,1980_1984,2022,25.569598799060557,1.6096739022697988,0.07917753530989789,0.02964015356110316,8.23964686058989,Дээд STR регим
2022-8814-2,6.983338821101803,10,10,30,1,0,0,64,1990_1994,2022,20.88054748834685,1.5492596994103947,0.13647717234343537,0.02978672326986923,14.622871176173735,Дээд STR регим
2022-8841-2,7.954892231651008,15,11,25,1,0,1,65,post1995,2022,17.371639926844974,1.7500807400122191,0.16085205454885831,0.0977854316422381,17.451119237124523,Доод STR регим
2022-8887-2,8.097455296305878,10,11,27,0,0,1,65,post1995,2022,18.417767093843562,1.7257175616071245,0.08707929898928474,0.046671334870372214,9.098319015244316,Доод STR регим
2022-8919-2,8.209784481279797,13,8,27,0,0,1,65,post1995,2022,18.417767093843562,1.7257175616071245,0.08707929898928474,0.046671334870372214,9.098319015244316,Доод STR регим
2022-8922-2,8.027462924485844,15,7,25,1,0,1,65,post1995,2022,17.371639926844974,1.7500807400122191,0.16085205454885831,0.0977854316422381,17.451119237124523,Доод STR регим
2022-8923-2,7.779001565187344,15,14,31,1,0,1,65,1990_1994,2022,21.388195372389056,1.7054802444084523,0.11949603446427065,0.0433601327629299,12.692877518202273,Дээд STR регим
2022-8929-3,8.115931572473452,15,9,29,1,0,1,65,1990_1994,2022,19.751492179487045,1.715246341156099,0.12084317580586963,0.04831510766762813,12.844793055286452,Дээд STR регим
2022-8932-3,9.103602357301895,15,9,25,0,0,0,65,post1995,2022,17.371639926844974,1.7500807400122191,0.07747269653389122,0.03506565765695357,8.055272922097023,Доод STR регим
2022-8959-3,8.209784481279797,13,11.5,35,1,0,0,65,1985_1989,2022,26.384803921568626,1.7074401839295457,0.09419493631932499,0.035821464007740854,9.877391598468567,Дээд STR регим
2022-8986-3,7.74227773223265,17,13.5,27,1,0,0,65,post1995,2022,18.417767093843562,1.7257175616071245,0.14399945304966416,0.03445310196741258,15.488347686083536,Доод STR регим
2022-8988-2,8.18731162542774,10,12,34,0,0,0,65,1985_1989,2022,25.50634423444468,1.696732234651773,0.11227521361451318,0.030484223479685525,11.882073297568807,Дээд STR регим
2022-8995-2,8.145245960142226,16,15,30,1,0,0,65,1990_1994,2022,20.50788466683938,1.7081995467002802,0.12287737435214867,0.02857155209040384,13.074575401496059,Дээд STR регим
2022-9014-2,9.290378264445229,14,11,32,1,0,0,65,1990_1994,2022,23.381040929967888,1.7062866341828098,0.10168589557433007,0.046713509897086364,10.703569230093791,Дээд STR регим
2022-9039-3,8.225051953410587,8,6,25,0,0,0,65,post1995,2022,17.371639926844974,1.7500807400122191,0.07747269653389122,0.03506565765695357,8.055272922097023,Доод STR регим
2022-9095-2,8.381634738206458,14,3,37,1,0,1,67,1985_1989,2022,25.473211756109926,1.3383604728808807,0.08701884112062838,0.03346491540794663,9.09172336278421,Дээд STR регим
2022-9098-2,8.392106038073752,14,10,29,0,1,1,67,1990_1994,2022,23.611474289672746,1.261268414785817,0.11318746141351724,0.03341449311686634,11.984184040751543,Дээд STR регим
2022-9099-2,7.7397808520340625,14,10,37,1,0,1,67,1985_1989,2022,25.473211756109926,1.3383604728808807,0.08701884112062838,0.03346491540794663,9.09172336278421,Дээд STR регим
2022-9100-2,6.918800299964232,14,10,28,0,1,1,67,1990_1994,2022,22.95030024405182,1.2723645727834134,0.11042651824196349,0.03202196401947477,11.675428496889428,Дээд STR регим
2022-9151-2,7.394469666745645,14,14,27,1,0,1,67,post1995,2022,22.50261913823421,1.27399991744335,0.14555026853395142,0.02451980616364264,15.667587752141676,Дээд STR регим
2022-9241-2,8.270409103096233,13,12,29,0,0,0,67,1990_1994,2022,23.611474289672746,1.261268414785817,0.11372630865071508,0.03288667056061324,12.044542669511472,Дээд STR регим
2022-9273-3,7.429625923730223,5,6.5,30,1,0,0,67,1990_1994,2022,22.244230425038097,1.2561211249902675,0.17760588013662132,0.019870241420033543,19.435450962663193,Дээд STR регим
2022-9370-2,7.892461063497346,14,4,34,1,0,1,81,1985_1989,2022,22.657861467828866,1.9224582260299612,0.07595310180543276,0.03450525672200243,7.891197394708871,Дээд STR регим
2022-9395-4,8.076253088655276,18,12,25,0,0,1,81,post1995,2022,16.224682065659028,1.9122211930251658,0.06714938368299057,0.025067644192550084,6.945522540285265,Доод STR регим
2022-9395-3,8.432928032594008,16,12,30,0,0,1,81,1990_1994,2022,18.482730502650128,1.8915979675309096,0.060216394511709105,0.030338514879256984,6.206634700924707,Доод STR регим
2022-9414-3,7.954892231651008,15,11,25,1,0,1,81,post1995,2022,16.224682065659028,1.9122211930251658,0.17677206854408672,0.07540844820284638,19.335905805811148,Доод STR регим
2022-9428-3,7.503733895883945,10,8,29,1,0,1,81,1990_1994,2022,17.47543188568052,1.8944596907623652,0.14617394565427833,0.041526391208142936,15.739749480656528,Доод STR регим
2022-9434-3,7.670787980547111,13,8,37,0,0,1,81,1985_1989,2022,23.583011583011583,2.0531012940651494,0.05967175451532243,0.028250635104979358,6.148806069107349,Дээд STR регим
2022-9434-2,7.7397808520340625,0,8,33,0,0,1,81,1985_1989,2022,21.80021353021543,1.9141651622629692,0.06722525089618611,0.04238021661632524,6.9536365068322725,Дээд STR регим
2022-9519-3,8.299396639969485,18,6,26,1,0,0,81,post1995,2022,16.257084139391747,1.8935722624044042,0.24565257154144632,0.09276332179506663,27.84553246110868,Доод STR регим
2022-9521-3,8.57079782681713,12,5.5,25,0,0,0,81,post1995,2022,16.224682065659028,1.9122211930251658,0.0602626661541368,0.024767963803643333,6.211549170048447,Доод STR регим
2022-9524-5,7.7397808520340625,1,2,30,1,0,0,81,1990_1994,2022,18.482730502650128,1.8915979675309096,0.14895342140214068,0.032794278655485565,16.06189279477337,Доод STR регим
2022-9632-3,8.090437723647232,16,8,26,0,0,1,82,post1995,2022,16.87985262115368,2.208672675733575,0.09110554334677966,0.0443967692811432,9.538460971543783,Доод STR регим
2022-9649-2,8.296795858269428,14,10,28,1,0,1,82,1990_1994,2022,17.783798133538447,2.167052275717396,0.12733352187274904,0.03223981398949554,13.579576734872955,Доод STR регим
2022-9653-2,8.076253088655276,14,10,26,0,0,1,82,post1995,2022,16.87985262115368,2.208672675733575,0.09110554334677966,0.0443967692811432,9.538460971543783,Доод STR регим
2022-9690-2,8.432928032594008,16,10,39,1,0,0,82,1980_1984,2022,26.100466839321783,2.204724409448819,0.06781738197633015,0.032102079511736374,7.016985832843847,Дээд STR регим
2022-9694-3,8.400404840888449,10,16,26,0,0,0,82,post1995,2022,16.87985262115368,2.208672675733575,0.09578333461723809,0.07573946639156602,10.05205934451392,Доод STR регим
2022-9711-2,7.934720872787229,14,14,25,1,0,0,82,post1995,2022,16.608578439995778,2.2255495526104516,0.21938181276047847,0.14988906158765228,24.530665990152656,Доод STR регим
2022-9730-2,8.432928032594008,10,4,39,1,0,0,82,1980_1984,2022,26.100466839321783,2.204724409448819,0.06781738197633015,0.032102079511736374,7.016985832843847,Дээд STR регим
2022-9764-3,8.574758228033225,14,6.5,29,1,0,0,82,1990_1994,2022,18.53477167993297,2.1519358159341286,0.10044453507983112,0.029539245489089518,10.566231453133067,Доод STR регим
2022-9838-3,7.542954609037226,15,15,28,0,0,1,83,1990_1994,2022,16.891363669887163,1.7315434082303012,0.08023238968765817,0.030734008826265362,8.35388416719669,Доод STR регим
2022-9839-4,8.228133619947995,13,9,33,0,1,1,83,1985_1989,2022,21.18313880736241,1.7005562547323256,0.08482137888171128,0.029355190394603468,8.852261620544422,Дээд STR регим
2022-9854-3,7.380835759560791,11,9,28,0,1,1,83,1990_1994,2022,16.891363669887163,1.7315434082303012,0.07354458705399863,0.041773115469300265,7.6316525385083045,Доод STR регим
2022-9854-4,7.380835759560791,11,9,25,0,0,1,83,post1995,2022,15.444730303230205,1.7669782027458318,0.07283399823636837,0.03802331107755703,7.55519785692933,Доод STR регим
2022-9861-3,7.178311495449317,15,10,28,0,1,1,83,1990_1994,2022,16.891363669887163,1.7315434082303012,0.07354458705399863,0.041773115469300265,7.6316525385083045,Доод STR регим
2022-9868-3,7.786300867668955,12,8.5,27,0,1,1,83,post1995,2022,16.288445749652645,1.731268820895838,0.08002240288374002,0.030790194111349384,8.331133670103984,Доод STR регим
2022-9871-3,6.918800299964232,12,8,25,0,0,1,83,post1995,2022,15.444730303230205,1.7669782027458318,0.07283399823636837,0.03802331107755703,7.55519785692933,Доод STR регим
2022-9887-3,7.835091031838387,14,9,26,0,1,1,83,post1995,2022,15.751992955135336,1.7438300545976837,0.08303916057521664,0.022006335867613764,8.658435898360217,Доод STR регим
2022-9892-3,8.641566897705337,11,7.5,28,0,1,1,83,1990_1994,2022,16.891363669887163,1.7315434082303012,0.07354458705399863,0.041773115469300265,7.6316525385083045,Доод STR регим
2022-9908-2,9.054812193132463,6,4,35,0,1,1,83,1985_1989,2022,22.95048389574479,1.704061101366828,0.08365598922777173,0.026708852296478618,8.725480210264692,Дээд STR регим
2022-9910-3,7.611947480524178,11,8,26,0,1,1,83,post1995,2022,15.751992955135336,1.7438300545976837,0.08303916057521664,0.022006335867613764,8.658435898360217,Доод STR регим
2022-9917-3,7.819735643755193,11,10.5,34,0,1,1,83,1985_1989,2022,21.68544732104054,1.6907061884609607,0.09773992634736622,0.021955973009134776,10.267597084629854,Дээд STR регим
2022-9917-5,8.567458925551614,14,10.5,28,0,0,1,83,1990_1994,2022,16.891363669887163,1.7315434082303012,0.08023238968765817,0.030734008826265362,8.35388416719669,Доод STR регим
2022-9922-3,8.25630449691469,14,12,36,0,1,1,83,1985_1989,2022,23.886576365400924,1.739781018058746,0.08125058224607377,0.026457107037139604,8.464265470905996,Дээд STR регим
2022-9933-4,7.111172192611688,15,11,30,0,1,0,83,1990_1994,2022,18.277485226637772,1.7106890804719728,0.06179738562393183,0.016493275460476495,6.374679249912418,Доод STR регим
2022-9942-3,6.831788922974603,12,10,26,0,1,0,83,post1995,2022,15.751992955135336,1.7438300545976837,0.07578947261759265,0.03031497388398483,7.873544689992351,Доод STR регим
2022-9959-5,7.888579716789374,14,9.5,36,0,1,0,83,1985_1989,2022,23.886576365400924,1.739781018058746,0.07576887638108444,0.0239843840862117,7.871322923833013,Дээд STR регим
2022-9995-3,8.209784481279797,15,10,26,0,0,0,83,post1995,2022,15.751992955135336,1.7438300545976837,0.08166585085935991,0.03729673958562872,8.509316629537867,Доод STR регим
2022-10046-2,7.4577968006969195,15,3,26,1,0,0,83,post1995,2022,15.751992955135336,1.7438300545976837,0.20100059587110564,0.07140822365234159,22.26255003503188,Доод STR регим
2022-10063-4,7.611947480524178,9,8,30,0,0,1,84,1990_1994,2022,21.285611251352325,1.133590620039943,0.09681092297492798,0.017250434808517075,10.165205683410129,Дээд STR регим
2022-10080-3,8.336016571422709,18,10,31,1,0,1,84,1990_1994,2022,22.50946139290165,1.1348838867652484,0.12188305768061353,0.03269670495081532,12.962199343999847,Дээд STR регим
2022-10084-2,8.808751795371501,16,13,26,0,0,1,84,post1995,2022,17.966763319088752,1.1605681538099333,0.0995331778270137,0.030820811568782646,10.465512018846246,Доод STR регим
2022-10098-2,8.209784481279797,15,14,28,1,0,1,84,1990_1994,2022,19.019150876481913,1.1477111235742812,0.14286608054872435,0.02292349367938234,15.357530514932627,Доод STR регим
2022-10121-3,8.122773104290168,15,10,27,0,0,1,84,post1995,2022,18.259557344064383,1.156224626385717,0.10181464454951411,0.024344487597586974,10.71782311874847,Доод STR регим
2022-10128-3,7.557459295240108,10,7,32,1,0,1,84,1990_1994,2022,24.03426396251548,1.142398578218381,0.1118553244983215,0.0257056299538612,11.835105094102971,Дээд STR регим
2022-10146-3,7.516637300719853,11,8,29,1,0,0,84,1990_1994,2022,20.14497360949013,1.1372159625595029,0.13907174647450837,0.02050366763632551,14.920654856421445,Дээд STR регим
2022-10241-5,6.6956567486500225,8,4,27,1,0,0,84,post1995,2022,18.259557344064383,1.156224626385717,0.14193478024679226,0.03234752975688442,15.250148022369036,Доод STR регим
2022-10241-4,7.531904772850641,10,4,29,1,0,0,84,1990_1994,2022,20.14497360949013,1.1372159625595029,0.13907174647450837,0.02050366763632551,14.920654856421445,Дээд STR регим
2022-10302-2,7.565427464889285,15,4,30,0,0,1,85,1990_1994,2022,20.143652473927702,1.4219324561022253,0.07870609469735493,0.03270025731835817,8.188630321751567,Дээд STR регим
2022-10304-3,7.922102408828017,15,9,28,0,0,1,85,1990_1994,2022,18.567897570261806,1.4376811720383327,0.0847822805887897,0.025023235967772277,8.848005766133271,Доод STR регим
2022-10311-3,8.327567516936181,15,10,34,0,0,1,85,1985_1989,2022,25.205639493141994,1.486168115302092,0.11071345327589607,0.038224560214965515,11.707476687409057,Дээд STR регим
2022-10321-2,7.7397808520340625,15,10,28,1,0,1,85,1990_1994,2022,18.567897570261806,1.4376811720383327,0.13712724006543553,0.023947014272328822,14.69740802930466,Доод STR регим
2022-10344-3,8.209784481279797,16,10,27,1,0,1,85,post1995,2022,17.76202100276734,1.4559588427726506,0.16733431256044085,0.059260047277236466,18.214940664928502,Доод STR регим
2022-10354-3,8.528238212398334,18,11,33,1,0,1,85,1985_1989,2022,23.75667108539254,1.4592979449842107,0.0844426390177358,0.017723935196962748,8.811042735894947,Дээд STR регим
2022-10400-2,7.634420336376237,11,4,32,0,0,0,85,1990_1994,2022,22.202228055814302,1.441519848202648,0.07445455560086724,0.03184721621843983,7.72963853229065,Дээд STR регим
2022-10498-3,7.936491146280117,10,10,26,1,1,1,11,post1995,2022,19.814154327883934,1.0522298977933353,0.1544008285512549,0.041529240895499656,16.69585433494305,Дээд STR регим
2022-10556-2,8.161993817443449,10,10,29,1,0,1,11,1990_1994,2022,19.955776075935713,1.0130020360098193,0.14246845957200804,0.047608123255893295,15.311671058922748,Дээд STR регим
2022-10585-2,7.796476195710608,16,10,27,1,1,1,41,post1995,2022,22.899363019844948,2.0404973746192026,0.1168704462963542,0.04736876311954917,12.39738052883743,Дээд STR регим
2022-10593-2,8.209784481279797,15,10,34,1,0,1,64,1985_1989,2022,25.684682760094,1.5238181228837382,0.09204137614079143,0.01667794338210113,9.641018636454724,Дээд STR регим
2022-10608-3,8.002145116501554,14,5.5,29,1,0,1,11,1990_1994,2022,19.955776075935713,1.0130020360098193,0.14246845957200804,0.047608123255893295,15.311671058922748,Дээд STR регим
2022-10627-4,8.032450465996883,15,9.5,27,1,0,1,11,post1995,2022,19.576272791230142,1.0380060250036154,0.16350262952209216,0.045101717555320095,17.762845178338125,Дээд STR регим
2022-10633-3,8.432928032594008,15,11,29,0,0,1,41,1990_1994,2022,26.439452439452438,2.008083335537286,0.06756353150533477,0.03426919766705799,6.989822968384507,Дээд STR регим
2022-10679-3,8.076253088655276,18,14,28,1,0,1,11,1990_1994,2022,19.809893918706017,1.020533066128087,0.1471167626382539,0.04875353101795042,15.848922339113525,Дээд STR регим
2022-10682-3,8.145245960142226,16,13.5,26,1,0,1,11,post1995,2022,19.814154327883934,1.0522298977933353,0.14879541329539092,0.04280386485765999,16.043555523583986,Дээд STR регим
2022-10686-3,8.327567516936181,10,12,32,0,0,1,11,1990_1994,2022,21.68181991784634,0.9717695664298076,0.09676613027746829,0.0397786394792121,10.160271197196668,Дээд STR регим
2022-10707-3,8.432928032594008,16,15,37,0,1,1,11,1985_1989,2022,26.638652277373453,0.8899269756791881,0.10593942125448381,0.02702160866949755,11.17545257720467,Дээд STR регим
2022-10717-4,8.361184127735166,14,13,30,0,0,1,11,1990_1994,2022,20.053299634997735,1.002709606891408,0.09705831076118904,0.028910134064013604,10.192462581139928,Дээд STR регим
2022-10717-3,8.076253088655276,14,13,29,1,0,1,11,1990_1994,2022,19.955776075935713,1.0130020360098193,0.14246845957200804,0.047608123255893295,15.311671058922748,Дээд STR регим
2022-10740-2,8.592776733535905,16,14,29,0,0,1,11,1990_1994,2022,19.955776075935713,1.0130020360098193,0.09046120436608783,0.03490336151928651,9.467903805062306,Дээд STR регим
2022-10778-2,9.06723471313102,10,10,37,0,0,1,11,1985_1989,2022,26.638652277373453,0.8899269756791881,0.11007872602843163,0.025530874536473826,11.636595405730187,Дээд STR регим
2022-10780-3,8.076253088655276,16,12,27,1,0,1,11,post1995,2022,19.576272791230142,1.0380060250036154,0.16350262952209216,0.045101717555320095,17.762845178338125,Дээд STR регим
2022-10782-3,8.042730396616632,12,10,29,1,1,1,11,1990_1994,2022,19.955776075935713,1.0130020360098193,0.14350596427458287,0.04714608744293137,15.431369543041097,Дээд STR регим
2022-10796-2,8.145245960142226,14,11,33,1,0,1,84,1985_1989,2022,25.090253668364177,1.149042602112592,0.09008054300843969,0.017099815730046087,9.426241534292323,Дээд STR регим
2022-10818-3,8.733032625044347,14,14,31,1,0,1,84,1990_1994,2022,22.50946139290165,1.1348838867652484,0.12188305768061353,0.03269670495081532,12.962199343999847,Дээд STR регим
2022-10843-3,8.265873947930842,14,14,26,1,0,1,11,post1995,2022,19.814154327883934,1.0522298977933353,0.14879541329539092,0.04280386485765999,16.043555523583986,Дээд STR регим
2022-10870-3,7.7397808520340625,18,15.5,34,1,0,1,11,1985_1989,2022,24.05297052132284,0.9257993949993928,0.11070393872683687,0.017557758994225986,11.70641384619806,Дээд STR регим
2022-10875-2,8.209784481279797,16,13,27,0,1,1,81,post1995,2022,16.428311072925617,1.9027011095614204,0.0907109022005962,0.03640173803628094,9.495241116482301,Доод STR регим
2022-10879-2,8.076253088655276,13,12,26,0,0,1,11,post1995,2022,19.814154327883934,1.0522298977933353,0.08766839309668809,0.02844124239367146,9.162607126118294,Дээд STR регим
2022-10882-3,8.042730396616632,14,17,29,0,0,1,11,1990_1994,2022,19.955776075935713,1.0130020360098193,0.09046120436608783,0.03490336151928651,9.467903805062306,Дээд STR регим
2022-10893-2,8.122773104290168,11,8,25,0,0,1,11,post1995,2022,20.59674255558934,1.0650428339903726,0.08793809683018984,0.030005952264323624,9.19205265942562,Дээд STR регим
2022-10894-3,8.327567516936181,14,10,33,1,0,1,85,1985_1989,2022,23.75667108539254,1.4592979449842107,0.0844426390177358,0.017723935196962748,8.811042735894947,Дээд STR регим
2022-10894-2,8.615249589387963,14,10,28,1,0,1,85,1990_1994,2022,18.567897570261806,1.4376811720383327,0.13712724006543553,0.023947014272328822,14.69740802930466,Доод STR регим
2022-10895-3,7.922102408828017,14,12,27,0,1,1,63,post1995,2022,16.416426710544357,2.0695101745503472,0.09040457523574202,0.04858521486455064,9.461704908389756,Доод STR регим
2022-10897-3,7.7454788731487,11,8,27,0,0,1,11,post1995,2022,19.576272791230142,1.0380060250036154,0.08935945826269712,0.02912048430564819,9.347364382711177,Дээд STR регим
2022-10897-4,7.863261908805084,9,8,25,0,0,1,11,post1995,2022,20.59674255558934,1.0650428339903726,0.08793809683018984,0.030005952264323624,9.19205265942562,Дээд STR регим
2022-10908-2,8.240556139946552,14,8,26,1,1,1,11,post1995,2022,19.814154327883934,1.0522298977933353,0.1544008285512549,0.041529240895499656,16.69585433494305,Дээд STR регим
2022-10914-2,9.239403898460957,14,16,30,1,0,1,62,1990_1994,2022,22.64614036983738,1.2724293009873493,0.13141526691911518,0.027999938411433944,14.044127052582557,Дээд STR регим
2022-10924-2,8.615249589387963,14,16,26,1,0,1,85,post1995,2022,17.31213451181112,1.480116883457649,0.15597268558193303,0.057450339887904996,16.87942777183238,Доод STR регим
2022-10927-5,8.027462924485844,14,12,30,0,0,1,11,1990_1994,2022,20.053299634997735,1.002709606891408,0.09705831076118904,0.028910134064013604,10.192462581139928,Дээд STR регим
2022-10947-3,7.791415968335726,10,10,38,0,0,1,43,1980_1984,2022,25.16139184278768,1.4718614718614718,0.09423891803393171,0.013687304431057699,9.882224300822063,Дээд STR регим
2022-10965-2,7.978191875479061,14,8,29,1,0,1,43,1990_1994,2022,38.51660939289805,1.5758250358264287,0.1301161579869265,0.026407099181934717,13.896067502030341,Дээд STR регим
2022-10966-2,8.184466673295509,13,10,28,0,0,1,11,1990_1994,2022,19.809893918706017,1.020533066128087,0.09230696525260691,0.029228317013218992,9.670141964461143,Дээд STR регим
2022-10980-2,8.209784481279797,14,10,37,0,0,1,48,1985_1989,2022,25.986036966585534,2.0620017766556797,0.08779515699851792,0.02529361742889376,9.17644588124027,Дээд STR регим
2022-10998-3,7.870809114440466,18,13,26,1,0,1,11,post1995,2022,19.814154327883934,1.0522298977933353,0.14879541329539092,0.04280386485765999,16.043555523583986,Дээд STR регим
2022-11006-3,8.305094661084123,16,11,26,0,0,1,11,post1995,2022,19.814154327883934,1.0522298977933353,0.08766839309668809,0.02844124239367146,9.162607126118294,Дээд STR регим
2022-11044-2,9.349218764468162,18,14,30,1,0,1,11,1990_1994,2022,20.053299634997735,1.002709606891408,0.13676963237718823,0.04573329065371682,14.656398687436333,Дээд STR регим
2022-11045-3,8.209784481279797,14,9,34,1,0,1,11,1985_1989,2022,24.05297052132284,0.9257993949993928,0.11070393872683687,0.017557758994225986,11.70641384619806,Дээд STR регим
2022-11050-4,8.797571146181918,11,10,26,0,0,1,11,post1995,2022,19.814154327883934,1.0522298977933353,0.08766839309668809,0.02844124239367146,9.162607126118294,Дээд STR регим
2022-11052-3,7.989241711665646,10,8,32,0,0,1,11,1990_1994,2022,21.68181991784634,0.9717695664298076,0.09676613027746829,0.0397786394792121,10.160271197196668,Дээд STR регим
2022-11074-3,8.884913156337065,15,15,28,0,0,1,11,1990_1994,2022,19.809893918706017,1.020533066128087,0.09230696525260691,0.029228317013218992,9.670141964461143,Дээд STR регим
2022-11088-2,8.432928032594008,11,10,25,1,0,1,11,post1995,2022,20.59674255558934,1.0650428339903726,0.15587902761300468,0.04434192415971046,16.868481594624107,Дээд STR регим
2022-11089-3,7.926416940753528,13,13,32,0,0,1,11,1990_1994,2022,21.68181991784634,0.9717695664298076,0.09676613027746829,0.0397786394792121,10.160271197196668,Дээд STR регим
2022-11101-2,8.209784481279797,12,10,27,1,0,1,11,post1995,2022,19.576272791230142,1.0380060250036154,0.16350262952209216,0.045101717555320095,17.762845178338125,Дээд STR регим
2022-11125-3,8.769400269215222,15,13,27,1,0,1,84,post1995,2022,18.259557344064383,1.156224626385717,0.15284268321008773,0.027473111432453255,16.51416681771547,Доод STR регим
2022-11154-3,8.209784481279797,15,10,25,0,0,1,11,post1995,2022,20.59674255558934,1.0650428339903726,0.08793809683018984,0.030005952264323624,9.19205265942562,Дээд STR регим
2022-11155-4,8.538288548251835,15,10,28,1,0,1,62,1990_1994,2022,22.641658752769864,1.2798553584782935,0.1379060329346982,0.03308534793977268,14.786768344872513,Дээд STR регим
2022-11155-3,8.615249589387963,11,10,25,0,0,1,62,post1995,2022,21.7248104945242,1.2593120609077246,0.11755413202703136,0.02459687720752954,12.474251288797046,Дээд STR регим
2022-11161-4,7.349583216056686,12,9.5,25,1,0,1,11,post1995,2022,20.59674255558934,1.0650428339903726,0.15587902761300468,0.04434192415971046,16.868481594624107,Дээд STR регим
2022-11176-3,7.38310590809533,8,9,27,0,0,1,45,post1995,2022,18.52287788355755,1.2812198524549712,0.09513546160284628,0.027664390926092755,9.980782676694332,Доод STR регим
2022-11178-3,8.710559769192287,9,8,25,0,0,1,65,post1995,2022,17.371639926844974,1.7500807400122191,0.08484293084132685,0.03427886730460694,8.854607625371337,Доод STR регим
2022-11226-3,8.246598454402514,14,14,33,1,0,1,11,1985_1989,2022,23.103916714538485,0.9478157109868292,0.10681531161966154,0.020674498632018052,11.272872743425545,Дээд STR регим
2022-11232-3,8.949451677474636,10,7,39,0,1,1,11,1980_1984,2022,27.055429275776966,0.8984615384615384,0.09986893974886671,0.024021733851887935,10.502608358880883,Дээд STR регим
2022-11234-3,7.853109537341066,15,8,26,1,1,1,84,post1995,2022,17.966763319088752,1.1605681538099333,0.14341409779675027,0.031360006321956416,15.4207657567635,Доод STR регим
2022-11245-2,8.710559769192287,10,12,37,0,0,1,85,1985_1989,2022,25.65013142938335,1.5096648049947532,0.0799081553552889,0.02905122799569151,8.318757812796873,Дээд STR регим
2022-11245-3,8.448195504724797,17,12,25,0,0,1,85,post1995,2022,16.894594370365798,1.4993097457877662,0.07702756665288217,0.04824090157053383,8.007184994799509,Доод STR регим
2022-11250-2,8.381634738206458,15,10,29,0,0,1,67,1990_1994,2022,23.611474289672746,1.261268414785817,0.11141812850905555,0.029981088066295316,11.786221921238882,Дээд STR регим
2022-11252-4,8.209784481279797,10,10,35,1,0,1,11,1985_1989,2022,25.242628873315546,0.9068776413462102,0.10779940358309385,0.033191975334739145,11.38242938130225,Дээд STR регим
2022-11254-2,7.922102408828017,16,15,29,1,1,1,11,1990_1994,2022,19.955776075935713,1.0130020360098193,0.14350596427458287,0.04714608744293137,15.431369543041097,Дээд STR регим
2022-11260-3,7.637265288508468,12,11,30,1,1,1,23,1990_1994,2022,19.681092974654995,1.8078354773212093,0.1291514514580921,0.03708561527414093,13.7862442042461,Дээд STR регим
2022-11275-2,8.528238212398334,14,16,30,1,0,1,11,1990_1994,2022,20.053299634997735,1.002709606891408,0.13676963237718823,0.04573329065371682,14.656398687436333,Дээд STR регим
2022-11281-2,8.374087532571075,16,10,26,0,0,1,11,post1995,2022,19.814154327883934,1.0522298977933353,0.08766839309668809,0.02844124239367146,9.162607126118294,Дээд STR регим
2022-11307-4,7.922102408828017,14,9,36,1,1,1,11,1985_1989,2022,26.356786375059315,0.8938341206482799,0.10986500084162686,0.035443939500229976,11.612738403034829,Дээд STR регим
2022-11323-4,8.432928032594008,14,12,28,1,0,1,23,1990_1994,2022,18.127322122715462,1.8161165549766287,0.11684826818561798,0.020675566932342026,12.394887794927767,Доод STR регим
2022-11329-2,8.209784481279797,10,14,32,0,1,1,11,1990_1994,2022,21.68181991784634,0.9717695664298076,0.09498775854636538,0.043362861401028886,9.964539378560744,Дээд STR регим
2022-11334-2,8.209784481279797,10,10,33,0,0,1,11,1985_1989,2022,23.103916714538485,0.9478157109868292,0.11735271616341492,0.04233048386496628,12.451599471633322,Дээд STR регим
2022-11360-3,8.076253088655276,16,10.5,36,1,0,1,11,1985_1989,2022,26.356786375059315,0.8938341206482799,0.1158147413654859,0.04714581220904984,12.27878467212653,Дээд STR регим
2022-11363-4,8.209784481279797,14,8,29,1,0,1,23,1990_1994,2022,18.767149133446537,1.80994006260955,0.10101896260148824,0.033819079965621904,10.629761984541597,Доод STR регим
2022-11384-3,8.412725325276488,15,13,26,1,0,1,11,post1995,2022,19.814154327883934,1.0522298977933353,0.14879541329539092,0.04280386485765999,16.043555523583986,Дээд STR регим
2022-11384-2,8.042730396616632,15,13,30,0,0,1,11,1990_1994,2022,20.053299634997735,1.002709606891408,0.09705831076118904,0.028910134064013604,10.192462581139928,Дээд STR регим
2022-11406-3,8.199734145426296,5,10,39,0,0,1,11,1980_1984,2022,27.055429275776966,0.8984615384615384,0.10321045678530082,0.022987107082645262,10.872472316490022,Дээд STR регим
2022-11408-2,8.41045517674195,16,10,29,1,0,1,81,1990_1994,2022,17.47543188568052,1.8944596907623652,0.14617394565427833,0.041526391208142936,15.739749480656528,Доод STR регим
2022-11409-3,8.081951109769912,11,14,30,0,0,1,11,1990_1994,2022,20.053299634997735,1.002709606891408,0.09705831076118904,0.028910134064013604,10.192462581139928,Дээд STR регим
2022-11416-2,8.042730396616632,14,16,37,0,0,1,11,1985_1989,2022,26.638652277373453,0.8899269756791881,0.11007872602843163,0.025530874536473826,11.636595405730187,Дээд STR регим
2022-11430-3,8.400404840888449,15,8,30,1,0,1,81,1990_1994,2022,18.482730502650128,1.8915979675309096,0.14903837239884135,0.05446925712409519,16.0717527870474,Доод STR регим
2022-11432-3,8.264272666563867,12,8,27,0,0,1,67,post1995,2022,22.50261913823421,1.27399991744335,0.11286700482911388,0.03436300624435235,11.94830372097606,Дээд STR регим
2022-11433-5,8.6952922970615,15,10,25,1,0,1,84,post1995,2022,17.81186876802998,1.173425216809542,0.14368144846170705,0.03578014234070142,15.451627700535164,Доод STR регим
2022-11434-5,8.432928032594008,11,9.5,25,1,0,1,11,post1995,2022,20.59674255558934,1.0650428339903726,0.15587902761300468,0.04434192415971046,16.868481594624107,Дээд STR регим
2022-11444-2,8.218083284094494,15,10,33,0,1,1,11,1985_1989,2022,23.103916714538485,0.9478157109868292,0.1103948191333909,0.03726131279504492,11.671888541463638,Дээд STR регим
2022-11477-2,8.615249589387963,15,12,25,1,0,1,11,post1995,2022,20.59674255558934,1.0650428339903726,0.15587902761300468,0.04434192415971046,16.868481594624107,Дээд STR регим
2022-11497-3,8.485678597979536,14,9,35,1,1,1,11,1985_1989,2022,25.242628873315546,0.9068776413462102,0.10128466944054072,0.04135099864630274,10.659160974487003,Дээд STR регим
2022-11528-2,8.270409103096233,10,14,35,0,0,1,11,1985_1989,2022,25.242628873315546,0.9068776413462102,0.1084980705272849,0.03992845858453697,11.460275794065677,Дээд STR регим
2022-11536-2,8.209784481279797,10,10,32,0,1,1,11,1990_1994,2022,21.68181991784634,0.9717695664298076,0.09498775854636538,0.043362861401028886,9.964539378560744,Дээд STR регим
2022-11546-3,7.922102408828017,10,6.5,35,1,0,1,11,1985_1989,2022,25.242628873315546,0.9068776413462102,0.10779940358309385,0.033191975334739145,11.38242938130225,Дээд STR регим
2022-11550-5,8.327567516936181,14,9.5,30,1,1,1,82,1990_1994,2022,19.01048951048951,2.1394871211047777,0.12542110340368703,0.03603580063464711,13.36257262209175,Доод STR регим
2022-11551-3,7.755048324164851,14,10,33,1,0,1,11,1985_1989,2022,23.103916714538485,0.9478157109868292,0.10681531161966154,0.020674498632018052,11.272872743425545,Дээд STR регим
2022-11554-3,8.476944918010782,14,10,30,0,0,1,11,1990_1994,2022,20.053299634997735,1.002709606891408,0.09705831076118904,0.028910134064013604,10.192462581139928,Дээд STR регим
2022-11559-2,8.225051953410587,10,10,37,0,0,1,81,1985_1989,2022,23.583011583011583,2.0531012940651494,0.05967175451532243,0.028250635104979358,6.148806069107349,Дээд STR регим
2022-11564-2,8.615249589387963,16,13,28,1,0,1,48,1990_1994,2022,7.789204812798279,2.0069697528801695,0.1383009662766093,0.034038732683136404,14.832110419861388,Доод STR регим
2022-11565-2,8.432928032594008,16,10,27,1,0,1,11,post1995,2022,19.576272791230142,1.0380060250036154,0.16350262952209216,0.045101717555320095,17.762845178338125,Дээд STR регим
2022-11570-2,8.671339056039006,14,14,32,0,0,1,11,1990_1994,2022,21.68181991784634,0.9717695664298076,0.09676613027746829,0.0397786394792121,10.160271197196668,Дээд STR регим
2022-11570-3,9.182164679804997,15,14,34,1,0,1,11,1985_1989,2022,24.05297052132284,0.9257993949993928,0.11070393872683687,0.017557758994225986,11.70641384619806,Дээд STR регим
2022-11574-2,8.884913156337065,12,11,29,0,0,1,11,1990_1994,2022,19.955776075935713,1.0130020360098193,0.09046120436608783,0.03490336151928651,9.467903805062306,Дээд STR регим
2022-11580-4,8.209784481279797,18,11.5,28,1,1,1,11,1990_1994,2022,19.809893918706017,1.020533066128087,0.146661335606752,0.04715765499038525,15.796173620817754,Дээд STR регим
2022-11601-8,7.937369880958806,11,12,28,0,0,1,11,1990_1994,2022,19.809893918706017,1.020533066128087,0.09230696525260691,0.029228317013218992,9.670141964461143,Дээд STR регим
2022-11613-3,7.755048324164851,16,12,25,0,0,1,11,post1995,2022,20.59674255558934,1.0650428339903726,0.08793809683018984,0.030005952264323624,9.19205265942562,Дээд STR регим
2022-11616-3,8.265873947930842,15,11,32,0,0,1,11,1990_1994,2022,21.68181991784634,0.9717695664298076,0.09676613027746829,0.0397786394792121,10.160271197196668,Дээд STR регим
2022-11627-2,8.201335426793271,10,13,35,0,0,1,64,1985_1989,2022,26.31736855585233,1.5280636127454599,0.0846808142575248,0.01920710588677961,8.836961918621512,Дээд STR регим
2022-11639-2,7.922102408828017,10,14,25,1,0,1,11,post1995,2022,20.59674255558934,1.0650428339903726,0.15587902761300468,0.04434192415971046,16.868481594624107,Дээд STR регим
2022-11641-2,7.678087283028723,14,14,26,0,0,1,11,post1995,2022,19.814154327883934,1.0522298977933353,0.08766839309668809,0.02844124239367146,9.162607126118294,Дээд STR регим
2022-11669-2,7.429625923730223,14,11,33,1,1,1,21,1985_1989,2022,21.30328588937931,1.5113522166620617,0.09349205635301008,0.036740886773506766,9.800188116731846,Дээд STR регим
2022-11677-3,7.652769475044432,9,8,29,1,0,1,21,1990_1994,2022,17.316872272435916,1.598225473926412,0.13793780072438,0.03572022905294348,14.790414924709117,Доод STR регим
2022-11683-3,7.380835759560791,11,8,26,0,0,1,21,post1995,2022,17.67859368046284,1.6851248053982848,0.10864251090470096,0.03602763826348295,11.476376321123393,Доод STR регим
2022-11683-2,7.652438841878914,11,8,27,0,0,1,21,post1995,2022,17.483333333333334,1.649365888253578,0.11761190884468933,0.04514289879100642,12.480749880837138,Доод STR регим
2022-11710-2,7.429625923730223,10,10,29,1,0,1,22,1990_1994,2022,19.904104674943326,1.325160462043126,0.15024995814588324,0.019350287419454763,16.212468895960775,Дээд STR регим
2022-11757-2,8.076253088655276,14,14,25,1,0,0,21,post1995,2022,17.78749953288014,1.7097834887258332,0.139967236608059,0.06895468420494988,15.023611260328407,Доод STR регим
2022-11775-2,7.206482372416013,10,14,26,0,1,0,21,post1995,2022,17.67859368046284,1.6851248053982848,0.10350268392037262,0.04072135784387454,10.904876995966116,Доод STR регим
2022-11845-3,7.940451547496214,10,8,37,0,0,0,21,1985_1989,2022,24.625141288888333,1.5183604930248034,0.08561545158314308,0.023107533656260157,8.93873255754798,Дээд STR регим
2022-11872-3,8.305094661084123,11,4,29,0,0,0,21,1990_1994,2022,17.316872272435916,1.598225473926412,0.08072163056172815,0.048744910939101854,8.406908285920988,Доод STR регим
2022-11884-3,8.902931661839743,12,11,29,0,0,0,21,1990_1994,2022,17.316872272435916,1.598225473926412,0.08072163056172815,0.048744910939101854,8.406908285920988,Доод STR регим
2022-11899-3,7.7397808520340625,17,16,25,0,1,1,22,post1995,2022,19.082633053221286,1.3964604173044413,0.10132043667900788,0.03059479775357534,10.663119017869871,Доод STR регим
2022-11943-3,7.652769475044432,12,11,29,0,0,1,65,1990_1994,2022,19.751492179487045,1.715246341156099,0.06572132473397853,0.022973623114436785,6.792907027675521,Дээд STR регим
2022-11979-3,8.345916655604379,16,10,25,0,0,1,22,post1995,2022,19.082633053221286,1.3964604173044413,0.10474720400379009,0.07181609043965365,11.042986264790278,Доод STR регим
2022-11986-2,8.528238212398334,14,13,29,1,0,0,22,1990_1994,2022,19.904104674943326,1.325160462043126,0.1416284079322275,0.016301347431633507,15.21484397613284,Дээд STR регим
2022-12040-3,7.797350703855541,12,10,28,0,0,0,22,1990_1994,2022,19.688758420834745,1.336089646840503,0.0765958592994883,0.041321066925480834,7.9605675620861405,Дээд STR регим
2022-12047-3,8.081951109769912,9,10,27,0,0,0,22,post1995,2022,19.300045599635204,1.3398775256283817,0.09753150655561643,0.04099066036743148,10.244617529788913,Доод STR регим
2022-12129-3,7.922102408828017,10,6,26,1,0,1,23,post1995,2022,17.81183800623053,1.8016932241399584,0.21011773254612096,0.07296916671872904,23.38233125661475,Доод STR регим
2022-12168-2,8.122773104290168,15,12,25,0,0,1,23,post1995,2022,17.69292412617221,1.8113577394014886,0.0717196099504721,0.02495477955986462,7.43540636386566,Доод STR регим
2022-12241-2,8.528238212398334,8,11,25,0,0,0,23,post1995,2022,17.69292412617221,1.8113577394014886,0.06292846726926625,0.023665039325655408,6.495065767796038,Доод STR регим
2022-12245-3,8.479448048228901,14,12,33,1,0,0,21,1985_1989,2022,21.30328588937931,1.5113522166620617,0.09160816142330158,0.029059671800961,9.5935308204939,Дээд STR регим
2022-12279-2,7.989241711665646,8,10,32,0,0,0,23,1990_1994,2022,21.18094661418912,1.8151997520569172,0.06140096955186128,0.03011015350920167,6.3325189744539045,Дээд STR регим
2022-12344-4,8.838393140702172,16,17,26,1,0,1,41,post1995,2022,22.54399195575666,2.0520235161763036,0.11556505576507241,0.05531848029833982,12.250753775963164,Дээд STR регим
2022-12371-2,7.899629552975958,14,10,36,0,0,1,41,1985_1989,2022,25.061267684081542,1.9313481439033608,0.07043381114986999,0.03527075227281647,7.297354819495694,Дээд STR регим
2022-12400-3,7.888200857152336,14,7,28,1,0,1,41,1990_1994,2022,24.16820528868722,2.0265943765206895,0.10203212140360947,0.030680505740693576,10.741904301067585,Дээд STR регим
2022-12466-4,8.118217287754307,14,10,28,1,0,0,41,1990_1994,2022,24.16820528868722,2.0265943765206895,0.0967503776036668,0.024961274885518317,10.158535892046515,Дээд STR регим
2022-12482-3,8.076253088655276,17,13,25,0,1,0,41,post1995,2022,22.92143703118831,2.091619929891003,0.06827017193895624,0.04409197529221434,7.065453021759738,Дээд STR регим
2022-12574-2,8.41045517674195,13,4,28,0,1,1,42,1990_1994,2022,3.785821276315573,1.4578544061302683,0.08050268093157249,0.021539443152686247,8.383175231711991,Доод STR регим
2022-12642-4,8.374087532571075,14,8,25,1,0,0,48,post1995,2022,7.619990079988552,2.081011345626708,0.1876296991658812,0.15004603967035376,20.638670662415628,Доод STR регим
2022-12660-3,7.66073764469361,14,9.5,27,1,0,0,11,post1995,2022,19.576272791230142,1.0380060250036154,0.16234004751668318,0.04565506488412289,17.626015766745407,Дээд STR регим
2022-12677-2,7.611947480524178,10,12,38,0,0,1,43,1980_1984,2022,25.16139184278768,1.4718614718614718,0.09423891803393171,0.013687304431057699,9.882224300822063,Дээд STR регим
2022-12681-4,8.374087532571075,10,4,29,1,0,1,85,1990_1994,2022,19.53062264661216,1.422535999053971,0.140808508426187,0.027755672264089027,15.120418097623546,Доод STR регим
2022-12716-3,8.081951109769912,14,11,29,0,1,0,41,1990_1994,2022,26.439452439452438,2.008083335537286,0.07135576859408777,0.03135509397632982,7.396324030206336,Дээд STR регим
2022-12722-2,7.835091031838387,12,14,39,1,1,0,43,1980_1984,2022,25.401342038447588,1.4718614718614718,0.08284322305123037,0.030618758274940785,8.637147719114724,Дээд STR регим
2022-12733-4,7.919432180272138,14,13,26,0,0,0,85,post1995,2022,17.31213451181112,1.480116883457649,0.08033010847023336,0.05159556607101809,8.36447289419513,Доод STR регим
2022-12735-3,7.922102408828017,14,14,28,0,1,0,43,1990_1994,2022,37.46059470051972,1.6021639404985506,0.0946669946742036,0.01862011174410791,9.929272383600507,Дээд STR регим
2022-12743-3,8.167224866861002,13,10,31,1,0,0,43,1990_1994,2022,20.408107672258616,1.5197888700998508,0.14182421165948217,0.04831194699553958,15.23740568077927,Дээд STR регим
2022-12804-2,8.615249589387963,12,8,25,0,0,1,44,post1995,2022,66.28115913620178,1.8265954400738822,0.08176153085094649,0.03731402103936107,8.519699296738882,Дээд STR регим
2022-12825-3,8.661769605022856,14,16,30,0,0,1,44,1990_1994,2022,43.34994992260767,1.7632199316414159,0.07710296633933192,0.02144009287420329,8.015329009706672,Дээд STR регим
2022-12825-2,8.497466553731579,14,16,38,1,0,1,44,1980_1984,2022,26.092359264824875,1.7926123720516245,0.08390032279651559,0.0371197247267492,8.752048740517582,Дээд STR регим
2022-12829-3,7.206482372416013,10,8,37,0,0,1,44,1985_1989,2022,27.48498590513543,1.7405294601556285,0.08031545459791298,0.01647896484745501,8.362884946680094,Дээд STR регим
2022-12842-3,8.559490755902438,19,10,26,1,0,1,43,post1995,2022,36.26052285572802,1.6873780397575937,0.13295196617959035,0.03286094662587356,14.219513301731723,Дээд STR регим
2022-12850-2,7.7454788731487,15,8,26,0,0,1,44,post1995,2022,66.27446860664637,1.8007171885319138,0.09270069755643164,0.02647188986404232,9.71333114404722,Дээд STR регим
2022-12851-2,7.786300867668955,14,10,30,1,0,1,44,1990_1994,2022,43.34994992260767,1.7632199316414159,0.11239570135946829,0.03231205511410905,11.895554528426565,Дээд STR регим
2022-12893-4,7.96862242446291,14,8,27,1,1,0,44,post1995,2022,65.10487796337151,1.7835271012483687,0.12421255511295928,0.028770842034173634,13.225651233437418,Дээд STR регим
2022-12893-3,7.676486001661749,8,8,32,0,0,0,44,1990_1994,2022,22.474191258493054,1.7555854036122587,0.06882824243816581,0.027109402480616603,7.125219768053492,Дээд STR регим
2022-12914-2,8.209784481279797,16,11,28,1,1,0,44,1990_1994,2022,64.9016480595428,1.773770293326423,0.11573641232347211,0.0345751921854547,12.269990326915492,Дээд STR регим
2022-12921-2,7.614325602929145,15,12,34,1,0,0,44,1985_1989,2022,25.090786721413078,1.730214219618758,0.08569161121572755,0.02560023593739143,8.947029607339907,Дээд STR регим
2022-12950-2,8.122773104290168,8,8,26,1,0,0,44,post1995,2022,66.27446860664637,1.8007171885319138,0.12425241969356275,0.026892889540513026,13.230165016506824,Дээд STR регим
2022-13013-3,7.349583216056686,10,12,31,0,0,1,45,1990_1994,2022,19.0867399170035,1.145461140503846,0.08432232605872872,0.020833226067004506,8.797952144870402,Доод STR регим
2022-13023-3,7.937369880958806,15,8,25,1,0,1,45,post1995,2022,17.98855912837071,1.393159194618173,0.1441606131788329,0.038868688827596566,15.506961302960276,Доод STR регим
2022-13029-3,8.838393140702172,12,11,27,0,0,1,45,post1995,2022,18.52287788355755,1.2812198524549712,0.09513546160284628,0.027664390926092755,9.980782676694332,Доод STR регим
2022-13034-2,8.80449158902649,14,10,31,0,0,1,45,1990_1994,2022,19.0867399170035,1.145461140503846,0.08432232605872872,0.020833226067004506,8.797952144870402,Доод STR регим
2022-13034-3,8.381634738206458,12,10,28,0,0,1,45,1990_1994,2022,19.097177399610953,1.2392535858488927,0.1020137458178697,0.021591386551527425,10.739869372406673,Доод STR регим
2022-13045-2,8.47559447891291,10,8,38,1,0,1,45,1980_1984,2022,25.087860539944188,0.969682064123776,0.09802093899625129,0.030275813635961647,10.298588028392452,Дээд STR регим
2022-13065-2,8.042730396616632,10,10,38,0,0,1,45,1980_1984,2022,25.087860539944188,0.969682064123776,0.09860621038482889,0.020840450261951013,10.36316153083443,Дээд STR регим
2022-13065-3,8.148090912274458,10,10,31,0,0,1,45,1990_1994,2022,19.0867399170035,1.145461140503846,0.08432232605872872,0.020833226067004506,8.797952144870402,Доод STR регим
2022-13081-2,7.989241711665646,14,10,35,1,0,1,45,1985_1989,2022,24.17985822406993,1.0061055954951834,0.10812534029456147,0.025216294659175405,11.418738921034599,Дээд STR регим
2022-13110-2,8.081951109769912,10,10,32,1,0,1,45,1990_1994,2022,20.027369080797733,1.1055629749860185,0.14203267651416193,0.018239290896176947,15.261431133952485,Дээд STR регим
2022-13146-3,7.7942690373181325,14,13.5,34,0,1,0,45,1985_1989,2022,23.884039249458493,1.0282947473008386,0.12404569217869235,0.02900301381655052,13.206759645235078,Дээд STR регим
2022-13161-3,7.7397808520340625,17,11,30,0,0,0,45,1990_1994,2022,18.97585604312185,1.1827474871864456,0.08643814295461526,0.016176589826292095,9.028392388970063,Доод STR регим
2022-13161-4,8.076253088655276,12,11,25,0,0,0,45,post1995,2022,17.98855912837071,1.393159194618173,0.06582798002157847,0.05368208029102891,6.804297663313141,Доод STR регим
2022-13276-2,9.178825778539482,14,10,34,1,0,1,46,1985_1989,2022,25.32188723226459,1.7322033768149925,0.08311435646893364,0.013724704941498234,8.666606873765526,Дээд STR регим
2022-13324-3,8.34331587390432,14,8,32,0,0,0,46,1990_1994,2022,23.032125474221175,1.706083996785699,0.0706199955007783,0.02337863397619665,7.317333767682976,Дээд STR регим
2022-13325-4,8.615249589387963,14,10,36,1,0,0,46,1985_1989,2022,25.66425120772947,1.8184885514610207,0.07747484641156843,0.017042823210176385,8.055505227965899,Дээд STR регим
2022-13325-3,8.615249589387963,14,10,38,1,0,0,46,1980_1984,2022,24.02591523793357,1.929381443298969,0.06447567835106503,0.031189824831938582,6.659963646726452,Дээд STR регим
2022-13345-3,8.41457889392581,14,12,26,1,0,0,46,post1995,2022,18.827955360298944,1.697007789190271,0.16428978376334094,0.03967128258766426,17.855579194580606,Доод STR регим
2022-13591-3,8.389252969091347,14,14,29,0,0,1,82,1990_1994,2022,18.53477167993297,2.1519358159341286,0.059074315853558705,0.030306138626251592,6.0854076086930275,Доод STR регим
2022-13677-3,7.141943851278442,17,10,30,1,1,1,81,1990_1994,2022,18.482730502650128,1.8915979675309096,0.16883260194996536,0.05964747804626477,18.392193611155182,Доод STR регим
2022-13698-3,8.615249589387963,16,11,29,1,0,1,61,1990_1994,2022,13.459406642133894,0.8203151183234645,0.13836341540481087,0.021608002918969003,14.839281808967808,Доод STR регим
2022-13720-3,8.487416217878078,10,7,35,0,1,1,63,1985_1989,2022,24.175279931093883,1.8554407208672397,0.07511517330220889,0.02208889946570194,7.800830151096916,Дээд STR регим
2022-13738-2,7.7942690373181325,10,12,34,0,0,1,64,1985_1989,2022,25.684682760094,1.5238181228837382,0.09024390206517666,0.025686575231682673,9.444118762055421,Дээд STR регим
2022-13746-4,8.25857464544923,14,8,27,0,0,0,85,post1995,2022,17.76202100276734,1.4559588427726506,0.08719503371056875,0.041528553701873715,9.110946209476412,Доод STR регим
2022-13746-3,7.747613345677333,14,8,31,1,0,0,85,1990_1994,2022,20.73475901691669,1.4284097997095433,0.13810042975773135,0.04479289891758929,14.8090846970087,Дээд STR регим
2022-13751-3,7.8939315318613215,14,11,27,1,0,0,82,post1995,2022,17.050691755270783,2.184474666884017,0.16510441862298258,0.0511801591205655,17.951627574663377,Доод STR регим
2022-13755-3,8.246598454402514,17,14,29,1,0,1,62,1990_1994,2022,23.021184542973273,1.2763711348688822,0.1361620610332381,0.04472059045723643,14.586757903208047,Дээд STR регим
2022-13761-3,7.572726767370896,14,10,27,1,0,1,62,post1995,2022,22.341735477328697,1.266945515870625,0.15467145806189656,0.04615470790681596,16.727439950702717,Дээд STR регим
2022-13768-2,7.97373752512968,9,5,26,0,0,1,62,post1995,2022,21.757303688517347,1.2593690370688988,0.12303359070793748,0.02839205942557336,13.092240879380013,Дээд STR регим
2022-13795-3,7.95769335393072,16,10,25,1,1,1,62,post1995,2022,21.7248104945242,1.2593120609077246,0.1510455468822739,0.058529445702875084,16.304963016003814,Дээд STR регим
2022-13814-2,8.305094661084123,5,11,33,0,0,1,62,1985_1989,2022,26.00942577147238,1.3077062108703106,0.1268881838607057,0.05465379441844607,13.529006693177825,Дээд STR регим
2022-13815-2,8.270409103096233,14,12,35,1,1,1,62,1985_1989,2022,27.751495961574584,1.3752830541224506,0.09013304698151571,0.045950169984071976,9.43198699756016,Дээд STR регим
2022-13818-3,7.725276165831181,11,10,30,0,0,1,62,1990_1994,2022,22.64614036983738,1.2724293009873493,0.10445761248385661,0.021058172408289763,11.010833813383236,Дээд STR регим
2022-13844-3,8.042730396616632,11,1,25,0,0,0,62,post1995,2022,21.7248104945242,1.2593120609077246,0.11379094703438884,0.028251690848961588,12.051785281721926,Дээд STR регим
2022-13854-3,8.432928032594008,14,10,29,1,0,0,62,1990_1994,2022,23.021184542973273,1.2763711348688822,0.1357754399315746,0.05685287449732225,14.542464807505917,Дээд STR регим
2022-13950-3,7.96416807411353,3,1,28,0,0,0,62,1990_1994,2022,22.641658752769864,1.2798553584782935,0.11614990090325743,0.037265315731153735,12.316422284648866,Дээд STR регим
2022-13956-3,7.6393464547122925,18,6,25,1,0,0,62,post1995,2022,21.7248104945242,1.2593120609077246,0.1585199280462595,0.03446694037902393,17.177527518441927,Дээд STR регим
2022-14002-3,7.922102408828017,12,10,32,1,1,0,62,1990_1994,2022,24.38067476155451,1.2882758563222214,0.12380924081887974,0.06930074490261096,13.179994917379823,Дээд STR регим
2022-14002-4,8.076253088655276,16,10,25,1,0,0,62,post1995,2022,21.7248104945242,1.2593120609077246,0.1585199280462595,0.03446694037902393,17.177527518441927,Дээд STR регим
2022-14027-2,7.667066779745257,14,10,31,1,1,1,63,1990_1994,2022,19.192137993756607,1.9528477875829504,0.1129262352761609,0.03260364062052441,11.954934665426563,Доод STR регим
2022-14054-2,8.434450682298165,10,14,27,1,0,1,63,post1995,2022,16.416426710544357,2.0695101745503472,0.15588577637903908,0.04203160049488317,16.869270315324634,Доод STR регим
2022-14089-2,8.209784481279797,15,10,27,1,0,1,63,post1995,2022,16.416426710544357,2.0695101745503472,0.15588577637903908,0.04203160049488317,16.869270315324634,Доод STR регим
2022-14265-4,7.503733895883945,14,12,26,1,0,1,64,post1995,2022,17.85286364725617,1.6207221305566084,0.1860936662835581,0.03469988535893225,20.45350794181815,Доод STR регим
2022-14265-3,8.145245960142226,14,12,27,0,0,1,64,post1995,2022,17.98503388251919,1.5935576444826665,0.09456339333670757,0.04199631933366598,9.917884153879687,Доод STR регим
2022-14276-3,8.042730396616632,10,9,29,1,0,1,64,1990_1994,2022,19.74301952063257,1.561694864157441,0.1325612267177509,0.027661073914497486,14.174891948802081,Дээд STR регим
2022-14288-2,8.145245960142226,14,10,35,0,0,1,64,1985_1989,2022,26.31736855585233,1.5280636127454599,0.0846808142575248,0.01920710588677961,8.836961918621512,Дээд STR регим
2022-14447-4,8.209784481279797,16,10.5,31,1,0,0,64,1990_1994,2022,22.131188589857874,1.531098867975945,0.1376162194768337,0.06317240885519407,14.7535064147317,Дээд STR регим
2022-14450-2,8.024959794267724,16,10,28,1,0,0,64,1990_1994,2022,18.755652016639537,1.5780182719423008,0.12040439715507575,0.046516018643338014,12.795290030469975,Доод STR регим
2022-14460-3,8.041365829654834,16,9.5,28,1,0,0,64,1990_1994,2022,18.755652016639537,1.5780182719423008,0.12040439715507575,0.046516018643338014,12.795290030469975,Доод STR регим
2022-14477-3,7.853109537341066,14,8,28,1,0,0,64,1990_1994,2022,18.755652016639537,1.5780182719423008,0.12040439715507575,0.046516018643338014,12.795290030469975,Доод STR регим
2022-14512-2,7.922102408828017,15,10,28,1,0,1,65,1990_1994,2022,18.995397334847908,1.7185857418044381,0.1078047807328681,0.020224515195930666,11.383028302917486,Доод STR регим
2022-14565-3,8.282105142859423,14,11,31,0,0,1,65,1990_1994,2022,21.388195372389056,1.7054802444084523,0.0494946924468758,0.04124514588840511,5.074001534157335,Дээд STR регим
2022-14568-2,7.576060721190654,17,12,27,1,0,1,65,post1995,2022,18.417767093843562,1.7257175616071245,0.1402128057029619,0.02651912280551412,15.051860972924281,Доод STR регим
2022-14571-3,8.002145116501554,14,14,32,1,0,1,65,1990_1994,2022,23.381040929967888,1.7062866341828098,0.10427842659766585,0.036541878144034555,10.990944020787886,Дээд STR регим
2022-14582-4,7.922102408828017,9,9,25,0,0,1,62,post1995,2022,21.7248104945242,1.2593120609077246,0.11755413202703136,0.02459687720752954,12.474251288797046,Дээд STR регим
2022-14585-4,8.042730396616632,11,8,33,0,0,1,67,1985_1989,2022,24.428783675825315,1.2739785626078253,0.11239388529285048,0.0510435312502173,11.895351318829839,Дээд STR регим
2022-14590-2,6.6956567486500225,8,4,28,0,0,1,65,1990_1994,2022,18.995397334847908,1.7185857418044381,0.06276135432336707,0.028187006254532264,6.477270550578851,Доод STR регим
2022-14601-4,8.472148745747289,14,9,37,1,0,0,65,1985_1989,2022,25.777002422045697,1.7181695373184735,0.0899974461119849,0.0362543903913145,9.417148931018904,Дээд STR регим
2022-14615-3,8.543986569366472,8,9,27,0,1,0,65,post1995,2022,18.417767093843562,1.7257175616071245,0.07238090231219677,0.043867192135607205,7.506476073811097,Доод STR регим
2022-14692-3,8.076253088655276,16,4,30,0,0,0,65,1990_1994,2022,20.50788466683938,1.7081995467002802,0.0660037748884614,0.02179170071805029,6.823074961031317,Дээд STR регим
2022-14698-2,7.494164444867794,4,11,29,0,1,0,65,1990_1994,2022,19.751492179487045,1.715246341156099,0.07154764714269544,0.04112440057015664,7.416933058138997,Дээд STR регим
2022-14771-3,7.783265963973801,9,8,33,0,0,1,67,1985_1989,2022,24.428783675825315,1.2739785626078253,0.11239388529285048,0.0510435312502173,11.895351318829839,Дээд STR регим
2022-14775-3,8.13282344014367,13,7,26,0,0,1,67,post1995,2022,22.227883608509767,1.2775016812947715,0.1072511646616138,0.03558766922294038,11.321381934168762,Дээд STR регим
2022-14785-3,8.315144996937624,11,10,27,0,0,1,67,post1995,2022,22.50261913823421,1.27399991744335,0.11286700482911388,0.03436300624435235,11.94830372097606,Дээд STR регим
2022-14785-4,8.315144996937624,12,10,25,0,0,1,67,post1995,2022,21.895638315917367,1.294441263451745,0.10096826605439167,0.02934165581378526,10.624153579767448,Дээд STR регим
2022-14785-2,7.755048324164851,5,10,34,1,0,1,67,1985_1989,2022,24.874596064683175,1.2848431215772613,0.09250612053543177,0.014567919938503508,9.691985527659819,Дээд STR регим
2022-14789-3,7.231800180400303,15,8,35,1,0,1,67,1985_1989,2022,24.93376015505794,1.2982693104683594,0.07636325485667317,0.018678205053723727,7.935458374789839,Дээд STR регим
2022-14799-3,8.184466673295509,14,4,36,1,0,1,67,1985_1989,2022,25.330265385840498,1.3138478740405055,0.08275283541166695,0.03887749604123122,8.627328707528825,Дээд STR регим
2022-14805-2,7.804319373171634,12,10,28,1,0,1,67,1990_1994,2022,22.95030024405182,1.2723645727834134,0.1530232208062536,0.035621596657562885,16.535203904247386,Дээд STR регим
2022-14806-5,8.122773104290168,10,8,33,1,0,1,67,1985_1989,2022,24.428783675825315,1.2739785626078253,0.08957962956134512,0.017461140044377075,9.371442184454226,Дээд STR регим
2022-14811-2,8.209784481279797,16,10,25,0,0,1,67,post1995,2022,21.895638315917367,1.294441263451745,0.10096826605439167,0.02934165581378526,10.624153579767448,Дээд STR регим
2022-14955-3,7.850839388806526,1,4,30,0,0,0,67,1990_1994,2022,22.244230425038097,1.2561211249902675,0.11607012545444456,0.024132321602092374,12.30746254904027,Дээд STR регим
2022-14955-7,7.698958857513808,1,4,34,1,0,0,67,1985_1989,2022,24.874596064683175,1.2848431215772613,0.0939781640652503,0.025308744897218904,9.853575810014249,Дээд STR регим
2022-14955-2,7.850839388806526,1,4,30,0,0,0,67,1990_1994,2022,22.244230425038097,1.2561211249902675,0.11607012545444456,0.024132321602092374,12.30746254904027,Дээд STR регим
2022-15005-3,8.076253088655276,14,8,27,1,0,0,67,post1995,2022,22.50261913823421,1.27399991744335,0.14512486159102805,0.019332363144532787,15.618392422000117,Дээд STR регим
2022-15009-4,7.922102408828017,14,7.5,28,1,0,0,67,1990_1994,2022,22.95030024405182,1.2723645727834134,0.15167729647758335,0.0395806682235027,16.378461843304358,Дээд STR регим
2022-15076-2,7.994939732780283,14,7,27,0,0,1,81,post1995,2022,16.428311072925617,1.9027011095614204,0.09800461658384545,0.04841821961287083,10.29678770404372,Доод STR регим
2022-15079-2,7.705879300358381,11,13,29,1,0,1,81,1990_1994,2022,17.47543188568052,1.8944596907623652,0.14617394565427833,0.041526391208142936,15.739749480656528,Доод STR регим
2022-15080-3,8.452730659890188,18,6,26,1,0,1,81,post1995,2022,16.257084139391747,1.8935722624044042,0.21690544748445245,0.04521442776762633,24.222664093094505,Доод STR регим
2022-15081-4,8.076253088655276,19,12,29,0,0,1,81,1990_1994,2022,17.47543188568052,1.8944596907623652,0.07050708856454749,0.04448848167687291,7.305217580336487,Доод STR регим
2022-15148-4,8.076253088655276,16,12.5,26,1,0,0,81,post1995,2022,16.257084139391747,1.8935722624044042,0.24565257154144632,0.09276332179506663,27.84553246110868,Доод STR регим
2022-15155-3,7.835091031838387,18,8,32,1,0,0,81,1990_1994,2022,20.56359156990926,1.906636090013806,0.14332080459170402,0.03838052709897504,15.409998285870907,Дээд STR регим
2022-15265-2,8.209784481279797,1,5,30,0,0,1,82,1990_1994,2022,19.01048951048951,2.1394871211047777,0.060622130736681656,0.035138481685636935,6.249735323105887,Доод STR регим
2022-15290-3,8.296795858269428,15,11,26,1,0,1,82,post1995,2022,16.87985262115368,2.208672675733575,0.21927217435262525,0.07926087324063878,24.517013394642696,Доод STR регим
2022-15314-3,7.032128985271235,14,12.5,34,1,0,1,82,1985_1989,2022,25.798896411327856,2.090050646607916,0.09129211398070687,0.022779372294140482,9.558899538205523,Дээд STR регим
2022-15319-3,7.7942690373181325,15,10,29,0,0,1,82,1990_1994,2022,18.53477167993297,2.1519358159341286,0.059074315853558705,0.030306138626251592,6.0854076086930275,Доод STR регим
2022-15321-2,8.316394216338056,15,10,29,1,0,1,82,1990_1994,2022,18.53477167993297,2.1519358159341286,0.10598698458001828,0.035955128692657566,11.180740577203485,Доод STR регим
2022-15334-5,7.863261908805084,14,12.5,34,0,0,1,82,1985_1989,2022,25.798896411327856,2.090050646607916,0.11341863541857695,0.04560740890541934,12.010074865607123,Дээд STR регим
2022-15370-5,8.002145116501554,14,8,25,1,0,0,82,post1995,2022,16.608578439995778,2.2255495526104516,0.21938181276047847,0.14988906158765228,24.530665990152656,Доод STR регим
2022-15395-3,7.858807558455704,16,10,25,0,0,0,82,post1995,2022,16.608578439995778,2.2255495526104516,0.06312763324041867,0.027383299208408714,6.516278073307213,Доод STR регим
2022-15476-3,8.002145116501554,12,10.5,27,1,0,0,82,post1995,2022,17.050691755270783,2.184474666884017,0.16510441862298258,0.0511801591205655,17.951627574663377,Доод STR регим
2022-15524-2,7.101121856758187,11,4,27,0,1,1,83,post1995,2022,16.288445749652645,1.731268820895838,0.08002240288374002,0.030790194111349384,8.331133670103984,Доод STR регим
2022-15532-3,7.835091031838387,14,10,28,0,1,1,83,1990_1994,2022,16.891363669887163,1.7315434082303012,0.07354458705399863,0.041773115469300265,7.6316525385083045,Доод STR регим
2022-15547-3,8.25630449691469,13,13,32,0,1,1,83,1990_1994,2022,20.464889395083148,1.7042314486291816,0.06845691981934642,0.04166582399317475,7.085449135232347,Дээд STR регим
2022-15552-8,7.721940108508566,12,7.5,27,1,1,1,83,post1995,2022,16.288445749652645,1.731268820895838,0.17837115325493846,0.0602674110897103,19.526886684846744,Доод STR регим
2022-15552-4,8.459245340911382,3,7.5,38,0,1,1,83,1980_1984,2022,23.302227199203685,1.7971876974931535,0.07571454976796736,0.015915354472289818,7.865462799387912,Дээд STR регим
2022-15557-4,8.402395574341497,15,11.5,28,0,0,1,83,1990_1994,2022,16.891363669887163,1.7315434082303012,0.08023238968765817,0.030734008826265362,8.35388416719669,Доод STR регим
2022-15562-2,8.550330043288646,15,11,34,0,1,1,83,1985_1989,2022,21.68544732104054,1.6907061884609607,0.09773992634736622,0.021955973009134776,10.267597084629854,Дээд STR регим
2022-15565-3,8.017412588632341,15,8,25,0,0,1,83,post1995,2022,15.444730303230205,1.7669782027458318,0.07283399823636837,0.03802331107755703,7.55519785692933,Доод STR регим
2022-15568-3,8.796117657553934,15,10,29,0,1,1,83,1990_1994,2022,17.54980127747731,1.7236671891437996,0.06784058687356988,0.034880600351649735,7.019469179815796,Доод STR регим
2022-15579-2,8.305094661084123,11,0,25,0,1,1,83,post1995,2022,15.444730303230205,1.7669782027458318,0.07320901572319617,0.0367765327982437,7.595540501050602,Доод STR регим
2022-15586-7,7.9557190196270025,17,20,25,0,1,1,83,post1995,2022,15.444730303230205,1.7669782027458318,0.07320901572319617,0.0367765327982437,7.595540501050602,Доод STR регим
2022-15596-3,7.717307996182004,11,7,30,0,1,1,83,1990_1994,2022,18.277485226637772,1.7106890804719728,0.06432694459317528,0.017907681225316753,6.644100889209903,Доод STR регим
2022-15600-3,7.7397808520340625,14,14,28,0,1,1,83,1990_1994,2022,16.891363669887163,1.7315434082303012,0.07354458705399863,0.041773115469300265,7.6316525385083045,Доод STR регим
2022-15601-3,8.048665132136447,15,15.5,26,0,0,0,83,post1995,2022,15.751992955135336,1.7438300545976837,0.08166585085935991,0.03729673958562872,8.509316629537867,Доод STR регим
2022-15613-4,8.41045517674195,15,10,27,0,0,0,83,post1995,2022,16.288445749652645,1.731268820895838,0.07865586287113924,0.044579617789416257,8.183195945765176,Доод STR регим
2022-15653-4,7.380835759560791,17,2,27,0,1,0,83,post1995,2022,16.288445749652645,1.731268820895838,0.07083913733629948,0.04258929955236401,7.340854062234214,Доод STR регим
2022-15660-3,7.96862242446291,16,9,29,1,0,0,83,1990_1994,2022,17.54980127747731,1.7236671891437996,0.13434571704559142,0.024122643068285515,14.378817836939216,Доод STR регим
2022-15660-4,7.96862242446291,16,9,25,1,0,0,83,post1995,2022,15.444730303230205,1.7669782027458318,0.18016180937311904,0.1013232745549613,19.741109978660564,Доод STR регим
2022-15684-3,7.388803929209968,10,7,26,0,0,0,83,post1995,2022,15.751992955135336,1.7438300545976837,0.08166585085935991,0.03729673958562872,8.509316629537867,Доод STR регим
2022-15706-2,7.583776603557482,14,4,29,0,1,0,83,1990_1994,2022,17.54980127747731,1.7236671891437996,0.06570933713494308,0.030501096028442556,6.791626844799414,Доод STR регим
2022-15727-3,7.206482372416013,14,11,25,1,0,0,83,post1995,2022,15.444730303230205,1.7669782027458318,0.18016180937311904,0.1013232745549613,19.741109978660564,Доод STR регим
2022-15732-2,8.199734145426296,15,3,26,1,0,0,83,post1995,2022,15.751992955135336,1.7438300545976837,0.20100059587110564,0.07140822365234159,22.26255003503188,Доод STR регим
2022-15740-3,8.815920284850113,11,8,30,0,0,1,84,1990_1994,2022,21.285611251352325,1.133590620039943,0.09681092297492798,0.017250434808517075,10.165205683410129,Дээд STR регим
2022-15755-3,8.775098290329858,14,8,28,0,0,1,84,1990_1994,2022,19.019150876481913,1.1477111235742812,0.10173759432811588,0.020364656257593868,10.709292614607268,Доод STR регим
2022-15755-4,8.131822939810087,14,8,26,1,0,1,84,post1995,2022,17.966763319088752,1.1605681538099333,0.13906935980964008,0.027563141444817776,14.920380579659142,Доод STR регим
2022-15784-4,7.206482372416013,12,9,28,0,0,1,84,1990_1994,2022,19.019150876481913,1.1477111235742812,0.10173759432811588,0.020364656257593868,10.709292614607268,Доод STR регим
2022-15845-3,9.1064554262843,12,10,28,0,0,0,84,1990_1994,2022,19.019150876481913,1.1477111235742812,0.08710491833988046,0.029036529820917666,9.101114079132277,Доод STR регим
2022-15865-2,7.888200857152336,11,10,26,1,0,0,84,post1995,2022,17.966763319088752,1.1605681538099333,0.1294705007110523,0.023931804597174963,13.822553412361472,Доод STR регим
2022-15944-2,8.076253088655276,15,10,27,0,0,0,84,post1995,2022,18.259557344064383,1.156224626385717,0.08549542271803057,0.044084491874539035,8.925657549817178,Доод STR регим
2022-15945-2,9.06723471313102,14,10,28,0,0,0,84,1990_1994,2022,19.019150876481913,1.1477111235742812,0.08710491833988046,0.029036529820917666,9.101114079132277,Доод STR регим
2022-15965-2,7.621426224478721,11,8,31,0,0,1,85,1990_1994,2022,20.73475901691669,1.4284097997095433,0.05579645750297912,0.03875749081408731,5.738243956963074,Дээд STR регим
2022-15989-4,8.551954739015649,11,8,26,0,0,1,85,post1995,2022,17.31213451181112,1.480116883457649,0.08190910774536143,0.04977789531200906,8.535715478724072,Доод STR регим
2022-16014-3,8.345916655604379,17,9,27,0,0,1,85,post1995,2022,17.76202100276734,1.4559588427726506,0.098312140026448,0.05423457652751991,10.330711767861578,Доод STR регим
2022-16079-4,8.592776733535905,16,9,30,1,0,0,85,1990_1994,2022,20.143652473927702,1.4219324561022253,0.14348472211552082,0.03390655528363815,15.428917557571342,Дээд STR регим
2022-16200-4,8.081951109769912,10,10,30,0,0,1,23,1990_1994,2022,19.681092974654995,1.8078354773212093,0.04801800212855614,0.021913142896865034,4.918954279949195,Дээд STR регим
2022-16200-3,8.031801326084441,10,10,32,1,1,1,23,1990_1994,2022,21.18094661418912,1.8151997520569172,0.11852077440497641,0.0414697980423265,12.583026231285043,Дээд STR регим
2022-16218-2,7.717307996182004,10,10,35,1,0,1,11,1985_1989,2022,25.242628873315546,0.9068776413462102,0.10779940358309385,0.033191975334739145,11.38242938130225,Дээд STR регим
2022-16220-3,8.432928032594008,14,14,33,1,1,1,41,1985_1989,2022,20.77424150211307,1.8996243294657593,0.07167473293868754,0.03461635064945659,7.430585092051145,Дээд STR регим
2022-16232-2,8.528238212398334,14,12,27,0,1,1,11,post1995,2022,19.576272791230142,1.0380060250036154,0.0838774577318013,0.02848180808534719,8.749562146313483,Дээд STR регим
2022-16254-2,8.432928032594008,13,10,29,0,0,1,41,1990_1994,2022,26.439452439452438,2.008083335537286,0.06756353150533477,0.03426919766705799,6.989822968384507,Дээд STR регим
2022-16257-3,7.7397808520340625,8,8,36,0,0,1,23,1985_1989,2022,24.974375000000002,1.9016312839208376,0.0641951077060383,0.021269783720161473,6.630042189665097,Дээд STR регим
2022-16306-4,8.017412588632341,16,16,26,1,1,1,11,post1995,2022,19.814154327883934,1.0522298977933353,0.1544008285512549,0.041529240895499656,16.69585433494305,Дээд STR регим
2022-16317-2,8.305094661084123,16,11,25,1,0,1,81,post1995,2022,16.224682065659028,1.9122211930251658,0.17677206854408672,0.07540844820284638,19.335905805811148,Доод STR регим
2022-16326-3,8.125043252824709,17,11.5,31,1,0,1,41,1990_1994,2022,18.5646074001787,1.9528102649091548,0.11761866419160105,0.07169437839599177,12.481509729889995,Доод STR регим
2022-16348-5,8.209784481279797,11,11,27,0,0,1,11,post1995,2022,19.576272791230142,1.0380060250036154,0.08935945826269712,0.02912048430564819,9.347364382711177,Дээд STR регим
2022-16362-2,8.877613853855454,15,14,29,0,0,1,11,1990_1994,2022,19.955776075935713,1.0130020360098193,0.09046120436608783,0.03490336151928651,9.467903805062306,Дээд STR регим
2022-16365-3,8.448195504724797,15,10,27,0,0,1,11,post1995,2022,19.576272791230142,1.0380060250036154,0.08935945826269712,0.02912048430564819,9.347364382711177,Дээд STR регим
2022-16377-3,8.800652812719326,16,10,29,0,0,1,11,1990_1994,2022,19.955776075935713,1.0130020360098193,0.09046120436608783,0.03490336151928651,9.467903805062306,Дээд STR регим
2022-16380-2,8.432928032594008,14,14,37,0,0,1,11,1985_1989,2022,26.638652277373453,0.8899269756791881,0.11007872602843163,0.025530874536473826,11.636595405730187,Дээд STR регим
2022-16402-3,8.615249589387963,14,11.5,33,1,0,1,11,1985_1989,2022,23.103916714538485,0.9478157109868292,0.10681531161966154,0.020674498632018052,11.272872743425545,Дээд STR регим
2022-16402-4,9.497638769586436,14,11.5,29,1,0,1,11,1990_1994,2022,19.955776075935713,1.0130020360098193,0.14246845957200804,0.047608123255893295,15.311671058922748,Дээд STR регим
2022-16425-3,7.819586845302422,14,10,31,0,0,1,67,1990_1994,2022,20.797932412475024,1.2557410294633167,0.08496153642929881,0.059059336653607644,8.867519155786896,Дээд STR регим
2022-16429-3,8.48171819676344,14,12,25,0,0,1,11,post1995,2022,20.59674255558934,1.0650428339903726,0.08793809683018984,0.030005952264323624,9.19205265942562,Дээд STR регим
2022-16432-3,7.611947480524178,6,9.5,33,1,0,1,11,1985_1989,2022,23.103916714538485,0.9478157109868292,0.10681531161966154,0.020674498632018052,11.272872743425545,Дээд STR регим
2022-16432-4,8.270409103096233,15,9.5,31,1,0,1,11,1990_1994,2022,20.583862976361644,0.9881194944841533,0.13095144828176883,0.036341853391430964,13.991243526106324,Дээд STR регим
2022-16457-2,8.838393140702172,16,14,29,0,0,1,11,1990_1994,2022,19.955776075935713,1.0130020360098193,0.09046120436608783,0.03490336151928651,9.467903805062306,Дээд STR регим
2022-16463-3,8.209784481279797,12,10,27,0,0,1,11,post1995,2022,19.576272791230142,1.0380060250036154,0.08935945826269712,0.02912048430564819,9.347364382711177,Дээд STR регим
2022-16531-3,7.812618175986329,15,18,32,0,0,1,11,1990_1994,2022,21.68181991784634,0.9717695664298076,0.09676613027746829,0.0397786394792121,10.160271197196668,Дээд STR регим
2022-16538-3,9.13849773315251,17,12,34,0,0,1,11,1985_1989,2022,24.05297052132284,0.9257993949993928,0.11670690767459128,0.03945093994996486,12.379000719081311,Дээд STR регим
2022-16552-2,7.888631798766418,17,18,26,1,0,1,62,post1995,2022,21.757303688517347,1.2593690370688988,0.15469575943076916,0.05316955133808667,16.730276621745865,Дээд STR регим
2022-16553-3,8.838393140702172,15,11,28,0,1,1,11,1990_1994,2022,19.809893918706017,1.020533066128087,0.08603643476329681,0.030655378822892803,8.984603586410312,Дээд STR регим
2022-16570-3,7.355517951576501,14,13.5,37,1,0,1,11,1985_1989,2022,26.638652277373453,0.8899269756791881,0.11806674267509389,0.024084220331307252,12.531921567577186,Дээд STR регим
2022-16575-3,8.076253088655276,15,10,27,1,1,1,11,post1995,2022,19.576272791230142,1.0380060250036154,0.1607985913398611,0.06048701627945916,17.44484009124292,Дээд STR регим
2022-16583-2,8.838393140702172,14,14,34,0,0,1,11,1985_1989,2022,24.05297052132284,0.9257993949993928,0.11670690767459128,0.03945093994996486,12.379000719081311,Дээд STR регим
2022-16588-3,7.989241711665646,14,10,30,0,0,1,11,1990_1994,2022,20.053299634997735,1.002709606891408,0.09705831076118904,0.028910134064013604,10.192462581139928,Дээд STR регим
2022-16593-3,8.122773104290168,14,10,26,1,0,1,11,post1995,2022,19.814154327883934,1.0522298977933353,0.14879541329539092,0.04280386485765999,16.043555523583986,Дээд STR регим
2022-16608-2,8.25630449691469,13,13,27,1,0,1,65,post1995,2022,18.417767093843562,1.7257175616071245,0.1402128057029619,0.02651912280551412,15.051860972924281,Доод STR регим
2022-16647-3,8.076253088655276,14,13,29,1,0,1,11,1990_1994,2022,19.955776075935713,1.0130020360098193,0.14246845957200804,0.047608123255893295,15.311671058922748,Дээд STR регим
2022-16647-2,9.691389022204014,11,13,33,0,1,1,11,1985_1989,2022,23.103916714538485,0.9478157109868292,0.1103948191333909,0.03726131279504492,11.671888541463638,Дээд STR регим
2022-16680-3,7.830636681489008,14,14,36,0,0,1,11,1985_1989,2022,26.356786375059315,0.8938341206482799,0.11021879000196302,0.03507117206932528,11.652232765964055,Дээд STR регим
2022-16680-4,7.589968573805402,14,14,37,1,0,1,11,1985_1989,2022,26.638652277373453,0.8899269756791881,0.11806674267509389,0.024084220331307252,12.531921567577186,Дээд STR регим
2022-16694-3,8.21458065354329,16,12,28,1,0,1,22,1990_1994,2022,19.688758420834745,1.336089646840503,0.14480123571774736,0.01478938926486993,15.580981372703494,Дээд STR регим
2022-16698-3,8.39470681977381,14,10,33,1,0,1,11,1985_1989,2022,23.103916714538485,0.9478157109868292,0.10681531161966154,0.020674498632018052,11.272872743425545,Дээд STR регим
2022-16699-2,8.970070964677372,10,8,36,0,0,1,11,1985_1989,2022,26.356786375059315,0.8938341206482799,0.11021879000196302,0.03507117206932528,11.652232765964055,Дээд STR регим
2022-16706-3,8.265873947930842,14,12,30,0,1,1,85,1990_1994,2022,20.143652473927702,1.4219324561022253,0.07675809700186628,0.02745524111795263,7.9780842574106225,Дээд STR регим
2022-16712-3,8.017412588632341,10,11,35,1,0,1,11,1985_1989,2022,25.242628873315546,0.9068776413462102,0.10779940358309385,0.033191975334739145,11.38242938130225,Дээд STR регим
2022-16713-2,8.148090912274458,10,10,34,0,0,1,11,1985_1989,2022,24.05297052132284,0.9257993949993928,0.11670690767459128,0.03945093994996486,12.379000719081311,Дээд STR регим
2022-16720-3,7.915133739511924,14,11.5,27,1,0,1,11,post1995,2022,19.576272791230142,1.0380060250036154,0.16350262952209216,0.045101717555320095,17.762845178338125,Дээд STR регим
2022-16725-3,8.933703320506497,11,10,27,1,0,1,11,post1995,2022,19.576272791230142,1.0380060250036154,0.16350262952209216,0.045101717555320095,17.762845178338125,Дээд STR регим
2022-16728-3,7.429625923730223,11,4,30,1,0,1,11,1990_1994,2022,20.053299634997735,1.002709606891408,0.13676963237718823,0.04573329065371682,14.656398687436333,Дээд STR регим
2022-16729-2,7.611947480524178,10,10,35,1,0,1,11,1985_1989,2022,25.242628873315546,0.9068776413462102,0.10779940358309385,0.033191975334739145,11.38242938130225,Дээд STR регим
2022-16736-2,8.122773104290168,10,10,38,0,1,1,11,1980_1984,2022,26.798263191541174,0.8917086453369639,0.10249177368446978,0.02988371032193007,10.792818770545964,Дээд STR регим
2022-16766-2,8.122773104290168,14,10,31,1,1,1,11,1990_1994,2022,20.583862976361644,0.9881194944841533,0.13539611781109936,0.025575089029141886,14.499024556315643,Дээд STR регим
2022-16775-2,7.899629552975958,10,14,36,1,0,1,11,1985_1989,2022,26.356786375059315,0.8938341206482799,0.1158147413654859,0.04714581220904984,12.27878467212653,Дээд STR регим
2022-16785-3,8.838393140702172,14,12,27,0,0,1,43,post1995,2022,36.541956723020476,1.6433664957460496,0.10003397094675442,0.022298426100636794,10.520846241576498,Дээд STR регим
2022-16789-3,8.432928032594008,15,12,27,0,0,1,11,post1995,2022,19.576272791230142,1.0380060250036154,0.08935945826269712,0.02912048430564819,9.347364382711177,Дээд STR регим
2022-16798-5,7.909199003992109,9,13,27,0,0,1,11,post1995,2022,19.576272791230142,1.0380060250036154,0.08935945826269712,0.02912048430564819,9.347364382711177,Дээд STR регим
2022-16798-3,8.381634738206458,13,13,30,0,1,1,11,1990_1994,2022,20.053299634997735,1.002709606891408,0.09602763012824127,0.029475374500209647,10.07894785282566,Дээд STR регим
2022-16802-3,7.853109537341066,8,8,34,1,0,1,65,1985_1989,2022,25.50634423444468,1.696732234651773,0.10114303749610892,0.020457259593282748,10.643489212186275,Дээд STR регим
2022-16803-3,7.835091031838387,10,12.5,38,1,1,1,11,1980_1984,2022,26.798263191541174,0.8917086453369639,0.11064733349224048,0.03750162376834464,11.700090857395207,Дээд STR регим
2022-16808-2,7.4629119013636895,18,13,32,1,0,1,67,1990_1994,2022,22.472881852829083,1.2623327182966073,0.1537352278816255,0.0401074914526344,16.618207339967284,Дээд STR регим
2022-16818-3,8.381634738206458,14,10,38,1,0,1,62,1980_1984,2022,25.88691088060306,1.503995577222697,0.08267445248885244,0.03362182348316241,8.618814513695261,Дээд STR регим
2022-16822-3,8.145245960142226,14,10,31,1,0,1,81,1990_1994,2022,19.40162620247366,1.8979622387424306,0.1489775509784185,0.042719974799035304,16.06469335285652,Доод STR регим
2022-16830-3,8.528238212398334,11,9,31,1,0,1,62,1990_1994,2022,22.613297995481652,1.273163358340374,0.12878612271747875,0.033439450059239297,13.744682411272823,Дээд STR регим
2022-16831-2,8.710559769192287,9,8,30,0,0,1,83,1990_1994,2022,18.277485226637772,1.7106890804719728,0.06878320319842926,0.016161017761890904,7.1203950382504155,Доод STR регим
2022-16833-2,8.209784481279797,14,8,29,1,0,1,11,1990_1994,2022,19.955776075935713,1.0130020360098193,0.14246845957200804,0.047608123255893295,15.311671058922748,Дээд STR регим
2022-16850-2,9.020714697496127,17,17,30,1,0,1,23,1990_1994,2022,19.681092974654995,1.8078354773212093,0.09821100446520438,0.05591194236153289,10.319553973638929,Дээд STR регим
2022-16876-3,8.327567516936181,14,13,34,0,0,1,64,1985_1989,2022,25.684682760094,1.5238181228837382,0.09024390206517666,0.025686575231682673,9.444118762055421,Дээд STR регим
2022-16876-2,8.392106038073752,12,13,36,0,0,1,64,1985_1989,2022,26.855297934148577,1.5401815567481514,0.08329304512284003,0.019953383440355164,8.686026098418264,Дээд STR регим
2022-16891-3,8.042730396616632,16,12,27,0,1,1,85,post1995,2022,17.76202100276734,1.4559588427726506,0.08899266213752333,0.031809042325023615,9.307263548022604,Доод STR регим
2022-16902-3,8.615249589387963,14,12,35,1,0,1,67,1985_1989,2022,24.93376015505794,1.2982693104683594,0.07636325485667317,0.018678205053723727,7.935458374789839,Дээд STR регим
2022-16919-3,8.209784481279797,16,10,25,1,0,1,11,post1995,2022,20.59674255558934,1.0650428339903726,0.15587902761300468,0.04434192415971046,16.868481594624107,Дээд STR регим
2022-16928-4,8.485678597979536,14,10,30,0,1,1,64,1990_1994,2022,20.88054748834685,1.5492596994103947,0.06352694620065746,0.03499668924517009,6.558819896803736,Дээд STR регим
2022-16942-2,8.432928032594008,15,10,28,0,0,1,11,1990_1994,2022,19.809893918706017,1.020533066128087,0.09230696525260691,0.029228317013218992,9.670141964461143,Дээд STR регим
2022-16946-2,7.989241711665646,15,10,28,1,0,1,62,1990_1994,2022,22.641658752769864,1.2798553584782935,0.1379060329346982,0.03308534793977268,14.786768344872513,Дээд STR регим
2022-16949-3,8.345916655604379,14,9,37,0,0,1,11,1985_1989,2022,26.638652277373453,0.8899269756791881,0.11007872602843163,0.025530874536473826,11.636595405730187,Дээд STR регим
2022-16949-5,7.835091031838387,14,9,31,1,0,1,11,1990_1994,2022,20.583862976361644,0.9881194944841533,0.13095144828176883,0.036341853391430964,13.991243526106324,Дээд STR регим
2022-16973-2,8.602827069389406,16,10,27,0,1,1,67,post1995,2022,22.50261913823421,1.27399991744335,0.11116633265125139,0.054246213578974536,11.758078156989882,Дээд STR регим
2022-16985-4,8.41045517674195,15,10.5,25,0,0,1,11,post1995,2022,20.59674255558934,1.0650428339903726,0.08793809683018984,0.030005952264323624,9.19205265942562,Дээд STR регим
2022-17011-2,7.611947480524178,11,8,31,0,1,1,11,1990_1994,2022,20.583862976361644,0.9881194944841533,0.08414463543441576,0.03194917583862106,8.77862148631905,Дээд STR регим
2022-17019-5,8.218083284094494,14,15,39,1,0,1,11,1980_1984,2022,27.055429275776966,0.8984615384615384,0.1083363552688722,0.033268316331562034,11.44225242412913,Дээд STR регим
2022-17039-2,8.615249589387963,14,15,30,0,1,1,11,1990_1994,2022,20.053299634997735,1.002709606891408,0.09602763012824127,0.029475374500209647,10.07894785282566,Дээд STR регим
2022-17040-3,8.145245960142226,14,14,32,1,0,1,11,1990_1994,2022,21.68181991784634,0.9717695664298076,0.12752000603493624,0.044250055068703664,13.600759502145854,Дээд STR регим
2022-17041-2,8.042730396616632,11,10,36,0,1,1,11,1985_1989,2022,26.356786375059315,0.8938341206482799,0.10443504577038544,0.0348947775893868,11.008328691970659,Дээд STR регим
2022-17055-2,7.937369880958806,8,8,36,0,0,1,11,1985_1989,2022,26.356786375059315,0.8938341206482799,0.11021879000196302,0.03507117206932528,11.652232765964055,Дээд STR регим
2022-17075-4,7.940451547496214,15,10.5,25,0,0,1,11,post1995,2022,20.59674255558934,1.0650428339903726,0.08793809683018984,0.030005952264323624,9.19205265942562,Дээд STR регим
2022-17082-3,8.392106038073752,14,13,28,1,1,1,11,1990_1994,2022,19.809893918706017,1.020533066128087,0.146661335606752,0.04715765499038525,15.796173620817754,Дээд STR регим
2022-17104-3,8.541483439148353,15,10,26,1,0,1,11,post1995,2022,19.814154327883934,1.0522298977933353,0.14879541329539092,0.04280386485765999,16.043555523583986,Дээд STR регим
2022-17107-2,8.432928032594008,12,8,30,1,0,1,11,1990_1994,2022,20.053299634997735,1.002709606891408,0.13676963237718823,0.04573329065371682,14.656398687436333,Дээд STR регим
2022-17111-3,8.432928032594008,12,12.5,26,0,1,1,85,post1995,2022,17.31213451181112,1.480116883457649,0.07499447423668315,0.03142321357184452,7.787819476838687,Доод STR регим
2022-17131-2,8.305094661084123,11,10,34,1,0,1,85,1985_1989,2022,25.205639493141994,1.486168115302092,0.0940372112554758,0.015341059138483635,9.86006254651195,Дээд STR регим
2022-17139-2,8.38513736875766,15,10,29,0,0,1,11,1990_1994,2022,19.955776075935713,1.0130020360098193,0.09046120436608783,0.03490336151928651,9.467903805062306,Дээд STR регим
2022-17180-3,8.432928032594008,15,11,25,0,0,1,11,post1995,2022,20.59674255558934,1.0650428339903726,0.08793809683018984,0.030005952264323624,9.19205265942562,Дээд STR регим
2022-17202-2,7.698958857513808,14,13,37,1,0,1,43,1985_1989,2022,25.622336367072087,1.475591263726857,0.11259881887090713,0.025814100102058677,11.918284783381704,Дээд STR регим
2022-17250-3,8.131822939810087,16,10,25,1,1,1,62,post1995,2022,21.7248104945242,1.2593120609077246,0.1510455468822739,0.058529445702875084,16.304963016003814,Дээд STR регим
2022-17256-4,8.432928032594008,16,10,29,0,1,1,41,1990_1994,2022,26.439452439452438,2.008083335537286,0.06682888251355021,0.0427330717975289,6.911251867433421,Дээд STR регим
2022-17256-3,8.305094661084123,12,10,31,0,0,1,41,1990_1994,2022,18.5646074001787,1.9528102649091548,0.046016570946585865,0.03959424254586268,4.709176211483479,Доод STR регим
2022-17259-2,8.305094661084123,14,13,26,1,0,1,41,post1995,2022,22.54399195575666,2.0520235161763036,0.11556505576507241,0.05531848029833982,12.250753775963164,Дээд STR регим
2022-17267-4,7.516637300719853,10,10,38,1,0,1,11,1980_1984,2022,26.798263191541174,0.8917086453369639,0.11279547770801655,0.038801906216005794,11.940296667463324,Дээд STR регим
2022-17270-2,7.686055452677899,12,10,25,1,0,1,11,post1995,2022,20.59674255558934,1.0650428339903726,0.15587902761300468,0.04434192415971046,16.868481594624107,Дээд STR регим
2022-17279-4,8.287076155581445,14,9.5,28,1,1,1,41,1990_1994,2022,24.16820528868722,2.0265943765206895,0.10062788625518407,0.036470181995219696,10.58650576022655,Дээд STR регим
2022-17285-3,7.611947480524178,12,10,29,1,0,1,21,1990_1994,2022,17.316872272435916,1.598225473926412,0.13793780072438,0.03572022905294348,14.790414924709117,Доод STR регим
2022-17297-3,7.755048324164851,10,10,29,1,1,1,62,1990_1994,2022,23.021184542973273,1.2763711348688822,0.136825545329478,0.07673981014027496,14.662809644411956,Дээд STR регим
2022-17299-3,8.615249589387963,19,16,28,0,0,1,11,1990_1994,2022,19.809893918706017,1.020533066128087,0.09230696525260691,0.029228317013218992,9.670141964461143,Дээд STR регим
2022-17299-4,8.305094661084123,16,16,25,0,0,1,11,post1995,2022,20.59674255558934,1.0650428339903726,0.08793809683018984,0.030005952264323624,9.19205265942562,Дээд STR регим
2022-17323-3,8.363935161107056,16,10.5,25,1,0,1,41,post1995,2022,22.92143703118831,2.091619929891003,0.11794076909766717,0.03200004370735879,12.517746411708908,Дээд STR регим
2022-17334-2,7.755048324164851,10,12,29,1,0,1,62,1990_1994,2022,23.021184542973273,1.2763711348688822,0.1361620610332381,0.04472059045723643,14.586757903208047,Дээд STR регим
2022-17337-4,8.209784481279797,8,6.5,38,1,0,1,11,1980_1984,2022,26.798263191541174,0.8917086453369639,0.11279547770801655,0.038801906216005794,11.940296667463324,Дээд STR регим
2022-17349-3,7.572726767370896,9,7,32,1,0,1,21,1990_1994,2022,19.557047327769425,1.5214777755665652,0.1362442947444643,0.05371951978136858,14.59618118501822,Дээд STR регим
2022-17372-2,8.952803491879916,10,12,37,0,0,1,21,1985_1989,2022,24.625141288888333,1.5183604930248034,0.08735596211295073,0.029862909348072158,9.128506672683034,Дээд STR регим
2022-17376-3,8.535017899383712,13,14,30,0,1,1,21,1990_1994,2022,17.503120926731654,1.5723337356047673,0.08044356855982637,0.0404475016061564,8.376768634523103,Доод STR регим
2022-17393-4,8.425959363277915,14,8,37,1,1,1,21,1985_1989,2022,24.625141288888333,1.5183604930248034,0.07960319346459908,0.028794462993355658,8.28572975602242,Дээд STR регим
2022-17395-2,6.8795795868109515,12,4,25,1,1,1,21,post1995,2022,17.78749953288014,1.7097834887258332,0.14643691951995894,0.10519071335891506,15.770190012347074,Доод STR регим
2022-17402-3,7.611947480524178,10,10,32,0,1,1,21,1990_1994,2022,19.557047327769425,1.5214777755665652,0.07263169526451431,0.03659198139168303,7.533441321544609,Дээд STR регим
2022-17414-2,7.611947480524178,14,13,30,1,1,1,21,1990_1994,2022,17.503120926731654,1.5723337356047673,0.1543154987614598,0.04071116809749198,16.685897127051973,Доод STR регим
2022-17429-3,8.357420480085862,18,10,25,0,1,1,21,post1995,2022,17.78749953288014,1.7097834887258332,0.09155582451894989,0.0388443943250459,9.587795184447812,Доод STR регим
2022-17430-2,7.7942690373181325,10,10,34,0,0,1,21,1985_1989,2022,22.834960164922418,1.5076205308910147,0.12102666022624382,0.0324695309877381,12.865500216395077,Дээд STR регим
2022-17439-2,8.884913156337065,10,2,25,0,0,1,21,post1995,2022,17.78749953288014,1.7097834887258332,0.09790264762344882,0.030200223065498983,10.285541428661716,Доод STR регим
2022-17463-3,9.174865377323385,16,15,26,1,0,0,21,post1995,2022,17.67859368046284,1.6851248053982848,0.17752886053035766,0.04227535970536025,19.426252445493763,Доод STR регим
2022-17587-3,8.656071583908217,14,11,30,0,0,1,22,1990_1994,2022,20.42782813402008,1.3134457390166694,0.0802149406885827,0.027536003562603252,8.351993516867061,Дээд STR регим
2022-17627-2,8.01133354255596,11,11,26,1,0,1,22,post1995,2022,19.01993355481728,1.3718227361450208,0.1680225498784789,0.044035325263512615,18.296328602539134,Доод STR регим
2022-17641-3,7.4577968006969195,10,11,34,0,0,1,22,1985_1989,2022,25.121916788583455,1.2896689629890072,0.12149602917307262,0.0396223417621986,12.918488211851953,Дээд STR регим
2022-17648-3,8.305094661084123,11,12,34,0,0,1,22,1985_1989,2022,25.121916788583455,1.2896689629890072,0.12149602917307262,0.0396223417621986,12.918488211851953,Дээд STR регим
2022-17659-3,8.122773104290168,14,11.5,34,1,0,1,22,1985_1989,2022,25.121916788583455,1.2896689629890072,0.10252385001762568,0.024185368164962584,10.796372654909625,Дээд STR регим
2022-17754-3,7.429625923730223,11,8,25,1,0,0,22,post1995,2022,19.082633053221286,1.3964604173044413,0.18609635748604847,0.07999430374826992,20.45383210703491,Доод STR регим
2022-17775-2,7.563157316354745,9,10,26,0,0,0,22,post1995,2022,19.01993355481728,1.3718227361450208,0.10254240060950187,0.10032381267310135,10.798428012264093,Доод STR регим
2022-17816-3,7.922102408828017,11,9,30,0,0,1,23,1990_1994,2022,19.681092974654995,1.8078354773212093,0.04801800212855614,0.021913142896865034,4.918954279949195,Дээд STR регим
2022-17820-3,8.37105262887592,17,11,36,1,0,1,23,1985_1989,2022,24.974375000000002,1.9016312839208376,0.06924368275581408,0.019454008146488695,7.169733149068436,Дээд STR регим
2022-17822-2,8.076253088655276,14,10,30,1,0,1,23,1990_1994,2022,19.681092974654995,1.8078354773212093,0.09821100446520438,0.05591194236153289,10.319553973638929,Дээд STR регим
2022-17861-3,8.432928032594008,16,12,33,1,0,1,23,1985_1989,2022,22.193732193732195,1.8138962417330018,0.06867782382549334,0.023751113668786517,7.109107352947697,Дээд STR регим
2022-17877-2,7.652769475044432,11,4,34,0,0,1,23,1985_1989,2022,23.673864830162252,1.8079931039396437,0.08400585003526685,0.035559402387982594,8.7635256494823075,Дээд STR регим
2022-17986-5,7.498618795217174,9,8,28,0,0,0,23,1990_1994,2022,18.127322122715462,1.8161165549766287,0.06175440371098958,0.04144703708485024,6.3701071609689075,Доод STR регим
2022-18037-3,7.531904772850641,15,9,28,1,0,1,45,1990_1994,2022,19.097177399610953,1.2392535858488927,0.14591249310965743,0.028757097070532645,15.709492984132378,Доод STR регим
2022-18048-3,8.375298919757372,14,13,26,0,0,1,41,post1995,2022,22.54399195575666,2.0520235161763036,0.08114813252612776,0.0556501805492403,8.453153906482402,Дээд STR регим
2022-18086-2,7.97373752512968,12,4,26,0,0,1,41,post1995,2022,22.54399195575666,2.0520235161763036,0.08114813252612776,0.0556501805492403,8.453153906482402,Дээд STR регим
2022-18150-2,7.7397808520340625,8,4,36,0,0,0,41,1985_1989,2022,25.061267684081542,1.9313481439033608,0.06622151110280361,0.033808430541762934,6.846336745352244,Дээд STR регим
2022-18172-3,8.374087532571075,12,10,36,1,0,0,41,1985_1989,2022,25.061267684081542,1.9313481439033608,0.07160849813789381,0.04149588052571997,7.4234696842948145,Дээд STR регим
2022-18189-3,7.7397808520340625,14,9,27,1,0,0,41,post1995,2022,22.899363019844948,2.0404973746192026,0.1092995980125135,0.02957632834652852,11.549650081814988,Дээд STR регим
2022-18296-2,7.786300867668955,10,8,36,1,1,1,11,1985_1989,2022,26.356786375059315,0.8938341206482799,0.10986500084162686,0.035443939500229976,11.612738403034829,Дээд STR регим
2022-18316-4,7.766098160351436,14,8,28,1,0,1,42,1990_1994,2022,3.785821276315573,1.4578544061302683,0.154882690117634,0.042769832632810166,16.752099132117593,Доод STR регим
2022-18418-3,8.438626053708646,12,11,39,0,0,0,43,1980_1984,2022,25.401342038447588,1.4718614718614718,0.08708316220496418,0.012889030115357018,9.098740486395052,Дээд STR регим
2022-18468-2,8.884913156337065,15,13,25,1,0,1,44,post1995,2022,66.28115913620178,1.8265954400738822,0.11249268194265619,0.025061233868037908,11.906406750779785,Дээд STR регим
2022-18474-2,8.487416217878078,12,10,29,0,0,1,44,1990_1994,2022,65.76839826839827,1.7682164667814524,0.07484834044941961,0.020493400345282912,7.772069185410557,Дээд STR регим
2022-18502-3,7.014110479768557,9,4,31,0,0,1,44,1990_1994,2022,21.401835416689693,1.7589330571791506,0.040289476518262896,0.02820272075353793,4.111210808391053,Дээд STR регим
2022-18502-2,7.786300867668955,10,4,34,0,0,1,44,1985_1989,2022,25.090786721413078,1.730214219618758,0.10385854527086517,0.04420147854848848,10.944350778450328,Дээд STR регим
2022-18514-4,7.052331692588755,4,6,26,0,0,1,44,post1995,2022,66.27446860664637,1.8007171885319138,0.09270069755643164,0.02647188986404232,9.71333114404722,Дээд STR регим
2022-18514-3,7.717307996182004,4,6,30,0,0,1,44,1990_1994,2022,43.34994992260767,1.7632199316414159,0.07710296633933192,0.02144009287420329,8.015329009706672,Дээд STR регим
2022-18525-2,8.615249589387963,16,13,26,1,0,1,44,post1995,2022,66.27446860664637,1.8007171885319138,0.1202285695313699,0.03249047341361021,12.775459246109634,Дээд STR регим
2022-18574-3,8.122773104290168,14,10,26,1,0,0,44,post1995,2022,66.27446860664637,1.8007171885319138,0.12425241969356275,0.026892889540513026,13.230165016506824,Дээд STR регим
2022-18583-3,8.25630449691469,14,9,27,1,1,0,44,post1995,2022,65.10487796337151,1.7835271012483687,0.12421255511295928,0.028770842034173634,13.225651233437418,Дээд STR регим
2022-18602-3,8.25630449691469,10,8,25,0,0,0,44,post1995,2022,66.28115913620178,1.8265954400738822,0.08313092535453408,0.022093291973708965,8.668407373259491,Дээд STR регим
2022-18686-4,7.979672260649495,10,10,37,1,1,1,45,1985_1989,2022,24.750235106801995,0.9229524052683853,0.10356887722913857,0.05070838665448125,10.912218399705997,Дээд STR регим
2022-18700-3,7.922102408828017,10,10,35,1,0,1,45,1985_1989,2022,24.17985822406993,1.0061055954951834,0.10812534029456147,0.025216294659175405,11.418738921034599,Дээд STR регим
2022-18701-3,9.221385392958279,10,11,37,0,0,1,45,1985_1989,2022,24.750235106801995,0.9229524052683853,0.10250802321388956,0.02309414771408086,10.79461911634143,Дээд STR регим
2022-18730-3,8.076253088655276,14,10,35,1,0,1,45,1985_1989,2022,24.17985822406993,1.0061055954951834,0.10812534029456147,0.025216294659175405,11.418738921034599,Дээд STR регим
2022-18733-3,8.250606475800053,15,9,27,0,0,1,67,post1995,2022,22.50261913823421,1.27399991744335,0.11286700482911388,0.03436300624435235,11.94830372097606,Дээд STR регим
2022-18744-4,7.989241711665646,14,12,25,1,0,1,82,post1995,2022,16.608578439995778,2.2255495526104516,0.19240153296689463,0.10001679660051856,21.215714031359667,Доод STR регим
2022-18746-2,8.623548392202657,14,10,33,0,0,1,11,1985_1989,2022,23.103916714538485,0.9478157109868292,0.11735271616341492,0.04233048386496628,12.451599471633322,Дээд STR регим
2022-18747-2,9.039063836164324,14,14,27,0,0,1,63,post1995,2022,16.416426710544357,2.0695101745503472,0.0900176632295084,0.03850202293025619,9.419361052739216,Доод STR регим
2022-18784-4,7.611947480524178,14,8,26,0,0,1,45,post1995,2022,18.1835498073051,1.33516497451351,0.08636119597799745,0.04324046075642689,9.020003306571645,Доод STR регим
2022-18791-3,8.076253088655276,12,10,28,0,0,1,45,1990_1994,2022,19.097177399610953,1.2392535858488927,0.1020137458178697,0.021591386551527425,10.739869372406673,Доод STR регим
2022-18793-4,8.225051953410587,11,10,31,0,0,1,45,1990_1994,2022,19.0867399170035,1.145461140503846,0.08432232605872872,0.020833226067004506,8.797952144870402,Доод STR регим
2022-18837-3,9.3549167855828,12,8,27,0,0,0,85,post1995,2022,17.76202100276734,1.4559588427726506,0.08719503371056875,0.041528553701873715,9.110946209476412,Доод STR регим
2022-18850-3,8.528238212398334,12,11,25,0,1,0,61,post1995,2022,12.618293837391562,0.9164649525968335,0.09638799092252912,0.06919701794855071,10.118623138187587,Доод STR регим
2022-18875-2,9.249556269924975,14,14,37,0,0,1,46,1985_1989,2022,24.36046511627907,1.874489589650293,0.06970526151516089,0.028989993754930644,7.219211839812778,Дээд STR регим
2022-18885-4,8.479448048228901,15,14,27,0,0,1,46,post1995,2022,18.789659224441834,1.7030975327800146,0.06211481720341478,0.03860570640023528,6.408451292236506,Доод STR регим
2022-18904-3,7.766098160351436,12,14,25,1,0,1,46,post1995,2022,18.68253902967842,1.7042699533151802,0.16018618857564312,0.03233103105754612,17.37293856512172,Доод STR регим
2022-18950-2,8.209784481279797,12,8,29,1,0,0,46,1990_1994,2022,19.774011299435028,1.7054078539555662,0.12295139326868798,0.030084867584502066,13.082945368819555,Дээд STR регим
2022-19094-3,7.7397808520340625,8,9.5,31,1,0,1,48,1990_1994,2022,18.840589127138834,1.969242892263669,0.12945897827915875,0.08165381762550067,13.821241907297699,Доод STR регим
2022-19126-2,8.432928032594008,16,14,28,1,0,1,48,1990_1994,2022,7.789204812798279,2.0069697528801695,0.1383009662766093,0.034038732683136404,14.832110419861388,Доод STR регим
2022-19135-2,6.8700101357948,14,16,28,0,0,1,48,1990_1994,2022,7.789204812798279,2.0069697528801695,0.09384669200175226,0.03342882462495272,9.83913408308248,Доод STR регим
2022-19143-3,7.388803929209968,10,7,27,1,0,1,48,post1995,2022,7.548044159738312,2.028163836574253,0.18264291285635556,0.052515243005207435,20.03856892433502,Доод STR регим
2022-19292-6,7.922102408828017,16,10,28,1,1,1,61,1990_1994,2022,12.661237607582525,0.8376698108441282,0.14709353767508582,0.023387855420101633,15.846231783403276,Доод STR регим
2022-19295-4,9.126075213153953,16,12,29,1,1,1,61,1990_1994,2022,13.459406642133894,0.8203151183234645,0.1389977734982098,0.0227566622109489,14.912154147958745,Доод STR регим
2022-19295-3,7.516637300719853,16,12,25,1,0,1,61,post1995,2022,12.618293837391562,0.9164649525968335,0.15122306563285173,0.036460691111599025,16.3256111603866,Доод STR регим
2022-19308-4,8.236101789597171,14,10,28,1,0,1,61,1990_1994,2022,12.661237607582525,0.8376698108441282,0.14893747070853142,0.01902981989707946,16.060041541846104,Доод STR регим
2022-19386-3,7.7397808520340625,10,14.5,26,1,0,1,61,post1995,2022,12.211373199553226,0.8646244050570628,0.15243387621655724,0.030296510399819957,16.466544746256172,Доод STR регим
2022-19408-3,8.160513432273016,0,9,33,0,0,1,65,1985_1989,2022,24.924897627024734,1.7027891203847496,0.09428750766252592,0.03903240554560221,9.887563567005376,Дээд STR регим
2022-19412-2,8.38513736875766,10,8,29,1,0,1,81,1990_1994,2022,17.47543188568052,1.8944596907623652,0.14617394565427833,0.041526391208142936,15.739749480656528,Доод STR регим
2022-19416-3,8.327567516936181,14,10.5,27,0,0,1,61,post1995,2022,12.14290593978759,0.8560938471253072,0.11023512940684262,0.027270413055697246,11.654057111905258,Доод STR регим
2022-19422-2,8.661769605022856,14,12,27,0,0,1,84,post1995,2022,18.259557344064383,1.156224626385717,0.10181464454951411,0.024344487597586974,10.71782311874847,Доод STR регим
2022-19425-3,9.083515598735158,16,10.5,26,0,0,1,61,post1995,2022,12.211373199553226,0.8646244050570628,0.10476270613431715,0.023098944542455844,11.044707681000254,Доод STR регим
2022-19463-2,8.052155537076215,15,8,27,1,0,1,62,post1995,2022,22.341735477328697,1.266945515870625,0.15467145806189656,0.04615470790681596,16.727439950702717,Дээд STR регим
2022-19502-3,8.327567516936181,16,9,29,1,0,1,46,1990_1994,2022,19.774011299435028,1.7054078539555662,0.12748322531340395,0.02633515286103501,13.596581261084584,Дээд STR регим
2022-19529-7,7.819586845302422,10,1,35,1,0,1,62,1985_1989,2022,27.751495961574584,1.3752830541224506,0.09925238297638116,0.03055919635549524,10.434498226359267,Дээд STR регим
2022-19530-2,7.568272417021516,9,8,29,1,0,1,62,1990_1994,2022,23.021184542973273,1.2763711348688822,0.1361620610332381,0.04472059045723643,14.586757903208047,Дээд STR регим
2022-19545-3,8.6952922970615,15,8,26,1,0,0,62,post1995,2022,21.757303688517347,1.2593690370688988,0.14890705688515884,0.02815808314622432,16.05651176591931,Дээд STR регим
2022-19553-4,8.432928032594008,16,14,25,0,0,0,62,post1995,2022,21.7248104945242,1.2593120609077246,0.11379094703438884,0.028251690848961588,12.051785281721926,Дээд STR регим
2022-19562-2,8.076253088655276,14,11,38,1,0,0,62,1980_1984,2022,25.88691088060306,1.503995577222697,0.08157148630720644,0.03148505934128489,8.499077679574206,Дээд STR регим
2022-19621-3,8.605199253534462,17,8,25,0,0,0,62,post1995,2022,21.7248104945242,1.2593120609077246,0.11379094703438884,0.028251690848961588,12.051785281721926,Дээд STR регим
2022-19628-3,7.922102408828017,8,6.5,26,0,0,0,62,post1995,2022,21.757303688517347,1.2593690370688988,0.11558859314138492,0.03714459966709876,12.253395895290309,Дээд STR регим
2022-19639-3,8.615249589387963,18,10,26,1,0,0,62,post1995,2022,21.757303688517347,1.2593690370688988,0.14890705688515884,0.02815808314622432,16.05651176591931,Дээд STR регим
2022-19757-2,7.937369880958806,10,8,36,1,0,1,63,1985_1989,2022,24.95433484807984,1.8612856339084771,0.07598226178770777,0.04056422081320891,7.8943435459831734,Дээд STR регим
2022-19789-2,8.209784481279797,14,10,28,1,0,1,63,1990_1994,2022,17.119660914624944,2.0290446060305576,0.13116335328239703,0.050339328478961685,14.015401400134087,Доод STR регим
2022-19836-6,9.673370516701334,14,9.5,29,0,1,0,63,1990_1994,2022,18.041717768140494,2.011483004558588,0.06325776527361034,0.01793448390585928,6.530140155071784,Доод STR регим
2022-19914-3,7.766098160351436,15,8,25,0,0,0,63,post1995,2022,16.971503995097464,2.1606420861713485,0.058453256337112715,0.026536505799192884,6.019542711869175,Доод STR регим
2022-19966-2,7.531904772850641,10,1,28,1,0,1,64,1990_1994,2022,18.755652016639537,1.5780182719423008,0.12576440708352948,0.033639746326536525,13.401497091503822,Доод STR регим
2022-19968-2,7.819586845302422,1,8,30,0,0,1,64,1990_1994,2022,20.88054748834685,1.5492596994103947,0.06713128707102081,0.023104465910538614,6.943587206173496,Дээд STR регим
2022-19996-2,7.7454788731487,10,8,35,1,0,1,64,1985_1989,2022,26.31736855585233,1.5280636127454599,0.08919420653755415,0.02786214407258492,9.32929603506103,Дээд STR регим
2022-19996-3,7.899629552975958,10,8,31,1,0,1,64,1990_1994,2022,22.131188589857874,1.531098867975945,0.13498083802381558,0.06552826779151279,14.451485297483547,Дээд STR регим
2022-20035-3,8.118217287754307,10,11,26,0,0,1,64,post1995,2022,17.85286364725617,1.6207221305566084,0.10055268586299486,0.04781330141503332,10.578189924303526,Доод STR регим
2022-20139-2,8.145245960142226,15,10,33,1,0,0,64,1985_1989,2022,25.955434641792976,1.5293441053289185,0.09253336914575679,0.019743016239095464,9.694974522552036,Дээд STR регим
2022-20141-3,7.922102408828017,11,9.5,35,0,0,0,64,1985_1989,2022,26.31736855585233,1.5280636127454599,0.08655554173115704,0.02110026572618684,9.041192940214682,Дээд STR регим
2022-20168-2,7.101121856758187,10,10,26,1,0,0,64,post1995,2022,17.85286364725617,1.6207221305566084,0.20088877977650801,0.03705520097482051,22.248879878457405,Доод STR регим
2022-20199-3,8.042730396616632,10,10,27,0,0,1,65,post1995,2022,18.417767093843562,1.7257175616071245,0.08707929898928474,0.046671334870372214,9.098319015244316,Доод STR регим
2022-20235-3,7.454943731714513,11,5.5,28,1,0,1,65,1990_1994,2022,18.995397334847908,1.7185857418044381,0.1078047807328681,0.020224515195930666,11.383028302917486,Доод STR регим
2022-20247-2,8.505248694173634,11,8,33,0,0,1,65,1985_1989,2022,24.924897627024734,1.7027891203847496,0.09428750766252592,0.03903240554560221,9.887563567005376,Дээд STR регим
2022-20273-3,7.72097296653872,14,10,26,0,1,1,65,post1995,2022,17.923387030316213,1.739209625099188,0.09448468955600225,0.027360323809600663,9.909233541252082,Доод STR регим
2022-20275-3,9.126075213153953,16,14.5,27,1,0,1,65,post1995,2022,18.417767093843562,1.7257175616071245,0.1402128057029619,0.02651912280551412,15.051860972924281,Доод STR регим
2022-20348-4,8.076253088655276,14,9,26,1,0,0,65,post1995,2022,17.923387030316213,1.739209625099188,0.1966963368418649,0.07164148319732894,21.737431284391363,Доод STR регим
2022-20415-3,8.209784481279797,14,12,25,1,0,0,65,post1995,2022,17.371639926844974,1.7500807400122191,0.1985839978272389,0.1079746067641598,21.967447311726307,Доод STR регим
2022-20435-4,8.209784481279797,14,10,28,1,0,1,67,1990_1994,2022,22.95030024405182,1.2723645727834134,0.1530232208062536,0.035621596657562885,16.535203904247386,Дээд STR регим
2022-20443-3,7.539110156571912,12,4,29,1,0,1,67,1990_1994,2022,23.611474289672746,1.261268414785817,0.1610073901783403,0.04165281327639401,17.469364997736236,Дээд STR регим
2022-20451-4,8.209784481279797,16,6.5,38,1,0,1,67,1980_1984,2022,25.20039607944888,1.3948924879774474,0.07545153185729223,0.03579341195202452,7.837095981382536,Дээд STR регим
2022-20464-2,8.884913156337065,14,10,34,0,0,1,67,1985_1989,2022,24.874596064683175,1.2848431215772613,0.12026703495172998,0.048619735573922095,12.779797284987549,Дээд STR регим
2022-20464-3,8.432928032594008,14,10,36,1,0,1,67,1985_1989,2022,25.330265385840498,1.3138478740405055,0.08275283541166695,0.03887749604123122,8.627328707528825,Дээд STR регим
2022-20514-3,8.209784481279797,14,12,27,1,0,1,67,post1995,2022,22.50261913823421,1.27399991744335,0.14555026853395142,0.02451980616364264,15.667587752141676,Дээд STR регим
2022-20587-3,7.691990188197714,15,11,30,1,0,0,67,1990_1994,2022,22.244230425038097,1.2561211249902675,0.17760588013662132,0.019870241420033543,19.435450962663193,Дээд STR регим
2022-20624-3,7.7397808520340625,11,4,29,0,0,0,67,1990_1994,2022,23.611474289672746,1.261268414785817,0.11372630865071508,0.03288667056061324,12.044542669511472,Дээд STR регим
2022-20638-4,7.565427464889285,10,8,28,0,0,0,67,1990_1994,2022,22.95030024405182,1.2723645727834134,0.11423357750244965,0.039950938284929356,12.101393794197834,Дээд STR регим
2022-20697-3,8.209784481279797,16,8,25,0,0,0,67,post1995,2022,21.895638315917367,1.294441263451745,0.09700012535789813,0.039650501805333735,10.186051174791967,Дээд STR регим
2022-20706-2,8.209784481279797,15,10,27,1,1,0,67,post1995,2022,22.50261913823421,1.27399991744335,0.1468272251398044,0.02508972143448669,15.815384587394043,Дээд STR регим
2022-20728-3,7.922102408828017,16,13.5,32,1,1,1,81,1990_1994,2022,20.56359156990926,1.906636090013806,0.16374788239246127,0.056842171880714734,17.791730396087434,Дээд STR регим
2022-20729-4,7.7397808520340625,14,9.5,29,1,0,1,81,1990_1994,2022,17.47543188568052,1.8944596907623652,0.14617394565427833,0.041526391208142936,15.739749480656528,Доод STR регим
2022-20730-2,7.8939315318613215,14,9.5,25,1,0,1,81,post1995,2022,16.224682065659028,1.9122211930251658,0.17677206854408672,0.07540844820284638,19.335905805811148,Доод STR регим
2022-20759-3,8.188731072081966,14,10,30,1,0,1,81,1990_1994,2022,18.482730502650128,1.8915979675309096,0.14903837239884135,0.05446925712409519,16.0717527870474,Доод STR регим
2022-20778-4,8.002145116501554,14,10,34,1,0,1,81,1985_1989,2022,22.657861467828866,1.9224582260299612,0.07595310180543276,0.03450525672200243,7.891197394708871,Дээд STR регим
2022-20833-2,7.516637300719853,12,10,32,1,0,0,81,1990_1994,2022,20.56359156990926,1.906636090013806,0.14332080459170402,0.03838052709897504,15.409998285870907,Дээд STR регим
2022-20869-3,7.922102408828017,14,12,31,1,0,0,81,1990_1994,2022,19.40162620247366,1.8979622387424306,0.15125396623035356,0.02907137101103837,16.329205746813358,Доод STR регим
2022-20909-2,7.516637300719853,4,4,34,0,0,0,81,1985_1989,2022,22.657861467828866,1.9224582260299612,0.07743974326093589,0.0488281427957967,8.051712205863115,Дээд STR регим
2022-20909-3,8.076253088655276,4,4,31,0,0,0,81,1990_1994,2022,19.40162620247366,1.8979622387424306,0.050142479657855836,0.029873386694124753,5.14208917932959,Доод STR регим
2022-20942-3,7.9484197171453905,12,6,25,0,0,1,82,post1995,2022,16.608578439995778,2.2255495526104516,0.06916798630990456,0.027983892659206665,7.161621088190939,Доод STR регим
2022-20951-3,8.209784481279797,14,10,33,1,0,1,82,1985_1989,2022,22.78229017359452,2.1077206196661087,0.0555555131398611,0.027012547261764597,5.7127699921430075,Дээд STR регим
2022-20951-4,8.432928032594008,14,10,33,0,0,1,82,1985_1989,2022,22.78229017359452,2.1077206196661087,0.07541227063897558,0.029084810334901578,7.83286224872588,Дээд STR регим
2022-20952-3,7.835091031838387,14,9,29,1,0,1,82,1990_1994,2022,18.53477167993297,2.1519358159341286,0.10598698458001828,0.035955128692657566,11.180740577203485,Доод STR регим
2022-20953-3,8.209784481279797,10,14,29,0,0,1,82,1990_1994,2022,18.53477167993297,2.1519358159341286,0.059074315853558705,0.030306138626251592,6.0854076086930275,Доод STR регим
2022-20971-3,8.369633182221694,14,8,27,1,0,1,82,post1995,2022,17.050691755270783,2.184474666884017,0.15762533987664215,0.04489750354630137,17.072748762484437,Доод STR регим
2022-20978-3,7.826792229023693,15,9,28,1,0,1,82,1990_1994,2022,17.783798133538447,2.167052275717396,0.12733352187274904,0.03223981398949554,13.579576734872955,Доод STR регим
2022-20990-2,9.221385392958279,16,7,35,1,0,1,82,1985_1989,2022,27.743079861087516,2.1504448818897637,0.08949152057598903,0.020666745130995524,9.361806002179772,Дээд STR регим
2022-21001-3,7.349583216056686,12,6,33,0,0,1,82,1985_1989,2022,22.78229017359452,2.1077206196661087,0.07541227063897558,0.029084810334901578,7.83286224872588,Дээд STR регим
2022-21007-3,8.042730396616632,15,14,28,1,0,1,82,1990_1994,2022,17.783798133538447,2.167052275717396,0.12733352187274904,0.03223981398949554,13.579576734872955,Доод STR регим
2022-21012-2,8.327567516936181,15,14,31,1,0,1,82,1990_1994,2022,19.70783564261825,2.130294332091728,0.12217823579218923,0.03945546688134314,12.995548234370746,Дээд STR регим
2022-21050-3,8.209784481279797,15,9.5,28,1,0,0,82,1990_1994,2022,17.783798133538447,2.167052275717396,0.12728900113743954,0.03032026298888614,13.574520201161722,Доод STR регим
2022-21069-4,8.017412588632341,16,11.5,28,1,0,0,82,1990_1994,2022,17.783798133538447,2.167052275717396,0.12728900113743954,0.03032026298888614,13.574520201161722,Доод STR регим
2022-21101-3,8.615249589387963,14,10.5,37,1,0,0,82,1985_1989,2022,24.683235867446392,2.2374081364829395,0.06940402436528176,0.037613939008578,7.186918294277866,Дээд STR регим
2022-21105-3,8.519939409583637,14,9,27,1,0,0,82,post1995,2022,17.050691755270783,2.184474666884017,0.16510441862298258,0.0511801591205655,17.951627574663377,Доод STR регим
2022-21117-3,8.432928032594008,14,14,26,1,0,0,82,post1995,2022,16.87985262115368,2.208672675733575,0.2430372358741255,0.10501091949491252,27.51161032972076,Доод STR регим
2022-21171-3,7.206482372416013,14,12,29,1,0,1,83,1990_1994,2022,17.54980127747731,1.7236671891437996,0.140596481329624,0.02362100272890887,15.096012037083684,Доод STR регим
2022-21171-4,7.945632906238211,16,12,26,0,0,1,83,post1995,2022,15.751992955135336,1.7438300545976837,0.09069819217348954,0.027201700633958607,9.493849437843792,Доод STR регим
2022-21177-3,8.149680557210093,14,10,36,0,1,1,83,1985_1989,2022,23.886576365400924,1.739781018058746,0.08125058224607377,0.026457107037139604,8.464265470905996,Дээд STR регим
2022-21183-3,7.835091031838387,15,15,31,0,1,1,83,1990_1994,2022,19.290908096878248,1.7046872135963096,0.060300657164168235,0.023114759973690467,6.215584330727841,Доод STR регим
2022-21184-3,8.071479809902618,8,8,27,0,1,1,83,post1995,2022,16.288445749652645,1.731268820895838,0.08002240288374002,0.030790194111349384,8.331133670103984,Доод STR регим
2022-21204-3,8.305094661084123,14,14,29,0,0,1,83,1990_1994,2022,17.54980127747731,1.7236671891437996,0.07079679542419427,0.02561674942034669,7.336309141447206,Доод STR регим
2022-21216-3,7.7961611854701705,16,9,34,1,1,1,83,1985_1989,2022,21.68544732104054,1.6907061884609607,0.099007193285236,0.02657542712149008,10.407424145125809,Дээд STR регим
2022-21216-2,8.884913156337065,14,9,31,0,0,1,83,1990_1994,2022,19.290908096878248,1.7046872135963096,0.06444442740988174,0.014833980227531624,6.656630474558556,Доод STR регим
2022-21219-4,8.122773104290168,10,11.5,30,0,1,1,83,1990_1994,2022,18.277485226637772,1.7106890804719728,0.06432694459317528,0.017907681225316753,6.644100889209903,Доод STR регим
2022-21219-8,9.193214515991581,16,11.5,25,0,1,1,83,post1995,2022,15.444730303230205,1.7669782027458318,0.07320901572319617,0.0367765327982437,7.595540501050602,Доод STR регим
2022-21222-3,8.122773104290168,15,9,30,0,1,1,83,1990_1994,2022,18.277485226637772,1.7106890804719728,0.06432694459317528,0.017907681225316753,6.644100889209903,Доод STR регим
2022-21243-4,8.477362541737879,17,10,28,1,0,1,83,1990_1994,2022,16.891363669887163,1.7315434082303012,0.14838122759216602,0.04119560101277451,15.995501894184837,Доод STR регим
2022-21250-4,7.804319373171634,17,14.5,27,0,0,1,83,post1995,2022,16.288445749652645,1.731268820895838,0.0906415129763181,0.041037860173618136,9.48764359023535,Доод STR регим
2022-21250-3,8.199313181412503,17,14.5,29,0,0,1,83,1990_1994,2022,17.54980127747731,1.7236671891437996,0.07079679542419427,0.02561674942034669,7.336309141447206,Доод STR регим
2022-21262-2,7.785970234503437,15,8,29,0,1,0,83,1990_1994,2022,17.54980127747731,1.7236671891437996,0.06570933713494308,0.030501096028442556,6.791626844799414,Доод STR регим
2022-21263-2,7.826792229023693,14,10,34,0,1,0,83,1985_1989,2022,21.68544732104054,1.6907061884609607,0.10020476204554907,0.03233335816948108,10.539723830361968,Дээд STR регим
2022-21275-3,7.7397808520340625,17,9,25,1,0,0,83,post1995,2022,15.444730303230205,1.7669782027458318,0.18016180937311904,0.1013232745549613,19.741109978660564,Доод STR регим
2022-21278-3,7.565427464889285,17,11.5,27,0,0,0,83,post1995,2022,16.288445749652645,1.731268820895838,0.07865586287113924,0.044579617789416257,8.183195945765176,Доод STR регим
2022-21281-4,8.089156493491183,15,12,27,1,0,0,83,post1995,2022,16.288445749652645,1.731268820895838,0.17271251940193288,0.07378777614294081,18.85243782673893,Доод STR регим
2022-21281-3,7.853109537341066,15,12,29,0,0,0,83,1990_1994,2022,17.54980127747731,1.7236671891437996,0.06454677942986996,0.02622161979796893,6.667547554815845,Доод STR регим
2022-21300-2,7.611947480524178,10,4,37,0,1,0,83,1985_1989,2022,23.442403324326165,1.76911278598309,0.0727684632785487,0.01959660411884941,7.5481494625351475,Дээд STR регим
2022-21324-4,8.153544762956923,15,6,30,1,0,0,83,1990_1994,2022,18.277485226637772,1.7106890804719728,0.11884668995019002,0.03546712290996724,12.619724769648233,Доод STR регим
2022-21326-5,7.874311744991669,15,9,28,0,0,0,83,1990_1994,2022,16.891363669887163,1.7315434082303012,0.07109385212039993,0.032344660350960494,7.36819884711446,Доод STR регим
2022-21330-2,8.487416217878078,15,4,25,0,0,0,83,post1995,2022,15.444730303230205,1.7669782027458318,0.0624182909015217,0.0326425079494552,6.440748358867232,Доод STR регим
2022-21369-3,7.899629552975958,15,7.5,32,0,0,0,83,1990_1994,2022,20.464889395083148,1.7042314486291816,0.07597231062104012,0.0337821695691247,7.893269876730202,Дээд STR регим
2022-21427-3,7.611947480524178,16,4,34,0,0,1,84,1985_1989,2022,25.67324397237249,1.1553645172795055,0.10738117498876555,0.028663835023774595,11.335855804308913,Дээд STR регим
2022-21497-3,8.002145116501554,14,8.5,25,0,0,0,84,post1995,2022,17.81186876802998,1.173425216809542,0.07482812608955965,0.05118935577321395,7.769890664039969,Доод STR регим
2022-21515-4,8.305094661084123,8,10,32,0,0,0,84,1990_1994,2022,24.03426396251548,1.142398578218381,0.09265543190235195,0.025125651695882253,9.708365010750208,Дээд STR регим
2022-21518-3,8.592776733535905,11,9,28,0,0,0,84,1990_1994,2022,19.019150876481913,1.1477111235742812,0.08710491833988046,0.029036529820917666,9.101114079132277,Доод STR регим
2022-21541-5,7.989241711665646,15,10,27,0,0,0,84,post1995,2022,18.259557344064383,1.156224626385717,0.08549542271803057,0.044084491874539035,8.925657549817178,Доод STR регим
2022-21541-3,7.909199003992109,16,10,25,1,0,0,84,post1995,2022,17.81186876802998,1.173425216809542,0.13995670540939784,0.0385962159209009,15.022399930205887,Доод STR регим
2022-21547-2,8.615249589387963,16,10,27,0,0,0,84,post1995,2022,18.259557344064383,1.156224626385717,0.08549542271803057,0.044084491874539035,8.925657549817178,Доод STR регим
2022-21584-3,7.909199003992109,12,8,25,1,0,0,84,post1995,2022,17.81186876802998,1.173425216809542,0.13995670540939784,0.0385962159209009,15.022399930205887,Доод STR регим
2022-21634-3,8.305094661084123,15,12,29,1,0,1,85,1990_1994,2022,19.53062264661216,1.422535999053971,0.140808508426187,0.027755672264089027,15.120418097623546,Доод STR регим
2022-21635-4,8.209784481279797,11,11,37,0,0,1,85,1985_1989,2022,25.65013142938335,1.5096648049947532,0.0799081553552889,0.02905122799569151,8.318757812796873,Дээд STR регим
2022-21635-2,7.97089257299745,18,11,31,1,0,1,85,1990_1994,2022,20.73475901691669,1.4284097997095433,0.13225001105899648,0.044916088779405505,14.139364463232695,Дээд STR регим
2022-21645-3,7.206482372416013,12,1,32,1,0,1,85,1990_1994,2022,22.202228055814302,1.441519848202648,0.11155970317874166,0.04047244259076648,11.802049139022985,Дээд STR регим
2022-21699-3,8.076253088655276,15,11.5,27,0,0,1,85,post1995,2022,17.76202100276734,1.4559588427726506,0.098312140026448,0.05423457652751991,10.330711767861578,Доод STR регим
2022-21761-4,7.429625923730223,15,12,26,1,0,0,85,post1995,2022,17.31213451181112,1.480116883457649,0.17525757432630887,0.07647937047557607,19.15530905738003,Доод STR регим
2022-21791-4,8.209784481279797,16,8,25,1,0,0,85,post1995,2022,16.894594370365798,1.4993097457877662,0.18668448571179808,0.11138639035447422,20.524695241859025,Доод STR регим
2022-21869-3,8.432928032594008,14,14,33,1,1,1,41,1985_1989,2022,20.77424150211307,1.8996243294657593,0.07167473293868754,0.03461635064945659,7.430585092051145,Дээд STR регим
2022-21875-3,8.815920284850113,14,10,33,0,0,1,11,1985_1989,2022,23.103916714538485,0.9478157109868292,0.11735271616341492,0.04233048386496628,12.451599471633322,Дээд STR регим
2022-21877-3,7.634420336376237,12,10,31,1,1,1,11,1990_1994,2022,20.583862976361644,0.9881194944841533,0.13539611781109936,0.025575089029141886,14.499024556315643,Дээд STR регим
2022-21930-2,8.432928032594008,14,12,31,0,1,1,43,1990_1994,2022,20.408107672258616,1.5197888700998508,0.09009693652686993,0.04649408862217877,9.428035430103776,Дээд STR регим
2022-21942-3,7.565427464889285,8,12,32,0,0,1,11,1990_1994,2022,21.68181991784634,0.9717695664298076,0.09676613027746829,0.0397786394792121,10.160271197196668,Дээд STR регим
2022-21953-3,8.327567516936181,14,11.5,32,1,0,1,82,1990_1994,2022,20.801481127568085,2.12526329414583,0.12342453912426389,0.03794238976148499,13.136462755523603,Дээд STR регим
2022-21992-3,8.047265551782024,12,10.5,25,1,0,1,11,post1995,2022,20.59674255558934,1.0650428339903726,0.15587902761300468,0.04434192415971046,16.868481594624107,Дээд STR регим
2022-21993-2,8.076253088655276,18,13,29,0,1,1,23,1990_1994,2022,18.767149133446537,1.80994006260955,0.055988363115043606,0.015430345517901164,5.758537666564356,Доод STR регим
2022-21994-3,7.835091031838387,12,13,30,0,0,1,11,1990_1994,2022,20.053299634997735,1.002709606891408,0.09705831076118904,0.028910134064013604,10.192462581139928,Дээд STR регим
2022-22023-3,7.924947360960249,11,10,31,0,0,1,11,1990_1994,2022,20.583862976361644,0.9881194944841533,0.08769269536055795,0.029516476740272354,9.165260056837354,Дээд STR регим
2022-22032-2,8.160513432273016,10,10,30,1,0,1,11,1990_1994,2022,20.053299634997735,1.002709606891408,0.13676963237718823,0.04573329065371682,14.656398687436333,Дээд STR регим
2022-22038-2,8.769400269215222,14,17,26,0,0,1,11,post1995,2022,19.814154327883934,1.0522298977933353,0.08766839309668809,0.02844124239367146,9.162607126118294,Дээд STR регим
2022-22039-2,8.902931661839743,14,10,38,1,1,1,11,1980_1984,2022,26.798263191541174,0.8917086453369639,0.11064733349224048,0.03750162376834464,11.700090857395207,Дээд STR регим
2022-22054-3,7.634420336376237,15,14.5,32,1,0,1,11,1990_1994,2022,21.68181991784634,0.9717695664298076,0.12752000603493624,0.044250055068703664,13.600759502145854,Дээд STR регим
2022-22064-2,8.838393140702172,15,16,27,0,0,1,11,post1995,2022,19.576272791230142,1.0380060250036154,0.08935945826269712,0.02912048430564819,9.347364382711177,Дээд STR регим
2022-22099-2,8.487416217878078,14,14,38,0,1,1,11,1980_1984,2022,26.798263191541174,0.8917086453369639,0.10249177368446978,0.02988371032193007,10.792818770545964,Дээд STR регим
2022-22126-3,7.686055452677899,14,12,25,0,0,1,82,post1995,2022,16.608578439995778,2.2255495526104516,0.06916798630990456,0.027983892659206665,7.161621088190939,Доод STR регим
2022-22127-2,7.819586845302422,10,10,29,0,0,1,21,1990_1994,2022,17.316872272435916,1.598225473926412,0.0857935318287075,0.02680608009522767,8.958134121259654,Доод STR регим
2022-22160-3,8.027462924485844,12,9,26,0,0,1,67,post1995,2022,22.227883608509767,1.2775016812947715,0.1072511646616138,0.03558766922294038,11.321381934168762,Дээд STR регим
2022-22201-6,9.760381893690965,10,8,31,0,1,1,43,1990_1994,2022,20.408107672258616,1.5197888700998508,0.09009693652686993,0.04649408862217877,9.428035430103776,Дээд STR регим
2022-22209-3,8.076253088655276,14,10.5,34,0,1,1,11,1985_1989,2022,24.05297052132284,0.9257993949993928,0.10941032188056851,0.041542638403930195,11.562001974364279,Дээд STR регим
2022-22212-2,8.225051953410587,10,10,37,0,1,1,21,1985_1989,2022,24.625141288888333,1.5183604930248034,0.07524372473681407,0.023589405149423603,7.814688993232388,Дээд STR регим
2022-22225-4,8.247936247244175,15,11,27,0,0,1,11,post1995,2022,19.576272791230142,1.0380060250036154,0.08935945826269712,0.02912048430564819,9.347364382711177,Дээд STR регим
2022-22234-3,8.528238212398334,12,12,25,0,0,1,11,post1995,2022,20.59674255558934,1.0650428339903726,0.08793809683018984,0.030005952264323624,9.19205265942562,Дээд STR регим
2022-22251-3,8.327567516936181,14,11,38,1,0,1,11,1980_1984,2022,26.798263191541174,0.8917086453369639,0.11279547770801655,0.038801906216005794,11.940296667463324,Дээд STR регим
2022-22258-4,8.671339056039006,14,15.5,31,1,1,1,11,1990_1994,2022,20.583862976361644,0.9881194944841533,0.13539611781109936,0.025575089029141886,14.499024556315643,Дээд STR регим
2022-22259-2,8.432928032594008,14,12,25,0,0,1,11,post1995,2022,20.59674255558934,1.0650428339903726,0.08793809683018984,0.030005952264323624,9.19205265942562,Дээд STR регим
2022-22284-4,7.922102408828017,14,10.5,26,1,0,1,21,post1995,2022,17.67859368046284,1.6851248053982848,0.17837087285644243,0.0524844122708308,19.52685316969218,Доод STR регим
2022-22290-2,8.6952922970615,17,16,26,0,0,1,85,post1995,2022,17.31213451181112,1.480116883457649,0.08190910774536143,0.04977789531200906,8.535715478724072,Доод STR регим
2022-22294-3,8.299396639969485,14,10.5,26,0,0,1,81,post1995,2022,16.257084139391747,1.8935722624044042,0.0922442309727605,0.0309484583735954,9.66326210288817,Доод STR регим
2022-22295-4,8.432928032594008,15,12,26,1,1,1,82,post1995,2022,16.87985262115368,2.208672675733575,0.209659335285891,0.061524954316253565,23.325786095069635,Доод STR регим
2022-22296-3,8.145245960142226,14,12,39,1,1,1,21,1980_1984,2022,26.19265965303557,1.506024096385542,0.08215823412574744,0.0298510386756515,8.562757957021393,Дээд STR регим
2022-22302-2,8.459245340911382,13,10,29,0,1,1,85,1990_1994,2022,19.53062264661216,1.422535999053971,0.0783739150075583,0.04800311760847513,8.152698224378652,Доод STR регим
2022-22307-2,8.374592455581045,15,13,31,0,0,1,23,1990_1994,2022,20.368875283599273,1.8135108907172597,0.04605597221301851,0.03537395092509333,4.713301966912775,Дээд STR регим
2022-22335-3,8.39470681977381,16,10,25,1,0,1,41,post1995,2022,22.92143703118831,2.091619929891003,0.11794076909766717,0.03200004370735879,12.517746411708908,Дээд STR регим
2022-22346-2,8.876544906666549,18,14,29,1,0,1,62,1990_1994,2022,23.021184542973273,1.2763711348688822,0.1361620610332381,0.04472059045723643,14.586757903208047,Дээд STR регим
2022-22353-4,7.31184288807384,11,8,30,0,0,1,11,1990_1994,2022,20.053299634997735,1.002709606891408,0.09705831076118904,0.028910134064013604,10.192462581139928,Дээд STR регим
2022-22353-3,7.899629552975958,11,8,33,0,0,1,11,1985_1989,2022,23.103916714538485,0.9478157109868292,0.11735271616341492,0.04233048386496628,12.451599471633322,Дээд STR регим
2022-22361-3,8.265873947930842,14,10,26,0,0,1,11,post1995,2022,19.814154327883934,1.0522298977933353,0.08766839309668809,0.02844124239367146,9.162607126118294,Дээд STR регим
2022-22367-3,8.933703320506497,8,8,29,0,1,1,11,1990_1994,2022,19.955776075935713,1.0130020360098193,0.08729399258007861,0.04333942313847405,9.121744239636055,Дээд STR регим
2022-22371-4,7.634420336376237,14,8,26,0,0,1,11,post1995,2022,19.814154327883934,1.0522298977933353,0.08766839309668809,0.02844124239367146,9.162607126118294,Дээд STR регим
2022-22417-3,8.209784481279797,8,9,31,0,0,1,11,1990_1994,2022,20.583862976361644,0.9881194944841533,0.08769269536055795,0.029516476740272354,9.165260056837354,Дээд STR регим
2022-22417-5,8.209784481279797,10,9,25,0,0,1,11,post1995,2022,20.59674255558934,1.0650428339903726,0.08793809683018984,0.030005952264323624,9.19205265942562,Дээд STR регим
2022-22417-4,8.076253088655276,10,9,28,0,0,1,11,1990_1994,2022,19.809893918706017,1.020533066128087,0.09230696525260691,0.029228317013218992,9.670141964461143,Дээд STR регим
2022-22424-3,8.615249589387963,10,9,33,0,1,1,11,1985_1989,2022,23.103916714538485,0.9478157109868292,0.1103948191333909,0.03726131279504492,11.671888541463638,Дээд STR регим
2022-22429-2,8.6952922970615,14,8,26,1,0,1,62,post1995,2022,21.757303688517347,1.2593690370688988,0.15469575943076916,0.05316955133808667,16.730276621745865,Дээд STR регим
2022-22440-3,7.698958857513808,10,12,32,0,1,1,11,1990_1994,2022,21.68181991784634,0.9717695664298076,0.09498775854636538,0.043362861401028886,9.964539378560744,Дээд STR регим
2022-22446-2,8.327567516936181,14,8,37,0,0,1,11,1985_1989,2022,26.638652277373453,0.8899269756791881,0.11007872602843163,0.025530874536473826,11.636595405730187,Дээд STR регим
2022-22469-3,8.432928032594008,14,14,26,0,0,1,62,post1995,2022,21.757303688517347,1.2593690370688988,0.12303359070793748,0.02839205942557336,13.092240879380013,Дээд STR регим
2022-22485-2,8.327567516936181,14,10,27,0,0,1,65,post1995,2022,18.417767093843562,1.7257175616071245,0.08707929898928474,0.046671334870372214,9.098319015244316,Доод STR регим
2022-22489-3,8.528238212398334,14,10,29,1,0,1,65,1990_1994,2022,19.751492179487045,1.715246341156099,0.12084317580586963,0.04831510766762813,12.844793055286452,Дээд STR регим
2022-22492-2,7.922102408828017,14,8,32,1,0,1,64,1990_1994,2022,24.396746650467417,1.5240735280602395,0.0986521812820963,0.05023989553538097,10.368235141013592,Дээд STR регим
2022-22503-2,8.327567516936181,10,10,35,0,0,1,43,1985_1989,2022,24.37806798184681,1.4641626558213043,0.1082054380002595,0.02689155554960693,11.42766366381489,Дээд STR регим
2022-22571-2,8.432928032594008,14,14,30,1,0,1,62,1990_1994,2022,22.64614036983738,1.2724293009873493,0.13141526691911518,0.027999938411433944,14.044127052582557,Дээд STR регим
2022-22573-3,8.209784481279797,14,14,25,0,0,1,11,post1995,2022,20.59674255558934,1.0650428339903726,0.08793809683018984,0.030005952264323624,9.19205265942562,Дээд STR регим
2022-22579-2,8.615249589387963,16,10,36,1,1,1,11,1985_1989,2022,26.356786375059315,0.8938341206482799,0.10986500084162686,0.035443939500229976,11.612738403034829,Дээд STR регим
2022-22597-3,7.098268787775781,11,8,38,0,0,1,11,1980_1984,2022,26.798263191541174,0.8917086453369639,0.105894819490389,0.028816364932333336,11.170494066475678,Дээд STR регим
2022-22609-2,7.611947480524178,10,11,37,1,0,1,11,1985_1989,2022,26.638652277373453,0.8899269756791881,0.11806674267509389,0.024084220331307252,12.531921567577186,Дээд STR регим
2022-22628-3,8.209784481279797,14,11.5,35,0,0,1,11,1985_1989,2022,25.242628873315546,0.9068776413462102,0.1084980705272849,0.03992845858453697,11.460275794065677,Дээд STR регим
2022-22667-3,8.74041273234197,16,13,36,1,0,1,11,1985_1989,2022,26.356786375059315,0.8938341206482799,0.1158147413654859,0.04714581220904984,12.27878467212653,Дээд STR регим
2022-22692-2,8.209784481279797,12,10,32,1,0,1,11,1990_1994,2022,21.68181991784634,0.9717695664298076,0.12752000603493624,0.044250055068703664,13.600759502145854,Дээд STR регим
2022-22693-2,8.002145116501554,12,11,33,1,0,1,11,1985_1989,2022,23.103916714538485,0.9478157109868292,0.10681531161966154,0.020674498632018052,11.272872743425545,Дээд STR регим
2022-22697-3,8.209784481279797,14,11,32,0,0,1,11,1990_1994,2022,21.68181991784634,0.9717695664298076,0.09676613027746829,0.0397786394792121,10.160271197196668,Дээд STR регим
2022-22698-2,8.528238212398334,11,10,25,0,1,1,11,post1995,2022,20.59674255558934,1.0650428339903726,0.08450468721216764,0.029627136066506507,8.817794474095365,Дээд STR регим
2022-22704-4,8.615249589387963,14,8,29,0,0,1,11,1990_1994,2022,19.955776075935713,1.0130020360098193,0.09046120436608783,0.03490336151928651,9.467903805062306,Дээд STR регим
2022-22722-2,7.7397808520340625,14,21,35,1,0,1,11,1985_1989,2022,25.242628873315546,0.9068776413462102,0.10779940358309385,0.033191975334739145,11.38242938130225,Дээд STR регим
2022-22723-2,8.148090912274458,14,11,35,0,0,1,11,1985_1989,2022,25.242628873315546,0.9068776413462102,0.1084980705272849,0.03992845858453697,11.460275794065677,Дээд STR регим
2022-22736-3,8.815920284850113,17,13,28,1,0,1,62,1990_1994,2022,22.641658752769864,1.2798553584782935,0.1379060329346982,0.03308534793977268,14.786768344872513,Дээд STR регим
2022-22745-3,8.661769605022856,16,10,30,1,1,1,81,1990_1994,2022,18.482730502650128,1.8915979675309096,0.16883260194996536,0.05964747804626477,18.392193611155182,Доод STR регим
2022-22746-2,7.786300867668955,14,8,32,1,0,1,62,1990_1994,2022,24.38067476155451,1.2882758563222214,0.1212905933457474,0.054548035606061876,12.895293091441795,Дээд STR регим
2022-22747-5,8.25630449691469,14,10,26,1,0,1,84,post1995,2022,17.966763319088752,1.1605681538099333,0.13906935980964008,0.027563141444817776,14.920380579659142,Доод STR регим
2022-22787-2,8.432928032594008,14,14,30,0,0,1,11,1990_1994,2022,20.053299634997735,1.002709606891408,0.09705831076118904,0.028910134064013604,10.192462581139928,Дээд STR регим
2022-22792-3,8.209784481279797,14,15,26,1,0,1,61,post1995,2022,12.211373199553226,0.8646244050570628,0.15243387621655724,0.030296510399819957,16.466544746256172,Доод STR регим
2022-22798-4,9.020714697496127,14,10,29,1,0,1,11,1990_1994,2022,19.955776075935713,1.0130020360098193,0.14246845957200804,0.047608123255893295,15.311671058922748,Дээд STR регим
2022-22802-2,9.126075213153953,14,10,32,0,1,1,11,1990_1994,2022,21.68181991784634,0.9717695664298076,0.09498775854636538,0.043362861401028886,9.964539378560744,Дээд STR регим
2022-22803-2,8.615249589387963,14,14,28,1,0,1,11,1990_1994,2022,19.809893918706017,1.020533066128087,0.1471167626382539,0.04875353101795042,15.848922339113525,Дээд STR регим
2022-22807-2,7.922102408828017,10,8,32,0,1,1,11,1990_1994,2022,21.68181991784634,0.9717695664298076,0.09498775854636538,0.043362861401028886,9.964539378560744,Дээд STR регим
2022-22809-3,7.922102408828017,10,8,30,1,1,1,11,1990_1994,2022,20.053299634997735,1.002709606891408,0.14165683703017443,0.03726165934889758,15.218119476776714,Дээд STR регим
2022-22809-4,7.922102408828017,10,8,38,0,0,1,11,1980_1984,2022,26.798263191541174,0.8917086453369639,0.105894819490389,0.028816364932333336,11.170494066475678,Дээд STR регим
2022-22814-4,8.838393140702172,14,12,35,1,0,1,11,1985_1989,2022,25.242628873315546,0.9068776413462102,0.10779940358309385,0.033191975334739145,11.38242938130225,Дээд STR регим
2022-22817-4,7.922102408828017,10,11,26,0,0,1,21,post1995,2022,17.67859368046284,1.6851248053982848,0.10864251090470096,0.03602763826348295,11.476376321123393,Доод STR регим
2022-22817-3,7.922102408828017,8,11,31,0,0,1,21,1990_1994,2022,18.17521304369243,1.545017281985095,0.06658548315382523,0.035862728278575735,6.885232903809491,Доод STR регим
2022-22827-3,9.126075213153953,14,12,34,1,0,1,62,1985_1989,2022,26.77460827839152,1.3320196249918492,0.11012526438696972,0.026504594349258323,11.641790910527327,Дээд STR регим
2022-22828-5,7.7397808520340625,14,13,25,1,0,1,81,post1995,2022,16.224682065659028,1.9122211930251658,0.17677206854408672,0.07540844820284638,19.335905805811148,Доод STR регим
2022-22828-3,8.058234583152597,14,13,29,0,0,1,81,1990_1994,2022,17.47543188568052,1.8944596907623652,0.07050708856454749,0.04448848167687291,7.305217580336487,Доод STR регим
2022-22836-3,8.432928032594008,16,12,25,1,0,1,11,post1995,2022,20.59674255558934,1.0650428339903726,0.15587902761300468,0.04434192415971046,16.868481594624107,Дээд STR регим
2022-22850-3,8.432928032594008,18,8,32,1,1,1,63,1990_1994,2022,20.27581690745423,1.9290966181736762,0.11980274156368143,0.031505627493003494,12.727446524799003,Дээд STR регим
2022-22854-2,8.528238212398334,12,10,26,0,0,1,11,post1995,2022,19.814154327883934,1.0522298977933353,0.08766839309668809,0.02844124239367146,9.162607126118294,Дээд STR регим
2022-22858-3,8.228133619947995,11,10,35,0,0,1,11,1985_1989,2022,25.242628873315546,0.9068776413462102,0.1084980705272849,0.03992845858453697,11.460275794065677,Дээд STR регим
2022-22864-2,8.209784481279797,11,10,35,0,0,1,11,1985_1989,2022,25.242628873315546,0.9068776413462102,0.1084980705272849,0.03992845858453697,11.460275794065677,Дээд STR регим
2022-22875-2,8.528238212398334,12,12,31,1,1,1,43,1990_1994,2022,20.408107672258616,1.5197888700998508,0.15247427092285212,0.07271050236594825,16.471249473146756,Дээд STR регим
2022-22877-2,8.076253088655276,14,14,35,1,0,1,62,1985_1989,2022,27.751495961574584,1.3752830541224506,0.09925238297638116,0.03055919635549524,10.434498226359267,Дээд STR регим
2022-22879-3,8.032450465996883,14,8,37,1,0,1,11,1985_1989,2022,26.638652277373453,0.8899269756791881,0.11806674267509389,0.024084220331307252,12.531921567577186,Дээд STR регим
2022-22924-3,7.978191875479061,14,12,36,0,1,1,65,1985_1989,2022,26.578366445916117,1.7136271529888552,0.0814202252575824,0.04808314765975915,8.482667236362861,Дээд STR регим
2022-22938-2,8.240556139946552,14,10,30,1,0,1,11,1990_1994,2022,20.053299634997735,1.002709606891408,0.13676963237718823,0.04573329065371682,14.656398687436333,Дээд STR регим
2022-22953-3,8.735877577176577,11,10,26,0,0,1,11,post1995,2022,19.814154327883934,1.0522298977933353,0.08766839309668809,0.02844124239367146,9.162607126118294,Дээд STR регим
2022-22958-4,8.838393140702172,14,13,38,1,0,1,85,1980_1984,2022,25.993743680485338,1.4973014402963625,0.07486464076545105,0.04087431983305662,7.773825918515254,Дээд STR регим
2022-22958-3,8.615249589387963,17,13,34,1,0,1,84,1985_1989,2022,25.67324397237249,1.1553645172795055,0.09864619051106066,0.023101558046467977,10.367573952167763,Дээд STR регим
2022-22969-3,8.479448048228901,14,6,28,0,0,1,62,1990_1994,2022,22.641658752769864,1.2798553584782935,0.11824621356795685,0.04251228088962377,12.552119584440359,Дээд STR регим
2022-22970-2,7.958470052998892,10,10,25,0,0,1,11,post1995,2022,20.59674255558934,1.0650428339903726,0.08793809683018984,0.030005952264323624,9.19205265942562,Дээд STR регим
2022-22977-3,8.042730396616632,14,12,33,0,0,1,11,1985_1989,2022,23.103916714538485,0.9478157109868292,0.11735271616341492,0.04233048386496628,12.451599471633322,Дээд STR регим
2022-22988-4,8.615249589387963,15,11,29,0,0,1,81,1990_1994,2022,17.47543188568052,1.8944596907623652,0.07050708856454749,0.04448848167687291,7.305217580336487,Доод STR регим
2022-22990-2,8.071479809902618,12,8,31,1,0,1,65,1990_1994,2022,21.388195372389056,1.7054802444084523,0.11949603446427065,0.0433601327629299,12.692877518202273,Дээд STR регим
2024-29-3,8.674143203858241,14,10,29,1,0,1,65,post1995,2024,18.417767093843562,1.7257175616071245,0.13442973814111076,0.04082180195171342,14.388428474260584,Доод STR регим
2024-52-3,7.958523167446239,14,12,28,0,0,1,11,post1995,2024,19.814154327883934,1.0522298977933353,0.083832893783313,0.022769607105154903,8.744715944411618,Дээд STR регим
2024-60-2,8.450999652544033,14,8,32,1,0,1,11,1990_1994,2024,20.053299634997735,1.002709606891408,0.13638284566869333,0.03534277102941305,14.612059691800017,Дээд STR регим
2024-62-2,8.497519668178926,14,10,31,0,0,1,11,1990_1994,2024,19.955776075935713,1.0130020360098193,0.090136029393582,0.023328809016740174,9.432313369325307,Дээд STR регим
2024-68-3,8.674143203858241,14,12,32,1,0,1,11,1990_1994,2024,20.053299634997735,1.002709606891408,0.13638284566869333,0.03534277102941305,14.612059691800017,Дээд STR регим
2024-89-2,9.057135456114349,10,10,26,0,0,1,61,post1995,2024,13.028247818657473,0.9671310340756376,0.09573808194130813,0.04634266892508815,10.047079307017848,Доод STR регим
2024-103-2,8.422828775577337,14,14,33,1,0,1,11,1990_1994,2024,20.583862976361644,0.9881194944841533,0.12631342609074983,0.02902782663578915,13.463773762828124,Дээд STR регим
2024-105-3,7.980996023298297,12,14,33,0,1,1,11,1990_1994,2024,20.583862976361644,0.9881194944841533,0.0987130454275427,0.03215769541575913,10.374952813760508,Дээд STR регим
2024-112-3,8.363988275554403,16,15,25,0,0,1,11,post1995,2024,21.614823005133367,1.0688331080463789,0.0752437025799251,0.02337008771290894,7.8146866043943275,Дээд STR регим
2024-113-2,8.852341043468334,10,10,25,0,1,1,45,post1995,2024,18.81405929223424,1.4396894608003916,0.06598003545512135,0.02679844446064688,6.8205390718645065,Доод STR регим
2024-117-2,8.450999652544033,16,10,27,1,0,1,48,post1995,2024,7.619990079988552,2.081011345626708,0.19438631070552873,0.03985165830507191,21.456539195296152,Доод STR регим
2024-126-5,8.363988275554403,16,12,30,1,1,1,11,1990_1994,2024,19.809893918706017,1.020533066128087,0.1434498605542494,0.05492392024963434,15.424893595430621,Дээд STR регим
2024-128-3,8.363988275554403,14,13,28,0,0,1,11,post1995,2024,19.814154327883934,1.0522298977933353,0.083832893783313,0.022769607105154903,8.744715944411618,Дээд STR регим
2024-128-4,8.605150332371291,14,13,25,0,1,1,11,post1995,2024,21.614823005133367,1.0688331080463789,0.07830821073658306,0.02299526573761868,8.145592363633058,Дээд STR регим
2024-128-5,8.531042360217569,14,13,25,0,0,1,11,post1995,2024,21.614823005133367,1.0688331080463789,0.0752437025799251,0.02337008771290894,7.8146866043943275,Дээд STR регим
2024-158-4,8.674143203858241,12,12,27,0,0,1,11,post1995,2024,20.59674255558934,1.0650428339903726,0.08279090520138381,0.0262503410349058,8.631464205808491,Дээд STR регим
2024-183-3,8.450999652544033,16,15,25,0,0,1,21,post1995,2024,18.64426410015905,1.7734758861652837,0.10019310337105314,0.028728351176913084,10.538435091215481,Доод STR регим
2024-197-3,8.268678095750078,12,12,31,0,0,1,11,1990_1994,2024,19.955776075935713,1.0130020360098193,0.090136029393582,0.023328809016740174,9.432313369325307,Дээд STR регим
2024-200-2,8.363988275554403,11,10,27,0,1,1,11,post1995,2024,20.59674255558934,1.0650428339903726,0.08388427805619109,0.02726026302597698,8.750303856133934,Дээд STR регим
2024-204-2,8.605150332371291,9,12,38,1,0,1,11,1985_1989,2024,26.356786375059315,0.8938341206482799,0.11515540832337867,0.031903388401323216,12.204779959021806,Дээд STR регим
2024-208-2,7.927751508779485,10,10,38,1,0,1,11,1985_1989,2024,26.356786375059315,0.8938341206482799,0.11515540832337867,0.031903388401323216,12.204779959021806,Дээд STR регим
2024-227-2,9.814821157811865,14,12,31,1,1,1,11,1990_1994,2024,19.955776075935713,1.0130020360098193,0.13876084872181374,0.027566102816437704,14.884931836479431,Дээд STR регим
2024-266-2,8.674143203858241,16,12,37,1,0,1,11,1985_1989,2024,25.242628873315546,0.9068776413462102,0.10425157042653664,0.027725929079177484,10.987963269027446,Дээд STR регим
2024-271-3,8.799306346812248,13,12,30,1,0,1,82,1990_1994,2024,17.783798133538447,2.167052275717396,0.14642147683278328,0.024970772864732985,15.768402223322608,Доод STR регим
2024-298-2,7.917701172925983,4,2,39,0,0,1,62,1985_1989,2024,26.726826208036236,1.472147286223582,0.09798701496430061,0.02254789822981853,10.294846319035344,Дээд STR регим
2024-302-2,8.738681724995814,16,12,33,0,0,1,82,1990_1994,2024,19.70783564261825,2.130294332091728,0.05137375919925353,0.04003963344416698,5.271628215692914,Дээд STR регим
2024-304-3,7.776201610652284,12,9.5,28,1,0,1,82,post1995,2024,16.87985262115368,2.208672675733575,0.12974777435770238,0.042957782332075055,13.85411778259893,Доод STR регим
2024-307-3,8.961825276310023,16,15,29,1,0,1,11,post1995,2024,19.576272791230142,1.0380060250036154,0.1351949130572233,0.02421220726231335,14.475989125757515,Дээд STR регим
2024-328-3,8.268678095750078,14,10,37,0,0,1,81,1985_1989,2024,23.40804774433093,1.9572230952796692,0.06920085957322794,0.022212089320449928,7.165143898281934,Дээд STR регим
2024-356-3,8.268678095750078,10,12,28,0,1,1,48,post1995,2024,7.506174670001444,2.0537109517849603,0.0961403638415227,0.03866873768307454,10.09135816088813,Доод STR регим
2024-376-4,8.921333914955285,17,10,27,0,1,1,22,post1995,2024,19.082633053221286,1.3964604173044413,0.08211772008851441,0.03711006311389822,8.558359730498966,Доод STR регим
2024-376-5,8.987291882747083,17,10,25,0,0,1,84,post1995,2024,18.064651307839238,1.21594138576767,0.0804993293914013,0.024279614850263347,8.382811981755033,Доод STR регим
2024-389-2,8.24620523989802,12,12,28,0,0,1,11,post1995,2024,19.814154327883934,1.0522298977933353,0.083832893783313,0.022769607105154903,8.744715944411618,Дээд STR регим
2024-409-2,9.588047838447077,12,8,35,1,1,1,11,1985_1989,2024,23.103916714538485,0.9478157109868292,0.0986353690411003,0.03959946892598757,10.36637961924387,Дээд STR регим
2024-436-2,8.450999652544033,11,10,27,0,0,1,11,post1995,2024,20.59674255558934,1.0650428339903726,0.08279090520138381,0.0262503410349058,8.631464205808491,Дээд STR регим
2024-465-3,8.24620523989802,10,10,39,1,0,1,11,1985_1989,2024,26.638652277373453,0.8899269756791881,0.11130092190056314,0.028028634926194312,11.773120605086728,Дээд STR регим
2024-478-3,8.140844724240193,15,12,31,0,0,1,11,1990_1994,2024,19.955776075935713,1.0130020360098193,0.090136029393582,0.023328809016740174,9.432313369325307,Дээд STR регим
2024-479-3,7.822390993121658,15,10.5,31,0,0,1,81,1990_1994,2024,17.47543188568052,1.8944596907623652,0.05444007319205852,0.03961896576862691,5.594919485301686,Доод STR регим
2024-480-4,8.491821647064288,15,12,28,1,1,1,11,post1995,2024,19.814154327883934,1.0522298977933353,0.142532738555574,0.0284888985825237,15.319083414158484,Дээд STR регим
2024-499-3,8.674143203858241,14,14,29,1,0,1,11,post1995,2024,19.576272791230142,1.0380060250036154,0.1351949130572233,0.02421220726231335,14.475989125757515,Дээд STR регим
2024-523-2,8.674143203858241,14,12,32,1,1,1,11,1990_1994,2024,20.053299634997735,1.002709606891408,0.1383273604854036,0.0340418567469214,14.83514136255959,Дээд STR регим
2024-542-3,8.605150332371291,15,10,25,1,1,1,11,post1995,2024,21.614823005133367,1.0688331080463789,0.15670852796123452,0.05623540815801226,16.965464258819907,Дээд STR регим
2024-544-2,8.651670348006183,19,16,30,0,0,1,11,1990_1994,2024,19.809893918706017,1.020533066128087,0.09524071449598565,0.01786544006613322,9.992359081475133,Дээд STR регим
2024-565-3,9.596131956847035,15,12,29,0,0,1,64,post1995,2024,17.98503388251919,1.5935576444826665,0.07548162967968958,0.023826842193040272,7.840341691989394,Доод STR регим
2024-566-4,8.674143203858241,11,11,25,1,1,1,11,post1995,2024,21.614823005133367,1.0688331080463789,0.15670852796123452,0.05623540815801226,16.965464258819907,Дээд STR регим
2024-570-3,8.450999652544033,15,10,25,0,0,1,82,post1995,2024,16.214277405095196,2.301862236976233,0.06365315764362536,0.056200184889041833,6.572269687964782,Доод STR регим
2024-573-3,8.68941067598903,17,9,28,1,0,1,85,post1995,2024,17.31213451181112,1.480116883457649,0.15011199444393294,0.04498627404745547,16.196436899481313,Доод STR регим
2024-602-3,8.448329423988154,16,14,29,1,0,1,62,post1995,2024,22.341735477328697,1.266945515870625,0.1354470268054323,0.03163706777909061,14.504853734885458,Дээд STR регим
2024-603-3,8.582677476519232,14,15.5,35,0,0,1,63,1985_1989,2024,21.61380410931578,1.899431544091039,0.0792659338477011,0.019249914486137238,8.249215510025799,Дээд STR регим
2024-603-4,9.008345291944917,15,15.5,31,1,0,1,63,1990_1994,2024,18.041717768140494,2.011483004558588,0.1351189446767902,0.033714709505364274,14.467292900588413,Доод STR регим
2024-623-2,8.856464760652196,16,14,37,0,1,1,11,1985_1989,2024,25.242628873315546,0.9068776413462102,0.0978565741484895,0.043710133020005905,10.280460307583672,Дээд STR регим
2024-636-6,7.735379616132029,10,3,27,1,0,1,42,post1995,2024,3.9800505692640584,1.4808429118773947,0.18113593120550475,0.05098416656912706,19.857809238545187,Доод STR регим
2024-645-3,8.315198111384971,15,10,25,1,0,1,11,post1995,2024,21.614823005133367,1.0688331080463789,0.14970673374380414,0.038882399934224786,16.149356590654772,Дээд STR регим
2024-651-3,8.605150332371291,15,15,25,0,0,1,11,post1995,2024,21.614823005133367,1.0688331080463789,0.0752437025799251,0.02337008771290894,7.8146866043943275,Дээд STR регим
2024-654-3,7.912003151811345,15,14,28,1,0,1,11,post1995,2024,19.814154327883934,1.0522298977933353,0.14102696738317888,0.025962445937831105,15.145569931311265,Дээд STR регим
2024-657-6,8.305045739920953,12,10,27,0,1,1,85,post1995,2024,16.894594370365798,1.4993097457877662,0.08459362791448086,0.06254309076598472,8.827473235571603,Доод STR регим
2024-671-2,7.735379616132029,14,8,38,1,0,1,82,1985_1989,2024,26.123756313543048,2.2380561023622048,0.07824891157384758,0.030476232622980395,8.139179610689684,Дээд STR регим
2024-692-2,8.422828775577337,12,12,34,0,0,1,81,1990_1994,2024,20.56359156990926,1.906636090013806,0.056219222600044395,0.021421248905886238,5.782955846580284,Дээд STR регим
2024-695-2,8.438577132545475,14,16,39,0,1,1,11,1985_1989,2024,26.638652277373453,0.8899269756791881,0.10363110011692428,0.027922692898299236,10.919119892938745,Дээд STR регим
2024-699-3,9.41381040005308,12,10,26,0,1,1,21,post1995,2024,18.06804563736354,1.742384626750325,0.10594314086099604,0.0317637660901503,11.175866106911169,Доод STR регим
2024-715-3,8.101624011086912,10,4,39,1,0,1,21,1985_1989,2024,24.625141288888333,1.5183604930248034,0.08859510723610624,0.02630240438401275,9.26381654649504,Дээд STR регим
2024-716-3,7.822390993121658,12,8,26,0,0,1,21,post1995,2024,18.06804563736354,1.742384626750325,0.09992041844426468,0.03551600851562056,10.508297035418845,Доод STR регим
2024-718-3,8.615302703835308,8,11,34,0,1,1,21,1990_1994,2024,19.557047327769425,1.5214777755665652,0.08125868241659259,0.019089033646158743,8.465144053509842,Дээд STR регим
2024-737-3,7.6888596004971355,11,11.5,32,0,1,1,21,1990_1994,2024,17.503120926731654,1.5723337356047673,0.08646328948606039,0.02230392500605538,9.031134109339911,Доод STR регим
2024-739-4,7.747214073779031,11,11,30,1,1,1,21,1990_1994,2024,17.456786171574905,1.6182262922756814,0.1611809808730291,0.027390407186915634,17.48975835640829,Доод STR регим
2024-749-4,7.516690415167199,14,10,25,1,0,1,21,post1995,2024,18.64426410015905,1.7734758861652837,0.160041026901683,0.053499383386148076,17.355901749458248,Доод STR регим
2024-754-4,9.033037904535288,8,9,30,0,0,1,21,1990_1994,2024,17.456786171574905,1.6182262922756814,0.09606672607772178,0.0170804310432935,10.083251577938345,Доод STR регим
2024-856-4,7.111225307059035,12,9,27,1,0,1,22,post1995,2024,19.082633053221286,1.3964604173044413,0.175267094796115,0.025040152143802397,19.156443477302254,Доод STR регим
2024-861-2,7.670841094994457,16,10,25,1,0,1,22,post1995,2024,20.20694495550377,1.4438612667202257,0.1680144200276081,0.033616764726031326,18.29536687493838,Дээд STR регим
2024-874-2,8.24620523989802,10,10,26,1,0,1,11,post1995,2024,21.121174184698198,1.0692867311059833,0.14203355523778552,0.03462055100590813,15.261532416939417,Дээд STR регим
2024-875-2,8.268678095750078,14,10,34,1,0,1,22,1990_1994,2024,21.916810097532988,1.2976546099921047,0.11526308941922193,0.039690358432536606,12.216862943229456,Дээд STR регим
2024-995-3,9.421778569702257,10,10,33,1,0,1,23,1990_1994,2024,20.368875283599273,1.8135108907172597,0.09769930502465626,0.03230659810890315,10.263117959958823,Дээд STR регим
2024-1005-2,8.531042360217569,16,10,39,0,0,1,23,1985_1989,2024,23.268315946348736,1.9690595768181975,0.0672410298338288,0.012645728728781516,6.955324134907825,Дээд STR регим
2024-1005-3,8.268678095750078,14,10,28,1,0,1,23,post1995,2024,17.81183800623053,1.8016932241399584,0.13942413802692455,0.03588275329464362,14.961159060641528,Доод STR регим
2024-1014-3,8.491821647064288,14,10,35,0,0,1,23,1985_1989,2024,22.193732193732195,1.8138962417330018,0.07407795771380189,0.02180411869876227,7.689075416516333,Дээд STR регим
2024-1099-3,8.045534544435869,12,8,26,0,0,0,23,post1995,2024,18.215373105764044,1.8278963905472674,0.07800460507263898,0.05242064613694928,8.112763732992146,Доод STR регим
2024-1168-3,8.268678095750078,15,12.5,30,1,0,1,41,1990_1994,2024,24.16820528868722,2.0265943765206895,0.1156135466526302,0.03141539671242792,12.256197046616224,Дээд STR регим
2024-1168-4,8.106159166252302,15,12.5,28,1,0,1,41,post1995,2024,22.54399195575666,2.0520235161763036,0.1169629855399445,0.05359042785632951,12.407782178686077,Дээд STR регим
2024-1202-3,7.980996023298297,14,10,32,1,1,1,41,1990_1994,2024,22.945585650503684,1.985115445314791,0.11765043145835248,0.03076000022208031,12.48508301677067,Дээд STR регим
2024-1329-3,8.217384801362527,16,12,28,1,0,0,41,post1995,2024,22.54399195575666,2.0520235161763036,0.11369547495422157,0.05541898377629675,12.041087975349797,Дээд STR регим
2024-1362-3,8.939352420457965,14,14,35,0,0,0,42,1985_1989,2024,22.08499622478697,1.4844006568144499,0.09059787640129821,0.03526529855084307,9.482866028701032,Дээд STR регим
2024-1382-2,8.894616526616574,14,4,27,0,0,0,23,post1995,2024,17.69292412617221,1.8113577394014886,0.08284510489606361,0.05603717323979513,8.637352157562228,Доод STR регим
2024-1418-3,8.716208869143754,10,8,32,0,0,1,43,1990_1994,2024,29.527604527604524,1.5482223542238862,0.08552777269301196,0.016431594321451207,8.929181349110848,Дээд STR регим
2024-1424-3,8.961825276310023,12,11,28,0,0,1,43,post1995,2024,36.26052285572802,1.6873780397575937,0.09468634641679599,0.02282778331409314,9.931399727166879,Дээд STR регим
2024-1441-5,7.822390993121658,10,10,31,0,1,1,43,1990_1994,2024,38.51660939289805,1.5758250358264287,0.0896421910203471,0.017836316327410257,9.378284835491325,Дээд STR регим
2024-1500-2,8.738681724995814,10,14,28,0,0,0,43,post1995,2024,36.26052285572802,1.6873780397575937,0.09719900599040542,0.017638318321236225,10.207967225609881,Дээд STR регим
2024-1558-3,8.228186734395342,16,8,27,1,0,1,44,post1995,2024,66.28115913620178,1.8265954400738822,0.12434547869826496,0.03485922467640493,13.240702593266128,Дээд STR регим
2024-1559-2,8.005043183081131,10,8,41,1,0,1,44,1980_1984,2024,25.2375337309236,1.8095238095238095,0.0696906023156036,0.027403511907418607,7.21764010351027,Дээд STR регим
2024-1573-3,7.933205359461948,12,9,31,1,0,1,44,1990_1994,2024,65.76839826839827,1.7682164667814524,0.1287304478128921,0.027898272358380202,13.738349863215982,Дээд STR регим
2024-1613-3,8.560698569800456,14,9,27,0,0,0,82,post1995,2024,16.608578439995778,2.2255495526104516,0.08062806148461445,0.05305897344608221,8.396765226105686,Доод STR регим
2024-1729-2,7.912003151811345,16,14,29,1,0,1,45,post1995,2024,18.52287788355755,1.2812198524549712,0.1724918194929851,0.040627422595534125,18.826209998878408,Доод STR регим
2024-1744-3,9.12167397725192,11,10,26,0,0,0,85,post1995,2024,16.788675177473976,1.5154368862991432,0.06587443151579786,0.06876000580111531,6.8092589977584606,Доод STR регим
2024-1772-3,8.268678095750078,14,12,33,0,0,0,45,1990_1994,2024,19.0867399170035,1.145461140503846,0.07931143747959318,0.02326302537995338,8.254141354552026,Доод STR регим
2024-1775-5,8.363988275554403,12,8,25,0,0,0,43,post1995,2024,36.74718025111726,1.793034935883192,0.09470256371163906,0.02548100513653121,9.933182531544848,Дээд STR регим
2024-1783-3,9.008345291944917,12,9,26,0,1,0,45,post1995,2024,18.308372800841973,1.4270057244324446,0.057688794168266895,0.06120587096533224,5.938525753453039,Доод STR регим
2024-1787-2,8.31746825991951,15,8,28,1,1,0,45,post1995,2024,18.1835498073051,1.33516497451351,0.17602453541363963,0.04798688725175751,19.246731597059696,Доод STR регим
2024-1789-3,8.67984122497288,11,9,34,0,0,0,45,1990_1994,2024,20.027369080797733,1.1055629749860185,0.09249089404005205,0.03066798307713887,9.690315315864751,Дээд STR регим
2024-1798-3,8.450999652544033,15,8,25,1,0,1,46,post1995,2024,18.970304975922954,1.7344740632050102,0.15576473506296878,0.03631452502267787,16.855125161128814,Доод STR регим
2024-1802-3,9.344817528566129,15,9.5,34,1,0,1,62,1990_1994,2024,24.38067476155451,1.2882758563222214,0.10571797174206271,0.033291205211695964,11.150835553252826,Дээд STR регим
2024-1899-3,8.531042360217569,16,12,25,0,0,0,46,post1995,2024,18.970304975922954,1.7344740632050102,0.036482558556336954,0.03389335101678299,3.7156214358312845,Доод STR регим
2024-1906-2,8.497519668178926,11,10,27,0,0,0,46,post1995,2024,18.68253902967842,1.7042699533151802,0.046168585405470745,0.023716947077446305,4.72509473013738,Доод STR регим
2024-1935-3,8.805821027833442,13,10,30,0,0,1,48,1990_1994,2024,7.789204812798279,2.0069697528801695,0.07770385775262936,0.020888470600840772,8.080253997893516,Доод STR регим
2024-1962-2,8.283945567880867,14,13,32,0,0,1,48,1990_1994,2024,13.230093440784248,1.9745657940485382,0.07129922108238904,0.03630005423971243,7.390251207019971,Доод STR регим
2024-1995-3,9.12167397725192,15,8,27,0,0,0,48,post1995,2024,7.619990079988552,2.081011345626708,0.10920637751984576,0.06771233851981986,11.53925185314899,Доод STR регим
2024-2039-2,7.884415195292516,15,8,32,0,0,0,48,1990_1994,2024,13.230093440784248,1.9745657940485382,0.07951514386287807,0.036071738806998696,8.276195660388153,Доод STR регим
2024-2078-3,8.045534544435869,14,12,31,1,0,1,81,1990_1994,2024,17.47543188568052,1.8944596907623652,0.16611165938436007,0.07340720353472888,18.070493114886578,Доод STR регим
2024-2078-4,8.16331758009225,10,12,29,0,0,1,81,post1995,2024,16.428311072925617,1.9027011095614204,0.07856032598824557,0.025871908154269437,8.172860954137363,Доод STR регим
2024-2090-2,9.115975956137282,19,14,30,0,0,1,44,1990_1994,2024,64.9016480595428,1.773770293326423,0.08360916351766226,0.016001487510504533,8.720389181643284,Дээд STR регим
2024-2092-4,8.363988275554403,14,12,34,1,0,1,61,1990_1994,2024,20.464542584215724,0.7836800001583974,0.10121339547767273,0.029872775294674282,10.65127413862308,Дээд STR регим
2024-2095-5,8.125577252109405,16,16.5,25,0,0,1,61,post1995,2024,13.330427384541053,1.0059066098828928,0.09458792741659929,0.0729102710961981,9.920580921112276,Доод STR регим
2024-2103-3,8.961825276310023,14,9,28,0,0,1,61,post1995,2024,12.211373199553226,0.8646244050570628,0.10399559439316591,0.04666603329573395,10.95955664630035,Доод STR регим
2024-2120-3,7.958523167446239,14,7.5,32,1,0,1,63,1990_1994,2024,18.55785415480581,1.981862074245216,0.12109953353752534,0.030875240500796854,12.87372539881979,Доод STR регим
2024-2155-3,7.265375986886293,16,10,30,0,0,1,61,1990_1994,2024,12.661237607582525,0.8376698108441282,0.08623287566688434,0.025576404375407126,9.006014723358646,Доод STR регим
2024-2170-2,7.549685374859434,10,4,37,1,0,1,85,1985_1989,2024,26.682849045519397,1.5003828704379822,0.09803316100060332,0.02028258906446374,10.299936106453455,Дээд STR регим
2024-2170-3,7.7999181372696,10,4,35,0,0,1,85,1985_1989,2024,23.75667108539254,1.4592979449842107,0.08743473926720872,0.01892196154232778,9.13710384451305,Дээд STR регим
2024-2211-3,8.531042360217569,14,12.5,41,1,0,1,62,1980_1984,2024,25.527311130759408,1.5228426395939088,0.07394278790314636,0.024863838883904886,7.674520088325254,Дээд STR регим
2024-2235-2,7.980996023298297,11,4,32,1,0,1,62,1990_1994,2024,22.64614036983738,1.2724293009873493,0.12763938115412826,0.04975587768389834,13.614321415813158,Дээд STR регим
2024-2368-2,8.363988275554403,16,12,30,1,0,1,63,1990_1994,2024,17.119660914624944,2.0290446060305576,0.13354007741823332,0.06016124136622919,14.286706837876984,Доод STR регим
2024-2380-2,8.674143203858241,10,10,36,0,0,1,63,1985_1989,2024,22.59259259259259,1.86878124588399,0.07460268361189502,0.028627564575395458,7.745597491330436,Дээд STR регим
2024-2397-2,9.10365547174924,12,10,36,1,0,1,63,1985_1989,2024,22.59259259259259,1.86878124588399,0.07369299661966956,0.045321199065962325,7.647627290687686,Дээд STR регим
2024-2406-3,8.531042360217569,14,10,35,1,0,1,63,1985_1989,2024,21.61380410931578,1.899431544091039,0.08421317655283168,0.035313300341533474,8.786077550216032,Дээд STR регим
2024-2510-2,8.363988275554403,16,10,32,1,0,1,64,1990_1994,2024,20.88054748834685,1.5492596994103947,0.1366671275247692,0.03758243689025956,14.644646452550836,Дээд STR регим
2024-2537-3,8.577562375852462,10,9,36,0,0,1,64,1985_1989,2024,25.684682760094,1.5238181228837382,0.09187377621357676,0.020189194903842866,9.622644349519094,Дээд STR регим
2024-2557-3,8.720663219493135,10,7,27,0,0,0,64,post1995,2024,17.88864468864469,1.6546977178108841,0.07376847491202379,0.04941605580896978,7.655752656412096,Доод STR регим
2024-2590-2,6.977693914434512,14,8,32,1,0,0,64,1990_1994,2024,20.88054748834685,1.5492596994103947,0.14301839219320456,0.063230054913242,15.375102148256747,Дээд STR регим
2024-2605-4,8.268678095750078,11,10,26,1,0,0,64,post1995,2024,17.93727422003284,1.6874481988597945,0.20175631801165267,0.03693497011634419,22.35498147289603,Доод STR регим
2024-2692-3,8.276510589393348,12,15,34,1,1,1,65,1990_1994,2024,23.381040929967888,1.7062866341828098,0.10089586944595401,0.02067480032886911,10.61614505613544,Дээд STR регим
2024-2702-2,7.757852471984087,16,8,27,1,0,1,65,post1995,2024,17.371639926844974,1.7500807400122191,0.1532540644433567,0.042182322684567834,16.562108419815825,Доод STR регим
2024-2706-3,7.3523873638759225,8,8,31,1,0,1,65,1990_1994,2024,19.751492179487045,1.715246341156099,0.1324019654090446,0.035135382757037883,14.156709753987418,Дээд STR регим
2024-2744-2,8.363988275554403,16,4,26,1,0,0,65,post1995,2024,17.337616882611826,1.773142755516095,0.2019365789770507,0.10256497126954335,22.377039287999388,Доод STR регим
2024-2768-3,8.268678095750078,17,4,31,0,0,0,65,1990_1994,2024,19.751492179487045,1.715246341156099,0.05331034206722997,0.03965472864535335,5.475692977764268,Дээд STR регим
2024-2778-2,7.776201610652284,12,8,27,1,0,0,65,post1995,2024,17.371639926844974,1.7500807400122191,0.16288958338370885,0.07073358295084753,17.690673245479218,Доод STR регим
2024-2794-2,8.674143203858241,14,18,27,1,0,0,65,post1995,2024,17.371639926844974,1.7500807400122191,0.16288958338370885,0.07073358295084753,17.690673245479218,Доод STR регим
2024-2833-2,8.25356445794003,8,4,39,1,0,0,65,1985_1989,2024,25.777002422045697,1.7181695373184735,0.0893860730207671,0.03170793790163623,9.350274675087999,Дээд STR регим
2024-2835-3,8.045534544435869,15,8,29,1,1,0,65,post1995,2024,18.417767093843562,1.7257175616071245,0.14582917654136082,0.07941615830110607,15.69985286785387,Доод STR регим
2024-2849-3,7.735379616132029,10,10,26,0,0,1,67,post1995,2024,22.31618080963059,1.3086896172068503,0.08442039186344037,0.0366670720218154,8.8086220267652,Дээд STR регим
2024-2877-3,7.655336908458493,11,7,27,0,0,1,67,post1995,2024,21.895638315917367,1.294441263451745,0.0953121419726628,0.0380575045519989,10.00021583872892,Дээд STR регим
2024-2903-2,8.450999652544033,12,10,30,0,0,1,67,1990_1994,2024,22.95030024405182,1.2723645727834134,0.10925496863481343,0.025583910378482223,11.544671801438788,Дээд STR регим
2024-2925-4,8.450999652544033,16,10,29,1,0,0,67,post1995,2024,22.50261913823421,1.27399991744335,0.13229731918345977,0.02579490792683871,14.144764310220182,Дээд STR регим
2024-2928-2,7.853162651788412,8,8,34,1,0,0,67,1990_1994,2024,22.472881852829083,1.2623327182966073,0.10770624701617008,0.03083739460819762,11.372053859846943,Дээд STR регим
2024-2944-3,8.045534544435869,9,10,29,0,0,0,67,post1995,2024,22.50261913823421,1.27399991744335,0.10369352753659752,0.03243751032932614,10.926044503526612,Дээд STR регим
2024-3001-3,8.507089119195076,9,10,27,0,0,0,67,post1995,2024,21.895638315917367,1.294441263451745,0.09266305167850941,0.052800712838949986,9.709200967119092,Дээд STR регим
2024-3007-2,8.239935626884424,14,4,31,0,0,0,67,1990_1994,2024,23.611474289672746,1.261268414785817,0.11125786904988492,0.027625990322400797,11.768308557202412,Дээд STR регим
2024-3021-3,8.450999652544033,14,9,37,0,0,0,67,1985_1989,2024,24.93376015505794,1.2982693104683594,0.10223896071901335,0.02098007351434095,10.764812449810979,Дээд STR регим
2024-3054-2,7.064705291424142,14,4,26,1,0,1,81,post1995,2024,16.322013477843548,1.930676291959717,0.18522671704913257,0.049718425200707114,20.34912611873272,Доод STR регим
2024-3143-3,8.268678095750078,16,6.5,32,1,0,0,81,1990_1994,2024,18.482730502650128,1.8915979675309096,0.16822042769529547,0.03760728066038879,18.319739137916848,Доод STR регим
2024-3143-6,8.16331758009225,16,6.5,31,1,0,0,81,1990_1994,2024,17.47543188568052,1.8944596907623652,0.17409205873170364,0.06049470571058307,19.01651258693111,Доод STR регим
2024-3154-2,8.16331758009225,14,8,25,0,0,0,81,post1995,2024,16.39616855933923,1.952452646932915,0.06137923516410627,0.033554029359962365,6.330207927370246,Доод STR регим
2024-3167-3,8.16331758009225,16,10,28,1,0,0,81,post1995,2024,16.257084139391747,1.8935722624044042,0.16542876153990635,0.05793540666502168,17.989890554434652,Доод STR регим
2024-3181-3,8.874813899320394,15,5.5,36,1,0,1,82,1985_1989,2024,25.798896411327856,2.090050646607916,0.08135310889850017,0.030829310432394983,8.47538651904478,Дээд STR регим
2024-3192-3,7.80437248761898,14,7,28,1,0,1,82,post1995,2024,16.87985262115368,2.208672675733575,0.12974777435770238,0.042957782332075055,13.85411778259893,Доод STR регим
2024-3207-2,8.67984122497288,12,8,37,0,0,1,82,1985_1989,2024,27.743079861087516,2.1504448818897637,0.08241430714188694,0.0150662672243555,8.590561509609728,Дээд STR регим
2024-3270-2,8.410508291189295,14,10,27,1,0,0,82,post1995,2024,16.608578439995778,2.2255495526104516,0.17363269243862017,0.05521762304503381,18.96185296808275,Доод STR регим
2024-3273-2,8.531042360217569,14,8,35,1,0,0,82,1985_1989,2024,22.78229017359452,2.1077206196661087,0.072411053421393215,0.02748420248931667,7.509717562177509,Дээд STR регим
2024-3323-4,7.735379616132029,14,16,25,0,1,1,83,post1995,2024,15.217660339864178,1.816340084881532,0.0572050687029748,0.06226280540716327,5.887292983087433,Доод STR регим
2024-3323-8,7.827902985029174,12,16,29,0,1,1,83,post1995,2024,16.288445749652645,1.731268820895838,0.08089118070210365,0.0314733955227061,8.425290250726846,Доод STR регим
2024-3325-3,8.014093018601049,14,13.5,30,1,0,1,83,1990_1994,2024,16.891363669887163,1.7315434082303012,0.1901553594175422,0.04294174917905654,20.943748056471833,Доод STR регим
2024-3325-4,8.359533925205023,14,13.5,27,0,0,1,83,post1995,2024,15.444730303230205,1.7669782027458318,0.06558312540219349,0.04404926242345868,6.778149339059758,Доод STR регим
2024-3329-3,7.622050930825026,14,9,26,1,0,1,83,post1995,2024,15.27144853670686,1.7878839654934087,0.16764104109331948,0.04900563468229123,18.25120612178386,Доод STR регим
2024-3331-5,7.884415195292516,14,13,29,1,1,1,83,post1995,2024,16.288445749652645,1.731268820895838,0.17783558106424902,0.03249901922354616,19.46288854763967,Доод STR регим
2024-3361-2,7.447697543680247,19,8,26,1,0,1,83,post1995,2024,15.27144853670686,1.7878839654934087,0.16764104109331948,0.04900563468229123,18.25120612178386,Доод STR регим
2024-3374-3,8.605150332371291,15,12,26,0,1,1,83,post1995,2024,15.27144853670686,1.7878839654934087,0.05821629868877936,0.05644241492635991,5.9944235465575035,Доод STR регим
2024-3375-3,7.185333279212757,15,10.5,27,0,0,1,83,post1995,2024,15.444730303230205,1.7669782027458318,0.06558312540219349,0.04404926242345868,6.778149339059758,Доод STR регим
2024-3385-2,7.775870977486766,10,8,31,0,1,0,83,1990_1994,2024,17.54980127747731,1.7236671891437996,0.08218986582231971,0.056367412054399574,8.56619203555271,Доод STR регим
2024-3403-2,7.875141558507187,11,8,29,0,1,0,83,post1995,2024,16.288445749652645,1.731268820895838,0.07332598199610314,0.03066039925018654,7.608126286446293,Доод STR регим
2024-3425-3,8.24620523989802,10,8,30,0,1,0,83,1990_1994,2024,16.891363669887163,1.7315434082303012,0.08737734428959672,0.029598712923940163,9.130840102636629,Доод STR регим
2024-3431-3,7.880921921422686,8,5.5,35,0,1,0,83,1985_1989,2024,21.18313880736241,1.7005562547323256,0.07121574214838725,0.04082197995727223,7.381286757503558,Дээд STR регим
2024-3438-2,7.640069436327704,15,10,32,0,1,0,83,1990_1994,2024,18.277485226637772,1.7106890804719728,0.06553849502085414,0.03640333591846732,6.773383895878604,Доод STR регим
2024-3450-4,8.315198111384971,14,7,29,1,0,0,83,post1995,2024,16.288445749652645,1.731268820895838,0.17221418814630393,0.03948151197375617,18.793224697264122,Доод STR регим
2024-3451-3,8.09205456007076,14,7.5,25,1,0,0,83,post1995,2024,15.217660339864178,1.816340084881532,0.14065383180328456,0.08358490842467754,15.102613037173885,Доод STR регим
2024-3514-3,7.601848223507506,13,9,29,1,0,1,84,post1995,2024,18.259557344064383,1.156224626385717,0.1350563411973539,0.049391799750297026,14.460127074076357,Доод STR регим
2024-3518-5,7.670841094994457,12,8,30,1,0,1,84,1990_1994,2024,19.019150876481913,1.1477111235742812,0.14681436768239992,0.024400771629021645,15.813895505592846,Доод STR регим
2024-3519-3,8.382750552009925,16,11,28,1,0,1,84,post1995,2024,17.966763319088752,1.1605681538099333,0.15306434198380814,0.026745809544969808,16.539996067587516,Доод STR регим
2024-3530-2,8.746980527810509,15,10,31,0,1,0,84,1990_1994,2024,20.14497360949013,1.1372159625595029,0.09101401347191983,0.01984611660458099,9.528435388745882,Дээд STR регим
2024-3531-2,8.531042360217569,11,4,28,0,0,0,84,post1995,2024,17.966763319088752,1.1605681538099333,0.08304799932889048,0.026670279723906832,8.659396307754097,Доод STR регим
2024-3609-3,8.372218774690918,15,9,27,0,0,0,84,post1995,2024,17.81186876802998,1.173425216809542,0.08493520524539917,0.03483202554270756,8.8646525828596,Доод STR регим
2024-3633-2,7.79344341708679,14,10,37,1,0,1,85,1985_1989,2024,26.682849045519397,1.5003828704379822,0.09803316100060332,0.02028258906446374,10.299936106453455,Дээд STR регим
2024-3753-3,8.16331758009225,18,20,33,1,0,1,11,1990_1994,2024,20.583862976361644,0.9881194944841533,0.12631342609074983,0.02902782663578915,13.463773762828124,Дээд STR регим
2024-3753-4,8.140844724240193,15,20,32,0,0,1,11,1990_1994,2024,20.053299634997735,1.002709606891408,0.09907457893531701,0.02656427804420202,10.414864271851677,Дээд STR регим
2024-3753-5,9.184968827624234,15,20,28,0,0,1,11,post1995,2024,19.814154327883934,1.0522298977933353,0.083832893783313,0.022769607105154903,8.744715944411618,Дээд STR регим
2024-3778-3,8.086356538956123,12,14,29,0,0,1,11,post1995,2024,19.576272791230142,1.0380060250036154,0.08352321952042198,0.02367506295172906,8.711045718328547,Дээд STR регим
2024-3783-3,9.057135456114349,16,11.5,26,0,0,1,11,post1995,2024,21.121174184698198,1.0692867311059833,0.06687377296811503,0.023397219099676778,6.916051269850709,Дээд STR регим
2024-3786-3,9.184968827624234,14,16.5,29,1,0,1,11,post1995,2024,19.576272791230142,1.0380060250036154,0.1351949130572233,0.02421220726231335,14.475989125757515,Дээд STR регим
2024-3813-3,8.538011029533662,14,10.5,32,1,0,1,11,1990_1994,2024,20.053299634997735,1.002709606891408,0.13638284566869333,0.03534277102941305,14.612059691800017,Дээд STR регим
2024-3843-3,8.568782688200416,16,15.5,25,1,0,1,11,post1995,2024,21.614823005133367,1.0688331080463789,0.14970673374380414,0.038882399934224786,16.149356590654772,Дээд STR регим
2024-3844-3,8.738681724995814,14,13,26,1,0,1,11,post1995,2024,21.121174184698198,1.0692867311059833,0.14203355523778552,0.03462055100590813,15.261532416939417,Дээд STR регим
2024-3854-2,8.268678095750078,14,12,37,1,0,1,11,1985_1989,2024,25.242628873315546,0.9068776413462102,0.10425157042653664,0.027725929079177484,10.987963269027446,Дээд STR регим
2024-3857-2,8.268678095750078,16,11,25,1,0,1,11,post1995,2024,21.614823005133367,1.0688331080463789,0.14970673374380414,0.038882399934224786,16.149356590654772,Дээд STR регим
2024-3858-2,8.90298477628709,11,8,29,0,0,1,11,post1995,2024,19.576272791230142,1.0380060250036154,0.08352321952042198,0.02367506295172906,8.711045718328547,Дээд STR регим
2024-3864-3,8.217384801362527,14,11,25,1,0,1,84,post1995,2024,18.064651307839238,1.21594138576767,0.14597799112820642,0.019199925390079708,15.717071974851882,Доод STR регим
2024-3880-3,8.16331758009225,14,10,29,1,0,1,11,post1995,2024,19.576272791230142,1.0380060250036154,0.1351949130572233,0.02421220726231335,14.475989125757515,Дээд STR регим
2024-3884-3,9.344817528566129,12,8,33,0,0,1,21,1990_1994,2024,18.17521304369243,1.545017281985095,0.0815289668739696,0.022782963755135017,8.494464458361017,Доод STR регим
2024-3901-3,8.738681724995814,8,12,28,1,0,1,11,post1995,2024,19.814154327883934,1.0522298977933353,0.14102696738317888,0.025962445937831105,15.145569931311265,Дээд STR регим
2024-3909-2,8.450999652544033,8,10,30,0,0,1,82,1990_1994,2024,17.783798133538447,2.167052275717396,0.07870641617825547,0.02419532062522968,8.188665102335468,Доод STR регим
2024-3942-3,8.086356538956123,14,13,27,0,0,1,11,post1995,2024,20.59674255558934,1.0650428339903726,0.08279090520138381,0.0262503410349058,8.631464205808491,Дээд STR регим
2024-3950-3,8.071851852753241,14,10,33,0,0,1,11,1990_1994,2024,20.583862976361644,0.9881194944841533,0.09972856268629743,0.028107796336523366,10.487097416029002,Дээд STR регим
2024-3953-2,8.061707403681469,14,12,28,1,0,1,11,post1995,2024,19.814154327883934,1.0522298977933353,0.14102696738317888,0.025962445937831105,15.145569931311265,Дээд STR регим
2024-3983-3,8.674143203858241,15,10,30,1,0,1,65,1990_1994,2024,18.995397334847908,1.7185857418044381,0.12911109330304402,0.030078582855399574,13.781652094025333,Доод STR регим
2024-3994-2,8.101624011086912,16,10,26,1,0,1,11,post1995,2024,21.121174184698198,1.0692867311059833,0.14203355523778552,0.03462055100590813,15.261532416939417,Дээд STR регим
2024-4033-4,8.759883932646417,16,11,38,1,0,1,11,1985_1989,2024,26.356786375059315,0.8938341206482799,0.11515540832337867,0.031903388401323216,12.204779959021806,Дээд STR регим
2024-4043-2,9.008345291944917,14,10,38,1,0,1,11,1985_1989,2024,26.356786375059315,0.8938341206482799,0.11515540832337867,0.031903388401323216,12.204779959021806,Дээд STR регим
2024-4043-3,8.02751603893319,14,10,35,0,0,1,11,1985_1989,2024,23.103916714538485,0.9478157109868292,0.11419597114086932,0.02559616199429509,12.097178147917198,Дээд STR регим
2024-4043-4,8.587131826868612,14,10,27,0,0,1,11,post1995,2024,20.59674255558934,1.0650428339903726,0.08279090520138381,0.0262503410349058,8.631464205808491,Дээд STR регим
2024-4045-2,8.100022729719937,13,10,30,0,0,1,11,1990_1994,2024,19.809893918706017,1.020533066128087,0.09524071449598565,0.01786544006613322,9.992359081475133,Дээд STR регим
2024-4045-5,8.09205456007076,15,10,34,1,0,1,11,1990_1994,2024,21.68181991784634,0.9717695664298076,0.1270561650101613,0.040805496460768274,13.548079028070227,Дээд STR регим
2024-4049-2,9.10365547174924,14,4,31,0,0,1,11,1990_1994,2024,19.955776075935713,1.0130020360098193,0.090136029393582,0.023328809016740174,9.432313369325307,Дээд STR регим
2024-4052-2,8.769453383662567,14,10,39,1,0,1,64,1985_1989,2024,26.353574366126665,1.5649192135350571,0.09291710388637571,0.022900968556585483,9.73707637260226,Дээд STR регим
2024-4052-4,8.459298455358727,14,10,35,1,0,1,64,1985_1989,2024,25.955434641792976,1.5293441053289185,0.09767296181522063,0.02170634964924779,10.260213313808396,Дээд STR регим
2024-4061-3,7.958523167446239,10,10,38,1,1,1,11,1985_1989,2024,26.356786375059315,0.8938341206482799,0.11284146099332731,0.03114450599803884,11.945444168411345,Дээд STR регим
2024-4063-3,8.16331758009225,10,9,29,0,0,1,65,post1995,2024,18.417767093843562,1.7257175616071245,0.07458599321159273,0.03350385670267667,7.74379918918473,Доод STR регим
2024-4065-3,9.375589187232883,14,11,30,1,0,1,65,1990_1994,2024,18.995397334847908,1.7185857418044381,0.12911109330304402,0.030078582855399574,13.781652094025333,Доод STR регим
2024-4076-3,8.268678095750078,16,10,26,1,0,1,63,post1995,2024,16.994168939228373,2.199427547164256,0.16652596477987322,0.0405445251104621,18.11942049197326,Доод STR регим
2024-4080-2,8.674143203858241,13,12,40,0,1,1,11,1980_1984,2024,26.798263191541174,0.8917086453369639,0.10274475559236138,0.028706002122600473,10.820850894879875,Дээд STR регим
2024-4082-3,8.8282938836855,17,12,40,0,0,1,11,1980_1984,2024,26.798263191541174,0.8917086453369639,0.10424910897568052,0.029301414928200004,10.987690077946466,Дээд STR регим
2024-4084-2,8.450999652544033,16,13,37,1,0,1,11,1985_1989,2024,25.242628873315546,0.9068776413462102,0.10425157042653664,0.027725929079177484,10.987963269027446,Дээд STR регим
2024-4085-3,8.140844724240193,16,10,25,0,0,1,43,post1995,2024,36.74718025111726,1.793034935883192,0.09048757549763878,0.02835562043335276,9.470790635618487,Дээд STR регим
2024-4088-4,8.363988275554403,11,4.5,29,0,0,1,85,post1995,2024,17.76202100276734,1.4559588427726506,0.07866994763958986,0.030944250928597566,8.18471969176111,Доод STR регим
2024-4117-3,8.045534544435869,15,9,31,1,0,1,41,1990_1994,2024,26.439452439452438,2.008083335537286,0.10706439732452747,0.03258330695732643,11.300592677541644,Дээд STR регим
2024-4182-3,7.958523167446239,15,10,29,0,1,1,11,post1995,2024,19.576272791230142,1.0380060250036154,0.08581320675368868,0.02836822548643515,8.960277885463718,Дээд STR регим
2024-4182-8,7.840740131789855,16,10,37,1,0,1,11,1985_1989,2024,25.242628873315546,0.9068776413462102,0.10425157042653664,0.027725929079177484,10.987963269027446,Дээд STR регим
2024-4193-2,8.450999652544033,17,17,26,1,0,1,11,post1995,2024,21.121174184698198,1.0692867311059833,0.14203355523778552,0.03462055100590813,15.261532416939417,Дээд STR регим
2024-4194-2,8.268678095750078,14,15,40,1,0,1,11,1980_1984,2024,26.798263191541174,0.8917086453369639,0.10903901127812142,0.0292612946745432,11.520585509863013,Дээд STR регим
2024-4208-5,8.268678095750078,10,10,27,1,1,1,11,post1995,2024,20.59674255558934,1.0650428339903726,0.16095214984696143,0.05838444995544706,17.462876130312143,Дээд STR регим
2024-4229-3,8.268678095750078,15,9,32,1,0,1,11,1990_1994,2024,20.053299634997735,1.002709606891408,0.13638284566869333,0.03534277102941305,14.612059691800017,Дээд STR регим
2024-4229-4,8.450999652544033,16,9,25,0,0,1,11,post1995,2024,21.614823005133367,1.0688331080463789,0.0752437025799251,0.02337008771290894,7.8146866043943275,Дээд STR регим
2024-4230-3,8.856464760652196,14,8,27,1,0,1,48,post1995,2024,7.619990079988552,2.081011345626708,0.19438631070552873,0.03985165830507191,21.456539195296152,Доод STR регим
2024-4259-3,8.164375221650387,17,15,26,1,0,1,11,post1995,2024,21.121174184698198,1.0692867311059833,0.14203355523778552,0.03462055100590813,15.261532416939417,Дээд STR регим
2024-4271-3,8.68941067598903,15,16,29,1,0,1,43,post1995,2024,36.541956723020476,1.6433664957460496,0.11541673375752531,0.029639346297455946,12.234105753479007,Дээд STR регим
2024-4283-3,7.917701172925983,11,16,26,0,0,1,64,post1995,2024,17.93727422003284,1.6874481988597945,0.0817967252161263,0.03132468825710306,8.523518645874528,Доод STR регим
2024-4290-3,8.951774940456522,16,11,31,1,1,1,81,1990_1994,2024,17.47543188568052,1.8944596907623652,0.1730044519576559,0.06577659374890776,18.88713978773722,Доод STR регим
2024-4291-2,8.660720183526102,15,8,34,1,0,1,62,1990_1994,2024,24.38067476155451,1.2882758563222214,0.10571797174206271,0.033291205211695964,11.150835553252826,Дээд STR регим
2024-4292-3,8.856464760652196,15,12,27,1,0,1,84,post1995,2024,17.81186876802998,1.173425216809542,0.17079967848785904,0.02572322326159439,18.625309320530747,Доод STR регим
2024-4292-4,8.794771191646857,16,12,26,0,0,1,84,post1995,2024,17.845153450669294,1.1887605859298676,0.07773315408297812,0.038760051144754816,8.08342039910055,Доод STR регим
2024-4302-2,8.140844724240193,9,10,31,0,1,1,11,1990_1994,2024,19.955776075935713,1.0130020360098193,0.08988716320985253,0.01886210749847573,9.405082755650396,Дээд STR регим
2024-4302-5,9.41381040005308,15,10,28,1,0,1,11,post1995,2024,19.814154327883934,1.0522298977933353,0.14102696738317888,0.025962445937831105,15.145569931311265,Дээд STR регим
2024-4311-3,8.507089119195076,14,14,36,1,1,1,45,1985_1989,2024,23.884039249458493,1.0282947473008386,0.09824881538524956,0.04376683335553421,10.323725336334677,Дээд STR регим
2024-4316-2,8.268678095750078,15,12,29,1,0,1,11,post1995,2024,19.576272791230142,1.0380060250036154,0.1351949130572233,0.02421220726231335,14.475989125757515,Дээд STR регим
2024-4329-2,8.531042360217569,11,15,28,0,0,1,11,post1995,2024,19.814154327883934,1.0522298977933353,0.083832893783313,0.022769607105154903,8.744715944411618,Дээд STR регим
2024-4333-2,8.24620523989802,13,3,29,0,1,1,11,post1995,2024,19.576272791230142,1.0380060250036154,0.08581320675368868,0.02836822548643515,8.960277885463718,Дээд STR регим
2024-4370-3,8.268678095750078,14,14,40,1,0,1,21,1980_1984,2024,25.616938504725198,1.4926570186069723,0.09070785820836817,0.022786269921389535,9.494907814326602,Дээд STR регим
2024-4370-4,8.397071310518477,14,14,37,1,0,1,21,1985_1989,2024,24.234704305030984,1.4958916250210248,0.10254240891226944,0.030378231389858793,10.798428932197691,Дээд STR регим
2024-4381-3,8.140844724240193,11,12,32,1,0,1,11,1990_1994,2024,20.053299634997735,1.002709606891408,0.13638284566869333,0.03534277102941305,14.612059691800017,Дээд STR регим
2024-4388-2,8.856464760652196,12,10,30,0,0,1,11,1990_1994,2024,19.809893918706017,1.020533066128087,0.09524071449598565,0.01786544006613322,9.992359081475133,Дээд STR регим
2024-4388-3,8.674143203858241,12,10,26,0,0,1,11,post1995,2024,21.121174184698198,1.0692867311059833,0.06687377296811503,0.023397219099676778,6.916051269850709,Дээд STR регим
2024-4389-2,9.184968827624234,12,12,40,0,1,1,21,1980_1984,2024,25.616938504725198,1.4926570186069723,0.0808434978164489,0.013526254130819622,8.420120343268778,Дээд STR регим
2024-4395-2,8.531042360217569,14,12,31,1,0,1,84,1990_1994,2024,20.14497360949013,1.1372159625595029,0.14355067527571977,0.03202348968063792,15.436530710515605,Дээд STR регим
2024-4395-3,8.045534544435869,14,12,27,0,0,1,84,post1995,2024,17.81186876802998,1.173425216809542,0.09042826646024454,0.03615375110862723,9.46429822093442,Доод STR регим
2024-4396-4,8.674143203858241,11,14,30,0,1,1,48,1990_1994,2024,7.789204812798279,2.0069697528801695,0.08303490517149424,0.02183326788092143,8.65797351383144,Доод STR регим
2024-4412-2,7.216585822716861,14,11,26,0,0,1,21,post1995,2024,18.06804563736354,1.742384626750325,0.09992041844426468,0.03551600851562056,10.508297035418845,Доод STR регим
2024-4445-2,8.531042360217569,14,11,28,1,0,1,21,post1995,2024,17.67859368046284,1.6851248053982848,0.1632115250864966,0.02723255436792597,17.728568880991503,Доод STR регим
2024-4446-2,7.3787046721932965,14,8,36,1,0,1,21,1985_1989,2024,22.834960164922418,1.5076205308910147,0.081429458235427285,0.040632991139085695,8.483668859049986,Дээд STR регим
2024-4456-2,8.90298477628709,9,9,28,0,0,1,21,post1995,2024,17.67859368046284,1.6851248053982848,0.09779384342470257,0.02989991221862257,10.273542551469216,Доод STR регим
2024-4479-2,7.265375986886293,16,8,31,1,1,0,21,1990_1994,2024,17.316872272435916,1.598225473926412,0.18288804808225123,0.05282781126359798,20.06799821297478,Доод STR регим
2024-4536-2,8.90298477628709,14,10,40,1,0,0,21,1980_1984,2024,25.616938504725198,1.4926570186069723,0.09098213383426902,0.025945179166868195,9.524943717570133,Дээд STR регим
2024-4552-4,8.304396178352157,11,5,27,0,0,0,21,post1995,2024,17.78749953288014,1.7097834887258332,0.093355968030993,0.04772361044070671,9.785246610079223,Доод STR регим
2024-4561-2,8.045534544435869,10,12,37,1,0,1,22,1985_1989,2024,27.124418791085457,1.315044616051925,0.11232566802109341,0.018131461879271383,11.887718383592528,Дээд STR регим
2024-4566-3,7.80437248761898,11,8,29,1,0,1,22,post1995,2024,19.300045599635204,1.3398775256283817,0.13910909874680583,0.02886632342012306,14.924947484183427,Доод STR регим
2024-4593-2,7.655336908458493,11,10,25,1,0,1,22,post1995,2024,20.20694495550377,1.4438612667202257,0.1680144200276081,0.033616764726031326,18.29536687493838,Дээд STR регим
2024-4611-2,8.196934190891236,14,13,36,0,0,1,22,1985_1989,2024,25.121916788583455,1.2896689629890072,0.10711382071925357,0.022239877491182662,11.306093666604443,Дээд STR регим
2024-4759-3,8.363988275554403,10,10,30,0,0,1,23,1990_1994,2024,18.127322122715462,1.8161165549766287,0.06549157123325847,0.018111582318564225,6.768373801839012,Доод STR регим
2024-4877-3,8.856464760652196,10,11,25,0,0,1,41,post1995,2024,23.759800805255352,2.1875923164301594,0.0708688832582191,0.043919686574612433,7.344047062387049,Дээд STR регим
2024-4899-2,8.674143203858241,10,8,35,0,0,1,41,1985_1989,2024,20.77424150211307,1.8996243294657593,0.06729092485923946,0.021370091365469267,6.960660806658914,Дээд STR регим
2024-4906-2,8.045534544435869,8,8,41,0,0,1,85,1980_1984,2024,25.874658002735977,1.5028901734104045,0.08029586651598812,0.014440202034992376,8.36076234640104,Дээд STR регим
2024-4971-3,8.605150332371291,16,10,26,1,0,0,41,post1995,2024,23.64579288923401,2.148592719006649,0.11803095084414895,0.06028909313093801,12.527893916143483,Дээд STR регим
2024-5001-3,8.842478518677456,14,8,41,1,1,0,41,1980_1984,2024,23.50718965370544,2.1465968586387434,0.06877114727771577,0.036293904081593435,7.1191036110457295,Дээд STR регим
2024-5036-3,9.008345291944917,14,10,32,0,1,1,48,1990_1994,2024,13.230093440784248,1.9745657940485382,0.07715733010711295,0.03841288701636464,8.021201289587921,Доод STR регим
2024-5036-4,9.008345291944917,14,10,35,1,1,1,48,1985_1989,2024,22.97225470394387,1.9511383770098105,0.07015042380647789,0.02235649313266562,7.266952415192152,Дээд STR регим
2024-5115-3,8.961825276310023,14,10,37,1,0,1,43,1985_1989,2024,24.37806798184681,1.4641626558213043,0.11059955482272639,0.030628179979584537,11.694754103161964,Дээд STR регим
2024-5119-2,8.450999652544033,12,10,33,0,0,1,43,1990_1994,2024,20.408107672258616,1.5197888700998508,0.07146939136592353,0.02956828279448989,7.408527391504349,Дээд STR регим
2024-5186-3,8.268678095750078,10,10,39,1,0,0,43,1985_1989,2024,25.622336367072087,1.475591263726857,0.09685690682409494,0.03130544967693093,10.17027162008648,Дээд STR регим
2024-5202-2,8.961825276310023,12,12,25,0,0,0,43,post1995,2024,36.74718025111726,1.793034935883192,0.09470256371163906,0.02548100513653121,9.933182531544848,Дээд STR регим
2024-5242-2,8.491821647064288,16,8,27,1,0,1,44,post1995,2024,66.28115913620178,1.8265954400738822,0.12434547869826496,0.03485922467640493,13.240702593266128,Дээд STR регим
2024-5245-2,7.935533649221539,12,10,28,1,1,1,44,post1995,2024,66.27446860664637,1.8007171885319138,0.12744876543064612,0.03265427774671561,13.592666803658894,Дээд STR регим
2024-5279-2,8.450999652544033,11,8,35,0,1,1,44,1985_1989,2024,23.94017581915744,1.723243035273727,0.07294896888212238,0.03536356659434177,7.567564258354098,Дээд STR регим
2024-5289-3,9.126128327601299,14,10,32,0,0,1,44,1990_1994,2024,43.34994992260767,1.7632199316414159,0.07697225927808643,0.01546190197823283,8.001211566127232,Дээд STR регим
2024-5352-3,8.16331758009225,14,8,30,1,1,0,44,1990_1994,2024,64.9016480595428,1.773770293326423,0.14009388582468904,0.02568889264157406,15.038179833118171,Дээд STR регим
2024-5352-4,8.268678095750078,11,8,28,0,1,0,44,post1995,2024,66.27446860664637,1.8007171885319138,0.09614033312162394,0.023956741663743394,10.091354778892804,Дээд STR регим
2024-5403-2,8.746980527810509,11,10,34,1,0,1,43,1990_1994,2024,21.56273260538518,1.494026438253195,0.12476407115908585,0.02327640618514706,13.288114220012194,Дээд STR регим
2024-5406-4,7.822390993121658,12,10,25,1,0,1,45,post1995,2024,18.81405929223424,1.4396894608003916,0.1525656707346519,0.03400643568717628,16.481895409939582,Доод STR регим
2024-5423-2,8.720663219493135,12,12,29,0,1,1,82,post1995,2024,17.050691755270783,2.184474666884017,0.08019410107517681,0.03427235984277796,8.3497355267383,Доод STR регим
2024-5426-2,7.622050930825026,10,8,36,0,1,1,45,1985_1989,2024,23.884039249458493,1.0282947473008386,0.1002089899438558,0.018135303075737384,10.540191182061154,Дээд STR регим
2024-5428-3,8.667454215707446,16,8,25,0,0,1,45,post1995,2024,18.81405929223424,1.4396894608003916,0.06614284446227253,0.031638482226582935,6.837931833584854,Доод STR регим
2024-5450-2,8.118865817521417,14,14,31,0,1,1,43,1990_1994,2024,38.51660939289805,1.5758250358264287,0.0896421910203471,0.017836316327410257,9.378284835491325,Дээд STR регим
2024-5452-2,7.7134007094132535,14,12,38,1,0,1,45,1985_1989,2024,23.994292151354614,0.9535779403149253,0.11788421685832202,0.027763158390282802,12.511383461104518,Дээд STR регим
2024-5454-2,8.694229962424979,14,10,27,0,0,1,45,post1995,2024,17.98855912837071,1.393159194618173,0.07925372070683039,0.0340024174100571,8.247893455180865,Доод STR регим
2024-5455-3,8.98191203487676,14,14,25,0,0,1,63,post1995,2024,16.755680672121514,2.235759227865182,0.04762753237403102,0.025654731642815305,4.877994598905189,Доод STR регим
2024-5462-2,8.486590597646735,14,10,37,1,0,1,45,1985_1989,2024,24.17985822406993,1.0061055954951834,0.11884179114418289,0.022508532490053433,12.619173068815348,Дээд STR регим
2024-5488-2,8.428526796691974,11,15,35,0,0,0,11,1985_1989,2024,23.103916714538485,0.9478157109868292,0.11472659220142137,0.03012018746405241,12.156675055230991,Дээд STR регим
2024-5532-2,8.687388430608262,14,14,34,0,1,1,11,1990_1994,2024,21.68181991784634,0.9717695664298076,0.10519187476678968,0.03619039738703439,11.09237481422658,Дээд STR регим
2024-5549-3,8.651670348006183,12,12.5,25,0,0,1,46,post1995,2024,18.970304975922954,1.7344740632050102,0.0393298165696857,0.02961855916426556,4.0113473743134564,Доод STR регим
2024-5575-3,8.633321209337987,16,8,26,1,1,0,46,post1995,2024,18.77487352445194,1.718244651755898,0.16616964706932777,0.0825042981911543,18.07733994795939,Доод STR регим
2024-5682-3,8.720663219493135,15,6,25,0,0,0,48,post1995,2024,7.953195796780102,2.1678972712725377,0.06520041787514426,0.04468473031781941,6.737292356219404,Доод STR регим
2024-5742-2,8.759883932646417,15,4,27,0,0,0,48,post1995,2024,7.619990079988552,2.081011345626708,0.10920637751984576,0.06771233851981986,11.53925185314899,Доод STR регим
2024-5759-2,8.495813668333826,14,13,41,1,0,0,48,1980_1984,2024,25.066286153783878,2.0833333333333335,0.0697130674129155,0.01607132650246403,7.220048785284283,Дээд STR регим
2024-5763-3,8.268678095750078,14,10,37,1,0,1,61,1985_1989,2024,24.50107773710216,0.8005597644523269,0.0957765221144639,0.032865452635913665,10.051309617108096,Дээд STR регим
2024-5769-2,9.868065672330676,10,8,29,0,0,1,61,post1995,2024,12.14290593978759,0.8560938471253072,0.10559710502092508,0.04137481935354662,11.137401928063273,Доод STR регим
2024-5782-2,8.106159166252302,15,10,29,0,0,1,81,post1995,2024,16.428311072925617,1.9027011095614204,0.07856032598824557,0.025871908154269437,8.172860954137363,Доод STR регим
2024-5811-2,8.323166281034148,10,12,37,0,0,1,81,1985_1989,2024,23.40804774433093,1.9572230952796692,0.06920085957322794,0.022212089320449928,7.165143898281934,Дээд STR регим
2024-5812-3,8.063883683104065,11,10,29,0,0,1,63,post1995,2024,16.416426710544357,2.0695101745503472,0.08149001576926723,0.024837270571761917,8.490238561418483,Доод STR регим
2024-5853-3,7.927751508779485,15,10,26,1,0,1,85,post1995,2024,16.788675177473976,1.5154368862991432,0.1648687515851476,0.027283206956935264,17.923833539182677,Доод STR регим
2024-5855-2,7.9097330032768065,12,10,31,0,1,1,61,1990_1994,2024,13.459406642133894,0.8203151183234645,0.08054591214121154,0.025053956287732514,8.38786086876393,Доод STR регим
2024-5869-2,7.927751508779485,12,10,27,1,0,1,62,post1995,2024,21.7248104945242,1.2593120609077246,0.17342915359099217,0.04090316116787655,18.93764207363031,Дээд STR регим
2024-5869-3,7.917701172925983,12,10,25,1,1,1,62,post1995,2024,21.075794430411328,1.2901633331830393,0.16512519754610747,0.0489774848463251,17.954078507928983,Дээд STR регим
2024-5869-5,8.469348791212228,12,10,29,0,1,1,63,post1995,2024,16.416426710544357,2.0695101745503472,0.08972382005775768,0.03210843927071706,9.387213644016136,Доод STR регим
2024-5876-3,9.330428791114029,10,9,25,1,1,1,61,post1995,2024,13.330427384541053,1.0059066098828928,0.15296313711673254,0.04551866531637126,16.528202249582446,Доод STR регим
2024-5885-3,8.363988275554403,12,8,26,0,0,1,67,post1995,2024,22.31618080963059,1.3086896172068503,0.08442039186344037,0.0366670720218154,8.8086220267652,Дээд STR регим
2024-5907-3,8.035484208582366,10,8.5,31,1,0,1,62,1990_1994,2024,23.021184542973273,1.2763711348688822,0.13365556097700904,0.061369635743454776,14.29990583562233,Дээд STR регим
2024-5908-2,8.035484208582366,8,4,40,0,0,1,62,1980_1984,2024,25.88691088060306,1.503995577222697,0.0795757759023597,0.01751067258881318,8.282760865987226,Дээд STR регим
2024-5914-2,7.8378951796576235,14,9,34,1,0,1,62,1990_1994,2024,24.38067476155451,1.2882758563222214,0.10571797174206271,0.033291205211695964,11.150835553252826,Дээд STR регим
2024-5914-3,7.958523167446239,13,9,31,0,1,1,62,1990_1994,2024,23.021184542973273,1.2763711348688822,0.09902706599828318,0.027315572656935006,10.409618261985587,Дээд STR регим
2024-5917-3,7.8378951796576235,14,12.5,39,0,0,1,62,1985_1989,2024,26.726826208036236,1.472147286223582,0.09798701496430061,0.02254789822981853,10.294846319035344,Дээд STR регим
2024-5921-3,8.488178655785786,14,9,25,1,0,1,62,post1995,2024,21.075794430411328,1.2901633331830393,0.16983040346066136,0.034490933681034446,18.510384476501017,Дээд STR регим
2024-5932-3,8.450999652544033,16,13,31,1,0,1,62,1990_1994,2024,23.021184542973273,1.2763711348688822,0.13365556097700904,0.061369635743454776,14.29990583562233,Дээд STR регим
2024-5942-2,7.912003151811345,14,6,30,1,0,1,62,1990_1994,2024,22.641658752769864,1.2798553584782935,0.135211011809376,0.04438401839076487,14.477832061168328,Дээд STR регим
2024-5950-3,7.822390993121658,15,4.5,37,1,0,1,62,1985_1989,2024,27.751495961574584,1.3752830541224506,0.11719583953203369,0.0279032753852916,12.433959827174967,Дээд STR регим
2024-5955-3,8.035484208582366,10,4,37,1,1,1,62,1985_1989,2024,27.751495961574584,1.3752830541224506,0.10481636576226952,0.03150297607581674,11.050666458571957,Дээд STR регим
2024-6128-2,8.450999652544033,11,10,27,0,0,0,63,post1995,2024,16.971503995097464,2.1606420861713485,0.07557664853852449,0.05991889705723969,7.850589045031531,Доод STR регим
2024-6232-3,9.344817528566129,10,10,34,0,0,1,64,1990_1994,2024,24.396746650467417,1.5240735280602395,0.07466623773188401,0.026878870199972336,7.752445385565321,Дээд STR регим
2024-6232-4,8.605150332371291,14,10,32,1,0,1,64,1990_1994,2024,20.88054748834685,1.5492596994103947,0.1366671275247692,0.03758243689025956,14.644646452550836,Дээд STR регим
2024-6236-3,8.856464760652196,14,10,27,0,0,1,64,post1995,2024,17.88864468864469,1.6546977178108841,0.0793524868042345,0.0387796724777452,8.258585205152169,Доод STR регим
2024-6258-4,8.140844724240193,12,11.5,30,0,0,1,64,1990_1994,2024,18.755652016639537,1.5780182719423008,0.05739412492633718,0.016977870313273555,5.907313527245472,Доод STR регим
2024-6265-3,8.923604063489826,12,9,25,0,0,1,64,post1995,2024,18.265238792773534,1.7180766922953854,0.06721848928886574,0.03776220883723092,6.952913330785626,Доод STR регим
2024-6266-4,8.833991904800138,10,8,28,0,0,1,64,post1995,2024,17.85286364725617,1.6207221305566084,0.0711080557993639,0.021202685794515574,7.369723881372359,Доод STR регим
2024-6340-3,8.31746825991951,14,8,26,0,0,0,64,post1995,2024,17.93727422003284,1.6874481988597945,0.07934341898035567,0.029975340746460487,8.257603539818948,Доод STR регим
2024-6353-6,8.524611469887278,16,11,29,0,0,0,64,post1995,2024,17.98503388251919,1.5935576444826665,0.07394366203290409,0.030547359551152526,7.674614209868547,Доод STR регим
2024-6370-3,7.512236064817818,9,9.5,25,0,0,0,64,post1995,2024,18.265238792773534,1.7180766922953854,0.06829666545479192,0.04069995416001705,7.0682895996101,Доод STR регим
2024-6380-4,8.674143203858241,2,9,28,0,0,1,65,post1995,2024,17.923387030316213,1.739209625099188,0.08140477195745564,0.028061611802900642,8.48099083410052,Доод STR регим
2024-6389-3,8.738681724995814,16,11,27,1,0,1,65,post1995,2024,17.371639926844974,1.7500807400122191,0.1532540644433567,0.042182322684567834,16.562108419815825,Доод STR регим
2024-6411-3,9.010615440479455,15,12,27,0,1,1,65,post1995,2024,17.371639926844974,1.7500807400122191,0.07770942598525897,0.0659756991595689,8.080855815565968,Доод STR регим
2024-6411-4,9.128879360973189,15,12,27,1,1,1,65,post1995,2024,17.371639926844974,1.7500807400122191,0.1569029694332768,0.03369567579691737,16.98820940709689,Доод STR регим
2024-6484-3,8.450999652544033,15,10,26,0,0,0,65,post1995,2024,17.337616882611826,1.773142755516095,0.08152892857653879,0.046579609994571974,8.494460303301853,Доод STR регим
2024-6528-3,8.408440038125237,16,10.5,25,0,0,0,65,post1995,2024,17.59078906829935,1.7918779341139905,0.06486208369210542,0.04569765545485267,6.701185590031344,Доод STR регим
2024-6579-3,8.106159166252302,14,10,26,1,0,1,67,post1995,2024,22.31618080963059,1.3086896172068503,0.1347780521489424,0.02353457999503385,14.428278505991244,Дээд STR регим
2024-6609-3,8.045534544435869,16,9,27,1,0,1,67,post1995,2024,21.895638315917367,1.294441263451745,0.1534358180289386,0.03082398718629976,16.58329592635843,Дээд STR регим
2024-6645-3,8.450999652544033,16,10,32,1,0,0,67,1990_1994,2024,22.244230425038097,1.2561211249902675,0.14538795637412757,0.04472119907427706,15.64881501971458,Дээд STR регим
2024-6661-3,8.674143203858241,12,8,29,0,0,0,67,post1995,2024,22.50261913823421,1.27399991744335,0.10369352753659752,0.03243751032932614,10.926044503526612,Дээд STR регим
2024-6671-2,8.450999652544033,16,12,25,0,0,0,67,post1995,2024,22.883866399150243,1.3233404213487319,0.09768394087533265,0.04413921263096757,10.261423873963738,Дээд STR регим
2024-6711-3,7.912003151811345,10,8,37,1,0,0,67,1985_1989,2024,24.93376015505794,1.2982693104683594,0.09725767410230336,0.028090933942756982,10.214433108631837,Дээд STR регим
2024-6775-3,7.367654836006711,10,7.5,28,1,0,1,81,post1995,2024,16.257084139391747,1.8935722624044042,0.15664507700255234,0.055400389394069834,16.958042923427886,Доод STR регим
2024-6777-3,8.772479104579103,14,10,27,0,0,1,81,post1995,2024,16.224682065659028,1.9122211930251658,0.08821331099471479,0.03838457117484794,9.222107994608319,Доод STR регим
2024-6778-2,8.713363917011524,16,2,25,0,0,1,81,post1995,2024,16.39616855933923,1.952452646932915,0.05849757997291768,0.03482283392681208,6.024241987612267,Доод STR регим
2024-6779-2,8.67984122497288,10,15,29,0,0,1,81,post1995,2024,16.428311072925617,1.9027011095614204,0.07856032598824557,0.025871908154269437,8.172860954137363,Доод STR регим
2024-6827-2,8.651670348006183,14,12,34,1,0,0,81,1990_1994,2024,20.56359156990926,1.906636090013806,0.11893783428628965,0.040536170934274966,12.629989887490666,Дээд STR регим
2024-6901-4,8.395240819058507,14,10,34,1,0,1,82,1990_1994,2024,20.801481127568085,2.12526329414583,0.09763756169795199,0.028513576431899584,10.256310158413505,Дээд STR регим
2024-6926-3,8.274376116864715,10,12,33,1,0,1,82,1990_1994,2024,19.70783564261825,2.130294332091728,0.09489565102382803,0.03428037913225245,9.954411283715636,Дээд STR регим
2024-6930-3,8.961825276310023,16,10,26,1,0,1,82,post1995,2024,16.318378599312666,2.2453725614600093,0.19175641600418666,0.046613049218094525,21.13754093619726,Доод STR регим
2024-6956-3,8.872213117620337,12,10,25,0,0,0,82,post1995,2024,16.214277405095196,2.301862236976233,0.0663421654120399,0.05598014540843644,6.85922899404372,Доод STR регим
2024-7036-3,8.587131826868612,12,14,28,0,0,0,82,post1995,2024,16.87985262115368,2.208672675733575,0.07317956278491412,0.019164445923665067,7.592371542904597,Доод STR регим
2024-7054-2,7.601848223507506,12,7,28,0,1,1,83,post1995,2024,15.751992955135336,1.7438300545976837,0.07315333911625956,0.04172991911252387,7.589550113197774,Доод STR регим
2024-7079-2,8.961825276310023,15,15,28,0,1,1,83,post1995,2024,15.751992955135336,1.7438300545976837,0.07315333911625956,0.04172991911252387,7.589550113197774,Доод STR регим
2024-7097-3,8.055686915899885,11,11,27,0,1,1,83,post1995,2024,15.444730303230205,1.7669782027458318,0.06468832233649922,0.050222528860126583,6.682646658100055,Доод STR регим
2024-7104-2,7.7600722287224,15,10,33,0,1,1,83,1990_1994,2024,19.290908096878248,1.7046872135963096,0.048747292098930195,0.05839205327455139,4.995498529091691,Доод STR регим
2024-7109-2,7.80437248761898,12,0,27,0,1,1,83,post1995,2024,15.444730303230205,1.7669782027458318,0.06468832233649922,0.050222528860126583,6.682646658100055,Доод STR регим
2024-7118-3,8.478398626732147,14,15,40,0,1,0,83,1980_1984,2024,23.302227199203685,1.7971876974931535,0.06999124050678747,0.026747721224386862,7.249878666722842,Дээд STR регим
2024-7127-3,7.757852471984087,15,11,29,0,1,0,83,post1995,2024,16.288445749652645,1.731268820895838,0.07332598199610314,0.03066039925018654,7.608126286446293,Доод STR регим
2024-7138-3,8.874813899320394,12,4,28,0,0,0,83,post1995,2024,15.751992955135336,1.7438300545976837,0.06700998797681823,0.026977497684209473,6.930615832638454,Доод STR регим
2024-7148-2,7.111225307059035,14,12,30,0,1,0,83,1990_1994,2024,16.891363669887163,1.7315434082303012,0.08737734428959672,0.029598712923940163,9.130840102636629,Доод STR регим
2024-7158-3,7.8715117904566085,14,9,33,0,0,0,83,1990_1994,2024,19.290908096878248,1.7046872135963096,0.055402973378273136,0.05952709465210285,5.696645821231461,Доод STR регим
2024-7175-4,8.692492342526439,14,11,31,0,1,0,83,1990_1994,2024,17.54980127747731,1.7236671891437996,0.08218986582231971,0.056367412054399574,8.56619203555271,Доод STR регим
2024-7203-2,7.265375986886293,14,3,26,0,1,0,83,post1995,2024,15.27144853670686,1.7878839654934087,0.051767878002065754,0.037720715225565166,5.313125920751149,Доод STR регим
2024-7206-3,8.833991904800138,13,4,29,0,1,0,83,post1995,2024,16.288445749652645,1.731268820895838,0.07332598199610314,0.03066039925018654,7.608126286446293,Доод STR регим
2024-7244-3,8.24620523989802,14,9,36,0,0,1,84,1985_1989,2024,25.67324397237249,1.1553645172795055,0.10094200403908385,0.025134477749261166,10.621248404700756,Дээд STR регим
2024-7247-4,8.674143203858241,17,12,30,1,0,1,84,1990_1994,2024,19.019150876481913,1.1477111235742812,0.14681436768239992,0.024400771629021645,15.813895505592846,Доод STR регим
2024-7248-2,8.856464760652196,14,14,31,0,0,1,84,1990_1994,2024,20.14497360949013,1.1372159625595029,0.07942559090642246,0.020937877588439374,8.266499641113057,Дээд STR регим
2024-7277-3,7.304596700039574,11,4,33,0,0,0,84,1990_1994,2024,22.50946139290165,1.1348838867652484,0.08403024512955946,0.022665233340529386,8.76617897831009,Дээд STR регим
2024-7282-4,8.571627640332647,12,9,26,0,0,0,84,post1995,2024,17.845153450669294,1.1887605859298676,0.07474996184468267,0.03298908547955018,7.761467241125275,Доод STR регим
2024-7285-2,8.059327866568204,12,8,31,1,0,0,84,1990_1994,2024,20.14497360949013,1.1372159625595029,0.15115674383961172,0.056220975365892704,16.317896493082817,Дээд STR регим
2024-7332-3,8.450999652544033,16,6,26,1,0,0,84,post1995,2024,17.845153450669294,1.1887605859298676,0.14795397276944425,0.022771297199704398,15.94595284237592,Доод STR регим
2024-7355-3,6.936871919914257,10,10,34,0,0,0,84,1990_1994,2024,24.03426396251548,1.142398578218381,0.09276870200218675,0.03420925736164456,9.720792392019773,Дээд STR регим
2024-7405-2,8.053833347250563,11,9,30,1,0,1,85,1990_1994,2024,18.567897570261806,1.4376811720383327,0.1376556379467147,0.03780561885558575,14.758029911522108,Доод STR регим
2024-7487-3,8.616984790018293,16,11,28,0,0,0,85,post1995,2024,17.31213451181112,1.480116883457649,0.0699842557001379,0.0422338474710304,7.249129549673383,Доод STR регим
2024-7531-2,9.56796107988034,15,12,35,0,0,1,11,1985_1989,2024,23.103916714538485,0.9478157109868292,0.11419597114086932,0.02559616199429509,12.097178147917198,Дээд STR регим
2024-7546-2,8.961825276310023,14,11,29,1,0,1,11,post1995,2024,19.576272791230142,1.0380060250036154,0.1351949130572233,0.02421220726231335,14.475989125757515,Дээд STR регим
2024-7578-2,9.249507348761805,12,12,40,0,1,1,62,1980_1984,2024,25.88691088060306,1.503995577222697,0.07552602295463284,0.018676486930617735,7.8451291841935555,Дээд STR регим
2024-7581-2,8.728210425128518,10,10,25,0,0,1,11,post1995,2024,21.614823005133367,1.0688331080463789,0.0752437025799251,0.02337008771290894,7.8146866043943275,Дээд STR регим
2024-7583-3,8.459298455358727,14,13,37,1,0,1,48,1985_1989,2024,27.032177998404396,1.9788233051403994,0.11609394076110266,0.06154965210805087,12.310137217549766,Дээд STR регим
2024-7583-4,8.469348791212228,12,13,35,0,0,1,48,1985_1989,2024,22.97225470394387,1.9511383770098105,0.08798293862615772,0.03208912950844948,9.196949136954903,Дээд STR регим
2024-7583-5,8.309500090270333,15,13,27,1,0,1,48,post1995,2024,7.619990079988552,2.081011345626708,0.19438631070552873,0.03985165830507191,21.456539195296152,Доод STR регим
2024-7606-3,8.497519668178926,14,8,28,1,0,1,65,post1995,2024,17.923387030316213,1.739209625099188,0.1514035642057941,0.030249127383972934,16.346609662240486,Доод STR регим
2024-7618-2,8.629691441287408,14,12,27,0,1,1,11,post1995,2024,20.59674255558934,1.0650428339903726,0.08388427805619109,0.02726026302597698,8.750303856133934,Дээд STR регим
2024-7622-3,7.680891430847959,17,12,25,1,0,1,11,post1995,2024,21.614823005133367,1.0688331080463789,0.14970673374380414,0.038882399934224786,16.149356590654772,Дээд STR регим
2024-7638-2,8.440528352676736,10,12,30,0,0,1,11,1990_1994,2024,19.809893918706017,1.020533066128087,0.09524071449598565,0.01786544006613322,9.992359081475133,Дээд STR регим
2024-7657-2,8.874813899320394,14,12,26,1,0,1,67,post1995,2024,22.31618080963059,1.3086896172068503,0.1347780521489424,0.02353457999503385,14.428278505991244,Дээд STR регим
2024-7660-2,8.605150332371291,10,10,29,1,0,1,45,post1995,2024,18.52287788355755,1.2812198524549712,0.1724918194929851,0.040627422595534125,18.826209998878408,Доод STR регим
2024-7664-3,8.629691441287408,14,10,26,0,0,1,61,post1995,2024,13.028247818657473,0.9671310340756376,0.09573808194130813,0.04634266892508815,10.047079307017848,Доод STR регим
2024-7676-3,8.422828775577337,10,10,27,1,1,1,84,post1995,2024,17.81186876802998,1.173425216809542,0.1690223452163302,0.026034849791023173,18.41465986402575,Доод STR регим
2024-7676-5,8.55636016820186,14,10,26,1,0,1,84,post1995,2024,17.845153450669294,1.1887605859298676,0.15188791767966484,0.020168175796623375,16.402976196364815,Доод STR регим
2024-7703-2,7.980996023298297,14,8,39,0,0,1,11,1985_1989,2024,26.638652277373453,0.8899269756791881,0.1050755452857248,0.027835476409554104,11.07945224756648,Дээд STR регим
2024-7706-3,8.779503719516068,14,12,25,1,1,1,11,post1995,2024,21.614823005133367,1.0688331080463789,0.15670852796123452,0.05623540815801226,16.965464258819907,Дээд STR регим
2024-7740-3,8.674143203858241,15,12,28,1,0,1,11,post1995,2024,19.814154327883934,1.0522298977933353,0.14102696738317888,0.025962445937831105,15.145569931311265,Дээд STR регим
2024-7743-3,8.181666718760448,11,14,26,0,1,1,11,post1995,2024,21.121174184698198,1.0692867311059833,0.0720070271916565,0.025328190818423524,7.4662895899415105,Дээд STR регим
2024-7746-2,7.339483959040015,11,10,29,1,0,1,11,post1995,2024,19.576272791230142,1.0380060250036154,0.1351949130572233,0.02421220726231335,14.475989125757515,Дээд STR регим
2024-7747-2,8.101624011086912,11,12,29,0,1,1,11,post1995,2024,19.576272791230142,1.0380060250036154,0.08581320675368868,0.02836822548643515,8.960277885463718,Дээд STR регим
2024-7747-5,8.507089119195076,12,12,25,0,1,1,11,post1995,2024,21.614823005133367,1.0688331080463789,0.07830821073658306,0.02299526573761868,8.145592363633058,Дээд STR регим
2024-7761-2,8.769453383662567,14,10,26,0,1,1,45,post1995,2024,18.308372800841973,1.4270057244324446,0.06350708766471373,0.036128057507772926,6.556703815659892,Доод STR регим
2024-7767-3,8.961825276310023,16,15,25,1,0,1,11,post1995,2024,21.614823005133367,1.0688331080463789,0.14970673374380414,0.038882399934224786,16.149356590654772,Дээд STR регим
2024-7773-3,8.531042360217569,15,13,27,0,0,1,23,post1995,2024,17.69292412617221,1.8113577394014886,0.08865967977263092,0.03566889301472987,9.270872216078608,Доод STR регим
2024-7798-2,9.41381040005308,16,14,31,1,0,1,11,1990_1994,2024,19.955776075935713,1.0130020360098193,0.13506930558274746,0.029066671325655654,14.461610988894936,Дээд STR регим
2024-7807-2,8.605150332371291,14,10,37,1,0,1,11,1985_1989,2024,25.242628873315546,0.9068776413462102,0.10425157042653664,0.027725929079177484,10.987963269027446,Дээд STR регим
2024-7811-3,9.750282636674294,10,11,36,0,1,1,11,1985_1989,2024,24.05297052132284,0.9257993949993928,0.10035924543019971,0.03752530256249017,10.556801700127249,Дээд STR регим
2024-7817-2,8.674143203858241,14,12,28,1,0,1,11,post1995,2024,19.814154327883934,1.0522298977933353,0.14102696738317888,0.025962445937831105,15.145569931311265,Дээд STR регим
2024-7818-2,7.575530915190132,10,11,28,0,0,1,11,post1995,2024,19.814154327883934,1.0522298977933353,0.083832893783313,0.022769607105154903,8.744715944411618,Дээд STR регим
2024-7825-3,7.853162651788412,12,11.5,29,0,0,1,61,post1995,2024,12.14290593978759,0.8560938471253072,0.10559710502092508,0.04137481935354662,11.137401928063273,Доод STR регим
2024-7828-2,7.490257158099044,10,10,28,0,0,1,11,post1995,2024,19.814154327883934,1.0522298977933353,0.083832893783313,0.022769607105154903,8.744715944411618,Дээд STR регим
2024-7836-3,8.281923322500099,3,10,33,1,0,1,11,1990_1994,2024,20.583862976361644,0.9881194944841533,0.12631342609074983,0.02902782663578915,13.463773762828124,Дээд STR регим
2024-7882-3,8.16331758009225,8,11,39,0,0,1,81,1985_1989,2024,23.583011583011583,2.0531012940651494,0.06616550001829663,0.020398034767119728,6.840352333753796,Дээд STR регим
2024-7900-3,8.90298477628709,13,11,34,0,0,1,62,1990_1994,2024,24.38067476155451,1.2882758563222214,0.10584840125267445,0.027586858761571024,11.165333847820303,Дээд STR регим
2024-7932-2,7.853162651788412,11,10,27,1,1,1,11,post1995,2024,20.59674255558934,1.0650428339903726,0.16095214984696143,0.05838444995544706,17.462876130312143,Дээд STR регим
2024-7932-5,8.338012789151142,13,10,25,1,1,1,11,post1995,2024,21.614823005133367,1.0688331080463789,0.15670852796123452,0.05623540815801226,16.965464258819907,Дээд STR регим
2024-7936-5,7.980996023298297,14,13,33,0,1,1,11,1990_1994,2024,20.583862976361644,0.9881194944841533,0.0987130454275427,0.03215769541575913,10.374952813760508,Дээд STR регим
2024-7938-3,8.632252262149082,14,14,40,1,1,1,41,1980_1984,2024,23.845093478073576,2.1695551138113505,0.06750941673223809,0.027913512510294367,6.984033395043054,Дээд STR регим
2024-7949-3,8.546309832348356,16,11,28,1,0,1,85,post1995,2024,17.31213451181112,1.480116883457649,0.15011199444393294,0.04498627404745547,16.196436899481313,Доод STR регим
2024-7951-3,8.453844604676263,11,10,34,0,0,1,64,1990_1994,2024,24.396746650467417,1.5240735280602395,0.07466623773188401,0.026878870199972336,7.752445385565321,Дээд STR регим
2024-7953-3,9.010615440479455,16,10,25,1,0,1,81,post1995,2024,16.39616855933923,1.952452646932915,0.14637567771533183,0.07274790811359708,15.763100254085693,Доод STR регим
2024-7964-3,8.268678095750078,13,8,26,0,0,1,11,post1995,2024,21.121174184698198,1.0692867311059833,0.06687377296811503,0.023397219099676778,6.916051269850709,Дээд STR регим
2024-7983-2,8.769453383662567,14,14,36,1,0,1,11,1985_1989,2024,24.05297052132284,0.9257993949993928,0.10044101758999574,0.03267425528751997,10.565842538221792,Дээд STR регим
2024-8003-3,8.961825276310023,16,10,37,0,1,1,11,1985_1989,2024,25.242628873315546,0.9068776413462102,0.0978565741484895,0.043710133020005905,10.280460307583672,Дээд STR регим
2024-8034-2,8.268678095750078,14,10,36,0,0,1,11,1985_1989,2024,24.05297052132284,0.9257993949993928,0.10578608243599265,0.03342372005390309,11.158406371617179,Дээд STR регим
2024-8043-3,8.363988275554403,16,15,26,0,0,1,11,post1995,2024,21.121174184698198,1.0692867311059833,0.06687377296811503,0.023397219099676778,6.916051269850709,Дээд STR регим
2024-8065-4,9.010615440479455,15,10,26,0,0,1,21,post1995,2024,18.06804563736354,1.742384626750325,0.09992041844426468,0.03551600851562056,10.508297035418845,Доод STR регим
2024-8074-3,9.527139085360083,16,16.5,37,0,0,1,11,1985_1989,2024,25.242628873315546,0.9068776413462102,0.10119937023277362,0.03988480369724959,10.649722238287795,Дээд STR регим
2024-8107-2,7.393209358396178,14,10,31,0,0,1,11,1990_1994,2024,19.955776075935713,1.0130020360098193,0.090136029393582,0.023328809016740174,9.432313369325307,Дээд STR регим
2024-8109-2,8.874813899320394,8,10,34,0,0,1,11,1990_1994,2024,21.68181991784634,0.9717695664298076,0.1067042195332722,0.033199479522004686,11.260511894442903,Дээд STR регим
2024-8113-3,8.450999652544033,18,13.5,25,1,0,1,82,post1995,2024,16.214277405095196,2.301862236976233,0.15624562465867298,0.0734759473937133,16.911333088844117,Доод STR регим
2024-8121-2,8.268678095750078,12,12,26,1,0,1,11,post1995,2024,21.121174184698198,1.0692867311059833,0.14203355523778552,0.03462055100590813,15.261532416939417,Дээд STR регим
2024-8128-2,8.856464760652196,10,14,26,0,0,1,11,post1995,2024,21.121174184698198,1.0692867311059833,0.06687377296811503,0.023397219099676778,6.916051269850709,Дээд STR регим
2024-8130-3,8.587131826868612,3,8,31,0,0,1,21,1990_1994,2024,17.316872272435916,1.598225473926412,0.09496192529710769,0.020687125158802788,9.961698673897935,Доод STR регим
2024-8144-2,8.536740381332207,11,8,39,1,0,1,21,1985_1989,2024,24.625141288888333,1.5183604930248034,0.08859510723610624,0.02630240438401275,9.26381654649504,Дээд STR регим
2024-8152-3,8.094324708605301,12,6,31,0,0,1,21,1990_1994,2024,17.316872272435916,1.598225473926412,0.09496192529710769,0.020687125158802788,9.961698673897935,Доод STR регим
2024-8155-2,8.363988275554403,10,11,35,1,1,1,21,1985_1989,2024,21.30328588937931,1.5113522166620617,0.07694768803119129,0.03142728272658683,7.998557874295242,Дээд STR регим
2024-8172-2,8.450999652544033,15,10,34,1,1,1,21,1990_1994,2024,19.557047327769425,1.5214777755665652,0.10466427817296262,0.05100328759738669,11.033778314690434,Дээд STR регим
2024-8179-3,9.069455940502388,15,10,31,1,1,1,21,1990_1994,2024,17.316872272435916,1.598225473926412,0.16717164908989968,0.054306820774167035,18.195712976273825,Доод STR регим
2024-8211-3,8.08200422421726,16,12,26,0,0,0,21,post1995,2024,18.06804563736354,1.742384626750325,0.09693295797134889,0.03998570821094616,10.17865051424467,Доод STR регим
2024-8258-3,8.106159166252302,12,15,25,0,0,0,21,post1995,2024,18.64426410015905,1.7734758861652837,0.09069431823667166,0.04405037367619361,9.49342526641075,Доод STR регим
2024-8280-4,9.189894945960289,10,0,27,0,1,0,21,post1995,2024,17.78749953288014,1.7097834887258332,0.09804710668198045,0.05961295640204773,10.301474324944039,Доод STR регим
2024-8296-2,8.268678095750078,14,8,37,1,1,0,21,1985_1989,2024,24.234704305030984,1.4958916250210248,0.09304682529056305,0.02742365487843772,9.751312543588808,Дээд STR регим
2024-8356-3,8.497519668178926,11,12,28,0,0,1,22,post1995,2024,19.01993355481728,1.3718227361450208,0.07538758028482882,0.03266035159747294,7.830199850036212,Доод STR регим
2024-8361-3,8.045534544435869,13,8,26,0,0,1,22,post1995,2024,19.729926191008722,1.4169069248199142,0.08167546196015141,0.04069057103168725,8.5103595285285,Дээд STR регим
2024-8381-3,9.280279007428557,14,9,25,0,0,0,11,post1995,2024,21.614823005133367,1.0688331080463789,0.07708699058227148,0.057169812540435794,8.013603396835634,Дээд STR регим
2024-8382-3,8.148391929875576,16,8,28,1,0,0,22,post1995,2024,19.01993355481728,1.3718227361450208,0.14613063648508895,0.025538190542512697,15.734736996808362,Доод STR регим
2024-8535-4,9.685744115536723,14,15,28,1,0,1,23,post1995,2024,17.81183800623053,1.8016932241399584,0.13942413802692455,0.03588275329464362,14.961159060641528,Доод STR регим
2024-8642-2,8.674143203858241,9,10,25,0,0,0,23,post1995,2024,19.289577326775586,1.850847354929136,0.05170935463548005,0.039718328735698215,5.306962822421002,Доод STR регим
2024-8651-3,8.153748129076101,11,9,28,1,0,0,23,post1995,2024,17.81183800623053,1.8016932241399584,0.14295901876347059,0.07445933540490689,15.368252136092654,Доод STR регим
2024-8719-2,8.961825276310023,16,22,30,0,0,1,41,1990_1994,2024,24.16820528868722,2.0265943765206895,0.07726441630897082,0.024077571159027675,8.032769489140378,Дээд STR регим
2024-8770-3,8.961825276310023,9,8,33,0,0,0,41,1990_1994,2024,18.5646074001787,1.9528102649091548,0.05785436621469777,0.04392547824041145,5.95606766414285,Доод STR регим
2024-8816-3,7.735379616132029,11,8,33,0,0,0,62,1990_1994,2024,22.613297995481652,1.273163358340374,0.11543995760014195,0.04415024225892405,12.236712290954044,Дээд STR регим
2024-8887-4,8.315198111384971,16,5,27,1,0,0,42,post1995,2024,3.9800505692640584,1.4808429118773947,0.20279385819504228,0.04708985542042161,22.48199556252888,Доод STR регим
2024-8917-2,8.02751603893319,12,8,29,1,0,0,42,post1995,2024,3.9217361585782635,1.485632183908046,0.15261468186913724,0.06755442459322811,16.487604459683002,Доод STR регим
2024-8946-2,8.268678095750078,14,12,27,1,0,1,43,post1995,2024,35.79930357708136,1.7295101661058216,0.1340956946870627,0.042726347728043984,14.350224149817414,Дээд STR регим
2024-8948-7,8.045534544435869,12,10,26,1,1,1,43,post1995,2024,36.19624470018171,1.7624130522695776,0.13437818635560878,0.05597766513766115,14.382531698527924,Дээд STR регим
2024-8982-4,8.674143203858241,14,10,31,1,0,0,67,1990_1994,2024,23.611474289672746,1.261268414785817,0.1478901723081215,0.048188634104413396,15.938555673069988,Дээд STR регим
2024-9006-2,8.045534544435869,14,12,38,1,0,0,43,1985_1989,2024,25.542614431584454,1.469941311043006,0.10893092821764121,0.03518814911217806,11.508532675039929,Дээд STR регим
2024-9037-2,7.863212987641914,10,8,35,1,0,0,43,1985_1989,2024,22.83119160969324,1.479715515353548,0.10046918997983528,0.03269498884739738,10.56895748611828,Дээд STR регим
2024-9065-2,8.071851852753241,12,10,27,0,0,0,43,post1995,2024,35.79930357708136,1.7295101661058216,0.09490063799625924,0.022548831490438015,9.954959624700678,Дээд STR регим
2024-9096-2,7.917701172925983,12,8,36,1,0,1,44,1985_1989,2024,25.090786721413078,1.730214219618758,0.07867318034913343,0.03372025997494859,8.18506942210222,Дээд STR регим
2024-9136-3,8.511908405631026,14,8,25,0,0,0,44,post1995,2024,70.05744600703164,1.837886278949382,0.08319496926395827,0.024871846086167028,8.675367145761715,Дээд STR регим
2024-9176-2,8.833991904800138,14,11,38,0,1,0,44,1985_1989,2024,28.42678740235833,1.7295042379738643,0.08810600279002903,0.03486660906042558,9.210388195113994,Дээд STR регим
2024-9211-2,9.367290384418187,16,18,26,0,0,0,44,post1995,2024,67.21812401617333,1.8392880171046944,0.08685001937159091,0.02498752136722456,9.073307861752888,Дээд STR регим
2024-9223-4,8.629691441287408,16,3.5,27,0,0,0,44,post1995,2024,66.28115913620178,1.8265954400738822,0.08963341718444565,0.02605928960395465,9.377325172578965,Дээд STR регим
2024-9245-3,8.738681724995814,18,10,27,1,0,0,44,post1995,2024,66.28115913620178,1.8265954400738822,0.13138760362405288,0.03044002350677824,14.040972259881968,Дээд STR регим
2024-9254-3,9.270709556412408,15,10,28,0,1,1,45,post1995,2024,18.1835498073051,1.33516497451351,0.08433148019474823,0.02564527983066919,8.798948100681535,Доод STR регим
2024-9262-3,8.268678095750078,16,12.5,28,0,0,1,45,post1995,2024,18.1835498073051,1.33516497451351,0.08640705840559831,0.02070139748744685,9.02500334323637,Доод STR регим
2024-9267-3,8.571627640332647,14,10,26,0,1,1,43,post1995,2024,36.19624470018171,1.7624130522695776,0.09650300192356655,0.02392257142240819,10.131288719594211,Дээд STR регим
2024-9313-3,9.184968827624234,10,14,33,0,1,1,65,1990_1994,2024,21.388195372389056,1.7054802444084523,0.047326695747913525,0.041388003732966284,4.8464482022497535,Дээд STR регим
2024-9326-3,8.450999652544033,12,10,29,0,0,1,84,post1995,2024,18.259557344064383,1.156224626385717,0.08874334151134411,0.023975445845705146,9.280014389658643,Доод STR регим
2024-9328-4,8.531042360217569,14,11,25,0,0,1,82,post1995,2024,16.214277405095196,2.301862236976233,0.06365315764362536,0.056200184889041833,6.572269687964782,Доод STR регим
2024-9330-4,7.570757636437475,14,12,29,1,0,1,81,post1995,2024,16.428311072925617,1.9027011095614204,0.14935111641714374,0.0721417802733618,16.108059210437876,Доод STR регим
2024-9337-3,8.144625447080099,14,12,32,1,0,1,45,1990_1994,2024,18.97585604312185,1.1827474871864456,0.16081333806168618,0.01918554649053191,17.44657203039972,Доод STR регим
2024-9356-3,8.450999652544033,9,6.5,33,0,0,1,43,1990_1994,2024,20.408107672258616,1.5197888700998508,0.07146939136592353,0.02956828279448989,7.408527391504349,Дээд STR регим
2024-9363-2,8.90298477628709,10,8,41,0,0,0,67,1980_1984,2024,24.91896721962315,1.3973799126637556,0.08172624102002578,0.01041671917666881,8.515869722472047,Дээд STR регим
2024-9389-2,8.363988275554403,10,10,26,1,1,0,45,post1995,2024,18.308372800841973,1.4270057244324446,0.15809630069842873,0.050482322203640885,17.12789842609652,Доод STR регим
2024-9396-3,8.363988275554403,16,11,27,1,0,0,11,post1995,2024,20.59674255558934,1.0650428339903726,0.16064941468471436,0.0465427319692695,17.427321369558513,Дээд STR регим
2024-9426-2,8.90298477628709,10,10,34,0,0,1,46,1990_1994,2024,23.032125474221175,1.706083996785699,0.07971222593565078,0.025903807259969224,8.297537060395443,Дээд STR регим
2024-9439-2,9.095356668934546,12,8,25,0,0,1,46,post1995,2024,18.970304975922954,1.7344740632050102,0.0393298165696857,0.02961855916426556,4.0113473743134564,Доод STR регим
2024-9447-2,8.023061688583809,10,10,28,1,0,1,46,post1995,2024,18.827955360298944,1.697007789190271,0.15045579547150384,0.02760956664129514,16.236392221834308,Доод STR регим
2024-9447-4,8.856464760652196,15,10,25,1,0,1,46,post1995,2024,18.970304975922954,1.7344740632050102,0.15576473506296878,0.03631452502267787,16.855125161128814,Доод STR регим
2024-9482-3,9.057135456114349,12,8,25,0,0,0,46,post1995,2024,18.970304975922954,1.7344740632050102,0.036482558556336954,0.03389335101678299,3.7156214358312845,Доод STR регим
2024-9524-2,8.363988275554403,16,10,29,1,0,0,46,post1995,2024,18.789659224441834,1.7030975327800146,0.13444163622554017,0.03894211425927828,14.389789485536998,Доод STR регим
2024-9561-3,7.958523167446239,10,8,40,0,0,1,48,1980_1984,2024,25.324684086600413,2.0725945017182132,0.06870878595415314,0.012171200441538185,7.112423730250983,Дээд STR регим
2024-9570-2,9.462600564222512,13,15,29,0,0,1,48,post1995,2024,7.548044159738312,2.028163836574253,0.08707922535856362,0.022165810175339872,9.098310982256708,Доод STR регим
2024-9691-3,8.769453383662567,14,10,26,0,0,1,44,post1995,2024,67.21812401617333,1.8392880171046944,0.08307092685207572,0.026798577778326074,8.661887627142018,Дээд STR регим
2024-9695-3,9.56796107988034,16,6,36,1,1,1,61,1985_1989,2024,22.809644919006782,0.7834122068110476,0.10153925392822027,0.035800551786273296,10.687336666685642,Дээд STR регим
2024-9757-3,8.333216616887649,8,7.5,36,0,0,1,61,1985_1989,2024,22.809644919006782,0.7834122068110476,0.11384347357484534,0.04116295548330944,12.05767112893501,Дээд STR регим
2024-9781-3,8.268678095750078,16,12,25,0,0,1,61,post1995,2024,13.330427384541053,1.0059066098828928,0.09458792741659929,0.0729102710961981,9.920580921112276,Доод STR регим
2024-9784-3,8.90298477628709,14,10,31,1,0,1,61,1990_1994,2024,13.459406642133894,0.8203151183234645,0.1497552033420608,0.05522891236960252,16.154986439743645,Доод STR регим
2024-9810-2,8.228186734395342,12,8,28,0,0,0,61,post1995,2024,12.211373199553226,0.8646244050570628,0.10210799744842512,0.05969101024444225,10.750307277549599,Доод STR регим
2024-9864-2,8.728631389142311,15,4,25,0,1,1,62,post1995,2024,21.075794430411328,1.2901633331830393,0.10480662390544691,0.024410395900783297,11.0495846241488,Дээд STR регим
2024-9953-3,8.450999652544033,12,8,29,0,0,0,62,post1995,2024,22.341735477328697,1.266945515870625,0.10699598793200238,0.052434090407121214,11.292978932037713,Дээд STR регим
2024-9986-2,7.943255695315449,15,15,30,1,0,0,62,1990_1994,2024,22.641658752769864,1.2798553584782935,0.14236993916964763,0.04365313176787181,15.300311066297878,Дээд STR регим
2024-9991-3,8.674143203858241,16,9,25,0,0,0,62,post1995,2024,21.075794430411328,1.2901633331830393,0.10594205129628405,0.04408953671266985,11.175744973676615,Дээд STR регим
2024-10016-2,8.217384801362527,15,8,27,0,0,1,63,post1995,2024,16.971503995097464,2.1606420861713485,0.07680573529421592,0.050484781805171866,7.98322827148088,Доод STR регим
2024-10038-2,8.16331758009225,11,10,36,1,0,1,63,1985_1989,2024,22.59259259259259,1.86878124588399,0.07369299661966956,0.045321199065962325,7.647627290687686,Дээд STR регим
2024-10039-2,8.045534544435869,14,16,37,1,0,1,63,1985_1989,2024,24.175279931093883,1.8554407208672397,0.08645647644054648,0.03710181513405471,9.030391277791283,Дээд STR регим
2024-10043-3,8.045534544435869,15,15.5,34,0,0,1,21,1990_1994,2024,19.557047327769425,1.5214777755665652,0.08225016518469443,0.021618767720639198,8.572738705085925,Дээд STR регим
2024-10079-3,8.045534544435869,12,5.5,40,1,0,0,63,1980_1984,2024,24.116817196794507,1.8548387096774193,0.06877315033192467,0.028717790800915143,7.119318176631961,Дээд STR регим
2024-10088-3,9.057135456114349,10,9.5,28,0,0,0,63,post1995,2024,16.641201935319582,2.1142156443960696,0.07329888092009434,0.023947372189053174,7.605210029953646,Доод STR регим
2024-10104-2,7.917701172925983,1,7,41,0,0,0,63,1980_1984,2024,23.73573071906918,1.8548387096774193,0.06484167420446368,0.016284988270146912,6.699007895725573,Дээд STR регим
2024-10184-5,7.9743070351475005,2,8,30,1,0,1,64,1990_1994,2024,18.755652016639537,1.5780182719423008,0.14297855484962152,0.042406307481313174,15.370506002221273,Доод STR регим
2024-10187-4,8.471618939746769,14,8,25,1,0,1,64,post1995,2024,18.265238792773534,1.7180766922953854,0.1572811282489524,0.04148245524661632,17.03245789576502,Доод STR регим
2024-10189-3,8.390895728474327,14,12,25,1,0,1,64,post1995,2024,18.265238792773534,1.7180766922953854,0.1572811282489524,0.04148245524661632,17.03245789576502,Доод STR регим
2024-10192-2,8.605150332371291,14,8,32,1,0,1,64,1990_1994,2024,20.88054748834685,1.5492596994103947,0.1366671275247692,0.03758243689025956,14.644646452550836,Дээд STR регим
2024-10271-3,8.450999652544033,16,10,26,1,0,0,64,post1995,2024,17.93727422003284,1.6874481988597945,0.20175631801165267,0.03693497011634419,22.35498147289603,Доод STR регим
2024-10280-3,7.408476830526967,11,10.5,29,0,0,0,64,post1995,2024,17.98503388251919,1.5935576444826665,0.07394366203290409,0.030547359551152526,7.674614209868547,Доод STR регим
2024-10298-3,8.46626712467482,5,7,26,0,0,0,64,post1995,2024,17.93727422003284,1.6874481988597945,0.07934341898035567,0.029975340746460487,8.257603539818948,Доод STR регим
2024-10352-3,8.199685224263126,8,8,38,1,0,1,65,1985_1989,2024,26.578366445916117,1.7136271529888552,0.1119920742713031,0.04326285706605376,11.850399565069857,Дээд STR регим
2024-10482-3,8.045534544435869,12,8,28,0,0,0,65,post1995,2024,17.923387030316213,1.739209625099188,0.07519501093473824,0.03921691096349509,7.809437057733826,Доод STR регим
2024-10527-2,6.969395111619817,10,10,31,0,0,1,67,1990_1994,2024,23.611474289672746,1.261268414785817,0.10288044523211569,0.02773440530561691,10.835889156460144,Дээд STR регим
2024-10530-2,7.757852471984087,14,14,37,0,0,1,67,1985_1989,2024,24.93376015505794,1.2982693104683594,0.10098433506755458,0.021466750324046772,10.625931215029837,Дээд STR регим
2024-10571-3,8.101624011086912,16,9,26,1,0,1,67,post1995,2024,22.31618080963059,1.3086896172068503,0.1347780521489424,0.02353457999503385,14.428278505991244,Дээд STR регим
2024-10574-2,8.769453383662567,12,10,30,0,0,1,67,1990_1994,2024,22.95030024405182,1.2723645727834134,0.10925496863481343,0.025583910378482223,11.544671801438788,Дээд STR регим
2024-10583-6,8.450999652544033,11,20,29,0,1,0,11,post1995,2024,19.576272791230142,1.0380060250036154,0.08214667645437132,0.03060027269038818,8.561503231592106,Дээд STR регим
2024-10593-2,7.408476830526967,8,10,35,0,0,0,67,1985_1989,2024,24.428783675825315,1.2739785626078253,0.09970576871338971,0.02474705210428695,10.484579004826244,Дээд STR регим
2024-10614-2,8.728631389142311,11,8,29,0,0,0,67,post1995,2024,22.50261913823421,1.27399991744335,0.10369352753659752,0.03243751032932614,10.926044503526612,Дээд STR регим
2024-10639-3,8.422828775577337,14,14.5,26,0,0,0,67,post1995,2024,22.31618080963059,1.3086896172068503,0.08875897715162184,0.05505603782233301,9.28172306601127,Дээд STR регим
2024-10667-3,9.184968827624234,14,8,31,0,0,0,67,1990_1994,2024,23.611474289672746,1.261268414785817,0.11125786904988492,0.027625990322400797,11.768308557202412,Дээд STR регим
2024-10679-2,8.435732180413243,15,10,31,1,0,0,67,1990_1994,2024,23.611474289672746,1.261268414785817,0.1478901723081215,0.048188634104413396,15.938555673069988,Дээд STR регим
2024-10742-3,9.344817528566129,15,14,32,1,1,1,81,1990_1994,2024,18.482730502650128,1.8915979675309096,0.15990211871211224,0.056166598108322974,17.339601185777887,Доод STR регим
2024-10753-3,8.674143203858241,18,10.5,27,0,0,1,81,post1995,2024,16.224682065659028,1.9122211930251658,0.08821331099471479,0.03838457117484794,9.222107994608319,Доод STR регим
2024-10794-5,7.585567337903369,15,5,28,1,0,0,81,post1995,2024,16.257084139391747,1.8935722624044042,0.16542876153990635,0.05793540666502168,17.989890554434652,Доод STR регим
2024-10803-3,9.008345291944917,14,14,31,0,0,0,81,1990_1994,2024,17.47543188568052,1.8944596907623652,0.06288752634135557,0.044487197550479966,6.490705850235723,Доод STR регим
2024-10813-3,8.101624011086912,12,12.5,26,0,0,0,81,post1995,2024,16.322013477843548,1.930676291959717,0.08802863655441047,0.05026642002601334,9.201939325321739,Доод STR регим
2024-10846-2,7.997743880599519,0,8,32,0,0,0,81,1990_1994,2024,18.482730502650128,1.8915979675309096,0.05431636452605125,0.03613423942977534,5.581857286645264,Доод STR регим
2024-10888-2,8.283945567880867,12,12,26,0,0,0,81,post1995,2024,16.322013477843548,1.930676291959717,0.08802863655441047,0.05026642002601334,9.201939325321739,Доод STR регим
2024-10911-3,8.268678095750078,14,0,36,0,0,1,82,1985_1989,2024,25.798896411327856,2.090050646607916,0.07760274650256271,0.03346857836630532,8.069326420764057,Дээд STR регим
2024-10919-2,8.497519668178926,14,10,27,1,0,1,82,post1995,2024,16.608578439995778,2.2255495526104516,0.1555941822543963,0.0394797707374571,16.835196890796023,Доод STR регим
2024-10934-3,8.651670348006183,16,10,25,1,0,1,82,post1995,2024,16.214277405095196,2.301862236976233,0.15624562465867298,0.0734759473937133,16.911333088844117,Доод STR регим
2024-10986-3,9.190666848738871,14,10,41,0,1,0,82,1980_1984,2024,26.100466839321783,2.204724409448819,0.06676653193000702,0.0142394266257951,6.904586096301668,Дээд STR регим
2024-11002-3,8.674143203858241,14,10,25,0,0,0,82,post1995,2024,16.214277405095196,2.301862236976233,0.0663421654120399,0.05598014540843644,6.85922899404372,Доод STR регим
2024-11046-2,9.016313461594093,4,2,41,0,1,1,83,1980_1984,2024,24.29626523147177,1.8617021276595744,0.07116707750550821,0.02733911790223856,7.376061212682283,Дээд STR регим
2024-11047-3,8.033214060047827,15,12,30,0,0,1,83,1990_1994,2024,16.891363669887163,1.7315434082303012,0.08090867491439115,0.02925785065234717,8.427187082363563,Доод STR регим
2024-11056-3,7.924906556647254,15,10.5,37,0,1,1,83,1985_1989,2024,22.95048389574479,1.704061101366828,0.08195737588501753,0.017799791141982293,8.540954422232483,Дээд STR регим
2024-11061-3,7.091022599741516,14,10,32,1,0,1,83,1990_1994,2024,18.277485226637772,1.7106890804719728,0.16348277347043094,0.03969562543419525,17.760506896415084,Доод STR регим
2024-11071-4,8.55636016820186,17,11,28,0,1,1,83,post1995,2024,15.751992955135336,1.7438300545976837,0.07315333911625956,0.04172991911252387,7.589550113197774,Доод STR регим
2024-11072-3,7.575530915190132,0,3,31,0,0,1,83,1990_1994,2024,17.54980127747731,1.7236671891437996,0.077974976093278775,0.04383022012020973,8.109560509601277,Доод STR регим
2024-11072-4,8.220887431913729,9,3,25,0,0,1,83,post1995,2024,15.217660339864178,1.816340084881532,0.055675153712842124,0.05416954188097325,5.725418285125694,Доод STR регим
2024-11076-2,8.24620523989802,14,5,27,0,1,1,83,post1995,2024,15.444730303230205,1.7669782027458318,0.06468832233649922,0.050222528860126583,6.682646658100055,Доод STR регим
2024-11083-3,7.290693794870583,10,11,32,0,0,1,83,1990_1994,2024,18.277485226637772,1.7106890804719728,0.05695436976013994,0.04318906973096484,5.86075047790493,Доод STR регим
2024-11084-5,7.7173611106293505,12,9,27,0,1,1,83,post1995,2024,15.444730303230205,1.7669782027458318,0.06468832233649922,0.050222528860126583,6.682646658100055,Доод STR регим
2024-11086-8,9.750282636674294,17,12,27,0,1,1,83,post1995,2024,15.444730303230205,1.7669782027458318,0.06468832233649922,0.050222528860126583,6.682646658100055,Доод STR регим
2024-11087-2,9.072883813082488,13,12,27,0,1,1,83,post1995,2024,15.444730303230205,1.7669782027458318,0.06468832233649922,0.050222528860126583,6.682646658100055,Доод STR регим
2024-11089-2,8.897286755172452,12,10,38,0,1,1,83,1985_1989,2024,23.886576365400924,1.739781018058746,0.08441800450374008,0.03141075899091903,8.808362261755986,Дээд STR регим
2024-11090-4,7.917701172925983,15,12.5,32,0,0,1,83,1990_1994,2024,18.277485226637772,1.7106890804719728,0.05695436976013994,0.04318906973096484,5.86075047790493,Доод STR регим
2024-11095-2,7.533639973480972,14,13,37,0,1,1,83,1985_1989,2024,22.95048389574479,1.704061101366828,0.08195737588501753,0.017799791141982293,8.540954422232483,Дээд STR регим
2024-11098-2,9.19608691620821,14,15,40,0,0,1,83,1980_1984,2024,23.302227199203685,1.7971876974931535,0.07006937161956889,0.020928517251742947,7.258258546449148,Дээд STR регим
2024-11099-3,8.977092748440812,14,13.5,36,0,1,1,11,1985_1989,2024,24.05297052132284,0.9257993949993928,0.10035924543019971,0.03752530256249017,10.556801700127249,Дээд STR регим
2024-11136-3,8.228186734395342,16,6,25,1,0,0,83,post1995,2024,15.217660339864178,1.816340084881532,0.14065383180328456,0.08358490842467754,15.102613037173885,Доод STR регим
2024-11144-2,8.61084835348593,7,13,41,0,1,0,83,1980_1984,2024,24.29626523147177,1.8617021276595744,0.07034758580290344,0.026230790259909285,7.288103466704077,Дээд STR регим
2024-11170-3,8.777683882799083,15,10,35,0,1,0,83,1985_1989,2024,21.18313880736241,1.7005562547323256,0.07121574214838725,0.04082197995727223,7.381286757503558,Дээд STR регим
2024-11187-3,8.939352420457965,16,12,25,0,0,0,83,post1995,2024,15.217660339864178,1.816340084881532,0.04884784467974965,0.04300105331138226,5.006056628256372,Доод STR регим
2024-11217-2,8.53834166269918,14,12,33,0,1,0,83,1990_1994,2024,19.290908096878248,1.7046872135963096,0.054628080073006534,0.04861971809444527,5.614773923085048,Доод STR регим
2024-11269-3,8.220887431913729,16,11,30,1,0,1,84,1990_1994,2024,19.019150876481913,1.1477111235742812,0.14681436768239992,0.024400771629021645,15.813895505592846,Доод STR регим
2024-11276-3,8.674143203858241,15,12,29,0,0,1,84,post1995,2024,18.259557344064383,1.156224626385717,0.08874334151134411,0.023975445845705146,9.280014389658643,Доод STR регим
2024-11291-3,8.450999652544033,15,4,26,1,0,1,84,post1995,2024,17.845153450669294,1.1887605859298676,0.15188791767966484,0.020168175796623375,16.402976196364815,Доод STR регим
2024-11324-2,7.832441328975159,15,10,34,1,0,0,84,1990_1994,2024,24.03426396251548,1.142398578218381,0.10169210081020268,0.029830908175658234,10.704256173984117,Дээд STR регим
2024-11338-3,9.057135456114349,16,9,25,1,0,0,84,post1995,2024,18.064651307839238,1.21594138576767,0.14408087069995834,0.02326606005567547,15.497750858775404,Доод STR регим
2024-11345-3,8.939352420457965,16,9,29,0,0,0,84,post1995,2024,18.259557344064383,1.156224626385717,0.0867459719408135,0.027708505487935013,9.06195965468961,Доод STR регим
2024-11345-4,9.275824657079177,16,9,26,0,0,0,84,post1995,2024,17.845153450669294,1.1887605859298676,0.07474996184468267,0.03298908547955018,7.761467241125275,Доод STR регим
2024-11397-5,8.268678095750078,15,3,27,0,0,0,84,post1995,2024,17.81186876802998,1.173425216809542,0.08493520524539917,0.03483202554270756,8.8646525828596,Доод STR регим
2024-11399-5,8.568782688200416,15,9,28,0,0,0,84,post1995,2024,17.966763319088752,1.1605681538099333,0.08304799932889048,0.026670279723906832,8.659396307754097,Доод STR регим
2024-11460-2,8.217384801362527,11,9,29,1,0,1,85,post1995,2024,17.76202100276734,1.4559588427726506,0.13706927602340363,0.04823008813340193,14.690759896602867,Доод STR регим
2024-11536-3,8.258627759896576,11,4,34,0,0,0,85,1990_1994,2024,22.202228055814302,1.441519848202648,0.08829074678026311,0.02667959566658858,9.23056602181289,Дээд STR регим
2024-11558-3,8.450999652544033,12,9,32,1,0,0,85,1990_1994,2024,20.143652473927702,1.4219324561022253,0.14252512479884283,0.03900605771753614,15.318205406053377,Дээд STR регим
2024-11586-4,8.086356538956123,14,14,27,1,0,1,21,post1995,2024,17.78749953288014,1.7097834887258332,0.19122020593125033,0.04254022624523724,21.07260317823243,Доод STR регим
2024-11602-3,8.799306346812248,14,13,30,0,0,1,41,1990_1994,2024,24.16820528868722,2.0265943765206895,0.07726441630897082,0.024077571159027675,8.032769489140378,Дээд STR регим
2024-11617-3,9.224189540777514,14,13,27,1,0,1,45,post1995,2024,17.98855912837071,1.393159194618173,0.1770609692717805,0.03701427638026219,19.37038701642202,Доод STR регим
2024-11631-2,8.961825276310023,15,15,27,1,0,1,11,post1995,2024,20.59674255558934,1.0650428339903726,0.16168502850656538,0.039400181224648945,17.54899371854051,Дээд STR регим
2024-11645-3,8.856464760652196,14,15,30,0,0,1,62,1990_1994,2024,22.641658752769864,1.2798553584782935,0.09912474265852256,0.029377497666562086,10.420403231467045,Дээд STR регим
2024-11646-4,8.268678095750078,14,13.5,29,1,1,1,11,post1995,2024,19.576272791230142,1.0380060250036154,0.1376500678402648,0.025723615848100876,14.757390698859773,Дээд STR регим
2024-11658-3,8.712294969822619,10,10,34,0,1,1,11,1990_1994,2024,21.68181991784634,0.9717695664298076,0.10519187476678968,0.03619039738703439,11.09237481422658,Дээд STR регим
2024-11659-4,8.674143203858241,14,12,31,1,0,1,11,1990_1994,2024,19.955776075935713,1.0130020360098193,0.13506930558274746,0.029066671325655654,14.461610988894936,Дээд STR регим
2024-11663-3,9.521441064245446,14,14,25,0,0,1,11,post1995,2024,21.614823005133367,1.0688331080463789,0.0752437025799251,0.02337008771290894,7.8146866043943275,Дээд STR регим
2024-11679-2,8.674143203858241,14,17,32,1,1,1,11,1990_1994,2024,20.053299634997735,1.002709606891408,0.1383273604854036,0.0340418567469214,14.83514136255959,Дээд STR регим
2024-11681-2,8.674143203858241,10,8,40,1,0,1,11,1980_1984,2024,26.798263191541174,0.8917086453369639,0.10903901127812142,0.0292612946745432,11.520585509863013,Дээд STR регим
2024-11703-2,9.367290384418187,14,10,41,0,0,1,65,1980_1984,2024,25.417370636579708,1.702127659574468,0.07212739916717426,0.012255779814155298,7.47922629811395,Дээд STR регим
2024-11711-3,8.531042360217569,15,15,35,0,1,1,11,1985_1989,2024,23.103916714538485,0.9478157109868292,0.10826003030474134,0.02852998491324776,11.433746922805366,Дээд STR регим
2024-11724-3,8.961825276310023,15,12,26,1,1,1,11,post1995,2024,21.121174184698198,1.0692867311059833,0.14992423753516476,0.051024431820822586,16.174622263667572,Дээд STR регим
2024-11727-2,8.856464760652196,10,10,34,0,0,1,11,1990_1994,2024,21.68181991784634,0.9717695664298076,0.1067042195332722,0.033199479522004686,11.260511894442903,Дээд STR регим
2024-11729-3,8.674143203858241,15,10,25,1,0,1,11,post1995,2024,21.614823005133367,1.0688331080463789,0.14970673374380414,0.038882399934224786,16.149356590654772,Дээд STR регим
2024-11733-3,8.75703086366401,10,10,39,0,0,1,84,1985_1989,2024,26.289170429274208,1.228291812303476,0.09083571401034495,0.01457611707856224,9.508908268578153,Дээд STR регим
2024-11734-2,8.045534544435869,8,8,40,1,0,1,62,1980_1984,2024,25.88691088060306,1.503995577222697,0.0790562985431977,0.022989838356736368,8.226525031215903,Дээд STR регим
2024-11748-2,8.450999652544033,14,8,30,1,0,1,85,1990_1994,2024,18.567897570261806,1.4376811720383327,0.1376556379467147,0.03780561885558575,14.758029911522108,Доод STR регим
2024-11750-3,8.779503719516068,16,10,29,0,0,1,11,post1995,2024,19.576272791230142,1.0380060250036154,0.08352321952042198,0.02367506295172906,8.711045718328547,Дээд STR регим
2024-11753-4,8.450999652544033,12,11,27,1,1,1,65,post1995,2024,17.371639926844974,1.7500807400122191,0.1569029694332768,0.03369567579691737,16.98820940709689,Доод STR регим
2024-11757-2,9.184968827624234,15,12,30,1,0,1,11,1990_1994,2024,19.809893918706017,1.020533066128087,0.14122621456599213,0.05191262100336561,15.168514647492625,Дээд STR регим
2024-11799-2,8.543781385994999,11,0,36,1,1,1,65,1985_1989,2024,25.50634423444468,1.696732234651773,0.10484013377325081,0.03602775772156852,11.05330594339935,Дээд STR регим
2024-11808-3,8.378377013006503,11,11.5,29,1,0,1,64,post1995,2024,17.98503388251919,1.5935576444826665,0.14221009728769096,0.025213923106290555,15.281882720436823,Доод STR регим
2024-11814-2,9.596131956847035,15,12,28,1,0,1,43,post1995,2024,36.26052285572802,1.6873780397575937,0.11821236175632947,0.02773633399764574,12.54830955577848,Дээд STR регим
2024-11817-3,8.779503719516068,14,10,25,1,0,1,11,post1995,2024,21.614823005133367,1.0688331080463789,0.14970673374380414,0.038882399934224786,16.149356590654772,Дээд STR регим
2024-11834-3,8.694229962424979,10,10,27,0,1,1,85,post1995,2024,16.894594370365798,1.4993097457877662,0.08459362791448086,0.06254309076598472,8.827473235571603,Доод STR регим
2024-11835-2,8.181666718760448,12,12,34,0,0,1,43,1990_1994,2024,21.56273260538518,1.494026438253195,0.08719139963280421,0.031659546304792674,9.110549692533398,Дээд STR регим
2024-11838-2,8.236154904044518,12,12,26,0,0,1,21,post1995,2024,18.06804563736354,1.742384626750325,0.09992041844426468,0.03551600851562056,10.508297035418845,Доод STR регим
2024-11846-3,9.144146833103978,14,13,37,1,1,1,11,1985_1989,2024,25.242628873315546,0.9068776413462102,0.09861017467374401,0.0347075079691617,10.363599043159532,Дээд STR регим
2024-11851-2,8.779503719516068,10,11,32,0,1,1,11,1990_1994,2024,20.053299634997735,1.002709606891408,0.09730366662656803,0.02383012994093764,10.219502265191661,Дээд STR регим
2024-11854-3,8.135146703125555,14,10,26,1,0,1,11,post1995,2024,21.121174184698198,1.0692867311059833,0.14203355523778552,0.03462055100590813,15.261532416939417,Дээд STR регим
2024-11858-2,8.268678095750078,14,12,36,1,0,1,11,1985_1989,2024,24.05297052132284,0.9257993949993928,0.10044101758999574,0.03267425528751997,10.565842538221792,Дээд STR регим
2024-11860-4,8.961825276310023,14,12.5,31,1,1,1,11,1990_1994,2024,19.955776075935713,1.0130020360098193,0.13876084872181374,0.027566102816437704,14.884931836479431,Дээд STR регим
2024-11885-3,8.531042360217569,14,11,30,0,1,1,11,1990_1994,2024,19.809893918706017,1.020533066128087,0.09556784774799269,0.020129216147440628,10.028347125719428,Дээд STR регим
2024-11888-3,8.856464760652196,10,14,40,0,1,1,11,1980_1984,2024,26.798263191541174,0.8917086453369639,0.10274475559236138,0.028706002122600473,10.820850894879875,Дээд STR регим
2024-11891-5,9.008345291944917,13,12,30,1,0,1,62,1990_1994,2024,22.641658752769864,1.2798553584782935,0.135211011809376,0.04438401839076487,14.477832061168328,Дээд STR регим
2024-11904-2,8.181666718760448,2,10,41,1,0,1,23,1980_1984,2024,23.234570385043952,2.013888888888889,0.07095086057436248,0.017253691417522823,7.352847199970092,Дээд STR регим
2024-11934-2,8.874813899320394,14,10,36,1,0,1,81,1985_1989,2024,22.657861467828866,1.9224582260299612,0.08210509509944575,0.033090821056992806,8.556989191045595,Дээд STR регим
2024-11939-3,8.489151418508408,16,10,25,0,0,1,11,post1995,2024,21.614823005133367,1.0688331080463789,0.0752437025799251,0.02337008771290894,7.8146866043943275,Дээд STR регим
2024-11956-3,8.720663219493135,14,12,29,1,0,1,84,post1995,2024,18.259557344064383,1.156224626385717,0.1350563411973539,0.049391799750297026,14.460127074076357,Доод STR регим
2024-11965-3,8.605150332371291,16,12,30,0,0,1,64,1990_1994,2024,18.755652016639537,1.5780182719423008,0.05739412492633718,0.016977870313273555,5.907313527245472,Доод STR регим
2024-11966-3,8.294995404067452,16,10,27,1,0,1,62,post1995,2024,21.7248104945242,1.2593120609077246,0.17342915359099217,0.04090316116787655,18.93764207363031,Дээд STR регим
2024-11971-2,8.720663219493135,13,12,31,1,0,1,41,1990_1994,2024,26.439452439452438,2.008083335537286,0.10706439732452747,0.03258330695732643,11.300592677541644,Дээд STR регим
2024-11977-3,8.46626712467482,9,8,28,0,0,1,61,post1995,2024,12.211373199553226,0.8646244050570628,0.10399559439316591,0.04666603329573395,10.95955664630035,Доод STR регим
2024-11980-2,8.491821647064288,12,12,32,1,0,1,11,1990_1994,2024,20.053299634997735,1.002709606891408,0.13638284566869333,0.03534277102941305,14.612059691800017,Дээд STR регим
2024-11983-3,8.605150332371291,12,7,26,0,0,1,62,post1995,2024,21.50032897442224,1.2706916881441623,0.11456375935985769,0.03623322420207767,12.138413751941712,Дээд STR регим
2024-12006-3,8.389306083538692,12,5.5,26,0,0,1,65,post1995,2024,17.337616882611826,1.773142755516095,0.07979099161863076,0.04243995234967064,8.306067525816596,Доод STR регим
2024-12013-3,7.863212987641914,8,8,34,0,1,1,83,1990_1994,2024,20.464889395083148,1.7042314486291816,0.057867166292080524,0.05543448818794405,5.957423918688187,Дээд STR регим
2024-12026-3,9.344817528566129,14,15,26,1,0,1,11,post1995,2024,21.121174184698198,1.0692867311059833,0.14203355523778552,0.03462055100590813,15.261532416939417,Дээд STR регим
2024-12071-3,8.315198111384971,10,9,30,0,0,1,11,1990_1994,2024,19.809893918706017,1.020533066128087,0.09524071449598565,0.01786544006613322,9.992359081475133,Дээд STR регим
2024-12076-3,8.856464760652196,14,11.5,36,0,0,1,11,1985_1989,2024,24.05297052132284,0.9257993949993928,0.10578608243599265,0.03342372005390309,11.158406371617179,Дээд STR регим
2024-12084-3,8.605150332371291,15,8,33,1,0,1,11,1990_1994,2024,20.583862976361644,0.9881194944841533,0.12631342609074983,0.02902782663578915,13.463773762828124,Дээд STR регим
2024-12110-3,8.785201740630706,9,8,30,0,1,1,11,1990_1994,2024,19.809893918706017,1.020533066128087,0.09556784774799269,0.020129216147440628,10.028347125719428,Дээд STR регим
2024-12113-2,9.190666848738871,15,15,38,1,0,1,61,1985_1989,2024,25.558935090569864,0.8213275082559915,0.08812741581311713,0.023685567889154623,9.212726744715493,Дээд STR регим
2024-12133-3,8.720663219493135,15,13.5,32,0,1,1,11,1990_1994,2024,20.053299634997735,1.002709606891408,0.09730366662656803,0.02383012994093764,10.219502265191661,Дээд STR регим
2024-12156-3,9.654972456869968,15,14,34,1,0,1,11,1990_1994,2024,21.68181991784634,0.9717695664298076,0.1270561650101613,0.040805496460768274,13.548079028070227,Дээд STR регим
2024-12161-3,8.571627640332647,9,8,28,0,1,1,11,post1995,2024,19.814154327883934,1.0522298977933353,0.08469898370493881,0.02378853416643505,8.838939444042992,Дээд STR регим
2024-12167-3,8.91737351373919,10,11,26,0,0,1,11,post1995,2024,21.121174184698198,1.0692867311059833,0.06687377296811503,0.023397219099676778,6.916051269850709,Дээд STR регим
2024-12180-2,8.045534544435869,16,11,29,1,1,1,11,post1995,2024,19.576272791230142,1.0380060250036154,0.1376500678402648,0.025723615848100876,14.757390698859773,Дээд STR регим
2024-12188-3,8.531042360217569,15,13,27,1,0,1,11,post1995,2024,20.59674255558934,1.0650428339903726,0.16168502850656538,0.039400181224648945,17.54899371854051,Дээд STR регим
2024-12190-2,8.674143203858241,12,12,34,0,0,1,65,1990_1994,2024,23.381040929967888,1.7062866341828098,0.06877542614498397,0.0289650881612847,7.119561960452581,Дээд STR регим
2024-12193-2,8.348720803423614,12,10,41,0,0,1,21,1980_1984,2024,26.19265965303557,1.506024096385542,0.08524225082236547,0.01547005702826162,8.898084125164086,Дээд STR регим
2024-12213-3,8.323166281034148,1,9.5,30,0,0,1,21,1990_1994,2024,17.456786171574905,1.6182262922756814,0.09606672607772178,0.0170804310432935,10.083251577938345,Доод STR регим
2024-12220-2,7.128174865372808,9,1,32,1,0,1,21,1990_1994,2024,17.503120926731654,1.5723337356047673,0.14886044688181477,0.07625467305077119,16.05110249758177,Доод STR регим
2024-12221-3,7.9654918367623315,10,5.5,27,1,0,1,21,post1995,2024,17.78749953288014,1.7097834887258332,0.19122020593125033,0.04254022624523724,21.07260317823243,Доод STR регим
2024-12222-3,8.81872443266935,8,8,32,0,0,1,21,1990_1994,2024,17.503120926731654,1.5723337356047673,0.08404739068955477,0.020687493724889903,8.76804385134433,Доод STR регим
2024-12256-2,7.342337028022421,10,10,26,0,1,1,21,post1995,2024,18.06804563736354,1.742384626750325,0.10594314086099604,0.0317637660901503,11.175866106911169,Доод STR регим
2024-12268-3,8.594511934166235,13,8,27,0,1,1,21,post1995,2024,17.78749953288014,1.7097834887258332,0.103066052334827,0.059838002398395894,10.856462993989036,Доод STR регим
2024-12390-3,8.651670348006183,15,10,28,1,0,1,22,post1995,2024,19.01993355481728,1.3718227361450208,0.1496302782951541,0.023835466000497893,16.140476678949355,Доод STR регим
2024-12391-4,7.958523167446239,11,6,32,1,0,1,22,1990_1994,2024,20.42782813402008,1.3134457390166694,0.13680689473122706,0.031216110790335132,14.660671134357273,Дээд STR регим
2024-12392-3,8.481771311210785,14,11.5,27,0,0,1,22,post1995,2024,19.082633053221286,1.3964604173044413,0.08267898547931597,0.053444480180092145,8.619306882861565,Доод STR регим
2024-12466-2,7.863212987641914,10,10,29,0,0,0,22,post1995,2024,19.300045599635204,1.3398775256283817,0.07850502323310365,0.021940027662677143,8.166878862309623,Доод STR регим
2024-12477-2,8.86338520349677,15,7,36,1,0,0,22,1985_1989,2024,25.121916788583455,1.2896689629890072,0.09918264366744013,0.024523990892492638,10.42679686931649,Дээд STR регим
2024-12482-3,7.601848223507506,14,10,35,0,1,0,22,1985_1989,2024,23.19569337641627,1.2934004645168933,0.09594127747704577,0.016273028949267448,10.069442654243211,Дээд STR регим
2024-12483-3,8.870258082784533,14,10.5,27,0,0,0,22,post1995,2024,19.082633053221286,1.3964604173044413,0.07707525075953217,0.04302842539285052,8.012335343721677,Доод STR регим
2024-12518-3,8.140844724240193,2,7.5,41,0,0,0,22,1980_1984,2024,24.748683220466518,1.4545454545454546,0.08371085046709256,0.015367240184372919,8.731445188476329,Дээд STR регим
2024-12528-2,9.12167397725192,8,8,35,0,0,0,22,1985_1989,2024,23.19569337641627,1.2934004645168933,0.10755042321919027,0.02323181910030069,11.354700795582362,Дээд STR регим
2024-12560-3,8.408440038125237,14,12,32,1,1,1,23,1990_1994,2024,19.681092974654995,1.8078354773212093,0.14216912967156026,0.027564897537070993,15.277159993258804,Дээд STR регим
2024-12686-2,8.268678095750078,8,8,33,0,0,0,23,1990_1994,2024,20.368875283599273,1.8135108907172597,0.0615215465754217,0.02637572519480526,6.3453410061051985,Дээд STR регим
2024-12719-2,8.961825276310023,15,8,34,1,0,1,41,1990_1994,2024,19.30657781848911,1.921911548022799,0.09875978670241839,0.0500635411588153,10.380112000341901,Доод STR регим
2024-12724-2,8.856464760652196,16,14,40,1,0,1,41,1980_1984,2024,23.845093478073576,2.1695551138113505,0.07121780391531345,0.031703341176959075,7.381508152917338,Дээд STR регим
2024-12724-3,8.531042360217569,15,14,35,0,0,1,41,1985_1989,2024,20.77424150211307,1.8996243294657593,0.06729092485923946,0.021370091365469267,6.960660806658914,Дээд STR регим
2024-12760-3,8.07022715702624,12,10,26,0,0,1,41,post1995,2024,23.64579288923401,2.148592719006649,0.07385164907533309,0.03413206926481096,7.664707205953136,Дээд STR регим
2024-12771-2,8.961825276310023,11,10,32,0,1,1,41,1990_1994,2024,22.945585650503684,1.985115445314791,0.06920507741699757,0.025042433139467107,7.1655959050697104,Дээд STR регим
2024-12909-2,8.410508291189295,12,10,28,1,1,1,42,post1995,2024,3.9192095023551095,1.4808429118773947,0.15423920398358956,0.057407586697850524,16.676994942049504,Доод STR регим
2024-12986-3,7.878480459772702,10,12,27,1,0,1,43,post1995,2024,35.79930357708136,1.7295101661058216,0.1340956946870627,0.042726347728043984,14.350224149817414,Дээд STR регим
2024-12992-2,8.181666718760448,12,8,32,1,0,1,43,1990_1994,2024,29.527604527604524,1.5482223542238862,0.12352051399349798,0.05066999916289691,13.147321533818745,Дээд STR регим
2024-13001-3,8.217384801362527,10,10,39,1,1,1,43,1985_1989,2024,25.622336367072087,1.475591263726857,0.09282292866200419,0.03580416129489212,9.726742345425299,Дээд STR регим
2024-13012-2,9.190666848738871,10,10,33,0,0,1,43,1990_1994,2024,20.408107672258616,1.5197888700998508,0.07146939136592353,0.02956828279448989,7.408527391504349,Дээд STR регим
2024-13012-3,8.651670348006183,10,10,30,1,1,1,43,1990_1994,2024,37.46059470051972,1.6021639404985506,0.1389645787665453,0.05747978734278185,14.908339733146402,Дээд STR регим
2024-13016-2,8.491821647064288,14,14,27,0,0,1,43,post1995,2024,35.79930357708136,1.7295101661058216,0.09471616992809348,0.026137227510881232,9.934678316397871,Дээд STR регим
2024-13070-3,8.450999652544033,14,9,39,0,0,0,43,1985_1989,2024,25.622336367072087,1.475591263726857,0.09362876381978401,0.01623596712110576,9.815199648371431,Дээд STR регим
2024-13074-3,9.190666848738871,12,12,41,0,1,0,43,1980_1984,2024,25.401342038447588,1.4718614718614718,0.08633157329026356,0.012871315959918389,9.016773888889196,Дээд STR регим
2024-13091-2,8.268678095750078,14,10,25,1,0,0,43,post1995,2024,36.74718025111726,1.793034935883192,0.13891173687529682,0.03847815577776867,14.90226791957916,Дээд STR регим
2024-13116-2,8.720663219493135,18,10,25,1,0,1,44,post1995,2024,70.05744600703164,1.837886278949382,0.11014095731116941,0.032786727334808266,11.643542910436588,Дээд STR регим
2024-13143-2,8.833991904800138,14,10,29,0,0,1,44,post1995,2024,65.10487796337151,1.7835271012483687,0.08844446206559223,0.018261761099304444,9.247357719972872,Дээд STR регим
2024-13143-3,7.970357625093241,12,10,26,1,0,1,44,post1995,2024,67.21812401617333,1.8392880171046944,0.11967707834964786,0.033605349195006864,12.713281721574887,Дээд STR регим
2024-13155-2,7.80437248761898,12,10,26,1,0,1,44,post1995,2024,67.21812401617333,1.8392880171046944,0.11967707834964786,0.033605349195006864,12.713281721574887,Дээд STR регим
2024-13182-3,8.406547889973199,14,14,39,0,0,0,44,1985_1989,2024,27.48498590513543,1.7405294601556285,0.08525826059635828,0.0198615356438181,8.89982757283525,Дээд STR регим
2024-13183-2,8.754854584241414,10,8,32,1,1,0,44,1990_1994,2024,43.34994992260767,1.7632199316414159,0.1317784353886081,0.03419737262363791,14.085551805285611,Дээд STR регим
2024-13189-4,8.183404338658988,10,9,34,1,1,0,44,1990_1994,2024,22.474191258493054,1.7555854036122587,0.11440294071585402,0.045850570293188224,12.120381254321178,Дээд STR регим
2024-13223-2,9.057135456114349,11,12,34,0,1,0,44,1990_1994,2024,22.474191258493054,1.7555854036122587,0.077896979948909,0.02248375335036685,8.101128709540252,Дээд STR регим
2024-13278-2,9.008345291944917,12,10,33,0,1,1,65,1990_1994,2024,21.388195372389056,1.7054802444084523,0.047326695747913525,0.041388003732966284,4.8464482022497535,Дээд STR регим
2024-13287-3,8.674143203858241,16,10,27,0,0,1,45,post1995,2024,17.98855912837071,1.393159194618173,0.07925372070683039,0.0340024174100571,8.247893455180865,Доод STR регим
2024-13300-3,8.568782688200416,16,14,33,0,1,1,45,1990_1994,2024,19.0867399170035,1.145461140503846,0.07457802192075097,0.027322150507291258,7.74294033544809,Доод STR регим
2024-13312-2,8.674143203858241,14,14,31,0,1,1,45,1990_1994,2024,19.340289669343882,1.2128171259434517,0.07530963376624669,0.018342041391887193,7.821795188921188,Доод STR регим
2024-13330-3,8.785201740630706,16,9,28,1,0,1,45,post1995,2024,18.1835498073051,1.33516497451351,0.17539599547430954,0.03766387408751149,19.171803813635346,Доод STR регим
2024-13333-3,8.90298477628709,16,14,28,1,0,1,43,post1995,2024,36.26052285572802,1.6873780397575937,0.11821236175632947,0.02773633399764574,12.54830955577848,Дээд STR регим
2024-13361-3,8.961825276310023,14,8,27,0,1,0,84,post1995,2024,17.81186876802998,1.173425216809542,0.0819155497569841,0.03978087999924464,8.536414669316738,Доод STR регим
2024-13375-3,8.587131826868612,16,9,28,1,0,0,45,post1995,2024,18.1835498073051,1.33516497451351,0.18227265411650623,0.042005946168407214,19.994131822192163,Доод STR регим
2024-13376-2,8.674143203858241,16,14,28,0,1,0,45,post1995,2024,18.1835498073051,1.33516497451351,0.07725627478435831,0.031291913620189696,8.031889941269066,Доод STR регим
2024-13391-3,8.268678095750078,12,8,31,0,1,0,45,1990_1994,2024,19.340289669343882,1.2128171259434517,0.0829626912759292,0.025453738567449025,8.650127181590307,Доод STR регим
2024-13394-2,7.757852471984087,10,8,37,1,1,0,45,1985_1989,2024,24.17985822406993,1.0061055954951834,0.11220969140740199,0.03562043926426386,11.874742777348724,Дээд STR регим
2024-13489-3,8.605150332371291,14,13.5,28,1,0,0,46,post1995,2024,18.827955360298944,1.697007789190271,0.15582749932438028,0.036209294273155904,16.862459716923283,Доод STR регим
2024-13497-4,9.008345291944917,16,10,26,1,0,0,46,post1995,2024,18.77487352445194,1.718244651755898,0.16847394899343837,0.05763408491768892,18.349739514485552,Доод STR регим
2024-13530-3,8.674143203858241,10,14.5,27,0,0,0,46,post1995,2024,18.68253902967842,1.7042699533151802,0.046168585405470745,0.023716947077446305,4.72509473013738,Доод STR регим
2024-13654-3,8.16331758009225,14,8,26,1,0,0,48,post1995,2024,7.87073240603454,2.124667609987321,0.2349235134435428,0.05094248910237438,26.4812023916825,Доод STR регим
2024-13719-3,8.268678095750078,14,10,30,1,0,1,61,1990_1994,2024,12.661237607582525,0.8376698108441282,0.15058944218988787,0.029940410729500783,16.251927872332782,Доод STR регим
2024-13754-3,8.450999652544033,14,10,25,1,0,1,61,post1995,2024,13.330427384541053,1.0059066098828928,0.14728415952379714,0.03403689999237687,15.868316711140086,Доод STR регим
2024-13754-4,9.190666848738871,14,10,34,0,1,1,61,1990_1994,2024,20.464542584215724,0.7836800001583974,0.08036095914806314,0.020708174215436904,8.367816063205824,Дээд STR регим
2024-13768-2,8.363988275554403,12,8,27,0,0,1,61,post1995,2024,12.618293837391562,0.9164649525968335,0.10599495750746309,0.0498394038767623,11.181627016715122,Доод STR регим
2024-13769-3,8.199685224263126,14,9,29,1,0,1,82,post1995,2024,17.050691755270783,2.184474666884017,0.12544138724411982,0.03753212977831265,13.364872073746636,Доод STR регим
2024-13776-3,7.853162651788412,11,9,25,0,0,1,61,post1995,2024,13.330427384541053,1.0059066098828928,0.09458792741659929,0.0729102710961981,9.920580921112276,Доод STR регим
2024-13795-2,9.298297512931237,14,10,39,1,0,1,11,1985_1989,2024,26.638652277373453,0.8899269756791881,0.11130092190056314,0.028028634926194312,11.773120605086728,Дээд STR регим
2024-13803-3,8.676988155990474,14,7,38,0,0,1,63,1985_1989,2024,24.95433484807984,1.8612856339084771,0.08017474886311432,0.039876636603877906,8.347638739968266,Дээд STR регим
2024-13816-3,8.450999652544033,14,10,34,0,0,1,61,1990_1994,2024,20.464542584215724,0.7836800001583974,0.07582280026274331,0.024294973778868516,7.877139921120868,Дээд STR регим
2024-13831-3,8.531042360217569,14,9,29,0,0,0,61,post1995,2024,12.14290593978759,0.8560938471253072,0.10285806877507847,0.05776263823045156,10.83340906969612,Доод STR регим
2024-13831-4,8.063883683104065,14,9,33,1,0,0,61,1990_1994,2024,19.67723692726329,0.7868469713759924,0.10063347604336986,0.0342671424084964,10.58712391709764,Дээд STR регим
2024-13832-2,9.057135456114349,14,12,33,1,0,0,61,1990_1994,2024,19.67723692726329,0.7868469713759924,0.10063347604336986,0.0342671424084964,10.58712391709764,Дээд STR регим
2024-13857-3,8.833991904800138,15,9,34,1,1,1,62,1990_1994,2024,24.38067476155451,1.2882758563222214,0.10545624164747276,0.04145590239422525,11.121747841280571,Дээд STR регим
2024-14029-3,8.531042360217569,14,12,34,1,0,1,63,1990_1994,2024,20.27581690745423,1.9290966181736762,0.09586337241994672,0.028361012514144898,10.060868022036317,Дээд STR регим
2024-14034-3,8.823520604932844,13,8,25,0,0,1,63,post1995,2024,16.755680672121514,2.235759227865182,0.04762753237403102,0.025654731642815305,4.877994598905189,Доод STR регим
2024-14049-3,8.856464760652196,15,9,29,1,0,1,63,post1995,2024,16.416426710544357,2.0695101745503472,0.13695946885049531,0.04959439300336235,14.678166719923148,Доод STR регим
2024-14098-3,9.644922121016467,8,5,41,0,0,0,63,1980_1984,2024,23.73573071906918,1.8548387096774193,0.06484167420446368,0.016284988270146912,6.699007895725573,Дээд STR регим
2024-14150-2,8.489151418508408,10,8,34,1,0,0,63,1990_1994,2024,20.27581690745423,1.9290966181736762,0.10395232796424932,0.030620204640950905,10.954755926385861,Дээд STR регим
2024-14158-3,8.961825276310023,16,14,26,0,0,0,63,post1995,2024,16.994168939228373,2.199427547164256,0.0744539232558075,0.05533327859592513,7.72957041000748,Доод STR регим
2024-14257-5,8.80419633210644,16,9,25,1,0,0,64,post1995,2024,18.265238792773534,1.7180766922953854,0.1894483960306327,0.0551075908152534,20.858275471274368,Доод STR регим
2024-14345-4,8.628680829781485,15,12,33,1,1,0,64,1990_1994,2024,22.131188589857874,1.531098867975945,0.10351649082447718,0.06035906965665654,10.906408259538525,Дээд STR регим
2024-14392-2,8.779503719516068,12,10,34,1,0,1,65,1990_1994,2024,23.381040929967888,1.7062866341828098,0.10140260187188128,0.03805783016377523,10.672212047948126,Дээд STR регим
2024-14454-3,9.527139085360083,15,11,29,0,0,0,65,post1995,2024,18.417767093843562,1.7257175616071245,0.07155182119346534,0.02746387321536556,7.417381422806879,Доод STR регим
2024-14463-3,8.205383245377764,0,3,29,0,0,0,65,post1995,2024,18.417767093843562,1.7257175616071245,0.07155182119346534,0.02746387321536556,7.417381422806879,Доод STR регим
2024-14548-2,7.3523873638759225,14,10,37,1,0,1,67,1985_1989,2024,24.93376015505794,1.2982693104683594,0.09517392442026001,0.030943065571851693,9.985012928810622,Дээд STR регим
2024-14579-4,8.045534544435869,10,9,36,0,0,1,67,1985_1989,2024,24.874596064683175,1.2848431215772613,0.09826833858793284,0.02812974717456469,10.325879229810564,Дээд STR регим
2024-14597-2,8.428526796691974,12,10,33,0,0,1,67,1990_1994,2024,20.797932412475024,1.2557410294633167,0.08256416891101155,0.023133667294505094,8.606836302721966,Дээд STR регим
2024-14744-3,8.674143203858241,12,11.5,26,0,0,1,81,post1995,2024,16.322013477843548,1.930676291959717,0.07683532629716172,0.04056110323098251,7.986423650783769,Доод STR регим
2024-14760-2,8.323166281034148,10,11,36,0,0,1,81,1985_1989,2024,22.657861467828866,1.9224582260299612,0.06716601022354259,0.02558109386125199,6.947300689134828,Дээд STR регим
2024-14786-2,8.450999652544033,14,10,40,1,0,1,81,1980_1984,2024,22.833011583011583,2.1352074966532797,0.07255762395842348,0.025019342886139162,7.525476474084458,Дээд STR регим
2024-14795-2,8.450999652544033,8,8,25,0,0,0,81,post1995,2024,16.39616855933923,1.952452646932915,0.06137923516410627,0.033554029359962365,6.330207927370246,Доод STR регим
2024-14818-3,8.674143203858241,14,8.5,40,1,0,0,81,1980_1984,2024,22.833011583011583,2.1352074966532797,0.07177580947633119,0.02571166390897662,7.441444352428261,Дээд STR регим
2024-14858-3,7.3523873638759225,16,12,26,0,0,0,81,post1995,2024,16.322013477843548,1.930676291959717,0.08802863655441047,0.05026642002601334,9.201939325321739,Доод STR регим
2024-14867-6,8.961825276310023,16,10,28,1,0,0,81,post1995,2024,16.257084139391747,1.8935722624044042,0.16542876153990635,0.05793540666502168,17.989890554434652,Доод STR регим
2024-14895-3,8.674143203858241,15,10,25,1,0,1,82,post1995,2024,16.214277405095196,2.301862236976233,0.15624562465867298,0.0734759473937133,16.911333088844117,Доод STR регим
2024-14922-2,8.497519668178926,15,14,33,1,1,1,82,1990_1994,2024,19.70783564261825,2.130294332091728,0.09816058659512909,0.038374846299551624,10.31399203691159,Дээд STR регим
2024-14944-2,8.720663219493135,14,10,31,1,0,0,82,1990_1994,2024,18.53477167993297,2.1519358159341286,0.15275567382530691,0.028900230876994323,16.504029432772626,Доод STR регим
2024-15018-2,9.008345291944917,14,10,36,1,0,0,82,1985_1989,2024,25.798896411327856,2.090050646607916,0.08421052259668657,0.03674839027858743,8.785788837120133,Дээд STR регим
2024-15018-3,9.008345291944917,14,10,33,1,0,0,82,1990_1994,2024,19.70783564261825,2.130294332091728,0.10364513000919204,0.02923497077644352,10.920676087157855,Дээд STR регим
2024-15039-3,8.674143203858241,16,12,25,1,0,1,83,post1995,2024,15.217660339864178,1.816340084881532,0.13561006081355734,0.07644267121078323,14.523523441996854,Доод STR регим
2024-15042-2,7.553058059338074,10,10,39,0,1,1,83,1985_1989,2024,23.442403324326165,1.76911278598309,0.07729665760189751,0.02223209293880197,8.036252661457844,Дээд STR регим
2024-15055-4,8.228186734395342,12,9,29,0,1,1,83,post1995,2024,16.288445749652645,1.731268820895838,0.08089118070210365,0.0314733955227061,8.425290250726846,Доод STR регим
2024-15060-3,7.8378951796576235,13,10,28,0,1,1,83,post1995,2024,15.751992955135336,1.7438300545976837,0.07315333911625956,0.04172991911252387,7.589550113197774,Доод STR регим
2024-15063-3,8.406547889973199,12,8,27,0,1,1,83,post1995,2024,15.444730303230205,1.7669782027458318,0.06468832233649922,0.050222528860126583,6.682646658100055,Доод STR регим
2024-15073-3,7.975648416971702,19,16,28,1,0,1,83,post1995,2024,15.751992955135336,1.7438300545976837,0.17625458754011145,0.028522881065732583,19.27416771698627,Доод STR регим
2024-15074-3,8.605150332371291,14,11,27,1,0,1,83,post1995,2024,15.444730303230205,1.7669782027458318,0.16948267750316712,0.04402239170441168,18.46918250349883,Доод STR регим
2024-15079-4,8.395240819058507,14,15,32,0,1,1,83,1990_1994,2024,18.277485226637772,1.7106890804719728,0.05561127001780247,0.045799222946581175,5.71866437048083,Доод STR регим
2024-15097-3,8.81597339929746,14,10,31,0,1,1,83,1990_1994,2024,17.54980127747731,1.7236671891437996,0.07581491844979092,0.05287621028082912,7.876289657032998,Доод STR регим
2024-15105-2,8.16331758009225,14,12,36,0,1,1,83,1985_1989,2024,21.68544732104054,1.6907061884609607,0.07477655596080195,0.03764295640637852,7.764333100205589,Дээд STR регим
2024-15117-2,7.776201610652284,10,14,34,0,1,0,83,1990_1994,2024,20.464889395083148,1.7042314486291816,0.06773702055321137,0.04582495421002145,7.0083861411107895,Дээд STR регим
2024-15120-3,8.197415075728587,4,5.5,33,0,0,0,83,1990_1994,2024,19.290908096878248,1.7046872135963096,0.055402973378273136,0.05952709465210285,5.696645821231461,Доод STR регим
2024-15130-4,8.242627418550136,14,8,34,0,1,0,83,1990_1994,2024,20.464889395083148,1.7042314486291816,0.06773702055321137,0.04582495421002145,7.0083861411107895,Дээд STR регим
2024-15135-3,8.315198111384971,14,8,25,0,0,0,83,post1995,2024,15.217660339864178,1.816340084881532,0.04884784467974965,0.04300105331138226,5.006056628256372,Доод STR регим
2024-15159-4,8.625353039688811,16,8,26,0,1,0,83,post1995,2024,15.27144853670686,1.7878839654934087,0.051767878002065754,0.037720715225565166,5.313125920751149,Доод STR регим
2024-15161-3,8.053833347250563,11,11.5,29,0,0,0,83,post1995,2024,16.288445749652645,1.731268820895838,0.0732492571491571,0.03774103927025886,7.599870386147201,Доод STR регим
2024-15180-2,7.686589451962597,13,8,26,1,0,0,83,post1995,2024,15.27144853670686,1.7878839654934087,0.17053216341871208,0.08326542727361748,18.59357950699614,Доод STR регим
2024-15192-2,8.02751603893319,14,14,37,1,0,0,83,1985_1989,2024,22.95048389574479,1.704061101366828,0.09336474465002724,0.028015047661410126,9.786210157592645,Дээд STR регим
2024-15192-3,8.90298477628709,14,14,27,1,0,0,83,post1995,2024,15.444730303230205,1.7669782027458318,0.16906626170596717,0.0604840240174525,18.419860334400905,Доод STR регим
2024-15195-2,7.988660261866477,10,10,25,0,0,0,83,post1995,2024,15.217660339864178,1.816340084881532,0.04884784467974965,0.04300105331138226,5.006056628256372,Доод STR регим
2024-15212-3,8.529502714031976,8,8,41,1,0,1,84,1980_1984,2024,26.02069617887357,1.2021857923497268,0.08536140206430949,0.022611490321902798,8.911060240177694,Дээд STR регим
2024-15214-3,8.738681724995814,10,10,26,0,0,1,84,post1995,2024,17.845153450669294,1.1887605859298676,0.07773315408297812,0.038760051144754816,8.08342039910055,Доод STR регим
2024-15296-3,8.69216170936092,14,8,40,1,0,0,84,1980_1984,2024,25.836032236197937,1.24542279308208,0.0862108326956815,0.027341846750190225,9.003611933397583,Дээд STR регим
2024-15313-3,8.584531045168555,9,6,27,0,0,0,84,post1995,2024,17.81186876802998,1.173425216809542,0.08493520524539917,0.03483202554270756,8.8646525828596,Доод STR регим
2024-15321-2,8.481771311210785,16,12,29,0,0,0,84,post1995,2024,18.259557344064383,1.156224626385717,0.0867459719408135,0.027708505487935013,9.06195965468961,Доод STR регим
2024-15322-2,9.190666848738871,16,10,30,0,0,0,84,1990_1994,2024,19.019150876481913,1.1477111235742812,0.08450801508118956,0.0249919408267834,8.818156606065198,Доод STR регим
2024-15338-3,8.140844724240193,16,8,27,0,0,0,84,post1995,2024,17.81186876802998,1.173425216809542,0.08493520524539917,0.03483202554270756,8.8646525828596,Доод STR регим
2024-15353-2,9.06718579196785,14,9,30,0,0,0,84,1990_1994,2024,19.019150876481913,1.1477111235742812,0.08450801508118956,0.0249919408267834,8.818156606065198,Доод STR регим
2024-15419-2,8.450999652544033,12,9,25,0,0,1,85,post1995,2024,17.381662525259937,1.5389227395263756,0.06166061973994563,0.05071093704475677,6.360131817689951,Доод STR регим
