species,hses_code,year,aimag_mn,loss
Адуу,11,1991,Улаанбаатар,0.4
Адуу,11,1992,Улаанбаатар,0.8
Адуу,11,1993,Улаанбаатар,1.2
Адуу,11,1994,Улаанбаатар,0.7
Адуу,11,1995,Улаанбаатар,1
Адуу,11,1996,Улаанбаатар,1.2
Адуу,11,1997,Улаанбаатар,0.6
Адуу,11,1998,Улаанбаатар,0.5
Адуу,11,1999,Улаанбаатар,1.6
Адуу,11,2000,Улаанбаатар,0.6
Адуу,11,2001,Улаанбаатар,2.3
Адуу,11,2002,Улаанбаатар,0.5
Адуу,11,2003,Улаанбаатар,0.5
Адуу,11,2004,Улаанбаатар,0.6
Адуу,11,2005,Улаанбаатар,0.4
Адуу,11,2006,Улаанбаатар,0.3
Адуу,11,2007,Улаанбаатар,0.2
Адуу,11,2008,Улаанбаатар,0.2
Адуу,11,2009,Улаанбаатар,0.3
Адуу,11,2010,Улаанбаатар,2.2
Адуу,11,2011,Улаанбаатар,0.3
Адуу,11,2012,Улаанбаатар,0.2
Адуу,11,2013,Улаанбаатар,0.3
Адуу,11,2014,Улаанбаатар,0.1
Адуу,11,2015,Улаанбаатар,0.2
Адуу,11,2016,Улаанбаатар,0.3
Адуу,11,2017,Улаанбаатар,1
Адуу,11,2018,Улаанбаатар,1.4
Адуу,11,2019,Улаанбаатар,0.5
Адуу,11,2020,Улаанбаатар,1
Адуу,11,2021,Улаанбаатар,1.6
Адуу,11,2022,Улаанбаатар,0.8
Адуу,11,2023,Улаанбаатар,4
Адуу,11,2024,Улаанбаатар,3.7
Адуу,21,1991,Дорнод,4
Адуу,21,1992,Дорнод,4.1
Адуу,21,1993,Дорнод,4.1
Адуу,21,1994,Дорнод,3
Адуу,21,1995,Дорнод,4.9
Адуу,21,1996,Дорнод,2.9
Адуу,21,1997,Дорнод,1
Адуу,21,1998,Дорнод,0.7
Адуу,21,1999,Дорнод,1.2
Адуу,21,2000,Дорнод,1.5
Адуу,21,2001,Дорнод,2
Адуу,21,2002,Дорнод,1
Адуу,21,2003,Дорнод,1.9
Адуу,21,2004,Дорнод,0.7
Адуу,21,2005,Дорнод,1.1
Адуу,21,2006,Дорнод,0.5
Адуу,21,2007,Дорнод,0.4
Адуу,21,2008,Дорнод,1.2
Адуу,21,2009,Дорнод,3
Адуу,21,2010,Дорнод,9.1
Адуу,21,2011,Дорнод,0.5
Адуу,21,2012,Дорнод,1
Адуу,21,2013,Дорнод,1.5
Адуу,21,2014,Дорнод,0.5
Адуу,21,2015,Дорнод,0.6
Адуу,21,2016,Дорнод,0.5
Адуу,21,2017,Дорнод,0.5
Адуу,21,2018,Дорнод,0.5
Адуу,21,2019,Дорнод,0.9
Адуу,21,2020,Дорнод,0.7
Адуу,21,2021,Дорнод,0.4
Адуу,21,2022,Дорнод,0.5
Адуу,21,2023,Дорнод,6.3
Адуу,21,2024,Дорнод,35
Адуу,22,1991,Сүхбаатар,3.8
Адуу,22,1992,Сүхбаатар,3.1
Адуу,22,1993,Сүхбаатар,3.3
Адуу,22,1994,Сүхбаатар,4
Адуу,22,1995,Сүхбаатар,5.5
Адуу,22,1996,Сүхбаатар,2.3
Адуу,22,1997,Сүхбаатар,2.1
Адуу,22,1998,Сүхбаатар,1.4
Адуу,22,1999,Сүхбаатар,1.8
Адуу,22,2000,Сүхбаатар,2.7
Адуу,22,2001,Сүхбаатар,16.8
Адуу,22,2002,Сүхбаатар,1.6
Адуу,22,2003,Сүхбаатар,6.3
Адуу,22,2004,Сүхбаатар,6
Адуу,22,2005,Сүхбаатар,7.7
Адуу,22,2006,Сүхбаатар,1.7
Адуу,22,2007,Сүхбаатар,3.1
Адуу,22,2008,Сүхбаатар,39.5
Адуу,22,2009,Сүхбаатар,1.6
Адуу,22,2010,Сүхбаатар,1.8
Адуу,22,2011,Сүхбаатар,1.7
Адуу,22,2012,Сүхбаатар,0.8
Адуу,22,2013,Сүхбаатар,1
Адуу,22,2014,Сүхбаатар,0.4
Адуу,22,2015,Сүхбаатар,1.3
Адуу,22,2016,Сүхбаатар,8.6
Адуу,22,2017,Сүхбаатар,0.5
Адуу,22,2018,Сүхбаатар,4.1
Адуу,22,2019,Сүхбаатар,6.2
Адуу,22,2020,Сүхбаатар,2.3
Адуу,22,2021,Сүхбаатар,2.1
Адуу,22,2022,Сүхбаатар,1.7
Адуу,22,2023,Сүхбаатар,27.2
Адуу,22,2024,Сүхбаатар,73
Адуу,23,1991,Хэнтий,9.3
Адуу,23,1992,Хэнтий,5.8
Адуу,23,1993,Хэнтий,7.4
Адуу,23,1994,Хэнтий,4
Адуу,23,1995,Хэнтий,5.2
Адуу,23,1996,Хэнтий,3.3
Адуу,23,1997,Хэнтий,2
Адуу,23,1998,Хэнтий,1.4
Адуу,23,1999,Хэнтий,3.1
Адуу,23,2000,Хэнтий,4
Адуу,23,2001,Хэнтий,15.3
Адуу,23,2002,Хэнтий,3.7
Адуу,23,2003,Хэнтий,5.1
Адуу,23,2004,Хэнтий,2.4
Адуу,23,2005,Хэнтий,2.1
Адуу,23,2006,Хэнтий,2.7
Адуу,23,2007,Хэнтий,2.4
Адуу,23,2008,Хэнтий,20.1
Адуу,23,2009,Хэнтий,7.4
Адуу,23,2010,Хэнтий,8.7
Адуу,23,2011,Хэнтий,2.1
Адуу,23,2012,Хэнтий,1.8
Адуу,23,2013,Хэнтий,1.7
Адуу,23,2014,Хэнтий,1.7
Адуу,23,2015,Хэнтий,2.4
Адуу,23,2016,Хэнтий,1.8
Адуу,23,2017,Хэнтий,3
Адуу,23,2018,Хэнтий,10.7
Адуу,23,2019,Хэнтий,12.7
Адуу,23,2020,Хэнтий,13
Адуу,23,2021,Хэнтий,9.9
Адуу,23,2022,Хэнтий,8.5
Адуу,23,2023,Хэнтий,47.9
Адуу,23,2024,Хэнтий,107.2
Адуу,41,1991,Төв,7.2
Адуу,41,1992,Төв,7.7
Адуу,41,1993,Төв,8.5
Адуу,41,1994,Төв,6.3
Адуу,41,1995,Төв,4.4
Адуу,41,1996,Төв,4.1
Адуу,41,1997,Төв,3.3
Адуу,41,1998,Төв,2.4
Адуу,41,1999,Төв,11.2
Адуу,41,2000,Төв,31.8
Адуу,41,2001,Төв,61
Адуу,41,2002,Төв,4.8
Адуу,41,2003,Төв,27.8
Адуу,41,2004,Төв,3.9
Адуу,41,2005,Төв,2.2
Адуу,41,2006,Төв,2
Адуу,41,2007,Төв,1.6
Адуу,41,2008,Төв,9.5
Адуу,41,2009,Төв,2.4
Адуу,41,2010,Төв,30.9
Адуу,41,2011,Төв,1.5
Адуу,41,2012,Төв,1.7
Адуу,41,2013,Төв,2.3
Адуу,41,2014,Төв,1.8
Адуу,41,2015,Төв,3
Адуу,41,2016,Төв,8.7
Адуу,41,2017,Төв,6.3
Адуу,41,2018,Төв,27
Адуу,41,2019,Төв,4.3
Адуу,41,2020,Төв,6.8
Адуу,41,2021,Төв,14.8
Адуу,41,2022,Төв,3
Адуу,41,2023,Төв,10.9
Адуу,41,2024,Төв,39
Адуу,42,1991,Говьсүмбэр,0.2
Адуу,42,1992,Говьсүмбэр,0.2
Адуу,42,1993,Говьсүмбэр,0.4
Адуу,42,1994,Говьсүмбэр,0.3
Адуу,42,1995,Говьсүмбэр,0.2
Адуу,42,1996,Говьсүмбэр,0.1
Адуу,42,1997,Говьсүмбэр,0.2
Адуу,42,1998,Говьсүмбэр,0.1
Адуу,42,1999,Говьсүмбэр,0.2
Адуу,42,2000,Говьсүмбэр,0.8
Адуу,42,2001,Говьсүмбэр,4.2
Адуу,42,2002,Говьсүмбэр,0
Адуу,42,2003,Говьсүмбэр,0
Адуу,42,2004,Говьсүмбэр,0
Адуу,42,2005,Говьсүмбэр,0
Адуу,42,2006,Говьсүмбэр,0.1
Адуу,42,2007,Говьсүмбэр,0
Адуу,42,2008,Говьсүмбэр,0.7
Адуу,42,2009,Говьсүмбэр,0.4
Адуу,42,2010,Говьсүмбэр,0.3
Адуу,42,2011,Говьсүмбэр,0
Адуу,42,2012,Говьсүмбэр,0
Адуу,42,2013,Говьсүмбэр,0
Адуу,42,2014,Говьсүмбэр,0
Адуу,42,2015,Говьсүмбэр,0.1
Адуу,42,2016,Говьсүмбэр,0.4
Адуу,42,2017,Говьсүмбэр,0.1
Адуу,42,2018,Говьсүмбэр,1.8
Адуу,42,2019,Говьсүмбэр,0.2
Адуу,42,2020,Говьсүмбэр,0.5
Адуу,42,2021,Говьсүмбэр,1
Адуу,42,2022,Говьсүмбэр,0.1
Адуу,42,2023,Говьсүмбэр,0.2
Адуу,42,2024,Говьсүмбэр,9.3
Адуу,43,1991,Сэлэнгэ,1.6
Адуу,43,1992,Сэлэнгэ,1.6
Адуу,43,1993,Сэлэнгэ,2.1
Адуу,43,1994,Сэлэнгэ,1.2
Адуу,43,1995,Сэлэнгэ,1.4
Адуу,43,1996,Сэлэнгэ,1.4
Адуу,43,1997,Сэлэнгэ,1.1
Адуу,43,1998,Сэлэнгэ,0.8
Адуу,43,1999,Сэлэнгэ,1.1
Адуу,43,2000,Сэлэнгэ,1.2
Адуу,43,2001,Сэлэнгэ,2
Адуу,43,2002,Сэлэнгэ,0.9
Адуу,43,2003,Сэлэнгэ,2.7
Адуу,43,2004,Сэлэнгэ,1
Адуу,43,2005,Сэлэнгэ,0.6
Адуу,43,2006,Сэлэнгэ,0.4
Адуу,43,2007,Сэлэнгэ,0.2
Адуу,43,2008,Сэлэнгэ,0.2
Адуу,43,2009,Сэлэнгэ,0.4
Адуу,43,2010,Сэлэнгэ,1.5
Адуу,43,2011,Сэлэнгэ,0.4
Адуу,43,2012,Сэлэнгэ,0.4
Адуу,43,2013,Сэлэнгэ,0.5
Адуу,43,2014,Сэлэнгэ,0.4
Адуу,43,2015,Сэлэнгэ,0.5
Адуу,43,2016,Сэлэнгэ,0.3
Адуу,43,2017,Сэлэнгэ,2.1
Адуу,43,2018,Сэлэнгэ,1.3
Адуу,43,2019,Сэлэнгэ,0.6
Адуу,43,2020,Сэлэнгэ,0.6
Адуу,43,2021,Сэлэнгэ,0.9
Адуу,43,2022,Сэлэнгэ,1.1
Адуу,43,2023,Сэлэнгэ,3.9
Адуу,43,2024,Сэлэнгэ,4.4
Адуу,44,1991,Дорноговь,1.9
Адуу,44,1992,Дорноговь,1.6
Адуу,44,1993,Дорноговь,3.9
Адуу,44,1994,Дорноговь,2.3
Адуу,44,1995,Дорноговь,1.2
Адуу,44,1996,Дорноговь,1
Адуу,44,1997,Дорноговь,1.7
Адуу,44,1998,Дорноговь,0.8
Адуу,44,1999,Дорноговь,0.7
Адуу,44,2000,Дорноговь,3.8
Адуу,44,2001,Дорноговь,25.8
Адуу,44,2002,Дорноговь,5.5
Адуу,44,2003,Дорноговь,0.9
Адуу,44,2004,Дорноговь,0.4
Адуу,44,2005,Дорноговь,1.5
Адуу,44,2006,Дорноговь,6.2
Адуу,44,2007,Дорноговь,0.4
Адуу,44,2008,Дорноговь,0.5
Адуу,44,2009,Дорноговь,0.2
Адуу,44,2010,Дорноговь,0.9
Адуу,44,2011,Дорноговь,0.3
Адуу,44,2012,Дорноговь,0.4
Адуу,44,2013,Дорноговь,0.4
Адуу,44,2014,Дорноговь,0.4
Адуу,44,2015,Дорноговь,0.5
Адуу,44,2016,Дорноговь,11.3
Адуу,44,2017,Дорноговь,0.3
Адуу,44,2018,Дорноговь,1.2
Адуу,44,2019,Дорноговь,0.3
Адуу,44,2020,Дорноговь,0.4
Адуу,44,2021,Дорноговь,1.4
Адуу,44,2022,Дорноговь,0.4
Адуу,44,2023,Дорноговь,12.7
Адуу,44,2024,Дорноговь,56.1
Адуу,45,1991,Дархан-Уул,0.1
Адуу,45,1992,Дархан-Уул,0.4
Адуу,45,1993,Дархан-Уул,0.6
Адуу,45,1994,Дархан-Уул,0.2
Адуу,45,1995,Дархан-Уул,0.7
Адуу,45,1996,Дархан-Уул,0.5
Адуу,45,1997,Дархан-Уул,0.3
Адуу,45,1998,Дархан-Уул,0.2
Адуу,45,1999,Дархан-Уул,0.2
Адуу,45,2000,Дархан-Уул,0.5
Адуу,45,2001,Дархан-Уул,0.5
Адуу,45,2002,Дархан-Уул,0.1
Адуу,45,2003,Дархан-Уул,0.4
Адуу,45,2004,Дархан-Уул,0
Адуу,45,2005,Дархан-Уул,0.1
Адуу,45,2006,Дархан-Уул,0
Адуу,45,2007,Дархан-Уул,0
Адуу,45,2008,Дархан-Уул,0
Адуу,45,2009,Дархан-Уул,0
Адуу,45,2010,Дархан-Уул,0.4
Адуу,45,2011,Дархан-Уул,0.1
Адуу,45,2012,Дархан-Уул,0.2
Адуу,45,2013,Дархан-Уул,0.2
Адуу,45,2014,Дархан-Уул,0.1
Адуу,45,2015,Дархан-Уул,0.1
Адуу,45,2016,Дархан-Уул,0.1
Адуу,45,2017,Дархан-Уул,0.6
Адуу,45,2018,Дархан-Уул,0.1
Адуу,45,2019,Дархан-Уул,0.1
Адуу,45,2020,Дархан-Уул,0.1
Адуу,45,2021,Дархан-Уул,0.1
Адуу,45,2022,Дархан-Уул,0.2
Адуу,45,2023,Дархан-Уул,0.5
Адуу,45,2024,Дархан-Уул,0.4
Адуу,46,1991,Өмнөговь,1.5
Адуу,46,1992,Өмнөговь,2.6
Адуу,46,1993,Өмнөговь,5.4
Адуу,46,1994,Өмнөговь,0.6
Адуу,46,1995,Өмнөговь,0.7
Адуу,46,1996,Өмнөговь,0.8
Адуу,46,1997,Өмнөговь,0.7
Адуу,46,1998,Өмнөговь,1
Адуу,46,1999,Өмнөговь,3.6
Адуу,46,2000,Өмнөговь,16.5
Адуу,46,2001,Өмнөговь,24.9
Адуу,46,2002,Өмнөговь,19.4
Адуу,46,2003,Өмнөговь,7.6
Адуу,46,2004,Өмнөговь,0.4
Адуу,46,2005,Өмнөговь,0.7
Адуу,46,2006,Өмнөговь,1.1
Адуу,46,2007,Өмнөговь,0.3
Адуу,46,2008,Өмнөговь,0.2
Адуу,46,2009,Өмнөговь,0.8
Адуу,46,2010,Өмнөговь,13
Адуу,46,2011,Өмнөговь,0.3
Адуу,46,2012,Өмнөговь,0.2
Адуу,46,2013,Өмнөговь,0.2
Адуу,46,2014,Өмнөговь,0.4
Адуу,46,2015,Өмнөговь,0.6
Адуу,46,2016,Өмнөговь,0.2
Адуу,46,2017,Өмнөговь,0.2
Адуу,46,2018,Өмнөговь,1.9
Адуу,46,2019,Өмнөговь,0.1
Адуу,46,2020,Өмнөговь,1.2
Адуу,46,2021,Өмнөговь,5.1
Адуу,46,2022,Өмнөговь,0.7
Адуу,46,2023,Өмнөговь,6.5
Адуу,46,2024,Өмнөговь,5.9
Адуу,48,1991,Дундговь,3.3
Адуу,48,1992,Дундговь,6.8
Адуу,48,1993,Дундговь,14.3
Адуу,48,1994,Дундговь,4.2
Адуу,48,1995,Дундговь,2.2
Адуу,48,1996,Дундговь,1.7
Адуу,48,1997,Дундговь,1.1
Адуу,48,1998,Дундговь,0.6
Адуу,48,1999,Дундговь,8.4
Адуу,48,2000,Дундговь,74.4
Адуу,48,2001,Дундговь,8.8
Адуу,48,2002,Дундговь,2.6
Адуу,48,2003,Дундговь,6.3
Адуу,48,2004,Дундговь,0.4
Адуу,48,2005,Дундговь,1.9
Адуу,48,2006,Дундговь,2.6
Адуу,48,2007,Дундговь,1.2
Адуу,48,2008,Дундговь,7.6
Адуу,48,2009,Дундговь,1.5
Адуу,48,2010,Дундговь,21.2
Адуу,48,2011,Дундговь,0.2
Адуу,48,2012,Дундговь,0.1
Адуу,48,2013,Дундговь,0.1
Адуу,48,2014,Дундговь,0.1
Адуу,48,2015,Дундговь,0.2
Адуу,48,2016,Дундговь,2.4
Адуу,48,2017,Дундговь,0.2
Адуу,48,2018,Дундговь,5.3
Адуу,48,2019,Дундговь,0.4
Адуу,48,2020,Дундговь,1.5
Адуу,48,2021,Дундговь,10.1
Адуу,48,2022,Дундговь,0.2
Адуу,48,2023,Дундговь,1.8
Адуу,48,2024,Дундговь,41.6
Адуу,61,1991,Орхон,0.1
Адуу,61,1992,Орхон,0.1
Адуу,61,1993,Орхон,0.3
Адуу,61,1994,Орхон,0.4
Адуу,61,1995,Орхон,0.4
Адуу,61,1996,Орхон,0.5
Адуу,61,1997,Орхон,0.3
Адуу,61,1998,Орхон,0.2
Адуу,61,1999,Орхон,0.2
Адуу,61,2000,Орхон,0.3
Адуу,61,2001,Орхон,0.9
Адуу,61,2002,Орхон,0.7
Адуу,61,2003,Орхон,2.3
Адуу,61,2004,Орхон,0.4
Адуу,61,2005,Орхон,0.4
Адуу,61,2006,Орхон,0.2
Адуу,61,2007,Орхон,0.1
Адуу,61,2008,Орхон,0.1
Адуу,61,2009,Орхон,0.1
Адуу,61,2010,Орхон,0.7
Адуу,61,2011,Орхон,0.1
Адуу,61,2012,Орхон,0.1
Адуу,61,2013,Орхон,0.1
Адуу,61,2014,Орхон,0.1
Адуу,61,2015,Орхон,0.1
Адуу,61,2016,Орхон,0.1
Адуу,61,2017,Орхон,0.3
Адуу,61,2018,Орхон,0.5
Адуу,61,2019,Орхон,0.2
Адуу,61,2020,Орхон,0.1
Адуу,61,2021,Орхон,0
Адуу,61,2022,Орхон,0.1
Адуу,61,2023,Орхон,0.3
Адуу,61,2024,Орхон,0.8
Адуу,62,1991,Өвөрхангай,3.6
Адуу,62,1992,Өвөрхангай,6.2
Адуу,62,1993,Өвөрхангай,18.6
Адуу,62,1994,Өвөрхангай,1.5
Адуу,62,1995,Өвөрхангай,2.2
Адуу,62,1996,Өвөрхангай,10.6
Адуу,62,1997,Өвөрхангай,2.9
Адуу,62,1998,Өвөрхангай,1.8
Адуу,62,1999,Өвөрхангай,5.9
Адуу,62,2000,Өвөрхангай,90.7
Адуу,62,2001,Өвөрхангай,30.7
Адуу,62,2002,Өвөрхангай,25
Адуу,62,2003,Өвөрхангай,5.9
Адуу,62,2004,Өвөрхангай,0.7
Адуу,62,2005,Өвөрхангай,1.6
Адуу,62,2006,Өвөрхангай,1.1
Адуу,62,2007,Өвөрхангай,1
Адуу,62,2008,Өвөрхангай,15.5
Адуу,62,2009,Өвөрхангай,2.4
Адуу,62,2010,Өвөрхангай,80.1
Адуу,62,2011,Өвөрхангай,0.9
Адуу,62,2012,Өвөрхангай,0.4
Адуу,62,2013,Өвөрхангай,0.8
Адуу,62,2014,Өвөрхангай,0.4
Адуу,62,2015,Өвөрхангай,2.8
Адуу,62,2016,Өвөрхангай,2
Адуу,62,2017,Өвөрхангай,0.8
Адуу,62,2018,Өвөрхангай,32.9
Адуу,62,2019,Өвөрхангай,4
Адуу,62,2020,Өвөрхангай,12.3
Адуу,62,2021,Өвөрхангай,14.6
Адуу,62,2022,Өвөрхангай,0.8
Адуу,62,2023,Өвөрхангай,10.7
Адуу,62,2024,Өвөрхангай,5.8
Адуу,63,1991,Булган,3.7
Адуу,63,1992,Булган,3.5
Адуу,63,1993,Булган,10.6
Адуу,63,1994,Булган,1
Адуу,63,1995,Булган,1.4
Адуу,63,1996,Булган,4
Адуу,63,1997,Булган,2.1
Адуу,63,1998,Булган,1.2
Адуу,63,1999,Булган,1.2
Адуу,63,2000,Булган,17.4
Адуу,63,2001,Булган,22.9
Адуу,63,2002,Булган,6.8
Адуу,63,2003,Булган,35.3
Адуу,63,2004,Булган,2.3
Адуу,63,2005,Булган,1.5
Адуу,63,2006,Булган,1
Адуу,63,2007,Булган,1.6
Адуу,63,2008,Булган,1
Адуу,63,2009,Булган,2.3
Адуу,63,2010,Булган,10.2
Адуу,63,2011,Булган,4.4
Адуу,63,2012,Булган,2.6
Адуу,63,2013,Булган,1.9
Адуу,63,2014,Булган,1.7
Адуу,63,2015,Булган,4.5
Адуу,63,2016,Булган,5.2
Адуу,63,2017,Булган,9
Адуу,63,2018,Булган,17.2
Адуу,63,2019,Булган,1.7
Адуу,63,2020,Булган,13.9
Адуу,63,2021,Булган,1.7
Адуу,63,2022,Булган,2.3
Адуу,63,2023,Булган,15.7
Адуу,63,2024,Булган,36.4
Адуу,64,1991,Баянхонгор,2
Адуу,64,1992,Баянхонгор,2
Адуу,64,1993,Баянхонгор,9.8
Адуу,64,1994,Баянхонгор,0.8
Адуу,64,1995,Баянхонгор,1.5
Адуу,64,1996,Баянхонгор,3
Адуу,64,1997,Баянхонгор,2.4
Адуу,64,1998,Баянхонгор,2.1
Адуу,64,1999,Баянхонгор,5.9
Адуу,64,2000,Баянхонгор,23.5
Адуу,64,2001,Баянхонгор,39
Адуу,64,2002,Баянхонгор,37.7
Адуу,64,2003,Баянхонгор,1.9
Адуу,64,2004,Баянхонгор,0.9
Адуу,64,2005,Баянхонгор,0.7
Адуу,64,2006,Баянхонгор,1.3
Адуу,64,2007,Баянхонгор,1.5
Адуу,64,2008,Баянхонгор,3.5
Адуу,64,2009,Баянхонгор,7.2
Адуу,64,2010,Баянхонгор,17.2
Адуу,64,2011,Баянхонгор,1.8
Адуу,64,2012,Баянхонгор,0.8
Адуу,64,2013,Баянхонгор,1.6
Адуу,64,2014,Баянхонгор,0.9
Адуу,64,2015,Баянхонгор,1.2
Адуу,64,2016,Баянхонгор,2.1
Адуу,64,2017,Баянхонгор,0.9
Адуу,64,2018,Баянхонгор,7.2
Адуу,64,2019,Баянхонгор,2.1
Адуу,64,2020,Баянхонгор,6.4
Адуу,64,2021,Баянхонгор,30.5
Адуу,64,2022,Баянхонгор,0.6
Адуу,64,2023,Баянхонгор,2.5
Адуу,64,2024,Баянхонгор,14.4
Адуу,65,1991,Архангай,2.5
Адуу,65,1992,Архангай,5.9
Адуу,65,1993,Архангай,9.4
Адуу,65,1994,Архангай,1.6
Адуу,65,1995,Архангай,5.2
Адуу,65,1996,Архангай,3.1
Адуу,65,1997,Архангай,1.7
Адуу,65,1998,Архангай,1.9
Адуу,65,1999,Архангай,1.8
Адуу,65,2000,Архангай,17.9
Адуу,65,2001,Архангай,64.2
Адуу,65,2002,Архангай,10.7
Адуу,65,2003,Архангай,14.2
Адуу,65,2004,Архангай,3.4
Адуу,65,2005,Архангай,2.3
Адуу,65,2006,Архангай,2.7
Адуу,65,2007,Архангай,2.2
Адуу,65,2008,Архангай,4.1
Адуу,65,2009,Архангай,4.1
Адуу,65,2010,Архангай,70.6
Адуу,65,2011,Архангай,3.2
Адуу,65,2012,Архангай,3.2
Адуу,65,2013,Архангай,12.3
Адуу,65,2014,Архангай,9.1
Адуу,65,2015,Архангай,6.6
Адуу,65,2016,Архангай,8.3
Адуу,65,2017,Архангай,7.6
Адуу,65,2018,Архангай,31.8
Адуу,65,2019,Архангай,4.1
Адуу,65,2020,Архангай,25.4
Адуу,65,2021,Архангай,8.7
Адуу,65,2022,Архангай,3.7
Адуу,65,2023,Архангай,46.4
Адуу,65,2024,Архангай,56.7
Адуу,67,1991,Хөвсгөл,5.8
Адуу,67,1992,Хөвсгөл,5.8
Адуу,67,1993,Хөвсгөл,5.6
Адуу,67,1994,Хөвсгөл,1.9
Адуу,67,1995,Хөвсгөл,2.4
Адуу,67,1996,Хөвсгөл,2.4
Адуу,67,1997,Хөвсгөл,2.5
Адуу,67,1998,Хөвсгөл,4.7
Адуу,67,1999,Хөвсгөл,3.1
Адуу,67,2000,Хөвсгөл,11.4
Адуу,67,2001,Хөвсгөл,54
Адуу,67,2002,Хөвсгөл,3.5
Адуу,67,2003,Хөвсгөл,6
Адуу,67,2004,Хөвсгөл,3.1
Адуу,67,2005,Хөвсгөл,3.6
Адуу,67,2006,Хөвсгөл,2.2
Адуу,67,2007,Хөвсгөл,2.4
Адуу,67,2008,Хөвсгөл,2.1
Адуу,67,2009,Хөвсгөл,4
Адуу,67,2010,Хөвсгөл,10.7
Адуу,67,2011,Хөвсгөл,2.5
Адуу,67,2012,Хөвсгөл,2
Адуу,67,2013,Хөвсгөл,3.7
Адуу,67,2014,Хөвсгөл,1.5
Адуу,67,2015,Хөвсгөл,2.7
Адуу,67,2016,Хөвсгөл,2.1
Адуу,67,2017,Хөвсгөл,5.2
Адуу,67,2018,Хөвсгөл,3.1
Адуу,67,2019,Хөвсгөл,3.3
Адуу,67,2020,Хөвсгөл,12.4
Адуу,67,2021,Хөвсгөл,3.2
Адуу,67,2022,Хөвсгөл,2.8
Адуу,67,2023,Хөвсгөл,11.4
Адуу,67,2024,Хөвсгөл,21.4
Адуу,81,1991,Завхан,5.2
Адуу,81,1992,Завхан,4.9
Адуу,81,1993,Завхан,15.8
Адуу,81,1994,Завхан,1
Адуу,81,1995,Завхан,2.1
Адуу,81,1996,Завхан,1.8
Адуу,81,1997,Завхан,2.7
Адуу,81,1998,Завхан,5
Адуу,81,1999,Завхан,10.8
Адуу,81,2000,Завхан,40.1
Адуу,81,2001,Завхан,42.9
Адуу,81,2002,Завхан,6.7
Адуу,81,2003,Завхан,4.5
Адуу,81,2004,Завхан,1.1
Адуу,81,2005,Завхан,2.3
Адуу,81,2006,Завхан,1
Адуу,81,2007,Завхан,0.9
Адуу,81,2008,Завхан,2.6
Адуу,81,2009,Завхан,5.7
Адуу,81,2010,Завхан,30
Адуу,81,2011,Завхан,1.6
Адуу,81,2012,Завхан,1.5
Адуу,81,2013,Завхан,3
Адуу,81,2014,Завхан,1
Адуу,81,2015,Завхан,1.1
Адуу,81,2016,Завхан,2.6
Адуу,81,2017,Завхан,1.7
Адуу,81,2018,Завхан,3
Адуу,81,2019,Завхан,1.8
Адуу,81,2020,Завхан,4.2
Адуу,81,2021,Завхан,3.4
Адуу,81,2022,Завхан,1.1
Адуу,81,2023,Завхан,15.1
Адуу,81,2024,Завхан,20.3
Адуу,82,1991,Говь-Алтай,1.9
Адуу,82,1992,Говь-Алтай,1.2
Адуу,82,1993,Говь-Алтай,5.3
Адуу,82,1994,Говь-Алтай,0.8
Адуу,82,1995,Говь-Алтай,1
Адуу,82,1996,Говь-Алтай,1.4
Адуу,82,1997,Говь-Алтай,4.9
Адуу,82,1998,Говь-Алтай,4.9
Адуу,82,1999,Говь-Алтай,3.4
Адуу,82,2000,Говь-Алтай,7.6
Адуу,82,2001,Говь-Алтай,6.9
Адуу,82,2002,Говь-Алтай,42.7
Адуу,82,2003,Говь-Алтай,0.8
Адуу,82,2004,Говь-Алтай,0.4
Адуу,82,2005,Говь-Алтай,0.5
Адуу,82,2006,Говь-Алтай,0.3
Адуу,82,2007,Говь-Алтай,0.4
Адуу,82,2008,Говь-Алтай,1.1
Адуу,82,2009,Говь-Алтай,3.2
Адуу,82,2010,Говь-Алтай,23.6
Адуу,82,2011,Говь-Алтай,0.8
Адуу,82,2012,Говь-Алтай,0.6
Адуу,82,2013,Говь-Алтай,0.7
Адуу,82,2014,Говь-Алтай,0.5
Адуу,82,2015,Говь-Алтай,0.5
Адуу,82,2016,Говь-Алтай,0.6
Адуу,82,2017,Говь-Алтай,0.3
Адуу,82,2018,Говь-Алтай,2
Адуу,82,2019,Говь-Алтай,2.1
Адуу,82,2020,Говь-Алтай,1.2
Адуу,82,2021,Говь-Алтай,6
Адуу,82,2022,Говь-Алтай,0.7
Адуу,82,2023,Говь-Алтай,5.8
Адуу,82,2024,Говь-Алтай,4.2
Адуу,83,1991,Баян-Өлгий,4.5
Адуу,83,1992,Баян-Өлгий,1.6
Адуу,83,1993,Баян-Өлгий,3.9
Адуу,83,1994,Баян-Өлгий,0.5
Адуу,83,1995,Баян-Өлгий,0.5
Адуу,83,1996,Баян-Өлгий,0.8
Адуу,83,1997,Баян-Өлгий,1.3
Адуу,83,1998,Баян-Өлгий,8.9
Адуу,83,1999,Баян-Өлгий,1.8
Адуу,83,2000,Баян-Өлгий,7
Адуу,83,2001,Баян-Өлгий,6.2
Адуу,83,2002,Баян-Өлгий,9.1
Адуу,83,2003,Баян-Өлгий,2.4
Адуу,83,2004,Баян-Өлгий,1.5
Адуу,83,2005,Баян-Өлгий,4.6
Адуу,83,2006,Баян-Өлгий,1.4
Адуу,83,2007,Баян-Өлгий,1.9
Адуу,83,2008,Баян-Өлгий,4.4
Адуу,83,2009,Баян-Өлгий,5.7
Адуу,83,2010,Баян-Өлгий,6.8
Адуу,83,2011,Баян-Өлгий,1
Адуу,83,2012,Баян-Өлгий,0.6
Адуу,83,2013,Баян-Өлгий,1.1
Адуу,83,2014,Баян-Өлгий,0.4
Адуу,83,2015,Баян-Өлгий,0.4
Адуу,83,2016,Баян-Өлгий,1.3
Адуу,83,2017,Баян-Өлгий,0.8
Адуу,83,2018,Баян-Өлгий,2.9
Адуу,83,2019,Баян-Өлгий,3
Адуу,83,2020,Баян-Өлгий,1.1
Адуу,83,2021,Баян-Өлгий,1.1
Адуу,83,2022,Баян-Өлгий,1.1
Адуу,83,2023,Баян-Өлгий,7.3
Адуу,83,2024,Баян-Өлгий,5.4
Адуу,84,1991,Ховд,3.4
Адуу,84,1992,Ховд,3.3
Адуу,84,1993,Ховд,2.3
Адуу,84,1994,Ховд,2.5
Адуу,84,1995,Ховд,1.1
Адуу,84,1996,Ховд,3.1
Адуу,84,1997,Ховд,6.9
Адуу,84,1998,Ховд,6.6
Адуу,84,1999,Ховд,2.1
Адуу,84,2000,Ховд,5.7
Адуу,84,2001,Ховд,10.3
Адуу,84,2002,Ховд,21.6
Адуу,84,2003,Ховд,1.8
Адуу,84,2004,Ховд,0.6
Адуу,84,2005,Ховд,1
Адуу,84,2006,Ховд,0.8
Адуу,84,2007,Ховд,0.8
Адуу,84,2008,Ховд,2.5
Адуу,84,2009,Ховд,3.7
Адуу,84,2010,Ховд,14
Адуу,84,2011,Ховд,2.2
Адуу,84,2012,Ховд,1.1
Адуу,84,2013,Ховд,1.2
Адуу,84,2014,Ховд,1
Адуу,84,2015,Ховд,1.1
Адуу,84,2016,Ховд,1.5
Адуу,84,2017,Ховд,1.3
Адуу,84,2018,Ховд,5.3
Адуу,84,2019,Ховд,6
Адуу,84,2020,Ховд,1.1
Адуу,84,2021,Ховд,1
Адуу,84,2022,Ховд,1.8
Адуу,84,2023,Ховд,17
Адуу,84,2024,Ховд,2.5
Адуу,85,1991,Увс,6.6
Адуу,85,1992,Увс,11.4
Адуу,85,1993,Увс,7.6
Адуу,85,1994,Увс,2.7
Адуу,85,1995,Увс,2.9
Адуу,85,1996,Увс,3.1
Адуу,85,1997,Увс,3.1
Адуу,85,1998,Увс,3.6
Адуу,85,1999,Увс,3.5
Адуу,85,2000,Увс,34.6
Адуу,85,2001,Увс,8.3
Адуу,85,2002,Увс,8.7
Адуу,85,2003,Увс,2
Адуу,85,2004,Увс,0.7
Адуу,85,2005,Увс,2.2
Адуу,85,2006,Увс,1.2
Адуу,85,2007,Увс,2
Адуу,85,2008,Увс,5.1
Адуу,85,2009,Увс,6.4
Адуу,85,2010,Увс,16
Адуу,85,2011,Увс,1.9
Адуу,85,2012,Увс,1.5
Адуу,85,2013,Увс,1.3
Адуу,85,2014,Увс,0.7
Адуу,85,2015,Увс,0.9
Адуу,85,2016,Увс,3.7
Адуу,85,2017,Увс,1.2
Адуу,85,2018,Увс,3.9
Адуу,85,2019,Увс,3.1
Адуу,85,2020,Увс,1.2
Адуу,85,2021,Увс,0.8
Адуу,85,2022,Увс,2.1
Адуу,85,2023,Увс,15.6
Адуу,85,2024,Увс,15.4
Бүгд,11,1991,Улаанбаатар,5.4
Бүгд,11,1992,Улаанбаатар,6.9
Бүгд,11,1993,Улаанбаатар,13
Бүгд,11,1994,Улаанбаатар,10.4
Бүгд,11,1995,Улаанбаатар,11.6
Бүгд,11,1996,Улаанбаатар,9.8
Бүгд,11,1997,Улаанбаатар,7.6
Бүгд,11,1998,Улаанбаатар,6.4
Бүгд,11,1999,Улаанбаатар,30.4
Бүгд,11,2000,Улаанбаатар,6.4
Бүгд,11,2001,Улаанбаатар,24.2
Бүгд,11,2002,Улаанбаатар,4.3
Бүгд,11,2003,Улаанбаатар,7.1
Бүгд,11,2004,Улаанбаатар,3.4
Бүгд,11,2005,Улаанбаатар,2.7
Бүгд,11,2006,Улаанбаатар,2.1
Бүгд,11,2007,Улаанбаатар,1.6
Бүгд,11,2008,Улаанбаатар,2.1
Бүгд,11,2009,Улаанбаатар,3.8
Бүгд,11,2010,Улаанбаатар,73.9
Бүгд,11,2011,Улаанбаатар,2.7
Бүгд,11,2012,Улаанбаатар,2.1
Бүгд,11,2013,Улаанбаатар,3.6
Бүгд,11,2014,Улаанбаатар,2.1
Бүгд,11,2015,Улаанбаатар,2.7
Бүгд,11,2016,Улаанбаатар,6.4
Бүгд,11,2017,Улаанбаатар,8.3
Бүгд,11,2018,Улаанбаатар,15.1
Бүгд,11,2019,Улаанбаатар,4.7
Бүгд,11,2020,Улаанбаатар,11.2
Бүгд,11,2021,Улаанбаатар,15.5
Бүгд,11,2022,Улаанбаатар,7
Бүгд,11,2023,Улаанбаатар,42.8
Бүгд,11,2024,Улаанбаатар,33.4
Бүгд,21,1991,Дорнод,72.6
Бүгд,21,1992,Дорнод,44.5
Бүгд,21,1993,Дорнод,44.1
Бүгд,21,1994,Дорнод,31.3
Бүгд,21,1995,Дорнод,40
Бүгд,21,1996,Дорнод,20.3
Бүгд,21,1997,Дорнод,9
Бүгд,21,1998,Дорнод,6.8
Бүгд,21,1999,Дорнод,10.5
Бүгд,21,2000,Дорнод,14.7
Бүгд,21,2001,Дорнод,70.9
Бүгд,21,2002,Дорнод,12.8
Бүгд,21,2003,Дорнод,29.6
Бүгд,21,2004,Дорнод,9.4
Бүгд,21,2005,Дорнод,12.7
Бүгд,21,2006,Дорнод,5.8
Бүгд,21,2007,Дорнод,4.3
Бүгд,21,2008,Дорнод,18.6
Бүгд,21,2009,Дорнод,138.2
Бүгд,21,2010,Дорнод,314.7
Бүгд,21,2011,Дорнод,10.9
Бүгд,21,2012,Дорнод,14.2
Бүгд,21,2013,Дорнод,47.9
Бүгд,21,2014,Дорнод,8.8
Бүгд,21,2015,Дорнод,7.1
Бүгд,21,2016,Дорнод,13.6
Бүгд,21,2017,Дорнод,9.1
Бүгд,21,2018,Дорнод,6.6
Бүгд,21,2019,Дорнод,7.4
Бүгд,21,2020,Дорнод,16.4
Бүгд,21,2021,Дорнод,8.6
Бүгд,21,2022,Дорнод,10.4
Бүгд,21,2023,Дорнод,100.8
Бүгд,21,2024,Дорнод,433.3
Бүгд,22,1991,Сүхбаатар,27.8
Бүгд,22,1992,Сүхбаатар,24.1
Бүгд,22,1993,Сүхбаатар,27
Бүгд,22,1994,Сүхбаатар,62
Бүгд,22,1995,Сүхбаатар,83.6
Бүгд,22,1996,Сүхбаатар,28.3
Бүгд,22,1997,Сүхбаатар,40
Бүгд,22,1998,Сүхбаатар,34.7
Бүгд,22,1999,Сүхбаатар,16.6
Бүгд,22,2000,Сүхбаатар,37.1
Бүгд,22,2001,Сүхбаатар,231.4
Бүгд,22,2002,Сүхбаатар,18.6
Бүгд,22,2003,Сүхбаатар,33.3
Бүгд,22,2004,Сүхбаатар,61.9
Бүгд,22,2005,Сүхбаатар,98.2
Бүгд,22,2006,Сүхбаатар,24.5
Бүгд,22,2007,Сүхбаатар,29.4
Бүгд,22,2008,Сүхбаатар,387.9
Бүгд,22,2009,Сүхбаатар,22.7
Бүгд,22,2010,Сүхбаатар,60.9
Бүгд,22,2011,Сүхбаатар,54.7
Бүгд,22,2012,Сүхбаатар,20.9
Бүгд,22,2013,Сүхбаатар,26
Бүгд,22,2014,Сүхбаатар,10.8
Бүгд,22,2015,Сүхбаатар,15.1
Бүгд,22,2016,Сүхбаатар,185.6
Бүгд,22,2017,Сүхбаатар,12.9
Бүгд,22,2018,Сүхбаатар,76
Бүгд,22,2019,Сүхбаатар,46.6
Бүгд,22,2020,Сүхбаатар,49.2
Бүгд,22,2021,Сүхбаатар,43.4
Бүгд,22,2022,Сүхбаатар,15.8
Бүгд,22,2023,Сүхбаатар,578.4
Бүгд,22,2024,Сүхбаатар,1825
Бүгд,23,1991,Хэнтий,128.9
Бүгд,23,1992,Хэнтий,60.8
Бүгд,23,1993,Хэнтий,88.2
Бүгд,23,1994,Хэнтий,59.7
Бүгд,23,1995,Хэнтий,50.9
Бүгд,23,1996,Хэнтий,31.5
Бүгд,23,1997,Хэнтий,21.9
Бүгд,23,1998,Хэнтий,15.1
Бүгд,23,1999,Хэнтий,36.1
Бүгд,23,2000,Хэнтий,39.2
Бүгд,23,2001,Хэнтий,194
Бүгд,23,2002,Хэнтий,41.5
Бүгд,23,2003,Хэнтий,74.2
Бүгд,23,2004,Хэнтий,20.4
Бүгд,23,2005,Хэнтий,24
Бүгд,23,2006,Хэнтий,42.3
Бүгд,23,2007,Хэнтий,28.2
Бүгд,23,2008,Хэнтий,250.8
Бүгд,23,2009,Хэнтий,113.7
Бүгд,23,2010,Хэнтий,250.7
Бүгд,23,2011,Хэнтий,36
Бүгд,23,2012,Хэнтий,38
Бүгд,23,2013,Хэнтий,38.5
Бүгд,23,2014,Хэнтий,32.3
Бүгд,23,2015,Хэнтий,42.9
Бүгд,23,2016,Хэнтий,48
Бүгд,23,2017,Хэнтий,70.9
Бүгд,23,2018,Хэнтий,189.2
Бүгд,23,2019,Хэнтий,200.2
Бүгд,23,2020,Хэнтий,297.7
Бүгд,23,2021,Хэнтий,232.4
Бүгд,23,2022,Хэнтий,204.7
Бүгд,23,2023,Хэнтий,858.3
Бүгд,23,2024,Хэнтий,1506.2
Бүгд,41,1991,Төв,117.7
Бүгд,41,1992,Төв,59.5
Бүгд,41,1993,Төв,89.8
Бүгд,41,1994,Төв,82.8
Бүгд,41,1995,Төв,44.9
Бүгд,41,1996,Төв,33
Бүгд,41,1997,Төв,30.2
Бүгд,41,1998,Төв,21.7
Бүгд,41,1999,Төв,119.9
Бүгд,41,2000,Төв,205
Бүгд,41,2001,Төв,440.2
Бүгд,41,2002,Төв,44.4
Бүгд,41,2003,Төв,209.6
Бүгд,41,2004,Төв,34.3
Бүгд,41,2005,Төв,16.5
Бүгд,41,2006,Төв,14.9
Бүгд,41,2007,Төв,13.4
Бүгд,41,2008,Төв,93.5
Бүгд,41,2009,Төв,29.7
Бүгд,41,2010,Төв,560.9
Бүгд,41,2011,Төв,22.7
Бүгд,41,2012,Төв,22
Бүгд,41,2013,Төв,42.1
Бүгд,41,2014,Төв,21.3
Бүгд,41,2015,Төв,61.3
Бүгд,41,2016,Төв,121.6
Бүгд,41,2017,Төв,72.4
Бүгд,41,2018,Төв,221.6
Бүгд,41,2019,Төв,68.1
Бүгд,41,2020,Төв,115.6
Бүгд,41,2021,Төв,200.4
Бүгд,41,2022,Төв,41.8
Бүгд,41,2023,Төв,198.3
Бүгд,41,2024,Төв,843.1
Бүгд,42,1991,Говьсүмбэр,13.7
Бүгд,42,1992,Говьсүмбэр,8.4
Бүгд,42,1993,Говьсүмбэр,5
Бүгд,42,1994,Говьсүмбэр,15.2
Бүгд,42,1995,Говьсүмбэр,5.2
Бүгд,42,1996,Говьсүмбэр,1.8
Бүгд,42,1997,Говьсүмбэр,7.3
Бүгд,42,1998,Говьсүмбэр,0.9
Бүгд,42,1999,Говьсүмбэр,3.6
Бүгд,42,2000,Говьсүмбэр,12.9
Бүгд,42,2001,Говьсүмбэр,49.2
Бүгд,42,2002,Говьсүмбэр,0.6
Бүгд,42,2003,Говьсүмбэр,0.1
Бүгд,42,2004,Говьсүмбэр,0.2
Бүгд,42,2005,Говьсүмбэр,0.3
Бүгд,42,2006,Говьсүмбэр,1
Бүгд,42,2007,Говьсүмбэр,0
Бүгд,42,2008,Говьсүмбэр,6.8
Бүгд,42,2009,Говьсүмбэр,7.4
Бүгд,42,2010,Говьсүмбэр,15.3
Бүгд,42,2011,Говьсүмбэр,0.3
Бүгд,42,2012,Говьсүмбэр,0.9
Бүгд,42,2013,Говьсүмбэр,1.8
Бүгд,42,2014,Говьсүмбэр,1.6
Бүгд,42,2015,Говьсүмбэр,2
Бүгд,42,2016,Говьсүмбэр,14.7
Бүгд,42,2017,Говьсүмбэр,2.9
Бүгд,42,2018,Говьсүмбэр,39.5
Бүгд,42,2019,Говьсүмбэр,5.7
Бүгд,42,2020,Говьсүмбэр,14.7
Бүгд,42,2021,Говьсүмбэр,39.7
Бүгд,42,2022,Говьсүмбэр,2.5
Бүгд,42,2023,Говьсүмбэр,4.9
Бүгд,42,2024,Говьсүмбэр,144.7
Бүгд,43,1991,Сэлэнгэ,25.7
Бүгд,43,1992,Сэлэнгэ,25
Бүгд,43,1993,Сэлэнгэ,46.7
Бүгд,43,1994,Сэлэнгэ,19.7
Бүгд,43,1995,Сэлэнгэ,26
Бүгд,43,1996,Сэлэнгэ,21.9
Бүгд,43,1997,Сэлэнгэ,20
Бүгд,43,1998,Сэлэнгэ,10.3
Бүгд,43,1999,Сэлэнгэ,13.6
Бүгд,43,2000,Сэлэнгэ,16.2
Бүгд,43,2001,Сэлэнгэ,55.4
Бүгд,43,2002,Сэлэнгэ,9.6
Бүгд,43,2003,Сэлэнгэ,73.6
Бүгд,43,2004,Сэлэнгэ,6.8
Бүгд,43,2005,Сэлэнгэ,3.9
Бүгд,43,2006,Сэлэнгэ,2.5
Бүгд,43,2007,Сэлэнгэ,1.5
Бүгд,43,2008,Сэлэнгэ,1.3
Бүгд,43,2009,Сэлэнгэ,10.9
Бүгд,43,2010,Сэлэнгэ,102.7
Бүгд,43,2011,Сэлэнгэ,7.3
Бүгд,43,2012,Сэлэнгэ,9.3
Бүгд,43,2013,Сэлэнгэ,6.5
Бүгд,43,2014,Сэлэнгэ,3
Бүгд,43,2015,Сэлэнгэ,8.2
Бүгд,43,2016,Сэлэнгэ,3.3
Бүгд,43,2017,Сэлэнгэ,69.6
Бүгд,43,2018,Сэлэнгэ,14.6
Бүгд,43,2019,Сэлэнгэ,6.7
Бүгд,43,2020,Сэлэнгэ,5.9
Бүгд,43,2021,Сэлэнгэ,13.8
Бүгд,43,2022,Сэлэнгэ,13.4
Бүгд,43,2023,Сэлэнгэ,67.6
Бүгд,43,2024,Сэлэнгэ,71.9
Бүгд,44,1991,Дорноговь,21.2
Бүгд,44,1992,Дорноговь,22.9
Бүгд,44,1993,Дорноговь,43.7
Бүгд,44,1994,Дорноговь,33.4
Бүгд,44,1995,Дорноговь,12.8
Бүгд,44,1996,Дорноговь,11.9
Бүгд,44,1997,Дорноговь,33
Бүгд,44,1998,Дорноговь,20.3
Бүгд,44,1999,Дорноговь,12.6
Бүгд,44,2000,Дорноговь,75.3
Бүгд,44,2001,Дорноговь,203
Бүгд,44,2002,Дорноговь,37.9
Бүгд,44,2003,Дорноговь,12.5
Бүгд,44,2004,Дорноговь,5.5
Бүгд,44,2005,Дорноговь,31.4
Бүгд,44,2006,Дорноговь,131.7
Бүгд,44,2007,Дорноговь,6.5
Бүгд,44,2008,Дорноговь,14.6
Бүгд,44,2009,Дорноговь,4
Бүгд,44,2010,Дорноговь,51.3
Бүгд,44,2011,Дорноговь,5.3
Бүгд,44,2012,Дорноговь,12.2
Бүгд,44,2013,Дорноговь,9.2
Бүгд,44,2014,Дорноговь,7.3
Бүгд,44,2015,Дорноговь,14.4
Бүгд,44,2016,Дорноговь,118
Бүгд,44,2017,Дорноговь,5.6
Бүгд,44,2018,Дорноговь,18.9
Бүгд,44,2019,Дорноговь,8.7
Бүгд,44,2020,Дорноговь,11
Бүгд,44,2021,Дорноговь,37.4
Бүгд,44,2022,Дорноговь,5.6
Бүгд,44,2023,Дорноговь,158.7
Бүгд,44,2024,Дорноговь,682.7
Бүгд,45,1991,Дархан-Уул,4.1
Бүгд,45,1992,Дархан-Уул,6.7
Бүгд,45,1993,Дархан-Уул,12.4
Бүгд,45,1994,Дархан-Уул,3.1
Бүгд,45,1995,Дархан-Уул,12.2
Бүгд,45,1996,Дархан-Уул,7.4
Бүгд,45,1997,Дархан-Уул,6.2
Бүгд,45,1998,Дархан-Уул,2.4
Бүгд,45,1999,Дархан-Уул,4
Бүгд,45,2000,Дархан-Уул,5
Бүгд,45,2001,Дархан-Уул,17.4
Бүгд,45,2002,Дархан-Уул,1.7
Бүгд,45,2003,Дархан-Уул,13
Бүгд,45,2004,Дархан-Уул,0.7
Бүгд,45,2005,Дархан-Уул,0.5
Бүгд,45,2006,Дархан-Уул,0.3
Бүгд,45,2007,Дархан-Уул,0.3
Бүгд,45,2008,Дархан-Уул,0.2
Бүгд,45,2009,Дархан-Уул,1.9
Бүгд,45,2010,Дархан-Уул,46.1
Бүгд,45,2011,Дархан-Уул,2.3
Бүгд,45,2012,Дархан-Уул,2.1
Бүгд,45,2013,Дархан-Уул,3.4
Бүгд,45,2014,Дархан-Уул,1.6
Бүгд,45,2015,Дархан-Уул,3.7
Бүгд,45,2016,Дархан-Уул,1.6
Бүгд,45,2017,Дархан-Уул,19.1
Бүгд,45,2018,Дархан-Уул,3.7
Бүгд,45,2019,Дархан-Уул,0.9
Бүгд,45,2020,Дархан-Уул,2.3
Бүгд,45,2021,Дархан-Уул,3
Бүгд,45,2022,Дархан-Уул,2.9
Бүгд,45,2023,Дархан-Уул,28.5
Бүгд,45,2024,Дархан-Уул,6.4
Бүгд,46,1991,Өмнөговь,19.4
Бүгд,46,1992,Өмнөговь,34.2
Бүгд,46,1993,Өмнөговь,49.4
Бүгд,46,1994,Өмнөговь,13
Бүгд,46,1995,Өмнөговь,12.6
Бүгд,46,1996,Өмнөговь,17.4
Бүгд,46,1997,Өмнөговь,14.4
Бүгд,46,1998,Өмнөговь,32.1
Бүгд,46,1999,Өмнөговь,55.3
Бүгд,46,2000,Өмнөговь,140
Бүгд,46,2001,Өмнөговь,189.8
Бүгд,46,2002,Өмнөговь,227.1
Бүгд,46,2003,Өмнөговь,92.5
Бүгд,46,2004,Өмнөговь,10.6
Бүгд,46,2005,Өмнөговь,29.4
Бүгд,46,2006,Өмнөговь,40.7
Бүгд,46,2007,Өмнөговь,10
Бүгд,46,2008,Өмнөговь,8.4
Бүгд,46,2009,Өмнөговь,30.8
Бүгд,46,2010,Өмнөговь,618.8
Бүгд,46,2011,Өмнөговь,9.4
Бүгд,46,2012,Өмнөговь,8.8
Бүгд,46,2013,Өмнөговь,9.8
Бүгд,46,2014,Өмнөговь,11.1
Бүгд,46,2015,Өмнөговь,17.3
Бүгд,46,2016,Өмнөговь,10.1
Бүгд,46,2017,Өмнөговь,11.3
Бүгд,46,2018,Өмнөговь,62
Бүгд,46,2019,Өмнөговь,8.1
Бүгд,46,2020,Өмнөговь,21
Бүгд,46,2021,Өмнөговь,129.7
Бүгд,46,2022,Өмнөговь,10.7
Бүгд,46,2023,Өмнөговь,169.6
Бүгд,46,2024,Өмнөговь,81.8
Бүгд,48,1991,Дундговь,34.7
Бүгд,48,1992,Дундговь,55.1
Бүгд,48,1993,Дундговь,95.8
Бүгд,48,1994,Дундговь,77.7
Бүгд,48,1995,Дундговь,20.4
Бүгд,48,1996,Дундговь,17.9
Бүгд,48,1997,Дундговь,14.1
Бүгд,48,1998,Дундговь,11.7
Бүгд,48,1999,Дундговь,55.2
Бүгд,48,2000,Дундговь,734.6
Бүгд,48,2001,Дундговь,69.2
Бүгд,48,2002,Дундговь,23.6
Бүгд,48,2003,Дундговь,36.2
Бүгд,48,2004,Дундговь,3.9
Бүгд,48,2005,Дундговь,26.3
Бүгд,48,2006,Дундговь,49.7
Бүгд,48,2007,Дундговь,6
Бүгд,48,2008,Дундговь,57.2
Бүгд,48,2009,Дундговь,35
Бүгд,48,2010,Дундговь,878.2
Бүгд,48,2011,Дундговь,4.3
Бүгд,48,2012,Дундговь,3.5
Бүгд,48,2013,Дундговь,4.3
Бүгд,48,2014,Дундговь,1.8
Бүгд,48,2015,Дундговь,3.8
Бүгд,48,2016,Дундговь,69.7
Бүгд,48,2017,Дундговь,3.4
Бүгд,48,2018,Дундговь,75.4
Бүгд,48,2019,Дундговь,14.2
Бүгд,48,2020,Дундговь,33.1
Бүгд,48,2021,Дундговь,491.1
Бүгд,48,2022,Дундговь,4.6
Бүгд,48,2023,Дундговь,48.3
Бүгд,48,2024,Дундговь,437.6
Бүгд,61,1991,Орхон,1.2
Бүгд,61,1992,Орхон,1.7
Бүгд,61,1993,Орхон,5.8
Бүгд,61,1994,Орхон,5.7
Бүгд,61,1995,Орхон,5.6
Бүгд,61,1996,Орхон,7.3
Бүгд,61,1997,Орхон,3.9
Бүгд,61,1998,Орхон,1.9
Бүгд,61,1999,Орхон,1.8
Бүгд,61,2000,Орхон,3.5
Бүгд,61,2001,Орхон,16.5
Бүгд,61,2002,Орхон,4.6
Бүгд,61,2003,Орхон,22.5
Бүгд,61,2004,Орхон,2.1
Бүгд,61,2005,Орхон,1.2
Бүгд,61,2006,Орхон,0.8
Бүгд,61,2007,Орхон,0.4
Бүгд,61,2008,Орхон,0.4
Бүгд,61,2009,Орхон,2.4
Бүгд,61,2010,Орхон,30
Бүгд,61,2011,Орхон,0.9
Бүгд,61,2012,Орхон,1.8
Бүгд,61,2013,Орхон,2.1
Бүгд,61,2014,Орхон,0.6
Бүгд,61,2015,Орхон,0.8
Бүгд,61,2016,Орхон,0.5
Бүгд,61,2017,Орхон,5.4
Бүгд,61,2018,Орхон,6.4
Бүгд,61,2019,Орхон,0.5
Бүгд,61,2020,Орхон,1.2
Бүгд,61,2021,Орхон,0.6
Бүгд,61,2022,Орхон,0.8
Бүгд,61,2023,Орхон,3.2
Бүгд,61,2024,Орхон,8.5
Бүгд,62,1991,Өвөрхангай,57.7
Бүгд,62,1992,Өвөрхангай,50.1
Бүгд,62,1993,Өвөрхангай,140.2
Бүгд,62,1994,Өвөрхангай,26.1
Бүгд,62,1995,Өвөрхангай,25.2
Бүгд,62,1996,Өвөрхангай,70.7
Бүгд,62,1997,Өвөрхангай,26.7
Бүгд,62,1998,Өвөрхангай,19.9
Бүгд,62,1999,Өвөрхангай,43.7
Бүгд,62,2000,Өвөрхангай,632.8
Бүгд,62,2001,Өвөрхангай,302.9
Бүгд,62,2002,Өвөрхангай,222.8
Бүгд,62,2003,Өвөрхангай,44.7
Бүгд,62,2004,Өвөрхангай,8.4
Бүгд,62,2005,Өвөрхангай,38.7
Бүгд,62,2006,Өвөрхангай,19.2
Бүгд,62,2007,Өвөрхангай,12
Бүгд,62,2008,Өвөрхангай,139.6
Бүгд,62,2009,Өвөрхангай,111.3
Бүгд,62,2010,Өвөрхангай,1664.3
Бүгд,62,2011,Өвөрхангай,22
Бүгд,62,2012,Өвөрхангай,8.1
Бүгд,62,2013,Өвөрхангай,19.7
Бүгд,62,2014,Өвөрхангай,8.9
Бүгд,62,2015,Өвөрхангай,64.6
Бүгд,62,2016,Өвөрхангай,37.8
Бүгд,62,2017,Өвөрхангай,29.3
Бүгд,62,2018,Өвөрхангай,352.3
Бүгд,62,2019,Өвөрхангай,103.6
Бүгд,62,2020,Өвөрхангай,210.4
Бүгд,62,2021,Өвөрхангай,328.7
Бүгд,62,2022,Өвөрхангай,11.7
Бүгд,62,2023,Өвөрхангай,178.7
Бүгд,62,2024,Өвөрхангай,115.2
Бүгд,63,1991,Булган,30.6
Бүгд,63,1992,Булган,28
Бүгд,63,1993,Булган,77.9
Бүгд,63,1994,Булган,15.7
Бүгд,63,1995,Булган,17.5
Бүгд,63,1996,Булган,17.5
Бүгд,63,1997,Булган,13.6
Бүгд,63,1998,Булган,8.2
Бүгд,63,1999,Булган,11.9
Бүгд,63,2000,Булган,115.7
Бүгд,63,2001,Булган,193
Бүгд,63,2002,Булган,43.9
Бүгд,63,2003,Булган,299.5
Бүгд,63,2004,Булган,15.7
Бүгд,63,2005,Булган,9.4
Бүгд,63,2006,Булган,6.3
Бүгд,63,2007,Булган,8.8
Бүгд,63,2008,Булган,9
Бүгд,63,2009,Булган,27.3
Бүгд,63,2010,Булган,223.8
Бүгд,63,2011,Булган,75
Бүгд,63,2012,Булган,26.2
Бүгд,63,2013,Булган,37
Бүгд,63,2014,Булган,16.3
Бүгд,63,2015,Булган,72.5
Бүгд,63,2016,Булган,58.2
Бүгд,63,2017,Булган,85.4
Бүгд,63,2018,Булган,115.9
Бүгд,63,2019,Булган,26.2
Бүгд,63,2020,Булган,172
Бүгд,63,2021,Булган,29.6
Бүгд,63,2022,Булган,33.7
Бүгд,63,2023,Булган,263.8
Бүгд,63,2024,Булган,606.5
Бүгд,64,1991,Баянхонгор,16.1
Бүгд,64,1992,Баянхонгор,23.7
Бүгд,64,1993,Баянхонгор,209.8
Бүгд,64,1994,Баянхонгор,17.4
Бүгд,64,1995,Баянхонгор,31.2
Бүгд,64,1996,Баянхонгор,65.6
Бүгд,64,1997,Баянхонгор,35.2
Бүгд,64,1998,Баянхонгор,36.9
Бүгд,64,1999,Баянхонгор,75.1
Бүгд,64,2000,Баянхонгор,214.9
Бүгд,64,2001,Баянхонгор,459.3
Бүгд,64,2002,Баянхонгор,683.3
Бүгд,64,2003,Баянхонгор,18.2
Бүгд,64,2004,Баянхонгор,7.5
Бүгд,64,2005,Баянхонгор,9.5
Бүгд,64,2006,Баянхонгор,19
Бүгд,64,2007,Баянхонгор,22.7
Бүгд,64,2008,Баянхонгор,67.2
Бүгд,64,2009,Баянхонгор,191.3
Бүгд,64,2010,Баянхонгор,634.5
Бүгд,64,2011,Баянхонгор,41.3
Бүгд,64,2012,Баянхонгор,18.1
Бүгд,64,2013,Баянхонгор,59.4
Бүгд,64,2014,Баянхонгор,45.7
Бүгд,64,2015,Баянхонгор,63.2
Бүгд,64,2016,Баянхонгор,120.5
Бүгд,64,2017,Баянхонгор,22.4
Бүгд,64,2018,Баянхонгор,338.4
Бүгд,64,2019,Баянхонгор,41
Бүгд,64,2020,Баянхонгор,123.8
Бүгд,64,2021,Баянхонгор,812.6
Бүгд,64,2022,Баянхонгор,10.1
Бүгд,64,2023,Баянхонгор,42.7
Бүгд,64,2024,Баянхонгор,310.7
Бүгд,65,1991,Архангай,30
Бүгд,65,1992,Архангай,46.9
Бүгд,65,1993,Архангай,85.4
Бүгд,65,1994,Архангай,23.6
Бүгд,65,1995,Архангай,88.8
Бүгд,65,1996,Архангай,25.5
Бүгд,65,1997,Архангай,12.4
Бүгд,65,1998,Архангай,16.8
Бүгд,65,1999,Архангай,15.3
Бүгд,65,2000,Архангай,144.8
Бүгд,65,2001,Архангай,538.1
Бүгд,65,2002,Архангай,70.2
Бүгд,65,2003,Архангай,116.2
Бүгд,65,2004,Архангай,26.7
Бүгд,65,2005,Архангай,19.1
Бүгд,65,2006,Архангай,21.4
Бүгд,65,2007,Архангай,17.3
Бүгд,65,2008,Архангай,41.6
Бүгд,65,2009,Архангай,56.7
Бүгд,65,2010,Архангай,1084.2
Бүгд,65,2011,Архангай,88.3
Бүгд,65,2012,Архангай,59.7
Бүгд,65,2013,Архангай,196.2
Бүгд,65,2014,Архангай,94.1
Бүгд,65,2015,Архангай,100.3
Бүгд,65,2016,Архангай,147.4
Бүгд,65,2017,Архангай,129.5
Бүгд,65,2018,Архангай,319.4
Бүгд,65,2019,Архангай,63.8
Бүгд,65,2020,Архангай,416.7
Бүгд,65,2021,Архангай,171.9
Бүгд,65,2022,Архангай,73.3
Бүгд,65,2023,Архангай,682.3
Бүгд,65,2024,Архангай,993.3
Бүгд,67,1991,Хөвсгөл,98.4
Бүгд,67,1992,Хөвсгөл,81.7
Бүгд,67,1993,Хөвсгөл,98.5
Бүгд,67,1994,Хөвсгөл,25.5
Бүгд,67,1995,Хөвсгөл,41.5
Бүгд,67,1996,Хөвсгөл,26.7
Бүгд,67,1997,Хөвсгөл,22.5
Бүгд,67,1998,Хөвсгөл,41.6
Бүгд,67,1999,Хөвсгөл,36.7
Бүгд,67,2000,Хөвсгөл,144.9
Бүгд,67,2001,Хөвсгөл,582.6
Бүгд,67,2002,Хөвсгөл,27.8
Бүгд,67,2003,Хөвсгөл,74.5
Бүгд,67,2004,Хөвсгөл,21.7
Бүгд,67,2005,Хөвсгөл,45
Бүгд,67,2006,Хөвсгөл,20.9
Бүгд,67,2007,Хөвсгөл,25.2
Бүгд,67,2008,Хөвсгөл,33
Бүгд,67,2009,Хөвсгөл,142.5
Бүгд,67,2010,Хөвсгөл,698.7
Бүгд,67,2011,Хөвсгөл,67
Бүгд,67,2012,Хөвсгөл,44.5
Бүгд,67,2013,Хөвсгөл,117.4
Бүгд,67,2014,Хөвсгөл,27
Бүгд,67,2015,Хөвсгөл,54.8
Бүгд,67,2016,Хөвсгөл,42.6
Бүгд,67,2017,Хөвсгөл,200.3
Бүгд,67,2018,Хөвсгөл,73.9
Бүгд,67,2019,Хөвсгөл,93.8
Бүгд,67,2020,Хөвсгөл,376.5
Бүгд,67,2021,Хөвсгөл,67.6
Бүгд,67,2022,Хөвсгөл,66.7
Бүгд,67,2023,Хөвсгөл,283.2
Бүгд,67,2024,Хөвсгөл,466.3
Бүгд,81,1991,Завхан,59.9
Бүгд,81,1992,Завхан,91.2
Бүгд,81,1993,Завхан,239.8
Бүгд,81,1994,Завхан,16.7
Бүгд,81,1995,Завхан,31.4
Бүгд,81,1996,Завхан,22.5
Бүгд,81,1997,Завхан,46.1
Бүгд,81,1998,Завхан,56.7
Бүгд,81,1999,Завхан,102.8
Бүгд,81,2000,Завхан,435
Бүгд,81,2001,Завхан,584.9
Бүгд,81,2002,Завхан,90.5
Бүгд,81,2003,Завхан,69.1
Бүгд,81,2004,Завхан,9.5
Бүгд,81,2005,Завхан,72.5
Бүгд,81,2006,Завхан,12.1
Бүгд,81,2007,Завхан,13.8
Бүгд,81,2008,Завхан,65.9
Бүгд,81,2009,Завхан,210.9
Бүгд,81,2010,Завхан,1011
Бүгд,81,2011,Завхан,32.8
Бүгд,81,2012,Завхан,20.2
Бүгд,81,2013,Завхан,60.4
Бүгд,81,2014,Завхан,25.5
Бүгд,81,2015,Завхан,33.6
Бүгд,81,2016,Завхан,131.2
Бүгд,81,2017,Завхан,40.6
Бүгд,81,2018,Завхан,181
Бүгд,81,2019,Завхан,22.5
Бүгд,81,2020,Завхан,97.1
Бүгд,81,2021,Завхан,49
Бүгд,81,2022,Завхан,16.9
Бүгд,81,2023,Завхан,235.3
Бүгд,81,2024,Завхан,245.7
Бүгд,82,1991,Говь-Алтай,38.4
Бүгд,82,1992,Говь-Алтай,24.2
Бүгд,82,1993,Говь-Алтай,145.4
Бүгд,82,1994,Говь-Алтай,25.1
Бүгд,82,1995,Говь-Алтай,33.5
Бүгд,82,1996,Говь-Алтай,39.3
Бүгд,82,1997,Говь-Алтай,72.7
Бүгд,82,1998,Говь-Алтай,113
Бүгд,82,1999,Говь-Алтай,61.5
Бүгд,82,2000,Говь-Алтай,81.3
Бүгд,82,2001,Говь-Алтай,147.6
Бүгд,82,2002,Говь-Алтай,687.2
Бүгд,82,2003,Говь-Алтай,12.9
Бүгд,82,2004,Говь-Алтай,4.1
Бүгд,82,2005,Говь-Алтай,11.6
Бүгд,82,2006,Говь-Алтай,6.2
Бүгд,82,2007,Говь-Алтай,12
Бүгд,82,2008,Говь-Алтай,73.7
Бүгд,82,2009,Говь-Алтай,115.3
Бүгд,82,2010,Говь-Алтай,738.2
Бүгд,82,2011,Говь-Алтай,53.8
Бүгд,82,2012,Говь-Алтай,34.2
Бүгд,82,2013,Говь-Алтай,36.8
Бүгд,82,2014,Говь-Алтай,35.1
Бүгд,82,2015,Говь-Алтай,16.2
Бүгд,82,2016,Говь-Алтай,35.1
Бүгд,82,2017,Говь-Алтай,10.9
Бүгд,82,2018,Говь-Алтай,151.2
Бүгд,82,2019,Говь-Алтай,57.7
Бүгд,82,2020,Говь-Алтай,30.5
Бүгд,82,2021,Говь-Алтай,278.1
Бүгд,82,2022,Говь-Алтай,15.4
Бүгд,82,2023,Говь-Алтай,157
Бүгд,82,2024,Говь-Алтай,131.6
Бүгд,83,1991,Баян-Өлгий,82.3
Бүгд,83,1992,Баян-Өлгий,31.1
Бүгд,83,1993,Баян-Өлгий,45.7
Бүгд,83,1994,Баян-Өлгий,12.7
Бүгд,83,1995,Баян-Өлгий,5.4
Бүгд,83,1996,Баян-Өлгий,11.5
Бүгд,83,1997,Баян-Өлгий,30.1
Бүгд,83,1998,Баян-Өлгий,182.3
Бүгд,83,1999,Баян-Өлгий,20.8
Бүгд,83,2000,Баян-Өлгий,88.5
Бүгд,83,2001,Баян-Өлгий,96
Бүгд,83,2002,Баян-Өлгий,170
Бүгд,83,2003,Баян-Өлгий,30.8
Бүгд,83,2004,Баян-Өлгий,20.8
Бүгд,83,2005,Баян-Өлгий,91.2
Бүгд,83,2006,Баян-Өлгий,15
Бүгд,83,2007,Баян-Өлгий,22.9
Бүгд,83,2008,Баян-Өлгий,57.7
Бүгд,83,2009,Баян-Өлгий,120.8
Бүгд,83,2010,Баян-Өлгий,150.9
Бүгд,83,2011,Баян-Өлгий,14
Бүгд,83,2012,Баян-Өлгий,9.2
Бүгд,83,2013,Баян-Өлгий,11.1
Бүгд,83,2014,Баян-Өлгий,5.2
Бүгд,83,2015,Баян-Өлгий,5.5
Бүгд,83,2016,Баян-Өлгий,30.9
Бүгд,83,2017,Баян-Өлгий,17.8
Бүгд,83,2018,Баян-Өлгий,71
Бүгд,83,2019,Баян-Өлгий,60.4
Бүгд,83,2020,Баян-Өлгий,9.7
Бүгд,83,2021,Баян-Өлгий,10.1
Бүгд,83,2022,Баян-Өлгий,15.1
Бүгд,83,2023,Баян-Өлгий,110.6
Бүгд,83,2024,Баян-Өлгий,78.8
Бүгд,84,1991,Ховд,36.6
Бүгд,84,1992,Ховд,52.6
Бүгд,84,1993,Ховд,28.4
Бүгд,84,1994,Ховд,58.2
Бүгд,84,1995,Ховд,23.3
Бүгд,84,1996,Ховд,55
Бүгд,84,1997,Ховд,110
Бүгд,84,1998,Ховд,104
Бүгд,84,1999,Ховд,30.8
Бүгд,84,2000,Ховд,56.4
Бүгд,84,2001,Ховд,177.8
Бүгд,84,2002,Ховд,275.6
Бүгд,84,2003,Ховд,23.9
Бүгд,84,2004,Ховд,7.4
Бүгд,84,2005,Ховд,22.2
Бүгд,84,2006,Ховд,7.6
Бүгд,84,2007,Ховд,10.1
Бүгд,84,2008,Ховд,87.2
Бүгд,84,2009,Ховд,70.4
Бүгд,84,2010,Ховд,444.4
Бүгд,84,2011,Ховд,59.6
Бүгд,84,2012,Ховд,23.9
Бүгд,84,2013,Ховд,23.4
Бүгд,84,2014,Ховд,27.3
Бүгд,84,2015,Ховд,17.2
Бүгд,84,2016,Ховд,57.1
Бүгд,84,2017,Ховд,30.3
Бүгд,84,2018,Ховд,175.3
Бүгд,84,2019,Ховд,131.9
Бүгд,84,2020,Ховд,18.5
Бүгд,84,2021,Ховд,35.5
Бүгд,84,2022,Ховд,39.8
Бүгд,84,2023,Ховд,294.4
Бүгд,84,2024,Ховд,79.6
Бүгд,85,1991,Увс,55.9
Бүгд,85,1992,Увс,91.8
Бүгд,85,1993,Увс,60.1
Бүгд,85,1994,Увс,55
Бүгд,85,1995,Увс,50.3
Бүгд,85,1996,Увс,43
Бүгд,85,1997,Увс,40.8
Бүгд,85,1998,Увс,41.9
Бүгд,85,1999,Увс,42
Бүгд,85,2000,Увс,286.9
Бүгд,85,2001,Увс,115.4
Бүгд,85,2002,Увс,219.7
Бүгд,85,2003,Увс,30.3
Бүгд,85,2004,Увс,10.6
Бүгд,85,2005,Увс,110.9
Бүгд,85,2006,Увс,32.4
Бүгд,85,2007,Увс,47.7
Бүгд,85,2008,Увс,223.7
Бүгд,85,2009,Увс,286
Бүгд,85,2010,Увс,666.2
Бүгд,85,2011,Увс,40.7
Бүгд,85,2012,Увс,49
Бүгд,85,2013,Увс,35.7
Бүгд,85,2014,Увс,14
Бүгд,85,2015,Увс,18
Бүгд,85,2016,Увс,198.1
Бүгд,85,2017,Увс,30.6
Бүгд,85,2018,Увс,127.8
Бүгд,85,2019,Увс,145
Бүгд,85,2020,Увс,29.8
Бүгд,85,2021,Увс,13.8
Бүгд,85,2022,Увс,64.6
Бүгд,85,2023,Увс,413.8
Бүгд,85,2024,Увс,261.7
Тэмээ,11,1991,Улаанбаатар,0
Тэмээ,11,1992,Улаанбаатар,0
Тэмээ,11,1993,Улаанбаатар,0
Тэмээ,11,1994,Улаанбаатар,0
Тэмээ,11,1995,Улаанбаатар,0
Тэмээ,11,1996,Улаанбаатар,0
Тэмээ,11,1997,Улаанбаатар,0
Тэмээ,11,1998,Улаанбаатар,0
Тэмээ,11,1999,Улаанбаатар,0
Тэмээ,11,2000,Улаанбаатар,0
Тэмээ,11,2001,Улаанбаатар,0
Тэмээ,11,2002,Улаанбаатар,0
Тэмээ,11,2003,Улаанбаатар,0
Тэмээ,11,2004,Улаанбаатар,0
Тэмээ,11,2005,Улаанбаатар,0
Тэмээ,11,2006,Улаанбаатар,0
Тэмээ,11,2007,Улаанбаатар,0
Тэмээ,11,2008,Улаанбаатар,0
Тэмээ,11,2009,Улаанбаатар,0
Тэмээ,11,2010,Улаанбаатар,0
Тэмээ,11,2011,Улаанбаатар,0
Тэмээ,11,2012,Улаанбаатар,0
Тэмээ,11,2013,Улаанбаатар,0
Тэмээ,11,2014,Улаанбаатар,0
Тэмээ,11,2015,Улаанбаатар,0
Тэмээ,11,2016,Улаанбаатар,0
Тэмээ,11,2017,Улаанбаатар,0
Тэмээ,11,2018,Улаанбаатар,0
Тэмээ,11,2019,Улаанбаатар,0
Тэмээ,11,2020,Улаанбаатар,0
Тэмээ,11,2021,Улаанбаатар,0
Тэмээ,11,2022,Улаанбаатар,0
Тэмээ,11,2023,Улаанбаатар,0
Тэмээ,11,2024,Улаанбаатар,0
Тэмээ,21,1991,Дорнод,1.1
Тэмээ,21,1992,Дорнод,0.9
Тэмээ,21,1993,Дорнод,0.9
Тэмээ,21,1994,Дорнод,0.6
Тэмээ,21,1995,Дорнод,0.5
Тэмээ,21,1996,Дорнод,0.8
Тэмээ,21,1997,Дорнод,0.1
Тэмээ,21,1998,Дорнод,0.1
Тэмээ,21,1999,Дорнод,0.2
Тэмээ,21,2000,Дорнод,4.3
Тэмээ,21,2001,Дорнод,0.2
Тэмээ,21,2002,Дорнод,0.1
Тэмээ,21,2003,Дорнод,0.1
Тэмээ,21,2004,Дорнод,0.1
Тэмээ,21,2005,Дорнод,0.1
Тэмээ,21,2006,Дорнод,0.1
Тэмээ,21,2007,Дорнод,0
Тэмээ,21,2008,Дорнод,0
Тэмээ,21,2009,Дорнод,0.2
Тэмээ,21,2010,Дорнод,0.2
Тэмээ,21,2011,Дорнод,0
Тэмээ,21,2012,Дорнод,0
Тэмээ,21,2013,Дорнод,0.1
Тэмээ,21,2014,Дорнод,0.1
Тэмээ,21,2015,Дорнод,0
Тэмээ,21,2016,Дорнод,0
Тэмээ,21,2017,Дорнод,0
Тэмээ,21,2018,Дорнод,0
Тэмээ,21,2019,Дорнод,0
Тэмээ,21,2020,Дорнод,0
Тэмээ,21,2021,Дорнод,0
Тэмээ,21,2022,Дорнод,0
Тэмээ,21,2023,Дорнод,0
Тэмээ,21,2024,Дорнод,0.1
Тэмээ,22,1991,Сүхбаатар,1.1
Тэмээ,22,1992,Сүхбаатар,0.8
Тэмээ,22,1993,Сүхбаатар,0.5
Тэмээ,22,1994,Сүхбаатар,0.9
Тэмээ,22,1995,Сүхбаатар,0.8
Тэмээ,22,1996,Сүхбаатар,1.7
Тэмээ,22,1997,Сүхбаатар,0.3
Тэмээ,22,1998,Сүхбаатар,0.2
Тэмээ,22,1999,Сүхбаатар,0.3
Тэмээ,22,2000,Сүхбаатар,0
Тэмээ,22,2001,Сүхбаатар,0.7
Тэмээ,22,2002,Сүхбаатар,0.2
Тэмээ,22,2003,Сүхбаатар,0.1
Тэмээ,22,2004,Сүхбаатар,0.2
Тэмээ,22,2005,Сүхбаатар,0.3
Тэмээ,22,2006,Сүхбаатар,0.1
Тэмээ,22,2007,Сүхбаатар,0.1
Тэмээ,22,2008,Сүхбаатар,1.1
Тэмээ,22,2009,Сүхбаатар,0.1
Тэмээ,22,2010,Сүхбаатар,0.1
Тэмээ,22,2011,Сүхбаатар,0.1
Тэмээ,22,2012,Сүхбаатар,0.1
Тэмээ,22,2013,Сүхбаатар,0.1
Тэмээ,22,2014,Сүхбаатар,0
Тэмээ,22,2015,Сүхбаатар,0.1
Тэмээ,22,2016,Сүхбаатар,0.1
Тэмээ,22,2017,Сүхбаатар,0
Тэмээ,22,2018,Сүхбаатар,0
Тэмээ,22,2019,Сүхбаатар,0
Тэмээ,22,2020,Сүхбаатар,0
Тэмээ,22,2021,Сүхбаатар,0
Тэмээ,22,2022,Сүхбаатар,0
Тэмээ,22,2023,Сүхбаатар,0.1
Тэмээ,22,2024,Сүхбаатар,0.3
Тэмээ,23,1991,Хэнтий,0.9
Тэмээ,23,1992,Хэнтий,0.7
Тэмээ,23,1993,Хэнтий,0.7
Тэмээ,23,1994,Хэнтий,0.4
Тэмээ,23,1995,Хэнтий,0.4
Тэмээ,23,1996,Хэнтий,0.3
Тэмээ,23,1997,Хэнтий,0.1
Тэмээ,23,1998,Хэнтий,0.1
Тэмээ,23,1999,Хэнтий,0.2
Тэмээ,23,2000,Хэнтий,0.2
Тэмээ,23,2001,Хэнтий,0.5
Тэмээ,23,2002,Хэнтий,0.2
Тэмээ,23,2003,Хэнтий,0.2
Тэмээ,23,2004,Хэнтий,0.1
Тэмээ,23,2005,Хэнтий,0.1
Тэмээ,23,2006,Хэнтий,0.1
Тэмээ,23,2007,Хэнтий,0.1
Тэмээ,23,2008,Хэнтий,0.3
Тэмээ,23,2009,Хэнтий,0.1
Тэмээ,23,2010,Хэнтий,0.1
Тэмээ,23,2011,Хэнтий,0.1
Тэмээ,23,2012,Хэнтий,0
Тэмээ,23,2013,Хэнтий,0
Тэмээ,23,2014,Хэнтий,0
Тэмээ,23,2015,Хэнтий,0
Тэмээ,23,2016,Хэнтий,0
Тэмээ,23,2017,Хэнтий,0.1
Тэмээ,23,2018,Хэнтий,0.1
Тэмээ,23,2019,Хэнтий,0.1
Тэмээ,23,2020,Хэнтий,0.1
Тэмээ,23,2021,Хэнтий,0
Тэмээ,23,2022,Хэнтий,0.1
Тэмээ,23,2023,Хэнтий,0.3
Тэмээ,23,2024,Хэнтий,0.7
Тэмээ,41,1991,Төв,1
Тэмээ,41,1992,Төв,0.6
Тэмээ,41,1993,Төв,0.3
Тэмээ,41,1994,Төв,0.3
Тэмээ,41,1995,Төв,0.1
Тэмээ,41,1996,Төв,0
Тэмээ,41,1997,Төв,0
Тэмээ,41,1998,Төв,0.1
Тэмээ,41,1999,Төв,0.1
Тэмээ,41,2000,Төв,0.2
Тэмээ,41,2001,Төв,0.5
Тэмээ,41,2002,Төв,0
Тэмээ,41,2003,Төв,0.1
Тэмээ,41,2004,Төв,0
Тэмээ,41,2005,Төв,0
Тэмээ,41,2006,Төв,0
Тэмээ,41,2007,Төв,0
Тэмээ,41,2008,Төв,0
Тэмээ,41,2009,Төв,0
Тэмээ,41,2010,Төв,0.2
Тэмээ,41,2011,Төв,0
Тэмээ,41,2012,Төв,0
Тэмээ,41,2013,Төв,0
Тэмээ,41,2014,Төв,0
Тэмээ,41,2015,Төв,0
Тэмээ,41,2016,Төв,0
Тэмээ,41,2017,Төв,0
Тэмээ,41,2018,Төв,0
Тэмээ,41,2019,Төв,0
Тэмээ,41,2020,Төв,0
Тэмээ,41,2021,Төв,0.2
Тэмээ,41,2022,Төв,0
Тэмээ,41,2023,Төв,0
Тэмээ,41,2024,Төв,0.1
Тэмээ,42,1991,Говьсүмбэр,0
Тэмээ,42,1992,Говьсүмбэр,0
Тэмээ,42,1993,Говьсүмбэр,0
Тэмээ,42,1994,Говьсүмбэр,0
Тэмээ,42,1995,Говьсүмбэр,0
Тэмээ,42,1996,Говьсүмбэр,0
Тэмээ,42,1997,Говьсүмбэр,0
Тэмээ,42,1998,Говьсүмбэр,0
Тэмээ,42,1999,Говьсүмбэр,0
Тэмээ,42,2000,Говьсүмбэр,0
Тэмээ,42,2001,Говьсүмбэр,0
Тэмээ,42,2002,Говьсүмбэр,0
Тэмээ,42,2003,Говьсүмбэр,0
Тэмээ,42,2004,Говьсүмбэр,0
Тэмээ,42,2005,Говьсүмбэр,0
Тэмээ,42,2006,Говьсүмбэр,0
Тэмээ,42,2007,Говьсүмбэр,0
Тэмээ,42,2008,Говьсүмбэр,0
Тэмээ,42,2009,Говьсүмбэр,0
Тэмээ,42,2010,Говьсүмбэр,0
Тэмээ,42,2011,Говьсүмбэр,0
Тэмээ,42,2012,Говьсүмбэр,0
Тэмээ,42,2013,Говьсүмбэр,0
Тэмээ,42,2014,Говьсүмбэр,0
Тэмээ,42,2015,Говьсүмбэр,0
Тэмээ,42,2016,Говьсүмбэр,0
Тэмээ,42,2017,Говьсүмбэр,0
Тэмээ,42,2018,Говьсүмбэр,0
Тэмээ,42,2019,Говьсүмбэр,0
Тэмээ,42,2020,Говьсүмбэр,0
Тэмээ,42,2021,Говьсүмбэр,0
Тэмээ,42,2022,Говьсүмбэр,0
Тэмээ,42,2023,Говьсүмбэр,0
Тэмээ,42,2024,Говьсүмбэр,0.1
Тэмээ,43,1991,Сэлэнгэ,0
Тэмээ,43,1992,Сэлэнгэ,0
Тэмээ,43,1993,Сэлэнгэ,0
Тэмээ,43,1994,Сэлэнгэ,0
Тэмээ,43,1995,Сэлэнгэ,0
Тэмээ,43,1996,Сэлэнгэ,0
Тэмээ,43,1997,Сэлэнгэ,0
Тэмээ,43,1998,Сэлэнгэ,0
Тэмээ,43,1999,Сэлэнгэ,0
Тэмээ,43,2000,Сэлэнгэ,0
Тэмээ,43,2001,Сэлэнгэ,0
Тэмээ,43,2002,Сэлэнгэ,0
Тэмээ,43,2003,Сэлэнгэ,0.1
Тэмээ,43,2004,Сэлэнгэ,0
Тэмээ,43,2005,Сэлэнгэ,0
Тэмээ,43,2006,Сэлэнгэ,0
Тэмээ,43,2007,Сэлэнгэ,0
Тэмээ,43,2008,Сэлэнгэ,0
Тэмээ,43,2009,Сэлэнгэ,0
Тэмээ,43,2010,Сэлэнгэ,0
Тэмээ,43,2011,Сэлэнгэ,0
Тэмээ,43,2012,Сэлэнгэ,0
Тэмээ,43,2013,Сэлэнгэ,0
Тэмээ,43,2014,Сэлэнгэ,0
Тэмээ,43,2015,Сэлэнгэ,0
Тэмээ,43,2016,Сэлэнгэ,0
Тэмээ,43,2017,Сэлэнгэ,0
Тэмээ,43,2018,Сэлэнгэ,0
Тэмээ,43,2019,Сэлэнгэ,0
Тэмээ,43,2020,Сэлэнгэ,0
Тэмээ,43,2021,Сэлэнгэ,0
Тэмээ,43,2022,Сэлэнгэ,0
Тэмээ,43,2023,Сэлэнгэ,0
Тэмээ,43,2024,Сэлэнгэ,0
Тэмээ,44,1991,Дорноговь,2.2
Тэмээ,44,1992,Дорноговь,1.6
Тэмээ,44,1993,Дорноговь,3.7
Тэмээ,44,1994,Дорноговь,1.3
Тэмээ,44,1995,Дорноговь,0.8
Тэмээ,44,1996,Дорноговь,0.6
Тэмээ,44,1997,Дорноговь,0.5
Тэмээ,44,1998,Дорноговь,0.6
Тэмээ,44,1999,Дорноговь,0.4
Тэмээ,44,2000,Дорноговь,0.1
Тэмээ,44,2001,Дорноговь,1.7
Тэмээ,44,2002,Дорноговь,0.8
Тэмээ,44,2003,Дорноговь,0.3
Тэмээ,44,2004,Дорноговь,0.2
Тэмээ,44,2005,Дорноговь,0.5
Тэмээ,44,2006,Дорноговь,1.6
Тэмээ,44,2007,Дорноговь,0.3
Тэмээ,44,2008,Дорноговь,0.1
Тэмээ,44,2009,Дорноговь,0.1
Тэмээ,44,2010,Дорноговь,0.3
Тэмээ,44,2011,Дорноговь,0.2
Тэмээ,44,2012,Дорноговь,0.2
Тэмээ,44,2013,Дорноговь,0.2
Тэмээ,44,2014,Дорноговь,0.2
Тэмээ,44,2015,Дорноговь,0.2
Тэмээ,44,2016,Дорноговь,0.3
Тэмээ,44,2017,Дорноговь,0.2
Тэмээ,44,2018,Дорноговь,0.2
Тэмээ,44,2019,Дорноговь,0.3
Тэмээ,44,2020,Дорноговь,0.2
Тэмээ,44,2021,Дорноговь,0.1
Тэмээ,44,2022,Дорноговь,0.1
Тэмээ,44,2023,Дорноговь,0.5
Тэмээ,44,2024,Дорноговь,0.8
Тэмээ,45,1991,Дархан-Уул,0
Тэмээ,45,1992,Дархан-Уул,0
Тэмээ,45,1993,Дархан-Уул,0
Тэмээ,45,1994,Дархан-Уул,0
Тэмээ,45,1995,Дархан-Уул,0
Тэмээ,45,1996,Дархан-Уул,0
Тэмээ,45,1997,Дархан-Уул,0
Тэмээ,45,1998,Дархан-Уул,0
Тэмээ,45,1999,Дархан-Уул,0
Тэмээ,45,2000,Дархан-Уул,0
Тэмээ,45,2001,Дархан-Уул,0
Тэмээ,45,2002,Дархан-Уул,0
Тэмээ,45,2003,Дархан-Уул,0
Тэмээ,45,2004,Дархан-Уул,0
Тэмээ,45,2005,Дархан-Уул,0
Тэмээ,45,2006,Дархан-Уул,0
Тэмээ,45,2007,Дархан-Уул,0
Тэмээ,45,2008,Дархан-Уул,0
Тэмээ,45,2009,Дархан-Уул,0
Тэмээ,45,2010,Дархан-Уул,0
Тэмээ,45,2011,Дархан-Уул,0
Тэмээ,45,2012,Дархан-Уул,0
Тэмээ,45,2013,Дархан-Уул,0
Тэмээ,45,2014,Дархан-Уул,0
Тэмээ,45,2015,Дархан-Уул,0
Тэмээ,45,2016,Дархан-Уул,0
Тэмээ,45,2017,Дархан-Уул,0
Тэмээ,45,2018,Дархан-Уул,0
Тэмээ,45,2019,Дархан-Уул,0
Тэмээ,45,2020,Дархан-Уул,0
Тэмээ,45,2021,Дархан-Уул,0
Тэмээ,45,2022,Дархан-Уул,0
Тэмээ,45,2023,Дархан-Уул,0
Тэмээ,45,2024,Дархан-Уул,0
Тэмээ,46,1991,Өмнөговь,3.4
Тэмээ,46,1992,Өмнөговь,4.9
Тэмээ,46,1993,Өмнөговь,6.9
Тэмээ,46,1994,Өмнөговь,1.8
Тэмээ,46,1995,Өмнөговь,1.4
Тэмээ,46,1996,Өмнөговь,0.4
Тэмээ,46,1997,Өмнөговь,1.3
Тэмээ,46,1998,Өмнөговь,1.7
Тэмээ,46,1999,Өмнөговь,2.1
Тэмээ,46,2000,Өмнөговь,0.3
Тэмээ,46,2001,Өмнөговь,8.1
Тэмээ,46,2002,Өмнөговь,7.9
Тэмээ,46,2003,Өмнөговь,4.5
Тэмээ,46,2004,Өмнөговь,1
Тэмээ,46,2005,Өмнөговь,1.3
Тэмээ,46,2006,Өмнөговь,1.6
Тэмээ,46,2007,Өмнөговь,0.5
Тэмээ,46,2008,Өмнөговь,0.4
Тэмээ,46,2009,Өмнөговь,0.5
Тэмээ,46,2010,Өмнөговь,7
Тэмээ,46,2011,Өмнөговь,0.5
Тэмээ,46,2012,Өмнөговь,0.3
Тэмээ,46,2013,Өмнөговь,0.4
Тэмээ,46,2014,Өмнөговь,0.4
Тэмээ,46,2015,Өмнөговь,0.5
Тэмээ,46,2016,Өмнөговь,0.2
Тэмээ,46,2017,Өмнөговь,0.2
Тэмээ,46,2018,Өмнөговь,0.5
Тэмээ,46,2019,Өмнөговь,0.4
Тэмээ,46,2020,Өмнөговь,0.6
Тэмээ,46,2021,Өмнөговь,5.9
Тэмээ,46,2022,Өмнөговь,1.1
Тэмээ,46,2023,Өмнөговь,5.1
Тэмээ,46,2024,Өмнөговь,5.2
Тэмээ,48,1991,Дундговь,1.5
Тэмээ,48,1992,Дундговь,2.3
Тэмээ,48,1993,Дундговь,3.6
Тэмээ,48,1994,Дундговь,0.9
Тэмээ,48,1995,Дундговь,0.7
Тэмээ,48,1996,Дундговь,0.3
Тэмээ,48,1997,Дундговь,0.3
Тэмээ,48,1998,Дундговь,0.2
Тэмээ,48,1999,Дундговь,0.7
Тэмээ,48,2000,Дундговь,0.4
Тэмээ,48,2001,Дундговь,0.3
Тэмээ,48,2002,Дундговь,0.1
Тэмээ,48,2003,Дундговь,0.4
Тэмээ,48,2004,Дундговь,0.1
Тэмээ,48,2005,Дундговь,0.1
Тэмээ,48,2006,Дундговь,0.2
Тэмээ,48,2007,Дундговь,0
Тэмээ,48,2008,Дундговь,0.1
Тэмээ,48,2009,Дундговь,0.1
Тэмээ,48,2010,Дундговь,1.2
Тэмээ,48,2011,Дундговь,0
Тэмээ,48,2012,Дундговь,0
Тэмээ,48,2013,Дундговь,0
Тэмээ,48,2014,Дундговь,0
Тэмээ,48,2015,Дундговь,0.1
Тэмээ,48,2016,Дундговь,0.1
Тэмээ,48,2017,Дундговь,0
Тэмээ,48,2018,Дундговь,0.1
Тэмээ,48,2019,Дундговь,0
Тэмээ,48,2020,Дундговь,0.1
Тэмээ,48,2021,Дундговь,1.9
Тэмээ,48,2022,Дундговь,0.1
Тэмээ,48,2023,Дундговь,0.2
Тэмээ,48,2024,Дундговь,1.6
Тэмээ,61,1991,Орхон,0
Тэмээ,61,1992,Орхон,0
Тэмээ,61,1993,Орхон,0
Тэмээ,61,1994,Орхон,0
Тэмээ,61,1995,Орхон,0
Тэмээ,61,1996,Орхон,0
Тэмээ,61,1997,Орхон,0
Тэмээ,61,1998,Орхон,0
Тэмээ,61,1999,Орхон,0
Тэмээ,61,2000,Орхон,0
Тэмээ,61,2001,Орхон,0
Тэмээ,61,2002,Орхон,0
Тэмээ,61,2003,Орхон,0
Тэмээ,61,2004,Орхон,0
Тэмээ,61,2005,Орхон,0
Тэмээ,61,2006,Орхон,0
Тэмээ,61,2007,Орхон,0
Тэмээ,61,2008,Орхон,0
Тэмээ,61,2009,Орхон,0
Тэмээ,61,2010,Орхон,0
Тэмээ,61,2011,Орхон,0
Тэмээ,61,2012,Орхон,0
Тэмээ,61,2013,Орхон,0
Тэмээ,61,2014,Орхон,0
Тэмээ,61,2015,Орхон,0
Тэмээ,61,2016,Орхон,0
Тэмээ,61,2017,Орхон,0
Тэмээ,61,2018,Орхон,0
Тэмээ,61,2019,Орхон,0
Тэмээ,61,2020,Орхон,0
Тэмээ,61,2021,Орхон,0
Тэмээ,61,2022,Орхон,0
Тэмээ,61,2023,Орхон,0
Тэмээ,61,2024,Орхон,0
Тэмээ,62,1991,Өвөрхангай,0.7
Тэмээ,62,1992,Өвөрхангай,0.7
Тэмээ,62,1993,Өвөрхангай,0.7
Тэмээ,62,1994,Өвөрхангай,0.2
Тэмээ,62,1995,Өвөрхангай,0.2
Тэмээ,62,1996,Өвөрхангай,0.2
Тэмээ,62,1997,Өвөрхангай,0.2
Тэмээ,62,1998,Өвөрхангай,0.2
Тэмээ,62,1999,Өвөрхангай,0.3
Тэмээ,62,2000,Өвөрхангай,5
Тэмээ,62,2001,Өвөрхангай,0.5
Тэмээ,62,2002,Өвөрхангай,1
Тэмээ,62,2003,Өвөрхангай,0.2
Тэмээ,62,2004,Өвөрхангай,0.1
Тэмээ,62,2005,Өвөрхангай,0.1
Тэмээ,62,2006,Өвөрхангай,0.1
Тэмээ,62,2007,Өвөрхангай,0
Тэмээ,62,2008,Өвөрхангай,0.1
Тэмээ,62,2009,Өвөрхангай,0.1
Тэмээ,62,2010,Өвөрхангай,0.8
Тэмээ,62,2011,Өвөрхангай,0
Тэмээ,62,2012,Өвөрхангай,0
Тэмээ,62,2013,Өвөрхангай,0
Тэмээ,62,2014,Өвөрхангай,0
Тэмээ,62,2015,Өвөрхангай,0.2
Тэмээ,62,2016,Өвөрхангай,0
Тэмээ,62,2017,Өвөрхангай,0.1
Тэмээ,62,2018,Өвөрхангай,0.2
Тэмээ,62,2019,Өвөрхангай,0.1
Тэмээ,62,2020,Өвөрхангай,1.1
Тэмээ,62,2021,Өвөрхангай,4.8
Тэмээ,62,2022,Өвөрхангай,0
Тэмээ,62,2023,Өвөрхангай,0.1
Тэмээ,62,2024,Өвөрхангай,0.1
Тэмээ,63,1991,Булган,0.3
Тэмээ,63,1992,Булган,0.3
Тэмээ,63,1993,Булган,0.5
Тэмээ,63,1994,Булган,0.2
Тэмээ,63,1995,Булган,0.1
Тэмээ,63,1996,Булган,1
Тэмээ,63,1997,Булган,0
Тэмээ,63,1998,Булган,0
Тэмээ,63,1999,Булган,0
Тэмээ,63,2000,Булган,0.8
Тэмээ,63,2001,Булган,0.1
Тэмээ,63,2002,Булган,0
Тэмээ,63,2003,Булган,0
Тэмээ,63,2004,Булган,0
Тэмээ,63,2005,Булган,0
Тэмээ,63,2006,Булган,0
Тэмээ,63,2007,Булган,0
Тэмээ,63,2008,Булган,0
Тэмээ,63,2009,Булган,0
Тэмээ,63,2010,Булган,0
Тэмээ,63,2011,Булган,0
Тэмээ,63,2012,Булган,0
Тэмээ,63,2013,Булган,0
Тэмээ,63,2014,Булган,0
Тэмээ,63,2015,Булган,0
Тэмээ,63,2016,Булган,0
Тэмээ,63,2017,Булган,0
Тэмээ,63,2018,Булган,0
Тэмээ,63,2019,Булган,0
Тэмээ,63,2020,Булган,0
Тэмээ,63,2021,Булган,0
Тэмээ,63,2022,Булган,0
Тэмээ,63,2023,Булган,0
Тэмээ,63,2024,Булган,0.1
Тэмээ,64,1991,Баянхонгор,0.8
Тэмээ,64,1992,Баянхонгор,1.5
Тэмээ,64,1993,Баянхонгор,1.4
Тэмээ,64,1994,Баянхонгор,0.3
Тэмээ,64,1995,Баянхонгор,0.4
Тэмээ,64,1996,Баянхонгор,1
Тэмээ,64,1997,Баянхонгор,0.5
Тэмээ,64,1998,Баянхонгор,0.6
Тэмээ,64,1999,Баянхонгор,0.7
Тэмээ,64,2000,Баянхонгор,0.1
Тэмээ,64,2001,Баянхонгор,3.8
Тэмээ,64,2002,Баянхонгор,7
Тэмээ,64,2003,Баянхонгор,0.2
Тэмээ,64,2004,Баянхонгор,0.1
Тэмээ,64,2005,Баянхонгор,0.1
Тэмээ,64,2006,Баянхонгор,0.3
Тэмээ,64,2007,Баянхонгор,0.1
Тэмээ,64,2008,Баянхонгор,0.1
Тэмээ,64,2009,Баянхонгор,0.3
Тэмээ,64,2010,Баянхонгор,1.4
Тэмээ,64,2011,Баянхонгор,0.4
Тэмээ,64,2012,Баянхонгор,0.1
Тэмээ,64,2013,Баянхонгор,0.1
Тэмээ,64,2014,Баянхонгор,0.2
Тэмээ,64,2015,Баянхонгор,0.1
Тэмээ,64,2016,Баянхонгор,0.1
Тэмээ,64,2017,Баянхонгор,0.1
Тэмээ,64,2018,Баянхонгор,0.5
Тэмээ,64,2019,Баянхонгор,0.1
Тэмээ,64,2020,Баянхонгор,1.5
Тэмээ,64,2021,Баянхонгор,8
Тэмээ,64,2022,Баянхонгор,0
Тэмээ,64,2023,Баянхонгор,0.1
Тэмээ,64,2024,Баянхонгор,1
Тэмээ,65,1991,Архангай,0.2
Тэмээ,65,1992,Архангай,0.2
Тэмээ,65,1993,Архангай,0.1
Тэмээ,65,1994,Архангай,0.1
Тэмээ,65,1995,Архангай,0.1
Тэмээ,65,1996,Архангай,0
Тэмээ,65,1997,Архангай,0
Тэмээ,65,1998,Архангай,0
Тэмээ,65,1999,Архангай,0
Тэмээ,65,2000,Архангай,0.2
Тэмээ,65,2001,Архангай,0.1
Тэмээ,65,2002,Архангай,0
Тэмээ,65,2003,Архангай,0
Тэмээ,65,2004,Архангай,0
Тэмээ,65,2005,Архангай,0
Тэмээ,65,2006,Архангай,0
Тэмээ,65,2007,Архангай,0
Тэмээ,65,2008,Архангай,0
Тэмээ,65,2009,Архангай,0
Тэмээ,65,2010,Архангай,0
Тэмээ,65,2011,Архангай,0
Тэмээ,65,2012,Архангай,0
Тэмээ,65,2013,Архангай,0
Тэмээ,65,2014,Архангай,0
Тэмээ,65,2015,Архангай,0
Тэмээ,65,2016,Архангай,0
Тэмээ,65,2017,Архангай,0
Тэмээ,65,2018,Архангай,0.1
Тэмээ,65,2019,Архангай,0
Тэмээ,65,2020,Архангай,0.1
Тэмээ,65,2021,Архангай,0.1
Тэмээ,65,2022,Архангай,0
Тэмээ,65,2023,Архангай,0.1
Тэмээ,65,2024,Архангай,0.1
Тэмээ,67,1991,Хөвсгөл,0.6
Тэмээ,67,1992,Хөвсгөл,0.4
Тэмээ,67,1993,Хөвсгөл,0.3
Тэмээ,67,1994,Хөвсгөл,0.1
Тэмээ,67,1995,Хөвсгөл,0.1
Тэмээ,67,1996,Хөвсгөл,0.1
Тэмээ,67,1997,Хөвсгөл,0.7
Тэмээ,67,1998,Хөвсгөл,0.1
Тэмээ,67,1999,Хөвсгөл,0.1
Тэмээ,67,2000,Хөвсгөл,0.2
Тэмээ,67,2001,Хөвсгөл,0.8
Тэмээ,67,2002,Хөвсгөл,0
Тэмээ,67,2003,Хөвсгөл,0.1
Тэмээ,67,2004,Хөвсгөл,0
Тэмээ,67,2005,Хөвсгөл,0
Тэмээ,67,2006,Хөвсгөл,0
Тэмээ,67,2007,Хөвсгөл,0
Тэмээ,67,2008,Хөвсгөл,0
Тэмээ,67,2009,Хөвсгөл,0
Тэмээ,67,2010,Хөвсгөл,0.1
Тэмээ,67,2011,Хөвсгөл,0
Тэмээ,67,2012,Хөвсгөл,0
Тэмээ,67,2013,Хөвсгөл,0
Тэмээ,67,2014,Хөвсгөл,0
Тэмээ,67,2015,Хөвсгөл,0
Тэмээ,67,2016,Хөвсгөл,0
Тэмээ,67,2017,Хөвсгөл,0
Тэмээ,67,2018,Хөвсгөл,0
Тэмээ,67,2019,Хөвсгөл,0
Тэмээ,67,2020,Хөвсгөл,0.1
Тэмээ,67,2021,Хөвсгөл,0.1
Тэмээ,67,2022,Хөвсгөл,0
Тэмээ,67,2023,Хөвсгөл,0.1
Тэмээ,67,2024,Хөвсгөл,0.1
Тэмээ,81,1991,Завхан,0.9
Тэмээ,81,1992,Завхан,0.6
Тэмээ,81,1993,Завхан,0.5
Тэмээ,81,1994,Завхан,0.1
Тэмээ,81,1995,Завхан,0.2
Тэмээ,81,1996,Завхан,0.6
Тэмээ,81,1997,Завхан,0.1
Тэмээ,81,1998,Завхан,0.2
Тэмээ,81,1999,Завхан,0.2
Тэмээ,81,2000,Завхан,1.1
Тэмээ,81,2001,Завхан,0.4
Тэмээ,81,2002,Завхан,0.3
Тэмээ,81,2003,Завхан,0.1
Тэмээ,81,2004,Завхан,0
Тэмээ,81,2005,Завхан,0.1
Тэмээ,81,2006,Завхан,0.1
Тэмээ,81,2007,Завхан,0.1
Тэмээ,81,2008,Завхан,0.1
Тэмээ,81,2009,Завхан,0.1
Тэмээ,81,2010,Завхан,0.4
Тэмээ,81,2011,Завхан,0
Тэмээ,81,2012,Завхан,0
Тэмээ,81,2013,Завхан,0.1
Тэмээ,81,2014,Завхан,0
Тэмээ,81,2015,Завхан,0
Тэмээ,81,2016,Завхан,0
Тэмээ,81,2017,Завхан,0
Тэмээ,81,2018,Завхан,0.1
Тэмээ,81,2019,Завхан,0
Тэмээ,81,2020,Завхан,0
Тэмээ,81,2021,Завхан,0
Тэмээ,81,2022,Завхан,0
Тэмээ,81,2023,Завхан,0
Тэмээ,81,2024,Завхан,0
Тэмээ,82,1991,Говь-Алтай,1.6
Тэмээ,82,1992,Говь-Алтай,0.8
Тэмээ,82,1993,Говь-Алтай,1.2
Тэмээ,82,1994,Говь-Алтай,0.1
Тэмээ,82,1995,Говь-Алтай,0.5
Тэмээ,82,1996,Говь-Алтай,0.1
Тэмээ,82,1997,Говь-Алтай,0.8
Тэмээ,82,1998,Говь-Алтай,1
Тэмээ,82,1999,Говь-Алтай,0.6
Тэмээ,82,2000,Говь-Алтай,1.3
Тэмээ,82,2001,Говь-Алтай,0.9
Тэмээ,82,2002,Говь-Алтай,4.5
Тэмээ,82,2003,Говь-Алтай,0.2
Тэмээ,82,2004,Говь-Алтай,0.1
Тэмээ,82,2005,Говь-Алтай,0.2
Тэмээ,82,2006,Говь-Алтай,0.2
Тэмээ,82,2007,Говь-Алтай,0.2
Тэмээ,82,2008,Говь-Алтай,0.2
Тэмээ,82,2009,Говь-Алтай,0.4
Тэмээ,82,2010,Говь-Алтай,2.4
Тэмээ,82,2011,Говь-Алтай,0.4
Тэмээ,82,2012,Говь-Алтай,0.2
Тэмээ,82,2013,Говь-Алтай,0.3
Тэмээ,82,2014,Говь-Алтай,0.2
Тэмээ,82,2015,Говь-Алтай,0.2
Тэмээ,82,2016,Говь-Алтай,0.2
Тэмээ,82,2017,Говь-Алтай,0.1
Тэмээ,82,2018,Говь-Алтай,0.4
Тэмээ,82,2019,Говь-Алтай,0.1
Тэмээ,82,2020,Говь-Алтай,0.2
Тэмээ,82,2021,Говь-Алтай,0.7
Тэмээ,82,2022,Говь-Алтай,0.1
Тэмээ,82,2023,Говь-Алтай,0.3
Тэмээ,82,2024,Говь-Алтай,0.3
Тэмээ,83,1991,Баян-Өлгий,0.6
Тэмээ,83,1992,Баян-Өлгий,0.3
Тэмээ,83,1993,Баян-Өлгий,0.2
Тэмээ,83,1994,Баян-Өлгий,0.1
Тэмээ,83,1995,Баян-Өлгий,0
Тэмээ,83,1996,Баян-Өлгий,0.1
Тэмээ,83,1997,Баян-Өлгий,0.1
Тэмээ,83,1998,Баян-Өлгий,0.3
Тэмээ,83,1999,Баян-Өлгий,0.1
Тэмээ,83,2000,Баян-Өлгий,1
Тэмээ,83,2001,Баян-Өлгий,0.2
Тэмээ,83,2002,Баян-Өлгий,0.3
Тэмээ,83,2003,Баян-Өлгий,0.1
Тэмээ,83,2004,Баян-Өлгий,0.1
Тэмээ,83,2005,Баян-Өлгий,0.2
Тэмээ,83,2006,Баян-Өлгий,0.1
Тэмээ,83,2007,Баян-Өлгий,0.1
Тэмээ,83,2008,Баян-Өлгий,0.1
Тэмээ,83,2009,Баян-Өлгий,0.1
Тэмээ,83,2010,Баян-Өлгий,0.2
Тэмээ,83,2011,Баян-Өлгий,0.1
Тэмээ,83,2012,Баян-Өлгий,0
Тэмээ,83,2013,Баян-Өлгий,0
Тэмээ,83,2014,Баян-Өлгий,0
Тэмээ,83,2015,Баян-Өлгий,0
Тэмээ,83,2016,Баян-Өлгий,0.1
Тэмээ,83,2017,Баян-Өлгий,0
Тэмээ,83,2018,Баян-Өлгий,0.1
Тэмээ,83,2019,Баян-Өлгий,0.1
Тэмээ,83,2020,Баян-Өлгий,0
Тэмээ,83,2021,Баян-Өлгий,0
Тэмээ,83,2022,Баян-Өлгий,0
Тэмээ,83,2023,Баян-Өлгий,0.1
Тэмээ,83,2024,Баян-Өлгий,0.1
Тэмээ,84,1991,Ховд,1.6
Тэмээ,84,1992,Ховд,2.1
Тэмээ,84,1993,Ховд,0.8
Тэмээ,84,1994,Ховд,0.8
Тэмээ,84,1995,Ховд,0.4
Тэмээ,84,1996,Ховд,0.7
Тэмээ,84,1997,Ховд,0.6
Тэмээ,84,1998,Ховд,0.6
Тэмээ,84,1999,Ховд,0.4
Тэмээ,84,2000,Ховд,0.8
Тэмээ,84,2001,Ховд,1
Тэмээ,84,2002,Ховд,2.2
Тэмээ,84,2003,Ховд,0.3
Тэмээ,84,2004,Ховд,0.1
Тэмээ,84,2005,Ховд,0.2
Тэмээ,84,2006,Ховд,0.1
Тэмээ,84,2007,Ховд,0.1
Тэмээ,84,2008,Ховд,0.2
Тэмээ,84,2009,Ховд,0.3
Тэмээ,84,2010,Ховд,1.2
Тэмээ,84,2011,Ховд,0.2
Тэмээ,84,2012,Ховд,0.2
Тэмээ,84,2013,Ховд,0.2
Тэмээ,84,2014,Ховд,0.1
Тэмээ,84,2015,Ховд,0.1
Тэмээ,84,2016,Ховд,0.1
Тэмээ,84,2017,Ховд,0.2
Тэмээ,84,2018,Ховд,0.6
Тэмээ,84,2019,Ховд,0.3
Тэмээ,84,2020,Ховд,0.1
Тэмээ,84,2021,Ховд,0.1
Тэмээ,84,2022,Ховд,0.1
Тэмээ,84,2023,Ховд,0.6
Тэмээ,84,2024,Ховд,0.2
Тэмээ,85,1991,Увс,2.3
Тэмээ,85,1992,Увс,2.7
Тэмээ,85,1993,Увс,1.4
Тэмээ,85,1994,Увс,1.2
Тэмээ,85,1995,Увс,0.8
Тэмээ,85,1996,Увс,0.1
Тэмээ,85,1997,Увс,0.1
Тэмээ,85,1998,Увс,0.5
Тэмээ,85,1999,Увс,0.6
Тэмээ,85,2000,Увс,2.2
Тэмээ,85,2001,Увс,0.5
Тэмээ,85,2002,Увс,1.2
Тэмээ,85,2003,Увс,0.2
Тэмээ,85,2004,Увс,0.1
Тэмээ,85,2005,Увс,0.3
Тэмээ,85,2006,Увс,0.2
Тэмээ,85,2007,Увс,0.2
Тэмээ,85,2008,Увс,0.5
Тэмээ,85,2009,Увс,0.6
Тэмээ,85,2010,Увс,1.5
Тэмээ,85,2011,Увс,0.2
Тэмээ,85,2012,Увс,0.1
Тэмээ,85,2013,Увс,0.2
Тэмээ,85,2014,Увс,0.1
Тэмээ,85,2015,Увс,0.1
Тэмээ,85,2016,Увс,0.2
Тэмээ,85,2017,Увс,0.1
Тэмээ,85,2018,Увс,0.2
Тэмээ,85,2019,Увс,0.3
Тэмээ,85,2020,Увс,0.1
Тэмээ,85,2021,Увс,0.1
Тэмээ,85,2022,Увс,0.2
Тэмээ,85,2023,Увс,1.2
Тэмээ,85,2024,Увс,0.4
Хонь,11,1991,Улаанбаатар,2.8
Хонь,11,1992,Улаанбаатар,3
Хонь,11,1993,Улаанбаатар,5.8
Хонь,11,1994,Улаанбаатар,5.4
Хонь,11,1995,Улаанбаатар,6
Хонь,11,1996,Улаанбаатар,4.4
Хонь,11,1997,Улаанбаатар,3.1
Хонь,11,1998,Улаанбаатар,3
Хонь,11,1999,Улаанбаатар,15.2
Хонь,11,2000,Улаанбаатар,2.9
Хонь,11,2001,Улаанбаатар,11.1
Хонь,11,2002,Улаанбаатар,1.6
Хонь,11,2003,Улаанбаатар,2.9
Хонь,11,2004,Улаанбаатар,1.1
Хонь,11,2005,Улаанбаатар,0.8
Хонь,11,2006,Улаанбаатар,0.8
Хонь,11,2007,Улаанбаатар,0.6
Хонь,11,2008,Улаанбаатар,0.7
Хонь,11,2009,Улаанбаатар,1.4
Хонь,11,2010,Улаанбаатар,32.9
Хонь,11,2011,Улаанбаатар,0.9
Хонь,11,2012,Улаанбаатар,0.8
Хонь,11,2013,Улаанбаатар,1.4
Хонь,11,2014,Улаанбаатар,0.7
Хонь,11,2015,Улаанбаатар,0.9
Хонь,11,2016,Улаанбаатар,2.5
Хонь,11,2017,Улаанбаатар,2.7
Хонь,11,2018,Улаанбаатар,5.3
Хонь,11,2019,Улаанбаатар,1.8
Хонь,11,2020,Улаанбаатар,4.5
Хонь,11,2021,Улаанбаатар,5.1
Хонь,11,2022,Улаанбаатар,2.6
Хонь,11,2023,Улаанбаатар,18.8
Хонь,11,2024,Улаанбаатар,15.4
Хонь,21,1991,Дорнод,57.5
Хонь,21,1992,Дорнод,30.6
Хонь,21,1993,Дорнод,27.9
Хонь,21,1994,Дорнод,22.3
Хонь,21,1995,Дорнод,24.2
Хонь,21,1996,Дорнод,11.3
Хонь,21,1997,Дорнод,4.7
Хонь,21,1998,Дорнод,3.9
Хонь,21,1999,Дорнод,5.4
Хонь,21,2000,Дорнод,7.5
Хонь,21,2001,Дорнод,25.4
Хонь,21,2002,Дорнод,6.9
Хонь,21,2003,Дорнод,14.3
Хонь,21,2004,Дорнод,4.5
Хонь,21,2005,Дорнод,4.8
Хонь,21,2006,Дорнод,2.7
Хонь,21,2007,Дорнод,1.8
Хонь,21,2008,Дорнод,8.3
Хонь,21,2009,Дорнод,59.2
Хонь,21,2010,Дорнод,150.1
Хонь,21,2011,Дорнод,5.7
Хонь,21,2012,Дорнод,5.9
Хонь,21,2013,Дорнод,23.3
Хонь,21,2014,Дорнод,4.3
Хонь,21,2015,Дорнод,3.1
Хонь,21,2016,Дорнод,6
Хонь,21,2017,Дорнод,1.9
Хонь,21,2018,Дорнод,3
Хонь,21,2019,Дорнод,2.6
Хонь,21,2020,Дорнод,6.7
Хонь,21,2021,Дорнод,2.7
Хонь,21,2022,Дорнод,3.4
Хонь,21,2023,Дорнод,42.5
Хонь,21,2024,Дорнод,193.4
Хонь,22,1991,Сүхбаатар,15.1
Хонь,22,1992,Сүхбаатар,13.1
Хонь,22,1993,Сүхбаатар,15.6
Хонь,22,1994,Сүхбаатар,36.4
Хонь,22,1995,Сүхбаатар,50.3
Хонь,22,1996,Сүхбаатар,14
Хонь,22,1997,Сүхбаатар,17.2
Хонь,22,1998,Сүхбаатар,23.1
Хонь,22,1999,Сүхбаатар,8.2
Хонь,22,2000,Сүхбаатар,17.7
Хонь,22,2001,Сүхбаатар,83.9
Хонь,22,2002,Сүхбаатар,9.7
Хонь,22,2003,Сүхбаатар,13.4
Хонь,22,2004,Сүхбаатар,24.3
Хонь,22,2005,Сүхбаатар,42.2
Хонь,22,2006,Сүхбаатар,10.4
Хонь,22,2007,Сүхбаатар,14.3
Хонь,22,2008,Сүхбаатар,157.9
Хонь,22,2009,Сүхбаатар,10.3
Хонь,22,2010,Сүхбаатар,27
Хонь,22,2011,Сүхбаатар,23
Хонь,22,2012,Сүхбаатар,8.8
Хонь,22,2013,Сүхбаатар,11.1
Хонь,22,2014,Сүхбаатар,3.6
Хонь,22,2015,Сүхбаатар,6.1
Хонь,22,2016,Сүхбаатар,69.7
Хонь,22,2017,Сүхбаатар,4.8
Хонь,22,2018,Сүхбаатар,30.4
Хонь,22,2019,Сүхбаатар,21.9
Хонь,22,2020,Сүхбаатар,23.4
Хонь,22,2021,Сүхбаатар,17
Хонь,22,2022,Сүхбаатар,6.1
Хонь,22,2023,Сүхбаатар,272.5
Хонь,22,2024,Сүхбаатар,1067.1
Хонь,23,1991,Хэнтий,86.2
Хонь,23,1992,Хэнтий,39.6
Хонь,23,1993,Хэнтий,49.9
Хонь,23,1994,Хэнтий,38.4
Хонь,23,1995,Хэнтий,28.7
Хонь,23,1996,Хэнтий,17.7
Хонь,23,1997,Хэнтий,11.9
Хонь,23,1998,Хэнтий,8.6
Хонь,23,1999,Хэнтий,16.1
Хонь,23,2000,Хэнтий,19.6
Хонь,23,2001,Хэнтий,69
Хонь,23,2002,Хэнтий,21.2
Хонь,23,2003,Хэнтий,27.4
Хонь,23,2004,Хэнтий,9.1
Хонь,23,2005,Хэнтий,10
Хонь,23,2006,Хэнтий,20
Хонь,23,2007,Хэнтий,13
Хонь,23,2008,Хэнтий,102.6
Хонь,23,2009,Хэнтий,48.6
Хонь,23,2010,Хэнтий,115.5
Хонь,23,2011,Хэнтий,17.5
Хонь,23,2012,Хэнтий,17.8
Хонь,23,2013,Хэнтий,18.7
Хонь,23,2014,Хэнтий,15.1
Хонь,23,2015,Хэнтий,20.5
Хонь,23,2016,Хэнтий,21.6
Хонь,23,2017,Хэнтий,33.3
Хонь,23,2018,Хэнтий,86.3
Хонь,23,2019,Хэнтий,93.4
Хонь,23,2020,Хэнтий,136.9
Хонь,23,2021,Хэнтий,110.6
Хонь,23,2022,Хэнтий,100
Хонь,23,2023,Хэнтий,412.2
Хонь,23,2024,Хэнтий,840.3
Хонь,41,1991,Төв,84.5
Хонь,41,1992,Төв,37.6
Хонь,41,1993,Төв,57.1
Хонь,41,1994,Төв,55.7
Хонь,41,1995,Төв,31.5
Хонь,41,1996,Төв,20.8
Хонь,41,1997,Төв,16.5
Хонь,41,1998,Төв,12.6
Хонь,41,1999,Төв,59.5
Хонь,41,2000,Төв,88.8
Хонь,41,2001,Төв,222.6
Хонь,41,2002,Төв,24.2
Хонь,41,2003,Төв,89.7
Хонь,41,2004,Төв,15.8
Хонь,41,2005,Төв,7
Хонь,41,2006,Төв,6.4
Хонь,41,2007,Төв,6.1
Хонь,41,2008,Төв,41.2
Хонь,41,2009,Төв,12.2
Хонь,41,2010,Төв,268.3
Хонь,41,2011,Төв,10.2
Хонь,41,2012,Төв,9.5
Хонь,41,2013,Төв,18.5
Хонь,41,2014,Төв,9
Хонь,41,2015,Төв,29
Хонь,41,2016,Төв,49.5
Хонь,41,2017,Төв,32.8
Хонь,41,2018,Төв,89.7
Хонь,41,2019,Төв,34.1
Хонь,41,2020,Төв,57.3
Хонь,41,2021,Төв,93.2
Хонь,41,2022,Төв,19.5
Хонь,41,2023,Төв,95.9
Хонь,41,2024,Төв,507.9
Хонь,42,1991,Говьсүмбэр,12.4
Хонь,42,1992,Говьсүмбэр,7.4
Хонь,42,1993,Говьсүмбэр,3.7
Хонь,42,1994,Говьсүмбэр,13
Хонь,42,1995,Говьсүмбэр,4.3
Хонь,42,1996,Говьсүмбэр,1.4
Хонь,42,1997,Говьсүмбэр,5.4
Хонь,42,1998,Говьсүмбэр,0.6
Хонь,42,1999,Говьсүмбэр,2.5
Хонь,42,2000,Говьсүмбэр,7
Хонь,42,2001,Говьсүмбэр,22.6
Хонь,42,2002,Говьсүмбэр,0.3
Хонь,42,2003,Говьсүмбэр,0
Хонь,42,2004,Говьсүмбэр,0.1
Хонь,42,2005,Говьсүмбэр,0.1
Хонь,42,2006,Говьсүмбэр,0.5
Хонь,42,2007,Говьсүмбэр,0
Хонь,42,2008,Говьсүмбэр,2.4
Хонь,42,2009,Говьсүмбэр,2.7
Хонь,42,2010,Говьсүмбэр,6
Хонь,42,2011,Говьсүмбэр,0.2
Хонь,42,2012,Говьсүмбэр,0.3
Хонь,42,2013,Говьсүмбэр,0.7
Хонь,42,2014,Говьсүмбэр,0.6
Хонь,42,2015,Говьсүмбэр,0.9
Хонь,42,2016,Говьсүмбэр,5.1
Хонь,42,2017,Говьсүмбэр,1.1
Хонь,42,2018,Говьсүмбэр,15.9
Хонь,42,2019,Говьсүмбэр,2.8
Хонь,42,2020,Говьсүмбэр,5.7
Хонь,42,2021,Говьсүмбэр,16.8
Хонь,42,2022,Говьсүмбэр,1.3
Хонь,42,2023,Говьсүмбэр,2
Хонь,42,2024,Говьсүмбэр,78.7
Хонь,43,1991,Сэлэнгэ,19
Хонь,43,1992,Сэлэнгэ,16.2
Хонь,43,1993,Сэлэнгэ,29.1
Хонь,43,1994,Сэлэнгэ,14.3
Хонь,43,1995,Сэлэнгэ,17.3
Хонь,43,1996,Сэлэнгэ,15
Хонь,43,1997,Сэлэнгэ,13
Хонь,43,1998,Сэлэнгэ,6.3
Хонь,43,1999,Сэлэнгэ,6.6
Хонь,43,2000,Сэлэнгэ,9.2
Хонь,43,2001,Сэлэнгэ,29.9
Хонь,43,2002,Сэлэнгэ,4.6
Хонь,43,2003,Сэлэнгэ,32.8
Хонь,43,2004,Сэлэнгэ,2.8
Хонь,43,2005,Сэлэнгэ,1.3
Хонь,43,2006,Сэлэнгэ,1
Хонь,43,2007,Сэлэнгэ,0.5
Хонь,43,2008,Сэлэнгэ,0.4
Хонь,43,2009,Сэлэнгэ,5.6
Хонь,43,2010,Сэлэнгэ,42.7
Хонь,43,2011,Сэлэнгэ,3.4
Хонь,43,2012,Сэлэнгэ,5.8
Хонь,43,2013,Сэлэнгэ,2.5
Хонь,43,2014,Сэлэнгэ,1.1
Хонь,43,2015,Сэлэнгэ,3.3
Хонь,43,2016,Сэлэнгэ,1.3
Хонь,43,2017,Сэлэнгэ,34.5
Хонь,43,2018,Сэлэнгэ,5.2
Хонь,43,2019,Сэлэнгэ,2.5
Хонь,43,2020,Сэлэнгэ,2.3
Хонь,43,2021,Сэлэнгэ,5
Хонь,43,2022,Сэлэнгэ,5.4
Хонь,43,2023,Сэлэнгэ,25.4
Хонь,43,2024,Сэлэнгэ,31.9
Хонь,44,1991,Дорноговь,11.9
Хонь,44,1992,Дорноговь,13.3
Хонь,44,1993,Дорноговь,19.2
Хонь,44,1994,Дорноговь,21.5
Хонь,44,1995,Дорноговь,7
Хонь,44,1996,Дорноговь,5.7
Хонь,44,1997,Дорноговь,17.7
Хонь,44,1998,Дорноговь,7.6
Хонь,44,1999,Дорноговь,5.6
Хонь,44,2000,Дорноговь,27.2
Хонь,44,2001,Дорноговь,86.1
Хонь,44,2002,Дорноговь,12.5
Хонь,44,2003,Дорноговь,3.8
Хонь,44,2004,Дорноговь,2
Хонь,44,2005,Дорноговь,10.6
Хонь,44,2006,Дорноговь,46.9
Хонь,44,2007,Дорноговь,2.7
Хонь,44,2008,Дорноговь,6
Хонь,44,2009,Дорноговь,1.5
Хонь,44,2010,Дорноговь,10.7
Хонь,44,2011,Дорноговь,2
Хонь,44,2012,Дорноговь,3.6
Хонь,44,2013,Дорноговь,3.6
Хонь,44,2014,Дорноговь,2.5
Хонь,44,2015,Дорноговь,5.4
Хонь,44,2016,Дорноговь,38.6
Хонь,44,2017,Дорноговь,2.9
Хонь,44,2018,Дорноговь,7.5
Хонь,44,2019,Дорноговь,3.3
Хонь,44,2020,Дорноговь,5
Хонь,44,2021,Дорноговь,14.2
Хонь,44,2022,Дорноговь,2.4
Хонь,44,2023,Дорноговь,47.2
Хонь,44,2024,Дорноговь,351.5
Хонь,45,1991,Дархан-Уул,3.2
Хонь,45,1992,Дархан-Уул,5.1
Хонь,45,1993,Дархан-Уул,7.5
Хонь,45,1994,Дархан-Уул,1.9
Хонь,45,1995,Дархан-Уул,8.5
Хонь,45,1996,Дархан-Уул,4
Хонь,45,1997,Дархан-Уул,3.2
Хонь,45,1998,Дархан-Уул,1.5
Хонь,45,1999,Дархан-Уул,2.3
Хонь,45,2000,Дархан-Уул,2.4
Хонь,45,2001,Дархан-Уул,8.8
Хонь,45,2002,Дархан-Уул,0.7
Хонь,45,2003,Дархан-Уул,6.2
Хонь,45,2004,Дархан-Уул,0.3
Хонь,45,2005,Дархан-Уул,0.2
Хонь,45,2006,Дархан-Уул,0.1
Хонь,45,2007,Дархан-Уул,0.1
Хонь,45,2008,Дархан-Уул,0.1
Хонь,45,2009,Дархан-Уул,0.8
Хонь,45,2010,Дархан-Уул,19.1
Хонь,45,2011,Дархан-Уул,1
Хонь,45,2012,Дархан-Уул,0.8
Хонь,45,2013,Дархан-Уул,1.5
Хонь,45,2014,Дархан-Уул,0.9
Хонь,45,2015,Дархан-Уул,1.8
Хонь,45,2016,Дархан-Уул,0.8
Хонь,45,2017,Дархан-Уул,9.7
Хонь,45,2018,Дархан-Уул,1.4
Хонь,45,2019,Дархан-Уул,0.3
Хонь,45,2020,Дархан-Уул,1.4
Хонь,45,2021,Дархан-Уул,1.2
Хонь,45,2022,Дархан-Уул,1.4
Хонь,45,2023,Дархан-Уул,12.3
Хонь,45,2024,Дархан-Уул,2.7
Хонь,46,1991,Өмнөговь,5
Хонь,46,1992,Өмнөговь,10.2
Хонь,46,1993,Өмнөговь,16.5
Хонь,46,1994,Өмнөговь,3.8
Хонь,46,1995,Өмнөговь,4.3
Хонь,46,1996,Өмнөговь,5.6
Хонь,46,1997,Өмнөговь,5.3
Хонь,46,1998,Өмнөговь,8.8
Хонь,46,1999,Өмнөговь,15
Хонь,46,2000,Өмнөговь,40.7
Хонь,46,2001,Өмнөговь,55
Хонь,46,2002,Өмнөговь,55
Хонь,46,2003,Өмнөговь,26.4
Хонь,46,2004,Өмнөговь,2.9
Хонь,46,2005,Өмнөговь,5.1
Хонь,46,2006,Өмнөговь,10.4
Хонь,46,2007,Өмнөговь,2.8
Хонь,46,2008,Өмнөговь,2.5
Хонь,46,2009,Өмнөговь,7.2
Хонь,46,2010,Өмнөговь,135.9
Хонь,46,2011,Өмнөговь,2.2
Хонь,46,2012,Өмнөговь,2.2
Хонь,46,2013,Өмнөговь,2.5
Хонь,46,2014,Өмнөговь,2.4
Хонь,46,2015,Өмнөговь,2.7
Хонь,46,2016,Өмнөговь,2.3
Хонь,46,2017,Өмнөговь,2.5
Хонь,46,2018,Өмнөговь,9.5
Хонь,46,2019,Өмнөговь,1.1
Хонь,46,2020,Өмнөговь,6
Хонь,46,2021,Өмнөговь,28.5
Хонь,46,2022,Өмнөговь,2.4
Хонь,46,2023,Өмнөговь,30
Хонь,46,2024,Өмнөговь,22.4
Хонь,48,1991,Дундговь,15.1
Хонь,48,1992,Дундговь,27.1
Хонь,48,1993,Дундговь,44.2
Хонь,48,1994,Дундговь,39.5
Хонь,48,1995,Дундговь,10.4
Хонь,48,1996,Дундговь,8.1
Хонь,48,1997,Дундговь,6.1
Хонь,48,1998,Дундговь,4.7
Хонь,48,1999,Дундговь,16.8
Хонь,48,2000,Дундговь,292.1
Хонь,48,2001,Дундговь,32.7
Хонь,48,2002,Дундговь,11.4
Хонь,48,2003,Дундговь,9.5
Хонь,48,2004,Дундговь,1.3
Хонь,48,2005,Дундговь,9.2
Хонь,48,2006,Дундговь,20.6
Хонь,48,2007,Дундговь,2.2
Хонь,48,2008,Дундговь,20.3
Хонь,48,2009,Дундговь,13.9
Хонь,48,2010,Дундговь,377.6
Хонь,48,2011,Дундговь,1.8
Хонь,48,2012,Дундговь,1.6
Хонь,48,2013,Дундговь,1.8
Хонь,48,2014,Дундговь,0.9
Хонь,48,2015,Дундговь,1.4
Хонь,48,2016,Дундговь,20.7
Хонь,48,2017,Дундговь,1.8
Хонь,48,2018,Дундговь,27.8
Хонь,48,2019,Дундговь,4.4
Хонь,48,2020,Дундговь,11.9
Хонь,48,2021,Дундговь,228.7
Хонь,48,2022,Дундговь,1.5
Хонь,48,2023,Дундговь,16
Хонь,48,2024,Дундговь,211.8
Хонь,61,1991,Орхон,0.4
Хонь,61,1992,Орхон,0.9
Хонь,61,1993,Орхон,3.9
Хонь,61,1994,Орхон,4
Хонь,61,1995,Орхон,3.3
Хонь,61,1996,Орхон,4.9
Хонь,61,1997,Орхон,2.2
Хонь,61,1998,Орхон,0.9
Хонь,61,1999,Орхон,0.7
Хонь,61,2000,Орхон,1.7
Хонь,61,2001,Орхон,7.1
Хонь,61,2002,Орхон,1.8
Хонь,61,2003,Орхон,12.2
Хонь,61,2004,Орхон,0.8
Хонь,61,2005,Орхон,0.3
Хонь,61,2006,Орхон,0.2
Хонь,61,2007,Орхон,0.1
Хонь,61,2008,Орхон,0.2
Хонь,61,2009,Орхон,0.9
Хонь,61,2010,Орхон,11.7
Хонь,61,2011,Орхон,0.3
Хонь,61,2012,Орхон,1.2
Хонь,61,2013,Орхон,1.1
Хонь,61,2014,Орхон,0.2
Хонь,61,2015,Орхон,0.3
Хонь,61,2016,Орхон,0.2
Хонь,61,2017,Орхон,2.6
Хонь,61,2018,Орхон,2.1
Хонь,61,2019,Орхон,0.2
Хонь,61,2020,Орхон,0.5
Хонь,61,2021,Орхон,0.1
Хонь,61,2022,Орхон,0.4
Хонь,61,2023,Орхон,1
Хонь,61,2024,Орхон,2.9
Хонь,62,1991,Өвөрхангай,38.8
Хонь,62,1992,Өвөрхангай,29.6
Хонь,62,1993,Өвөрхангай,78.9
Хонь,62,1994,Өвөрхангай,15.6
Хонь,62,1995,Өвөрхангай,15.3
Хонь,62,1996,Өвөрхангай,31.5
Хонь,62,1997,Өвөрхангай,11.5
Хонь,62,1998,Өвөрхангай,7.9
Хонь,62,1999,Өвөрхангай,17.8
Хонь,62,2000,Өвөрхангай,283.3
Хонь,62,2001,Өвөрхангай,131.8
Хонь,62,2002,Өвөрхангай,87.8
Хонь,62,2003,Өвөрхангай,18.6
Хонь,62,2004,Өвөрхангай,3.7
Хонь,62,2005,Өвөрхангай,15.5
Хонь,62,2006,Өвөрхангай,6.8
Хонь,62,2007,Өвөрхангай,4.5
Хонь,62,2008,Өвөрхангай,55.1
Хонь,62,2009,Өвөрхангай,41.5
Хонь,62,2010,Өвөрхангай,771.4
Хонь,62,2011,Өвөрхангай,10
Хонь,62,2012,Өвөрхангай,2.7
Хонь,62,2013,Өвөрхангай,8.2
Хонь,62,2014,Өвөрхангай,3.4
Хонь,62,2015,Өвөрхангай,25.5
Хонь,62,2016,Өвөрхангай,15.3
Хонь,62,2017,Өвөрхангай,10.9
Хонь,62,2018,Өвөрхангай,140.3
Хонь,62,2019,Өвөрхангай,42.9
Хонь,62,2020,Өвөрхангай,90.8
Хонь,62,2021,Өвөрхангай,130.4
Хонь,62,2022,Өвөрхангай,5.4
Хонь,62,2023,Өвөрхангай,84.5
Хонь,62,2024,Өвөрхангай,59.7
Хонь,63,1991,Булган,18.3
Хонь,63,1992,Булган,15
Хонь,63,1993,Булган,41.2
Хонь,63,1994,Булган,10.9
Хонь,63,1995,Булган,11.9
Хонь,63,1996,Булган,9
Хонь,63,1997,Булган,7.4
Хонь,63,1998,Булган,4.2
Хонь,63,1999,Булган,6.4
Хонь,63,2000,Булган,50.3
Хонь,63,2001,Булган,75
Хонь,63,2002,Булган,21.6
Хонь,63,2003,Булган,130.5
Хонь,63,2004,Булган,7.3
Хонь,63,2005,Булган,3.9
Хонь,63,2006,Булган,2.7
Хонь,63,2007,Булган,3.7
Хонь,63,2008,Булган,4
Хонь,63,2009,Булган,12
Хонь,63,2010,Булган,119.9
Хонь,63,2011,Булган,41.5
Хонь,63,2012,Булган,12.2
Хонь,63,2013,Булган,18.5
Хонь,63,2014,Булган,8.3
Хонь,63,2015,Булган,37.9
Хонь,63,2016,Булган,26.6
Хонь,63,2017,Булган,41.1
Хонь,63,2018,Булган,43.1
Хонь,63,2019,Булган,14.4
Хонь,63,2020,Булган,102.5
Хонь,63,2021,Булган,15.4
Хонь,63,2022,Булган,17.7
Хонь,63,2023,Булган,136.3
Хонь,63,2024,Булган,390.5
Хонь,64,1991,Баянхонгор,6.9
Хонь,64,1992,Баянхонгор,11.7
Хонь,64,1993,Баянхонгор,117.2
Хонь,64,1994,Баянхонгор,7.9
Хонь,64,1995,Баянхонгор,14.4
Хонь,64,1996,Баянхонгор,25.5
Хонь,64,1997,Баянхонгор,11.4
Хонь,64,1998,Баянхонгор,12.5
Хонь,64,1999,Баянхонгор,21.7
Хонь,64,2000,Баянхонгор,76.4
Хонь,64,2001,Баянхонгор,153
Хонь,64,2002,Баянхонгор,239.4
Хонь,64,2003,Баянхонгор,6.2
Хонь,64,2004,Баянхонгор,2.2
Хонь,64,2005,Баянхонгор,2.8
Хонь,64,2006,Баянхонгор,6.1
Хонь,64,2007,Баянхонгор,8.2
Хонь,64,2008,Баянхонгор,21.1
Хонь,64,2009,Баянхонгор,59.8
Хонь,64,2010,Баянхонгор,160.8
Хонь,64,2011,Баянхонгор,10.7
Хонь,64,2012,Баянхонгор,4.9
Хонь,64,2013,Баянхонгор,15.5
Хонь,64,2014,Баянхонгор,14
Хонь,64,2015,Баянхонгор,11.1
Хонь,64,2016,Баянхонгор,33.5
Хонь,64,2017,Баянхонгор,6.4
Хонь,64,2018,Баянхонгор,78.4
Хонь,64,2019,Баянхонгор,12.2
Хонь,64,2020,Баянхонгор,33.3
Хонь,64,2021,Баянхонгор,220.9
Хонь,64,2022,Баянхонгор,3.8
Хонь,64,2023,Баянхонгор,13.5
Хонь,64,2024,Баянхонгор,101.3
Хонь,65,1991,Архангай,17.3
Хонь,65,1992,Архангай,26.7
Хонь,65,1993,Архангай,46.7
Хонь,65,1994,Архангай,16
Хонь,65,1995,Архангай,58.6
Хонь,65,1996,Архангай,13.3
Хонь,65,1997,Архангай,5.5
Хонь,65,1998,Архангай,6.4
Хонь,65,1999,Архангай,6.9
Хонь,65,2000,Архангай,65.7
Хонь,65,2001,Архангай,197.5
Хонь,65,2002,Архангай,29.8
Хонь,65,2003,Архангай,42.7
Хонь,65,2004,Архангай,9.2
Хонь,65,2005,Архангай,7.8
Хонь,65,2006,Архангай,8.4
Хонь,65,2007,Архангай,6.1
Хонь,65,2008,Архангай,15.8
Хонь,65,2009,Архангай,21.5
Хонь,65,2010,Архангай,499.9
Хонь,65,2011,Архангай,47.8
Хонь,65,2012,Архангай,27.7
Хонь,65,2013,Архангай,105.2
Хонь,65,2014,Архангай,41.5
Хонь,65,2015,Архангай,52.4
Хонь,65,2016,Архангай,62
Хонь,65,2017,Архангай,65.4
Хонь,65,2018,Архангай,134.1
Хонь,65,2019,Архангай,35.3
Хонь,65,2020,Архангай,234.3
Хонь,65,2021,Архангай,86.9
Хонь,65,2022,Архангай,39.4
Хонь,65,2023,Архангай,342.9
Хонь,65,2024,Архангай,571.9
Хонь,67,1991,Хөвсгөл,69.1
Хонь,67,1992,Хөвсгөл,56.3
Хонь,67,1993,Хөвсгөл,58.4
Хонь,67,1994,Хөвсгөл,14.1
Хонь,67,1995,Хөвсгөл,24.3
Хонь,67,1996,Хөвсгөл,13.5
Хонь,67,1997,Хөвсгөл,10.2
Хонь,67,1998,Хөвсгөл,15
Хонь,67,1999,Хөвсгөл,17.1
Хонь,67,2000,Хөвсгөл,53
Хонь,67,2001,Хөвсгөл,222.6
Хонь,67,2002,Хөвсгөл,11.9
Хонь,67,2003,Хөвсгөл,26.7
Хонь,67,2004,Хөвсгөл,8
Хонь,67,2005,Хөвсгөл,17.9
Хонь,67,2006,Хөвсгөл,8.5
Хонь,67,2007,Хөвсгөл,10
Хонь,67,2008,Хөвсгөл,13.2
Хонь,67,2009,Хөвсгөл,54.4
Хонь,67,2010,Хөвсгөл,327.7
Хонь,67,2011,Хөвсгөл,28.8
Хонь,67,2012,Хөвсгөл,17.4
Хонь,67,2013,Хөвсгөл,47.9
Хонь,67,2014,Хөвсгөл,11.6
Хонь,67,2015,Хөвсгөл,24.4
Хонь,67,2016,Хөвсгөл,17.8
Хонь,67,2017,Хөвсгөл,99.8
Хонь,67,2018,Хөвсгөл,34.3
Хонь,67,2019,Хөвсгөл,42.8
Хонь,67,2020,Хөвсгөл,214.9
Хонь,67,2021,Хөвсгөл,31.9
Хонь,67,2022,Хөвсгөл,30.6
Хонь,67,2023,Хөвсгөл,138.8
Хонь,67,2024,Хөвсгөл,243.2
Хонь,81,1991,Завхан,40.4
Хонь,81,1992,Завхан,65.6
Хонь,81,1993,Завхан,156.5
Хонь,81,1994,Завхан,11.2
Хонь,81,1995,Завхан,19.1
Хонь,81,1996,Завхан,11.8
Хонь,81,1997,Завхан,20.3
Хонь,81,1998,Завхан,28.8
Хонь,81,1999,Завхан,55.4
Хонь,81,2000,Завхан,185.1
Хонь,81,2001,Завхан,323.9
Хонь,81,2002,Завхан,43.2
Хонь,81,2003,Завхан,30.8
Хонь,81,2004,Завхан,4.2
Хонь,81,2005,Завхан,28.5
Хонь,81,2006,Завхан,5
Хонь,81,2007,Завхан,6.4
Хонь,81,2008,Завхан,25.2
Хонь,81,2009,Завхан,89.7
Хонь,81,2010,Завхан,501
Хонь,81,2011,Завхан,15.4
Хонь,81,2012,Завхан,9.4
Хонь,81,2013,Завхан,28.4
Хонь,81,2014,Завхан,11.4
Хонь,81,2015,Завхан,22.2
Хонь,81,2016,Завхан,56.2
Хонь,81,2017,Завхан,20.9
Хонь,81,2018,Завхан,71.3
Хонь,81,2019,Завхан,8.9
Хонь,81,2020,Завхан,48.9
Хонь,81,2021,Завхан,18.9
Хонь,81,2022,Завхан,8.4
Хонь,81,2023,Завхан,101.6
Хонь,81,2024,Завхан,113.1
Хонь,82,1991,Говь-Алтай,22.8
Хонь,82,1992,Говь-Алтай,13.5
Хонь,82,1993,Говь-Алтай,79.4
Хонь,82,1994,Говь-Алтай,14.7
Хонь,82,1995,Говь-Алтай,17.3
Хонь,82,1996,Говь-Алтай,17.4
Хонь,82,1997,Говь-Алтай,31.4
Хонь,82,1998,Говь-Алтай,45.9
Хонь,82,1999,Говь-Алтай,26.8
Хонь,82,2000,Говь-Алтай,26.9
Хонь,82,2001,Говь-Алтай,65.1
Хонь,82,2002,Говь-Алтай,297.2
Хонь,82,2003,Говь-Алтай,5.5
Хонь,82,2004,Говь-Алтай,1.5
Хонь,82,2005,Говь-Алтай,3.5
Хонь,82,2006,Говь-Алтай,2.2
Хонь,82,2007,Говь-Алтай,4.1
Хонь,82,2008,Говь-Алтай,22.2
Хонь,82,2009,Говь-Алтай,37.9
Хонь,82,2010,Говь-Алтай,248.8
Хонь,82,2011,Говь-Алтай,14.3
Хонь,82,2012,Говь-Алтай,9.3
Хонь,82,2013,Говь-Алтай,10.1
Хонь,82,2014,Говь-Алтай,8.2
Хонь,82,2015,Говь-Алтай,4.8
Хонь,82,2016,Говь-Алтай,8.3
Хонь,82,2017,Говь-Алтай,3.3
Хонь,82,2018,Говь-Алтай,37
Хонь,82,2019,Говь-Алтай,17.5
Хонь,82,2020,Говь-Алтай,8
Хонь,82,2021,Говь-Алтай,74.9
Хонь,82,2022,Говь-Алтай,4.7
Хонь,82,2023,Говь-Алтай,52
Хонь,82,2024,Говь-Алтай,39.2
Хонь,83,1991,Баян-Өлгий,49.3
Хонь,83,1992,Баян-Өлгий,19.6
Хонь,83,1993,Баян-Өлгий,20.9
Хонь,83,1994,Баян-Өлгий,6.2
Хонь,83,1995,Баян-Өлгий,2.5
Хонь,83,1996,Баян-Өлгий,5.8
Хонь,83,1997,Баян-Өлгий,11.6
Хонь,83,1998,Баян-Өлгий,84.3
Хонь,83,1999,Баян-Өлгий,8.6
Хонь,83,2000,Баян-Өлгий,31.1
Хонь,83,2001,Баян-Өлгий,36.7
Хонь,83,2002,Баян-Өлгий,68.6
Хонь,83,2003,Баян-Өлгий,12.4
Хонь,83,2004,Баян-Өлгий,7.7
Хонь,83,2005,Баян-Өлгий,31.9
Хонь,83,2006,Баян-Өлгий,5.2
Хонь,83,2007,Баян-Өлгий,7.9
Хонь,83,2008,Баян-Өлгий,18
Хонь,83,2009,Баян-Өлгий,41
Хонь,83,2010,Баян-Өлгий,48.9
Хонь,83,2011,Баян-Өлгий,5.2
Хонь,83,2012,Баян-Өлгий,2.7
Хонь,83,2013,Баян-Өлгий,3.3
Хонь,83,2014,Баян-Өлгий,1.6
Хонь,83,2015,Баян-Өлгий,1.8
Хонь,83,2016,Баян-Өлгий,10.3
Хонь,83,2017,Баян-Өлгий,4.6
Хонь,83,2018,Баян-Өлгий,27.7
Хонь,83,2019,Баян-Өлгий,23.2
Хонь,83,2020,Баян-Өлгий,2.8
Хонь,83,2021,Баян-Өлгий,3
Хонь,83,2022,Баян-Өлгий,4.6
Хонь,83,2023,Баян-Өлгий,39.2
Хонь,83,2024,Баян-Өлгий,26.4
Хонь,84,1991,Ховд,19.1
Хонь,84,1992,Ховд,26.8
Хонь,84,1993,Ховд,13.5
Хонь,84,1994,Ховд,34.4
Хонь,84,1995,Ховд,11.7
Хонь,84,1996,Ховд,24.9
Хонь,84,1997,Ховд,44.9
Хонь,84,1998,Ховд,39.6
Хонь,84,1999,Ховд,11.6
Хонь,84,2000,Ховд,18.1
Хонь,84,2001,Ховд,72.2
Хонь,84,2002,Ховд,116
Хонь,84,2003,Ховд,9.5
Хонь,84,2004,Ховд,2.8
Хонь,84,2005,Ховд,5.4
Хонь,84,2006,Ховд,2.4
Хонь,84,2007,Ховд,3
Хонь,84,2008,Ховд,30.5
Хонь,84,2009,Ховд,23.1
Хонь,84,2010,Ховд,142.9
Хонь,84,2011,Ховд,22.4
Хонь,84,2012,Ховд,6.8
Хонь,84,2013,Ховд,7.8
Хонь,84,2014,Ховд,9
Хонь,84,2015,Ховд,6.3
Хонь,84,2016,Ховд,16.2
Хонь,84,2017,Ховд,10.9
Хонь,84,2018,Ховд,57
Хонь,84,2019,Ховд,50.3
Хонь,84,2020,Ховд,6.8
Хонь,84,2021,Ховд,12.3
Хонь,84,2022,Ховд,11.8
Хонь,84,2023,Ховд,96.3
Хонь,84,2024,Ховд,31.1
Хонь,85,1991,Увс,29
Хонь,85,1992,Увс,47.7
Хонь,85,1993,Увс,34.8
Хонь,85,1994,Увс,36.6
Хонь,85,1995,Увс,32.3
Хонь,85,1996,Увс,23.2
Хонь,85,1997,Увс,18.5
Хонь,85,1998,Увс,18.4
Хонь,85,1999,Увс,18.5
Хонь,85,2000,Увс,110.4
Хонь,85,2001,Увс,55.8
Хонь,85,2002,Увс,108.7
Хонь,85,2003,Увс,15
Хонь,85,2004,Увс,4.5
Хонь,85,2005,Увс,46.7
Хонь,85,2006,Увс,14.9
Хонь,85,2007,Увс,21.7
Хонь,85,2008,Увс,105.3
Хонь,85,2009,Увс,136.4
Хонь,85,2010,Увс,345
Хонь,85,2011,Увс,19.6
Хонь,85,2012,Увс,24
Хонь,85,2013,Увс,15.5
Хонь,85,2014,Увс,5.2
Хонь,85,2015,Увс,7.8
Хонь,85,2016,Увс,87
Хонь,85,2017,Увс,13.6
Хонь,85,2018,Увс,61.3
Хонь,85,2019,Увс,72.3
Хонь,85,2020,Увс,14.9
Хонь,85,2021,Увс,5.7
Хонь,85,2022,Увс,28.9
Хонь,85,2023,Увс,193.1
Хонь,85,2024,Увс,135.2
Ямаа,11,1991,Улаанбаатар,0.3
Ямаа,11,1992,Улаанбаатар,0.9
Ямаа,11,1993,Улаанбаатар,1.8
Ямаа,11,1994,Улаанбаатар,1.5
Ямаа,11,1995,Улаанбаатар,2.1
Ямаа,11,1996,Улаанбаатар,1.6
Ямаа,11,1997,Улаанбаатар,1.1
Ямаа,11,1998,Улаанбаатар,1.4
Ямаа,11,1999,Улаанбаатар,8.2
Ямаа,11,2000,Улаанбаатар,1.1
Ямаа,11,2001,Улаанбаатар,5.2
Ямаа,11,2002,Улаанбаатар,1.2
Ямаа,11,2003,Улаанбаатар,2.2
Ямаа,11,2004,Улаанбаатар,1.1
Ямаа,11,2005,Улаанбаатар,0.7
Ямаа,11,2006,Улаанбаатар,0.6
Ямаа,11,2007,Улаанбаатар,0.4
Ямаа,11,2008,Улаанбаатар,0.6
Ямаа,11,2009,Улаанбаатар,1.5
Ямаа,11,2010,Улаанбаатар,33.9
Ямаа,11,2011,Улаанбаатар,0.9
Ямаа,11,2012,Улаанбаатар,0.7
Ямаа,11,2013,Улаанбаатар,1.3
Ямаа,11,2014,Улаанбаатар,0.8
Ямаа,11,2015,Улаанбаатар,1
Ямаа,11,2016,Улаанбаатар,1.7
Ямаа,11,2017,Улаанбаатар,2.4
Ямаа,11,2018,Улаанбаатар,5.1
Ямаа,11,2019,Улаанбаатар,1.6
Ямаа,11,2020,Улаанбаатар,3.9
Ямаа,11,2021,Улаанбаатар,5.9
Ямаа,11,2022,Улаанбаатар,2.3
Ямаа,11,2023,Улаанбаатар,14.3
Ямаа,11,2024,Улаанбаатар,10.5
Ямаа,21,1991,Дорнод,3.8
Ямаа,21,1992,Дорнод,1.6
Ямаа,21,1993,Дорнод,2
Ямаа,21,1994,Дорнод,1.1
Ямаа,21,1995,Дорнод,2.3
Ямаа,21,1996,Дорнод,1.3
Ямаа,21,1997,Дорнод,1.1
Ямаа,21,1998,Дорнод,0.9
Ямаа,21,1999,Дорнод,1.3
Ямаа,21,2000,Дорнод,2.7
Ямаа,21,2001,Дорнод,8.6
Ямаа,21,2002,Дорнод,3.1
Ямаа,21,2003,Дорнод,7.8
Ямаа,21,2004,Дорнод,2.3
Ямаа,21,2005,Дорнод,4.1
Ямаа,21,2006,Дорнод,1.6
Ямаа,21,2007,Дорнод,1.4
Ямаа,21,2008,Дорнод,7.6
Ямаа,21,2009,Дорнод,71.4
Ямаа,21,2010,Дорнод,126.8
Ямаа,21,2011,Дорнод,3.8
Ямаа,21,2012,Дорнод,6.4
Ямаа,21,2013,Дорнод,16.1
Ямаа,21,2014,Дорнод,3
Ямаа,21,2015,Дорнод,2.8
Ямаа,21,2016,Дорнод,5.9
Ямаа,21,2017,Дорнод,4
Ямаа,21,2018,Дорнод,2.4
Ямаа,21,2019,Дорнод,2.9
Ямаа,21,2020,Дорнод,7.9
Ямаа,21,2021,Дорнод,3.2
Ямаа,21,2022,Дорнод,3.7
Ямаа,21,2023,Дорнод,34.9
Ямаа,21,2024,Дорнод,125.8
Ямаа,22,1991,Сүхбаатар,5.2
Ямаа,22,1992,Сүхбаатар,3.9
Ямаа,22,1993,Сүхбаатар,3.6
Ямаа,22,1994,Сүхбаатар,11.7
Ямаа,22,1995,Сүхбаатар,16.4
Ямаа,22,1996,Сүхбаатар,5.1
Ямаа,22,1997,Сүхбаатар,10.9
Ямаа,22,1998,Сүхбаатар,7.9
Ямаа,22,1999,Сүхбаатар,4.1
Ямаа,22,2000,Сүхбаатар,11.3
Ямаа,22,2001,Сүхбаатар,49.4
Ямаа,22,2002,Сүхбаатар,5.4
Ямаа,22,2003,Сүхбаатар,8.2
Ямаа,22,2004,Сүхбаатар,20.5
Ямаа,22,2005,Сүхбаатар,35.4
Ямаа,22,2006,Сүхбаатар,10.5
Ямаа,22,2007,Сүхбаатар,8.3
Ямаа,22,2008,Сүхбаатар,156.3
Ямаа,22,2009,Сүхбаатар,8.6
Ямаа,22,2010,Сүхбаатар,25.3
Ямаа,22,2011,Сүхбаатар,25.6
Ямаа,22,2012,Сүхбаатар,10.1
Ямаа,22,2013,Сүхбаатар,12.2
Ямаа,22,2014,Сүхбаатар,3.9
Ямаа,22,2015,Сүхбаатар,6.7
Ямаа,22,2016,Сүхбаатар,92.1
Ямаа,22,2017,Сүхбаатар,3.3
Ямаа,22,2018,Сүхбаатар,34.2
Ямаа,22,2019,Сүхбаатар,17
Ямаа,22,2020,Сүхбаатар,19.6
Ямаа,22,2021,Сүхбаатар,19.7
Ямаа,22,2022,Сүхбаатар,6.3
Ямаа,22,2023,Сүхбаатар,248.1
Ямаа,22,2024,Сүхбаатар,548.8
Ямаа,23,1991,Хэнтий,18.9
Ямаа,23,1992,Хэнтий,6.8
Ямаа,23,1993,Хэнтий,7.4
Ямаа,23,1994,Хэнтий,8.9
Ямаа,23,1995,Хэнтий,6.5
Ямаа,23,1996,Хэнтий,5.5
Ямаа,23,1997,Хэнтий,3.9
Ямаа,23,1998,Хэнтий,3.2
Ямаа,23,1999,Хэнтий,9.5
Ямаа,23,2000,Хэнтий,9
Ямаа,23,2001,Хэнтий,42.1
Ямаа,23,2002,Хэнтий,11.7
Ямаа,23,2003,Хэнтий,21.2
Ямаа,23,2004,Хэнтий,6.4
Ямаа,23,2005,Хэнтий,8.9
Ямаа,23,2006,Хэнтий,15.9
Ямаа,23,2007,Хэнтий,9.6
Ямаа,23,2008,Хэнтий,107.5
Ямаа,23,2009,Хэнтий,46.9
Ямаа,23,2010,Хэнтий,102.8
Ямаа,23,2011,Хэнтий,13.2
Ямаа,23,2012,Хэнтий,15.7
Ямаа,23,2013,Хэнтий,15.4
Ямаа,23,2014,Хэнтий,12.8
Ямаа,23,2015,Хэнтий,17.2
Ямаа,23,2016,Хэнтий,21.1
Ямаа,23,2017,Хэнтий,27.4
Ямаа,23,2018,Хэнтий,75.9
Ямаа,23,2019,Хэнтий,85.3
Ямаа,23,2020,Хэнтий,121.1
Ямаа,23,2021,Хэнтий,98.6
Ямаа,23,2022,Хэнтий,80.6
Ямаа,23,2023,Хэнтий,326.5
Ямаа,23,2024,Хэнтий,437.5
Ямаа,41,1991,Төв,12.6
Ямаа,41,1992,Төв,3.9
Ямаа,41,1993,Төв,5.4
Ямаа,41,1994,Төв,8.6
Ямаа,41,1995,Төв,3.6
Ямаа,41,1996,Төв,3.4
Ямаа,41,1997,Төв,3.6
Ямаа,41,1998,Төв,3.5
Ямаа,41,1999,Төв,19.8
Ямаа,41,2000,Төв,40.9
Ямаа,41,2001,Төв,87.5
Ямаа,41,2002,Төв,11.7
Ямаа,41,2003,Төв,68.4
Ямаа,41,2004,Төв,10.8
Ямаа,41,2005,Төв,5.8
Ямаа,41,2006,Төв,5.1
Ямаа,41,2007,Төв,4.4
Ямаа,41,2008,Төв,35.3
Ямаа,41,2009,Төв,12.6
Ямаа,41,2010,Төв,234.5
Ямаа,41,2011,Төв,9.1
Ямаа,41,2012,Төв,8.8
Ямаа,41,2013,Төв,18.4
Ямаа,41,2014,Төв,8.4
Ямаа,41,2015,Төв,24.6
Ямаа,41,2016,Төв,50.3
Ямаа,41,2017,Төв,24.5
Ямаа,41,2018,Төв,80.4
Ямаа,41,2019,Төв,26.1
Ямаа,41,2020,Төв,44.7
Ямаа,41,2021,Төв,77.1
Ямаа,41,2022,Төв,15.5
Ямаа,41,2023,Төв,74.6
Ямаа,41,2024,Төв,263.9
Ямаа,42,1991,Говьсүмбэр,0.9
Ямаа,42,1992,Говьсүмбэр,0.5
Ямаа,42,1993,Говьсүмбэр,0.3
Ямаа,42,1994,Говьсүмбэр,1.2
Ямаа,42,1995,Говьсүмбэр,0.4
Ямаа,42,1996,Говьсүмбэр,0.3
Ямаа,42,1997,Говьсүмбэр,1
Ямаа,42,1998,Говьсүмбэр,0.1
Ямаа,42,1999,Говьсүмбэр,0.6
Ямаа,42,2000,Говьсүмбэр,3.2
Ямаа,42,2001,Говьсүмбэр,12.5
Ямаа,42,2002,Говьсүмбэр,0.2
Ямаа,42,2003,Говьсүмбэр,0.1
Ямаа,42,2004,Говьсүмбэр,0.1
Ямаа,42,2005,Говьсүмбэр,0.2
Ямаа,42,2006,Говьсүмбэр,0.4
Ямаа,42,2007,Говьсүмбэр,0
Ямаа,42,2008,Говьсүмбэр,3.5
Ямаа,42,2009,Говьсүмбэр,4
Ямаа,42,2010,Говьсүмбэр,8.9
Ямаа,42,2011,Говьсүмбэр,0.1
Ямаа,42,2012,Говьсүмбэр,0.5
Ямаа,42,2013,Говьсүмбэр,1.1
Ямаа,42,2014,Говьсүмбэр,0.9
Ямаа,42,2015,Говьсүмбэр,1
Ямаа,42,2016,Говьсүмбэр,8.7
Ямаа,42,2017,Говьсүмбэр,1.5
Ямаа,42,2018,Говьсүмбэр,19.7
Ямаа,42,2019,Говьсүмбэр,2.6
Ямаа,42,2020,Говьсүмбэр,8.1
Ямаа,42,2021,Говьсүмбэр,20.9
Ямаа,42,2022,Говьсүмбэр,1
Ямаа,42,2023,Говьсүмбэр,2.5
Ямаа,42,2024,Говьсүмбэр,49.7
Ямаа,43,1991,Сэлэнгэ,0.7
Ямаа,43,1992,Сэлэнгэ,0.7
Ямаа,43,1993,Сэлэнгэ,1.9
Ямаа,43,1994,Сэлэнгэ,1
Ямаа,43,1995,Сэлэнгэ,2
Ямаа,43,1996,Сэлэнгэ,1.8
Ямаа,43,1997,Сэлэнгэ,1.2
Ямаа,43,1998,Сэлэнгэ,1
Ямаа,43,1999,Сэлэнгэ,1.9
Ямаа,43,2000,Сэлэнгэ,2.2
Ямаа,43,2001,Сэлэнгэ,11.1
Ямаа,43,2002,Сэлэнгэ,2.2
Ямаа,43,2003,Сэлэнгэ,22.2
Ямаа,43,2004,Сэлэнгэ,1.8
Ямаа,43,2005,Сэлэнгэ,1.2
Ямаа,43,2006,Сэлэнгэ,0.7
Ямаа,43,2007,Сэлэнгэ,0.5
Ямаа,43,2008,Сэлэнгэ,0.5
Ямаа,43,2009,Сэлэнгэ,3.9
Ямаа,43,2010,Сэлэнгэ,48
Ямаа,43,2011,Сэлэнгэ,2.6
Ямаа,43,2012,Сэлэнгэ,2.3
Ямаа,43,2013,Сэлэнгэ,2.5
Ямаа,43,2014,Сэлэнгэ,1
Ямаа,43,2015,Сэлэнгэ,2.7
Ямаа,43,2016,Сэлэнгэ,1
Ямаа,43,2017,Сэлэнгэ,21.7
Ямаа,43,2018,Сэлэнгэ,4.5
Ямаа,43,2019,Сэлэнгэ,2
Ямаа,43,2020,Сэлэнгэ,1.8
Ямаа,43,2021,Сэлэнгэ,4.6
Ямаа,43,2022,Сэлэнгэ,4.6
Ямаа,43,2023,Сэлэнгэ,26
Ямаа,43,2024,Сэлэнгэ,26.3
Ямаа,44,1991,Дорноговь,3.5
Ямаа,44,1992,Дорноговь,3.9
Ямаа,44,1993,Дорноговь,11.3
Ямаа,44,1994,Дорноговь,4.7
Ямаа,44,1995,Дорноговь,2.7
Ямаа,44,1996,Дорноговь,3.2
Ямаа,44,1997,Дорноговь,7.4
Ямаа,44,1998,Дорноговь,9.1
Ямаа,44,1999,Дорноговь,4.5
Ямаа,44,2000,Дорноговь,32.3
Ямаа,44,2001,Дорноговь,51.7
Ямаа,44,2002,Дорноговь,14.2
Ямаа,44,2003,Дорноговь,6.8
Ямаа,44,2004,Дорноговь,2.1
Ямаа,44,2005,Дорноговь,16.6
Ямаа,44,2006,Дорноговь,65.9
Ямаа,44,2007,Дорноговь,2.9
Ямаа,44,2008,Дорноговь,7.6
Ямаа,44,2009,Дорноговь,2
Ямаа,44,2010,Дорноговь,37.6
Ямаа,44,2011,Дорноговь,2.6
Ямаа,44,2012,Дорноговь,7.6
Ямаа,44,2013,Дорноговь,4.8
Ямаа,44,2014,Дорноговь,3
Ямаа,44,2015,Дорноговь,7.7
Ямаа,44,2016,Дорноговь,60.3
Ямаа,44,2017,Дорноговь,1.9
Ямаа,44,2018,Дорноговь,8.8
Ямаа,44,2019,Дорноговь,4.4
Ямаа,44,2020,Дорноговь,5.1
Ямаа,44,2021,Дорноговь,19.7
Ямаа,44,2022,Дорноговь,2.4
Ямаа,44,2023,Дорноговь,85.2
Ямаа,44,2024,Дорноговь,236.2
Ямаа,45,1991,Дархан-Уул,0.2
Ямаа,45,1992,Дархан-Уул,0.4
Ямаа,45,1993,Дархан-Уул,1.4
Ямаа,45,1994,Дархан-Уул,0.4
Ямаа,45,1995,Дархан-Уул,1.3
Ямаа,45,1996,Дархан-Уул,1
Ямаа,45,1997,Дархан-Уул,0.8
Ямаа,45,1998,Дархан-Уул,0.4
Ямаа,45,1999,Дархан-Уул,0.8
Ямаа,45,2000,Дархан-Уул,0.9
Ямаа,45,2001,Дархан-Уул,4.6
Ямаа,45,2002,Дархан-Уул,0.4
Ямаа,45,2003,Дархан-Уул,4
Ямаа,45,2004,Дархан-Уул,0.2
Ямаа,45,2005,Дархан-Уул,0.1
Ямаа,45,2006,Дархан-Уул,0.1
Ямаа,45,2007,Дархан-Уул,0.1
Ямаа,45,2008,Дархан-Уул,0.1
Ямаа,45,2009,Дархан-Уул,0.8
Ямаа,45,2010,Дархан-Уул,22.4
Ямаа,45,2011,Дархан-Уул,1
Ямаа,45,2012,Дархан-Уул,0.7
Ямаа,45,2013,Дархан-Уул,1.2
Ямаа,45,2014,Дархан-Уул,0.4
Ямаа,45,2015,Дархан-Уул,1.1
Ямаа,45,2016,Дархан-Уул,0.4
Ямаа,45,2017,Дархан-Уул,6.4
Ямаа,45,2018,Дархан-Уул,0.9
Ямаа,45,2019,Дархан-Уул,0.3
Ямаа,45,2020,Дархан-Уул,0.5
Ямаа,45,2021,Дархан-Уул,1.2
Ямаа,45,2022,Дархан-Уул,0.8
Ямаа,45,2023,Дархан-Уул,13.5
Ямаа,45,2024,Дархан-Уул,2.2
Ямаа,46,1991,Өмнөговь,9
Ямаа,46,1992,Өмнөговь,15.3
Ямаа,46,1993,Өмнөговь,17
Ямаа,46,1994,Өмнөговь,6.4
Ямаа,46,1995,Өмнөговь,6
Ямаа,46,1996,Өмнөговь,8.6
Ямаа,46,1997,Өмнөговь,6.7
Ямаа,46,1998,Өмнөговь,19.7
Ямаа,46,1999,Өмнөговь,31.2
Ямаа,46,2000,Өмнөговь,65.4
Ямаа,46,2001,Өмнөговь,94.2
Ямаа,46,2002,Өмнөговь,140.3
Ямаа,46,2003,Өмнөговь,52.4
Ямаа,46,2004,Өмнөговь,6.3
Ямаа,46,2005,Өмнөговь,22.1
Ямаа,46,2006,Өмнөговь,27.1
Ямаа,46,2007,Өмнөговь,6.3
Ямаа,46,2008,Өмнөговь,5.3
Ямаа,46,2009,Өмнөговь,21.9
Ямаа,46,2010,Өмнөговь,457.6
Ямаа,46,2011,Өмнөговь,6.3
Ямаа,46,2012,Өмнөговь,6.1
Ямаа,46,2013,Өмнөговь,6.7
Ямаа,46,2014,Өмнөговь,7.9
Ямаа,46,2015,Өмнөговь,13.5
Ямаа,46,2016,Өмнөговь,7.2
Ямаа,46,2017,Өмнөговь,8.3
Ямаа,46,2018,Өмнөговь,48.9
Ямаа,46,2019,Өмнөговь,6.4
Ямаа,46,2020,Өмнөговь,12.8
Ямаа,46,2021,Өмнөговь,87.4
Ямаа,46,2022,Өмнөговь,6.3
Ямаа,46,2023,Өмнөговь,125
Ямаа,46,2024,Өмнөговь,46.7
Ямаа,48,1991,Дундговь,12.9
Ямаа,48,1992,Дундговь,14.8
Ямаа,48,1993,Дундговь,24.5
Ямаа,48,1994,Дундговь,26.5
Ямаа,48,1995,Дундговь,6
Ямаа,48,1996,Дундговь,6.1
Ямаа,48,1997,Дундговь,4.9
Ямаа,48,1998,Дундговь,5
Ямаа,48,1999,Дундговь,18.2
Ямаа,48,2000,Дундговь,286.3
Ямаа,48,2001,Дундговь,14.7
Ямаа,48,2002,Дундговь,8.8
Ямаа,48,2003,Дундговь,18.4
Ямаа,48,2004,Дундговь,1.4
Ямаа,48,2005,Дундговь,14.4
Ямаа,48,2006,Дундговь,24.4
Ямаа,48,2007,Дундговь,2.3
Ямаа,48,2008,Дундговь,25.4
Ямаа,48,2009,Дундговь,18.8
Ямаа,48,2010,Дундговь,465.3
Ямаа,48,2011,Дундговь,2.3
Ямаа,48,2012,Дундговь,1.7
Ямаа,48,2013,Дундговь,2.3
Ямаа,48,2014,Дундговь,0.8
Ямаа,48,2015,Дундговь,2
Ямаа,48,2016,Дундговь,44.5
Ямаа,48,2017,Дундговь,1.3
Ямаа,48,2018,Дундговь,37
Ямаа,48,2019,Дундговь,9.1
Ямаа,48,2020,Дундговь,18.7
Ямаа,48,2021,Дундговь,241.5
Ямаа,48,2022,Дундговь,2.7
Ямаа,48,2023,Дундговь,29.1
Ямаа,48,2024,Дундговь,174
Ямаа,61,1991,Орхон,0.1
Ямаа,61,1992,Орхон,0.1
Ямаа,61,1993,Орхон,0.3
Ямаа,61,1994,Орхон,0.4
Ямаа,61,1995,Орхон,0.9
Ямаа,61,1996,Орхон,0.8
Ямаа,61,1997,Орхон,0.5
Ямаа,61,1998,Орхон,0.4
Ямаа,61,1999,Орхон,0.5
Ямаа,61,2000,Орхон,0.9
Ямаа,61,2001,Орхон,4.4
Ямаа,61,2002,Орхон,0.8
Ямаа,61,2003,Орхон,3.9
Ямаа,61,2004,Орхон,0.7
Ямаа,61,2005,Орхон,0.3
Ямаа,61,2006,Орхон,0.3
Ямаа,61,2007,Орхон,0.1
Ямаа,61,2008,Орхон,0.1
Ямаа,61,2009,Орхон,1.2
Ямаа,61,2010,Орхон,14.6
Ямаа,61,2011,Орхон,0.4
Ямаа,61,2012,Орхон,0.5
Ямаа,61,2013,Орхон,0.7
Ямаа,61,2014,Орхон,0.2
Ямаа,61,2015,Орхон,0.3
Ямаа,61,2016,Орхон,0.1
Ямаа,61,2017,Орхон,1.7
Ямаа,61,2018,Орхон,1.7
Ямаа,61,2019,Орхон,0.1
Ямаа,61,2020,Орхон,0.3
Ямаа,61,2021,Орхон,0.3
Ямаа,61,2022,Орхон,0.2
Ямаа,61,2023,Орхон,1.3
Ямаа,61,2024,Орхон,3.2
Ямаа,62,1991,Өвөрхангай,11.2
Ямаа,62,1992,Өвөрхангай,7.1
Ямаа,62,1993,Өвөрхангай,19
Ямаа,62,1994,Өвөрхангай,6.3
Ямаа,62,1995,Өвөрхангай,5.2
Ямаа,62,1996,Өвөрхангай,16.6
Ямаа,62,1997,Өвөрхангай,6.1
Ямаа,62,1998,Өвөрхангай,6.8
Ямаа,62,1999,Өвөрхангай,14
Ямаа,62,2000,Өвөрхангай,158.1
Ямаа,62,2001,Өвөрхангай,74.9
Ямаа,62,2002,Өвөрхангай,84.3
Ямаа,62,2003,Өвөрхангай,16
Ямаа,62,2004,Өвөрхангай,3.1
Ямаа,62,2005,Өвөрхангай,20
Ямаа,62,2006,Өвөрхангай,9.3
Ямаа,62,2007,Өвөрхангай,5.4
Ямаа,62,2008,Өвөрхангай,58
Ямаа,62,2009,Өвөрхангай,64
Ямаа,62,2010,Өвөрхангай,732.6
Ямаа,62,2011,Өвөрхангай,10.2
Ямаа,62,2012,Өвөрхангай,3.7
Ямаа,62,2013,Өвөрхангай,9.9
Ямаа,62,2014,Өвөрхангай,4.6
Ямаа,62,2015,Өвөрхангай,34.6
Ямаа,62,2016,Өвөрхангай,18.9
Ямаа,62,2017,Өвөрхангай,16.6
Ямаа,62,2018,Өвөрхангай,149.4
Ямаа,62,2019,Өвөрхангай,52.7
Ямаа,62,2020,Өвөрхангай,96.9
Ямаа,62,2021,Өвөрхангай,157.3
Ямаа,62,2022,Өвөрхангай,4.9
Ямаа,62,2023,Өвөрхангай,71.9
Ямаа,62,2024,Өвөрхангай,45
Ямаа,63,1991,Булган,2.9
Ямаа,63,1992,Булган,1.7
Ямаа,63,1993,Булган,5.5
Ямаа,63,1994,Булган,1.3
Ямаа,63,1995,Булган,1.5
Ямаа,63,1996,Булган,1.3
Ямаа,63,1997,Булган,1.4
Ямаа,63,1998,Булган,1.2
Ямаа,63,1999,Булган,1.7
Ямаа,63,2000,Булган,18.2
Ямаа,63,2001,Булган,31.7
Ямаа,63,2002,Булган,8.6
Ямаа,63,2003,Булган,73.3
Ямаа,63,2004,Булган,4.4
Ямаа,63,2005,Булган,2.9
Ямаа,63,2006,Булган,2
Ямаа,63,2007,Булган,2.9
Ямаа,63,2008,Булган,3.4
Ямаа,63,2009,Булган,10.6
Ямаа,63,2010,Булган,80.2
Ямаа,63,2011,Булган,24.7
Ямаа,63,2012,Булган,8.8
Ямаа,63,2013,Булган,14.1
Ямаа,63,2014,Булган,5
Ямаа,63,2015,Булган,26
Ямаа,63,2016,Булган,19.5
Ямаа,63,2017,Булган,25.3
Ямаа,63,2018,Булган,31.4
Ямаа,63,2019,Булган,8.1
Ямаа,63,2020,Булган,41.5
Ямаа,63,2021,Булган,10.2
Ямаа,63,2022,Булган,10.8
Ямаа,63,2023,Булган,93
Ямаа,63,2024,Булган,149.9
Ямаа,64,1991,Баянхонгор,5
Ямаа,64,1992,Баянхонгор,6.3
Ямаа,64,1993,Баянхонгор,59
Ямаа,64,1994,Баянхонгор,7.1
Ямаа,64,1995,Баянхонгор,12.9
Ямаа,64,1996,Баянхонгор,31.3
Ямаа,64,1997,Баянхонгор,17.3
Ямаа,64,1998,Баянхонгор,18.8
Ямаа,64,1999,Баянхонгор,38.1
Ямаа,64,2000,Баянхонгор,65.9
Ямаа,64,2001,Баянхонгор,226.2
Ямаа,64,2002,Баянхонгор,367.7
Ямаа,64,2003,Баянхонгор,5.5
Ямаа,64,2004,Баянхонгор,2.3
Ямаа,64,2005,Баянхонгор,4.4
Ямаа,64,2006,Баянхонгор,9
Ямаа,64,2007,Баянхонгор,10.1
Ямаа,64,2008,Баянхонгор,34.1
Ямаа,64,2009,Баянхонгор,113.2
Ямаа,64,2010,Баянхонгор,420.6
Ямаа,64,2011,Баянхонгор,24.3
Ямаа,64,2012,Баянхонгор,9.2
Ямаа,64,2013,Баянхонгор,33.8
Ямаа,64,2014,Баянхонгор,28.9
Ямаа,64,2015,Баянхонгор,48.4
Ямаа,64,2016,Баянхонгор,76.1
Ямаа,64,2017,Баянхонгор,12.6
Ямаа,64,2018,Баянхонгор,241.3
Ямаа,64,2019,Баянхонгор,22
Ямаа,64,2020,Баянхонгор,77
Ямаа,64,2021,Баянхонгор,491.6
Ямаа,64,2022,Баянхонгор,4.4
Ямаа,64,2023,Баянхонгор,20.3
Ямаа,64,2024,Баянхонгор,155.5
Ямаа,65,1991,Архангай,3.4
Ямаа,65,1992,Архангай,4.4
Ямаа,65,1993,Архангай,10.2
Ямаа,65,1994,Архангай,2.7
Ямаа,65,1995,Архангай,13.4
Ямаа,65,1996,Архангай,3.8
Ямаа,65,1997,Архангай,2.5
Ямаа,65,1998,Архангай,3
Ямаа,65,1999,Архангай,3.2
Ямаа,65,2000,Архангай,30.3
Ямаа,65,2001,Архангай,99.6
Ямаа,65,2002,Архангай,17
Ямаа,65,2003,Архангай,30.7
Ямаа,65,2004,Архангай,6.3
Ямаа,65,2005,Архангай,5.4
Ямаа,65,2006,Архангай,7.3
Ямаа,65,2007,Архангай,6.7
Ямаа,65,2008,Архангай,17
Ямаа,65,2009,Архангай,26.4
Ямаа,65,2010,Архангай,387.2
Ямаа,65,2011,Архангай,28.8
Ямаа,65,2012,Архангай,19.5
Ямаа,65,2013,Архангай,60.5
Ямаа,65,2014,Архангай,32.2
Ямаа,65,2015,Архангай,30.9
Ямаа,65,2016,Архангай,34.4
Ямаа,65,2017,Архангай,42.4
Ямаа,65,2018,Архангай,94.6
Ямаа,65,2019,Архангай,17.1
Ямаа,65,2020,Архангай,124.9
Ямаа,65,2021,Архангай,51.7
Ямаа,65,2022,Архангай,23.2
Ямаа,65,2023,Архангай,204.5
Ямаа,65,2024,Архангай,211
Ямаа,67,1991,Хөвсгөл,11.4
Ямаа,67,1992,Хөвсгөл,7.5
Ямаа,67,1993,Хөвсгөл,9.9
Ямаа,67,1994,Хөвсгөл,4.8
Ямаа,67,1995,Хөвсгөл,8.3
Ямаа,67,1996,Хөвсгөл,6
Ямаа,67,1997,Хөвсгөл,4.2
Ямаа,67,1998,Хөвсгөл,9.5
Ямаа,67,1999,Хөвсгөл,8.8
Ямаа,67,2000,Хөвсгөл,29.5
Ямаа,67,2001,Хөвсгөл,125.9
Ямаа,67,2002,Хөвсгөл,7.6
Ямаа,67,2003,Хөвсгөл,24.9
Ямаа,67,2004,Хөвсгөл,6.4
Ямаа,67,2005,Хөвсгөл,18
Ямаа,67,2006,Хөвсгөл,7.5
Ямаа,67,2007,Хөвсгөл,10.1
Ямаа,67,2008,Хөвсгөл,14.6
Ямаа,67,2009,Хөвсгөл,73.3
Ямаа,67,2010,Хөвсгөл,304.3
Ямаа,67,2011,Хөвсгөл,25
Ямаа,67,2012,Хөвсгөл,19.9
Ямаа,67,2013,Хөвсгөл,46.5
Ямаа,67,2014,Хөвсгөл,10
Ямаа,67,2015,Хөвсгөл,23.3
Ямаа,67,2016,Хөвсгөл,16.9
Ямаа,67,2017,Хөвсгөл,77.9
Ямаа,67,2018,Хөвсгөл,25.9
Ямаа,67,2019,Хөвсгөл,38.3
Ямаа,67,2020,Хөвсгөл,123.3
Ямаа,67,2021,Хөвсгөл,25.3
Ямаа,67,2022,Хөвсгөл,26.7
Ямаа,67,2023,Хөвсгөл,106.8
Ямаа,67,2024,Хөвсгөл,141.8
Ямаа,81,1991,Завхан,7.8
Ямаа,81,1992,Завхан,9.9
Ямаа,81,1993,Завхан,25.4
Ямаа,81,1994,Завхан,2.6
Ямаа,81,1995,Завхан,6.7
Ямаа,81,1996,Завхан,6.3
Ямаа,81,1997,Завхан,11.7
Ямаа,81,1998,Завхан,14.1
Ямаа,81,1999,Завхан,22.4
Ямаа,81,2000,Завхан,102
Ямаа,81,2001,Завхан,133.1
Ямаа,81,2002,Завхан,35.3
Ямаа,81,2003,Завхан,27.7
Ямаа,81,2004,Завхан,2.4
Ямаа,81,2005,Завхан,37.6
Ямаа,81,2006,Завхан,4.9
Ямаа,81,2007,Завхан,5.2
Ямаа,81,2008,Завхан,32
Ямаа,81,2009,Завхан,102.2
Ямаа,81,2010,Завхан,411.5
Ямаа,81,2011,Завхан,12.7
Ямаа,81,2012,Завхан,8.1
Ямаа,81,2013,Завхан,25.9
Ямаа,81,2014,Завхан,12.1
Ямаа,81,2015,Завхан,9.4
Ямаа,81,2016,Завхан,64.2
Ямаа,81,2017,Завхан,15.3
Ямаа,81,2018,Завхан,100.2
Ямаа,81,2019,Завхан,9.5
Ямаа,81,2020,Завхан,36.9
Ямаа,81,2021,Завхан,22.1
Ямаа,81,2022,Завхан,6.3
Ямаа,81,2023,Завхан,97.7
Ямаа,81,2024,Завхан,73.1
Ямаа,82,1991,Говь-Алтай,10.1
Ямаа,82,1992,Говь-Алтай,7
Ямаа,82,1993,Говь-Алтай,49.1
Ямаа,82,1994,Говь-Алтай,8.1
Ямаа,82,1995,Говь-Алтай,13.3
Ямаа,82,1996,Говь-Алтай,17.7
Ямаа,82,1997,Говь-Алтай,26.6
Ямаа,82,1998,Говь-Алтай,52.5
Ямаа,82,1999,Говь-Алтай,27.1
Ямаа,82,2000,Говь-Алтай,34.5
Ямаа,82,2001,Говь-Алтай,66.9
Ямаа,82,2002,Говь-Алтай,318
Ямаа,82,2003,Говь-Алтай,5.8
Ямаа,82,2004,Говь-Алтай,1.9
Ямаа,82,2005,Говь-Алтай,7.2
Ямаа,82,2006,Говь-Алтай,3.2
Ямаа,82,2007,Говь-Алтай,7
Ямаа,82,2008,Говь-Алтай,48.7
Ямаа,82,2009,Говь-Алтай,70.8
Ямаа,82,2010,Говь-Алтай,446.5
Ямаа,82,2011,Говь-Алтай,37.4
Ямаа,82,2012,Говь-Алтай,23.8
Ямаа,82,2013,Говь-Алтай,25.4
Ямаа,82,2014,Говь-Алтай,25.8
Ямаа,82,2015,Говь-Алтай,10.2
Ямаа,82,2016,Говь-Алтай,25.1
Ямаа,82,2017,Говь-Алтай,6.9
Ямаа,82,2018,Говь-Алтай,108.5
Ямаа,82,2019,Говь-Алтай,35.4
Ямаа,82,2020,Говь-Алтай,20.1
Ямаа,82,2021,Говь-Алтай,190.6
Ямаа,82,2022,Говь-Алтай,9.5
Ямаа,82,2023,Говь-Алтай,94.2
Ямаа,82,2024,Говь-Алтай,84.3
Ямаа,83,1991,Баян-Өлгий,17.3
Ямаа,83,1992,Баян-Өлгий,6.1
Ямаа,83,1993,Баян-Өлгий,9.9
Ямаа,83,1994,Баян-Өлгий,4.2
Ямаа,83,1995,Баян-Өлгий,1.6
Ямаа,83,1996,Баян-Өлгий,3.4
Ямаа,83,1997,Баян-Өлгий,11
Ямаа,83,1998,Баян-Өлгий,63.8
Ямаа,83,1999,Баян-Өлгий,7.4
Ямаа,83,2000,Баян-Өлгий,27.5
Ямаа,83,2001,Баян-Өлгий,32.2
Ямаа,83,2002,Баян-Өлгий,69.6
Ямаа,83,2003,Баян-Өлгий,11.5
Ямаа,83,2004,Баян-Өлгий,8.9
Ямаа,83,2005,Баян-Өлгий,43.4
Ямаа,83,2006,Баян-Өлгий,6.5
Ямаа,83,2007,Баян-Өлгий,10.6
Ямаа,83,2008,Баян-Өлгий,24.7
Ямаа,83,2009,Баян-Өлгий,62.7
Ямаа,83,2010,Баян-Өлгий,83.3
Ямаа,83,2011,Баян-Өлгий,6.4
Ямаа,83,2012,Баян-Өлгий,5.1
Ямаа,83,2013,Баян-Өлгий,5
Ямаа,83,2014,Баян-Өлгий,2.5
Ямаа,83,2015,Баян-Өлгий,2.5
Ямаа,83,2016,Баян-Өлгий,16
Ямаа,83,2017,Баян-Өлгий,10.7
Ямаа,83,2018,Баян-Өлгий,32.9
Ямаа,83,2019,Баян-Өлгий,26.9
Ямаа,83,2020,Баян-Өлгий,4.6
Ямаа,83,2021,Баян-Өлгий,4.8
Ямаа,83,2022,Баян-Өлгий,7.6
Ямаа,83,2023,Баян-Өлгий,50.5
Ямаа,83,2024,Баян-Өлгий,36
Ямаа,84,1991,Ховд,8.8
Ямаа,84,1992,Ховд,15.9
Ямаа,84,1993,Ховд,8.3
Ямаа,84,1994,Ховд,16.4
Ямаа,84,1995,Ховд,8.1
Ямаа,84,1996,Ховд,21.6
Ямаа,84,1997,Ховд,44.1
Ямаа,84,1998,Ховд,37.7
Ямаа,84,1999,Ховд,13.3
Ямаа,84,2000,Ховд,23.9
Ямаа,84,2001,Ховд,74.2
Ямаа,84,2002,Ховд,110.3
Ямаа,84,2003,Ховд,8.3
Ямаа,84,2004,Ховд,3.1
Ямаа,84,2005,Ховд,14.2
Ямаа,84,2006,Ховд,3.3
Ямаа,84,2007,Ховд,5.1
Ямаа,84,2008,Ховд,48.9
Ямаа,84,2009,Ховд,36.8
Ямаа,84,2010,Ховд,268.9
Ямаа,84,2011,Ховд,30.6
Ямаа,84,2012,Ховд,14.5
Ямаа,84,2013,Ховд,12.3
Ямаа,84,2014,Ховд,15.7
Ямаа,84,2015,Ховд,8.4
Ямаа,84,2016,Ховд,37.2
Ямаа,84,2017,Ховд,15.8
Ямаа,84,2018,Ховд,105.2
Ямаа,84,2019,Ховд,62.3
Ямаа,84,2020,Ховд,8.4
Ямаа,84,2021,Ховд,20.2
Ямаа,84,2022,Ховд,23.8
Ямаа,84,2023,Ховд,160.1
Ямаа,84,2024,Ховд,41.4
Ямаа,85,1991,Увс,10
Ямаа,85,1992,Увс,15.6
Ямаа,85,1993,Увс,7.9
Ямаа,85,1994,Увс,11
Ямаа,85,1995,Увс,9.3
Ямаа,85,1996,Увс,9.8
Ямаа,85,1997,Увс,9.1
Ямаа,85,1998,Увс,13
Ямаа,85,1999,Увс,11.9
Ямаа,85,2000,Увс,85.4
Ямаа,85,2001,Увс,31.4
Ямаа,85,2002,Увс,89.5
Ямаа,85,2003,Увс,9.2
Ямаа,85,2004,Увс,4
Ямаа,85,2005,Увс,57.7
Ямаа,85,2006,Увс,13.7
Ямаа,85,2007,Увс,20.3
Ямаа,85,2008,Увс,98.4
Ямаа,85,2009,Увс,124.9
Ямаа,85,2010,Увс,275.8
Ямаа,85,2011,Увс,16.6
Ямаа,85,2012,Увс,20.9
Ямаа,85,2013,Увс,16.6
Ямаа,85,2014,Увс,6.9
Ямаа,85,2015,Увс,7.6
Ямаа,85,2016,Увс,96.6
Ямаа,85,2017,Увс,13.2
Ямаа,85,2018,Увс,55.7
Ямаа,85,2019,Увс,64
Ямаа,85,2020,Увс,11.9
Ямаа,85,2021,Увс,6
Ямаа,85,2022,Увс,29
Ямаа,85,2023,Увс,173.3
Ямаа,85,2024,Увс,93.5
Үхэр,11,1991,Улаанбаатар,1.9
Үхэр,11,1992,Улаанбаатар,2.1
Үхэр,11,1993,Улаанбаатар,4.2
Үхэр,11,1994,Улаанбаатар,2.8
Үхэр,11,1995,Улаанбаатар,2.6
Үхэр,11,1996,Улаанбаатар,2.6
Үхэр,11,1997,Улаанбаатар,2.8
Үхэр,11,1998,Улаанбаатар,1.5
Үхэр,11,1999,Улаанбаатар,5.3
Үхэр,11,2000,Улаанбаатар,1.9
Үхэр,11,2001,Улаанбаатар,5.6
Үхэр,11,2002,Улаанбаатар,1
Үхэр,11,2003,Улаанбаатар,1.5
Үхэр,11,2004,Улаанбаатар,0.7
Үхэр,11,2005,Улаанбаатар,0.7
Үхэр,11,2006,Улаанбаатар,0.5
Үхэр,11,2007,Улаанбаатар,0.4
Үхэр,11,2008,Улаанбаатар,0.6
Үхэр,11,2009,Улаанбаатар,0.7
Үхэр,11,2010,Улаанбаатар,5
Үхэр,11,2011,Улаанбаатар,0.6
Үхэр,11,2012,Улаанбаатар,0.5
Үхэр,11,2013,Улаанбаатар,0.6
Үхэр,11,2014,Улаанбаатар,0.4
Үхэр,11,2015,Улаанбаатар,0.7
Үхэр,11,2016,Улаанбаатар,1.9
Үхэр,11,2017,Улаанбаатар,2.2
Үхэр,11,2018,Улаанбаатар,3.4
Үхэр,11,2019,Улаанбаатар,0.7
Үхэр,11,2020,Улаанбаатар,1.9
Үхэр,11,2021,Улаанбаатар,2.9
Үхэр,11,2022,Улаанбаатар,1.2
Үхэр,11,2023,Улаанбаатар,5.6
Үхэр,11,2024,Улаанбаатар,3.8
Үхэр,21,1991,Дорнод,6.2
Үхэр,21,1992,Дорнод,7.2
Үхэр,21,1993,Дорнод,9.1
Үхэр,21,1994,Дорнод,4.3
Үхэр,21,1995,Дорнод,8.1
Үхэр,21,1996,Дорнод,4.5
Үхэр,21,1997,Дорнод,2.1
Үхэр,21,1998,Дорнод,1.2
Үхэр,21,1999,Дорнод,2.6
Үхэр,21,2000,Дорнод,2.9
Үхэр,21,2001,Дорнод,34.7
Үхэр,21,2002,Дорнод,1.8
Үхэр,21,2003,Дорнод,5.5
Үхэр,21,2004,Дорнод,1.8
Үхэр,21,2005,Дорнод,2.5
Үхэр,21,2006,Дорнод,0.9
Үхэр,21,2007,Дорнод,0.7
Үхэр,21,2008,Дорнод,1.5
Үхэр,21,2009,Дорнод,4.4
Үхэр,21,2010,Дорнод,28.7
Үхэр,21,2011,Дорнод,0.9
Үхэр,21,2012,Дорнод,0.8
Үхэр,21,2013,Дорнод,6.9
Үхэр,21,2014,Дорнод,0.9
Үхэр,21,2015,Дорнод,0.7
Үхэр,21,2016,Дорнод,1.3
Үхэр,21,2017,Дорнод,2.7
Үхэр,21,2018,Дорнод,0.8
Үхэр,21,2019,Дорнод,0.9
Үхэр,21,2020,Дорнод,1.1
Үхэр,21,2021,Дорнод,2.2
Үхэр,21,2022,Дорнод,2.7
Үхэр,21,2023,Дорнод,17.1
Үхэр,21,2024,Дорнод,78.9
Үхэр,22,1991,Сүхбаатар,2.6
Үхэр,22,1992,Сүхбаатар,3.2
Үхэр,22,1993,Сүхбаатар,4
Үхэр,22,1994,Сүхбаатар,9.1
Үхэр,22,1995,Сүхбаатар,10.5
Үхэр,22,1996,Сүхбаатар,6.5
Үхэр,22,1997,Сүхбаатар,9.5
Үхэр,22,1998,Сүхбаатар,1.9
Үхэр,22,1999,Сүхбаатар,2.1
Үхэр,22,2000,Сүхбаатар,5.1
Үхэр,22,2001,Сүхбаатар,80.5
Үхэр,22,2002,Сүхбаатар,1.8
Үхэр,22,2003,Сүхбаатар,5.3
Үхэр,22,2004,Сүхбаатар,10.9
Үхэр,22,2005,Сүхбаатар,12.6
Үхэр,22,2006,Сүхбаатар,1.8
Үхэр,22,2007,Сүхбаатар,3.6
Үхэр,22,2008,Сүхбаатар,33.1
Үхэр,22,2009,Сүхбаатар,2.2
Үхэр,22,2010,Сүхбаатар,6.7
Үхэр,22,2011,Сүхбаатар,4.2
Үхэр,22,2012,Сүхбаатар,1.1
Үхэр,22,2013,Сүхбаатар,1.6
Үхэр,22,2014,Сүхбаатар,2.9
Үхэр,22,2015,Сүхбаатар,1
Үхэр,22,2016,Сүхбаатар,15.2
Үхэр,22,2017,Сүхбаатар,4.4
Үхэр,22,2018,Сүхбаатар,7.2
Үхэр,22,2019,Сүхбаатар,1.4
Үхэр,22,2020,Сүхбаатар,3.8
Үхэр,22,2021,Сүхбаатар,4.6
Үхэр,22,2022,Сүхбаатар,1.7
Үхэр,22,2023,Сүхбаатар,30.4
Үхэр,22,2024,Сүхбаатар,135.8
Үхэр,23,1991,Хэнтий,13.6
Үхэр,23,1992,Хэнтий,7.9
Үхэр,23,1993,Хэнтий,22.8
Үхэр,23,1994,Хэнтий,8.1
Үхэр,23,1995,Хэнтий,10.1
Үхэр,23,1996,Хэнтий,4.9
Үхэр,23,1997,Хэнтий,3.9
Үхэр,23,1998,Хэнтий,1.9
Үхэр,23,1999,Хэнтий,7.2
Үхэр,23,2000,Хэнтий,6.4
Үхэр,23,2001,Хэнтий,67.1
Үхэр,23,2002,Хэнтий,4.8
Үхэр,23,2003,Хэнтий,20.4
Үхэр,23,2004,Хэнтий,2.4
Үхэр,23,2005,Хэнтий,2.9
Үхэр,23,2006,Хэнтий,3.6
Үхэр,23,2007,Хэнтий,3.1
Үхэр,23,2008,Хэнтий,20.2
Үхэр,23,2009,Хэнтий,10.7
Үхэр,23,2010,Хэнтий,23.5
Үхэр,23,2011,Хэнтий,3.1
Үхэр,23,2012,Хэнтий,2.7
Үхэр,23,2013,Хэнтий,2.6
Үхэр,23,2014,Хэнтий,2.6
Үхэр,23,2015,Хэнтий,2.8
Үхэр,23,2016,Хэнтий,3.5
Үхэр,23,2017,Хэнтий,7.2
Үхэр,23,2018,Хэнтий,16.3
Үхэр,23,2019,Хэнтий,8.6
Үхэр,23,2020,Хэнтий,26.5
Үхэр,23,2021,Хэнтий,13.3
Үхэр,23,2022,Хэнтий,15.5
Үхэр,23,2023,Хэнтий,71.5
Үхэр,23,2024,Хэнтий,120.5
Үхэр,41,1991,Төв,12.3
Үхэр,41,1992,Төв,9.7
Үхэр,41,1993,Төв,18.6
Үхэр,41,1994,Төв,11.9
Үхэр,41,1995,Төв,5.3
Үхэр,41,1996,Төв,4.5
Үхэр,41,1997,Төв,6.6
Үхэр,41,1998,Төв,3.2
Үхэр,41,1999,Төв,29.3
Үхэр,41,2000,Төв,43.3
Үхэр,41,2001,Төв,68.5
Үхэр,41,2002,Төв,3.7
Үхэр,41,2003,Төв,23.6
Үхэр,41,2004,Төв,3.8
Үхэр,41,2005,Төв,1.4
Үхэр,41,2006,Төв,1.3
Үхэр,41,2007,Төв,1.3
Үхэр,41,2008,Төв,7.5
Үхэр,41,2009,Төв,2.5
Үхэр,41,2010,Төв,27.1
Үхэр,41,2011,Төв,1.9
Үхэр,41,2012,Төв,2.1
Үхэр,41,2013,Төв,2.8
Үхэр,41,2014,Төв,2
Үхэр,41,2015,Төв,4.7
Үхэр,41,2016,Төв,13.1
Үхэр,41,2017,Төв,8.7
Үхэр,41,2018,Төв,24.4
Үхэр,41,2019,Төв,3.6
Үхэр,41,2020,Төв,6.8
Үхэр,41,2021,Төв,15.1
Үхэр,41,2022,Төв,3.8
Үхэр,41,2023,Төв,16.8
Үхэр,41,2024,Төв,32.2
Үхэр,42,1991,Говьсүмбэр,0.2
Үхэр,42,1992,Говьсүмбэр,0.3
Үхэр,42,1993,Говьсүмбэр,0.6
Үхэр,42,1994,Говьсүмбэр,0.7
Үхэр,42,1995,Говьсүмбэр,0.2
Үхэр,42,1996,Говьсүмбэр,0.1
Үхэр,42,1997,Говьсүмбэр,0.7
Үхэр,42,1998,Говьсүмбэр,0.1
Үхэр,42,1999,Говьсүмбэр,0.4
Үхэр,42,2000,Говьсүмбэр,1.9
Үхэр,42,2001,Говьсүмбэр,9.9
Үхэр,42,2002,Говьсүмбэр,0
Үхэр,42,2003,Говьсүмбэр,0
Үхэр,42,2004,Говьсүмбэр,0
Үхэр,42,2005,Говьсүмбэр,0
Үхэр,42,2006,Говьсүмбэр,0.1
Үхэр,42,2007,Говьсүмбэр,0
Үхэр,42,2008,Говьсүмбэр,0.2
Үхэр,42,2009,Говьсүмбэр,0.2
Үхэр,42,2010,Говьсүмбэр,0.2
Үхэр,42,2011,Говьсүмбэр,0
Үхэр,42,2012,Говьсүмбэр,0
Үхэр,42,2013,Говьсүмбэр,0
Үхэр,42,2014,Говьсүмбэр,0.1
Үхэр,42,2015,Говьсүмбэр,0.1
Үхэр,42,2016,Говьсүмбэр,0.5
Үхэр,42,2017,Говьсүмбэр,0.1
Үхэр,42,2018,Говьсүмбэр,2.1
Үхэр,42,2019,Говьсүмбэр,0.1
Үхэр,42,2020,Говьсүмбэр,0.4
Үхэр,42,2021,Говьсүмбэр,1
Үхэр,42,2022,Говьсүмбэр,0.1
Үхэр,42,2023,Говьсүмбэр,0.2
Үхэр,42,2024,Говьсүмбэр,6.9
Үхэр,43,1991,Сэлэнгэ,4.3
Үхэр,43,1992,Сэлэнгэ,6.5
Үхэр,43,1993,Сэлэнгэ,13.6
Үхэр,43,1994,Сэлэнгэ,3.2
Үхэр,43,1995,Сэлэнгэ,5.3
Үхэр,43,1996,Сэлэнгэ,3.8
Үхэр,43,1997,Сэлэнгэ,4.7
Үхэр,43,1998,Сэлэнгэ,2.1
Үхэр,43,1999,Сэлэнгэ,3.9
Үхэр,43,2000,Сэлэнгэ,3.6
Үхэр,43,2001,Сэлэнгэ,12.3
Үхэр,43,2002,Сэлэнгэ,1.9
Үхэр,43,2003,Сэлэнгэ,15.9
Үхэр,43,2004,Сэлэнгэ,1.1
Үхэр,43,2005,Сэлэнгэ,0.7
Үхэр,43,2006,Сэлэнгэ,0.4
Үхэр,43,2007,Сэлэнгэ,0.3
Үхэр,43,2008,Сэлэнгэ,0.2
Үхэр,43,2009,Сэлэнгэ,1
Үхэр,43,2010,Сэлэнгэ,10.6
Үхэр,43,2011,Сэлэнгэ,1
Үхэр,43,2012,Сэлэнгэ,0.7
Үхэр,43,2013,Сэлэнгэ,1
Үхэр,43,2014,Сэлэнгэ,0.5
Үхэр,43,2015,Сэлэнгэ,1.8
Үхэр,43,2016,Сэлэнгэ,0.8
Үхэр,43,2017,Сэлэнгэ,11.3
Үхэр,43,2018,Сэлэнгэ,3.6
Үхэр,43,2019,Сэлэнгэ,1.6
Үхэр,43,2020,Сэлэнгэ,1.3
Үхэр,43,2021,Сэлэнгэ,3.3
Үхэр,43,2022,Сэлэнгэ,2.3
Үхэр,43,2023,Сэлэнгэ,12.2
Үхэр,43,2024,Сэлэнгэ,9.3
Үхэр,44,1991,Дорноговь,1.8
Үхэр,44,1992,Дорноговь,2.4
Үхэр,44,1993,Дорноговь,5.6
Үхэр,44,1994,Дорноговь,3.6
Үхэр,44,1995,Дорноговь,1.1
Үхэр,44,1996,Дорноговь,1.3
Үхэр,44,1997,Дорноговь,5.6
Үхэр,44,1998,Дорноговь,2.3
Үхэр,44,1999,Дорноговь,1.3
Үхэр,44,2000,Дорноговь,10.7
Үхэр,44,2001,Дорноговь,37.6
Үхэр,44,2002,Дорноговь,4.9
Үхэр,44,2003,Дорноговь,0.6
Үхэр,44,2004,Дорноговь,0.8
Үхэр,44,2005,Дорноговь,2.1
Үхэр,44,2006,Дорноговь,11.1
Үхэр,44,2007,Дорноговь,0.2
Үхэр,44,2008,Дорноговь,0.3
Үхэр,44,2009,Дорноговь,0.2
Үхэр,44,2010,Дорноговь,1.8
Үхэр,44,2011,Дорноговь,0.2
Үхэр,44,2012,Дорноговь,0.4
Үхэр,44,2013,Дорноговь,0.3
Үхэр,44,2014,Дорноговь,1.2
Үхэр,44,2015,Дорноговь,0.6
Үхэр,44,2016,Дорноговь,7.4
Үхэр,44,2017,Дорноговь,0.4
Үхэр,44,2018,Дорноговь,1.2
Үхэр,44,2019,Дорноговь,0.2
Үхэр,44,2020,Дорноговь,0.3
Үхэр,44,2021,Дорноговь,2
Үхэр,44,2022,Дорноговь,0.3
Үхэр,44,2023,Дорноговь,13.1
Үхэр,44,2024,Дорноговь,38.1
Үхэр,45,1991,Дархан-Уул,0.6
Үхэр,45,1992,Дархан-Уул,0.9
Үхэр,45,1993,Дархан-Уул,2.8
Үхэр,45,1994,Дархан-Уул,0.5
Үхэр,45,1995,Дархан-Уул,1.7
Үхэр,45,1996,Дархан-Уул,1.9
Үхэр,45,1997,Дархан-Уул,1.9
Үхэр,45,1998,Дархан-Уул,0.4
Үхэр,45,1999,Дархан-Уул,0.6
Үхэр,45,2000,Дархан-Уул,1.2
Үхэр,45,2001,Дархан-Уул,3.5
Үхэр,45,2002,Дархан-Уул,0.5
Үхэр,45,2003,Дархан-Уул,2.4
Үхэр,45,2004,Дархан-Уул,0.1
Үхэр,45,2005,Дархан-Уул,0.1
Үхэр,45,2006,Дархан-Уул,0.1
Үхэр,45,2007,Дархан-Уул,0.1
Үхэр,45,2008,Дархан-Уул,0.1
Үхэр,45,2009,Дархан-Уул,0.2
Үхэр,45,2010,Дархан-Уул,4.2
Үхэр,45,2011,Дархан-Уул,0.2
Үхэр,45,2012,Дархан-Уул,0.4
Үхэр,45,2013,Дархан-Уул,0.5
Үхэр,45,2014,Дархан-Уул,0.2
Үхэр,45,2015,Дархан-Уул,0.6
Үхэр,45,2016,Дархан-Уул,0.3
Үхэр,45,2017,Дархан-Уул,2.4
Үхэр,45,2018,Дархан-Уул,1.2
Үхэр,45,2019,Дархан-Уул,0.2
Үхэр,45,2020,Дархан-Уул,0.3
Үхэр,45,2021,Дархан-Уул,0.5
Үхэр,45,2022,Дархан-Уул,0.5
Үхэр,45,2023,Дархан-Уул,2.3
Үхэр,45,2024,Дархан-Уул,1
Үхэр,46,1991,Өмнөговь,0.4
Үхэр,46,1992,Өмнөговь,1.3
Үхэр,46,1993,Өмнөговь,3.6
Үхэр,46,1994,Өмнөговь,0.4
Үхэр,46,1995,Өмнөговь,0.2
Үхэр,46,1996,Өмнөговь,0.7
Үхэр,46,1997,Өмнөговь,0.3
Үхэр,46,1998,Өмнөговь,0.9
Үхэр,46,1999,Өмнөговь,3.4
Үхэр,46,2000,Өмнөговь,12.5
Үхэр,46,2001,Өмнөговь,7.6
Үхэр,46,2002,Өмнөговь,4.6
Үхэр,46,2003,Өмнөговь,1.5
Үхэр,46,2004,Өмнөговь,0
Үхэр,46,2005,Өмнөговь,0.2
Үхэр,46,2006,Өмнөговь,0.5
Үхэр,46,2007,Өмнөговь,0.1
Үхэр,46,2008,Өмнөговь,0.1
Үхэр,46,2009,Өмнөговь,0.4
Үхэр,46,2010,Өмнөговь,5.3
Үхэр,46,2011,Өмнөговь,0.1
Үхэр,46,2012,Өмнөговь,0.1
Үхэр,46,2013,Өмнөговь,0.1
Үхэр,46,2014,Өмнөговь,0.1
Үхэр,46,2015,Өмнөговь,0.1
Үхэр,46,2016,Өмнөговь,0.1
Үхэр,46,2017,Өмнөговь,0.1
Үхэр,46,2018,Өмнөговь,1.1
Үхэр,46,2019,Өмнөговь,0
Үхэр,46,2020,Өмнөговь,0.4
Үхэр,46,2021,Өмнөговь,2.9
Үхэр,46,2022,Өмнөговь,0.2
Үхэр,46,2023,Өмнөговь,3.1
Үхэр,46,2024,Өмнөговь,1.6
Үхэр,48,1991,Дундговь,1.9
Үхэр,48,1992,Дундговь,4.1
Үхэр,48,1993,Дундговь,9.2
Үхэр,48,1994,Дундговь,6.6
Үхэр,48,1995,Дундговь,1.2
Үхэр,48,1996,Дундговь,1.5
Үхэр,48,1997,Дундговь,1.7
Үхэр,48,1998,Дундговь,1.1
Үхэр,48,1999,Дундговь,11.1
Үхэр,48,2000,Дундговь,77.5
Үхэр,48,2001,Дундговь,12.7
Үхэр,48,2002,Дундговь,0.7
Үхэр,48,2003,Дундговь,1.7
Үхэр,48,2004,Дундговь,0.7
Үхэр,48,2005,Дундговь,0.6
Үхэр,48,2006,Дундговь,1.9
Үхэр,48,2007,Дундговь,0.3
Үхэр,48,2008,Дундговь,3.8
Үхэр,48,2009,Дундговь,0.7
Үхэр,48,2010,Дундговь,13
Үхэр,48,2011,Дундговь,0.1
Үхэр,48,2012,Дундговь,0
Үхэр,48,2013,Дундговь,0.1
Үхэр,48,2014,Дундговь,0.1
Үхэр,48,2015,Дундговь,0.2
Үхэр,48,2016,Дундговь,2.1
Үхэр,48,2017,Дундговь,0.1
Үхэр,48,2018,Дундговь,5.2
Үхэр,48,2019,Дундговь,0.3
Үхэр,48,2020,Дундговь,0.9
Үхэр,48,2021,Дундговь,8.8
Үхэр,48,2022,Дундговь,0.2
Үхэр,48,2023,Дундговь,1.1
Үхэр,48,2024,Дундговь,8.6
Үхэр,61,1991,Орхон,0.6
Үхэр,61,1992,Орхон,0.7
Үхэр,61,1993,Орхон,1.3
Үхэр,61,1994,Орхон,0.9
Үхэр,61,1995,Орхон,1
Үхэр,61,1996,Орхон,1.1
Үхэр,61,1997,Орхон,0.9
Үхэр,61,1998,Орхон,0.4
Үхэр,61,1999,Орхон,0.4
Үхэр,61,2000,Орхон,0.6
Үхэр,61,2001,Орхон,4.1
Үхэр,61,2002,Орхон,1.3
Үхэр,61,2003,Орхон,4
Үхэр,61,2004,Орхон,0.3
Үхэр,61,2005,Орхон,0.2
Үхэр,61,2006,Орхон,0.1
Үхэр,61,2007,Орхон,0.1
Үхэр,61,2008,Орхон,0.1
Үхэр,61,2009,Орхон,0.2
Үхэр,61,2010,Орхон,3
Үхэр,61,2011,Орхон,0.1
Үхэр,61,2012,Орхон,0.1
Үхэр,61,2013,Орхон,0.2
Үхэр,61,2014,Орхон,0.1
Үхэр,61,2015,Орхон,0.2
Үхэр,61,2016,Орхон,0.1
Үхэр,61,2017,Орхон,0.8
Үхэр,61,2018,Орхон,2.1
Үхэр,61,2019,Орхон,0.1
Үхэр,61,2020,Орхон,0.2
Үхэр,61,2021,Орхон,0.1
Үхэр,61,2022,Орхон,0.1
Үхэр,61,2023,Орхон,0.6
Үхэр,61,2024,Орхон,1.6
Үхэр,62,1991,Өвөрхангай,3.4
Үхэр,62,1992,Өвөрхангай,6.6
Үхэр,62,1993,Өвөрхангай,23.1
Үхэр,62,1994,Өвөрхангай,2.5
Үхэр,62,1995,Өвөрхангай,2.3
Үхэр,62,1996,Өвөрхангай,11.6
Үхэр,62,1997,Өвөрхангай,6
Үхэр,62,1998,Өвөрхангай,3.3
Үхэр,62,1999,Өвөрхангай,5.7
Үхэр,62,2000,Өвөрхангай,99.6
Үхэр,62,2001,Өвөрхангай,65
Үхэр,62,2002,Өвөрхангай,24.8
Үхэр,62,2003,Өвөрхангай,3.9
Үхэр,62,2004,Өвөрхангай,0.8
Үхэр,62,2005,Өвөрхангай,1.6
Үхэр,62,2006,Өвөрхангай,1.9
Үхэр,62,2007,Өвөрхангай,1.1
Үхэр,62,2008,Өвөрхангай,11
Үхэр,62,2009,Өвөрхангай,3.3
Үхэр,62,2010,Өвөрхангай,79.4
Үхэр,62,2011,Өвөрхангай,0.9
Үхэр,62,2012,Өвөрхангай,1.3
Үхэр,62,2013,Өвөрхангай,0.8
Үхэр,62,2014,Өвөрхангай,0.4
Үхэр,62,2015,Өвөрхангай,1.5
Үхэр,62,2016,Өвөрхангай,1.6
Үхэр,62,2017,Өвөрхангай,0.9
Үхэр,62,2018,Өвөрхангай,29.5
Үхэр,62,2019,Өвөрхангай,3.8
Үхэр,62,2020,Өвөрхангай,9.3
Үхэр,62,2021,Өвөрхангай,21.6
Үхэр,62,2022,Өвөрхангай,0.6
Үхэр,62,2023,Өвөрхангай,11.5
Үхэр,62,2024,Өвөрхангай,4.7
Үхэр,63,1991,Булган,5.5
Үхэр,63,1992,Булган,7.5
Үхэр,63,1993,Булган,20
Үхэр,63,1994,Булган,2.2
Үхэр,63,1995,Булган,2.6
Үхэр,63,1996,Булган,3
Үхэр,63,1997,Булган,2.7
Үхэр,63,1998,Булган,1.6
Үхэр,63,1999,Булган,2.6
Үхэр,63,2000,Булган,29.8
Үхэр,63,2001,Булган,63.3
Үхэр,63,2002,Булган,6.8
Үхэр,63,2003,Булган,60.3
Үхэр,63,2004,Булган,1.7
Үхэр,63,2005,Булган,1.1
Үхэр,63,2006,Булган,0.7
Үхэр,63,2007,Булган,0.6
Үхэр,63,2008,Булган,0.7
Үхэр,63,2009,Булган,2.3
Үхэр,63,2010,Булган,13.5
Үхэр,63,2011,Булган,4.3
Үхэр,63,2012,Булган,2.7
Үхэр,63,2013,Булган,2.5
Үхэр,63,2014,Булган,1.3
Үхэр,63,2015,Булган,4.1
Үхэр,63,2016,Булган,6.9
Үхэр,63,2017,Булган,10
Үхэр,63,2018,Булган,24.3
Үхэр,63,2019,Булган,2
Үхэр,63,2020,Булган,14
Үхэр,63,2021,Булган,2.3
Үхэр,63,2022,Булган,2.8
Үхэр,63,2023,Булган,18.7
Үхэр,63,2024,Булган,29.7
Үхэр,64,1991,Баянхонгор,1.4
Үхэр,64,1992,Баянхонгор,2.2
Үхэр,64,1993,Баянхонгор,22.4
Үхэр,64,1994,Баянхонгор,1.3
Үхэр,64,1995,Баянхонгор,2
Үхэр,64,1996,Баянхонгор,4.8
Үхэр,64,1997,Баянхонгор,3.6
Үхэр,64,1998,Баянхонгор,2.9
Үхэр,64,1999,Баянхонгор,8.6
Үхэр,64,2000,Баянхонгор,48
Үхэр,64,2001,Баянхонгор,37.3
Үхэр,64,2002,Баянхонгор,31.5
Үхэр,64,2003,Баянхонгор,4.5
Үхэр,64,2004,Баянхонгор,1.9
Үхэр,64,2005,Баянхонгор,1.4
Үхэр,64,2006,Баянхонгор,2.3
Үхэр,64,2007,Баянхонгор,2.8
Үхэр,64,2008,Баянхонгор,8.4
Үхэр,64,2009,Баянхонгор,10.8
Үхэр,64,2010,Баянхонгор,34.6
Үхэр,64,2011,Баянхонгор,4.1
Үхэр,64,2012,Баянхонгор,3
Үхэр,64,2013,Баянхонгор,8.4
Үхэр,64,2014,Баянхонгор,1.7
Үхэр,64,2015,Баянхонгор,2.3
Үхэр,64,2016,Баянхонгор,8.6
Үхэр,64,2017,Баянхонгор,2.3
Үхэр,64,2018,Баянхонгор,11
Үхэр,64,2019,Баянхонгор,4.5
Үхэр,64,2020,Баянхонгор,5.5
Үхэр,64,2021,Баянхонгор,61.7
Үхэр,64,2022,Баянхонгор,1.3
Үхэр,64,2023,Баянхонгор,6.3
Үхэр,64,2024,Баянхонгор,38.6
Үхэр,65,1991,Архангай,6.6
Үхэр,65,1992,Архангай,9.7
Үхэр,65,1993,Архангай,19
Үхэр,65,1994,Архангай,3.2
Үхэр,65,1995,Архангай,11.6
Үхэр,65,1996,Архангай,5.3
Үхэр,65,1997,Архангай,2.7
Үхэр,65,1998,Архангай,5.5
Үхэр,65,1999,Архангай,3.4
Үхэр,65,2000,Архангай,31
Үхэр,65,2001,Архангай,176.7
Үхэр,65,2002,Архангай,12.6
Үхэр,65,2003,Архангай,28.6
Үхэр,65,2004,Архангай,7.9
Үхэр,65,2005,Архангай,3.5
Үхэр,65,2006,Архангай,3.1
Үхэр,65,2007,Архангай,2.3
Үхэр,65,2008,Архангай,4.7
Үхэр,65,2009,Архангай,4.6
Үхэр,65,2010,Архангай,126.4
Үхэр,65,2011,Архангай,8.5
Үхэр,65,2012,Архангай,9.3
Үхэр,65,2013,Архангай,18.1
Үхэр,65,2014,Архангай,11.3
Үхэр,65,2015,Архангай,10.5
Үхэр,65,2016,Архангай,42.6
Үхэр,65,2017,Архангай,14.1
Үхэр,65,2018,Архангай,58.8
Үхэр,65,2019,Архангай,7.2
Үхэр,65,2020,Архангай,32.2
Үхэр,65,2021,Архангай,24.5
Үхэр,65,2022,Архангай,7
Үхэр,65,2023,Архангай,88.3
Үхэр,65,2024,Архангай,153.6
Үхэр,67,1991,Хөвсгөл,11.4
Үхэр,67,1992,Хөвсгөл,11.7
Үхэр,67,1993,Хөвсгөл,24.2
Үхэр,67,1994,Хөвсгөл,4.6
Үхэр,67,1995,Хөвсгөл,6.4
Үхэр,67,1996,Хөвсгөл,4.8
Үхэр,67,1997,Хөвсгөл,5.6
Үхэр,67,1998,Хөвсгөл,12.4
Үхэр,67,1999,Хөвсгөл,7.6
Үхэр,67,2000,Хөвсгөл,50.8
Үхэр,67,2001,Хөвсгөл,179.3
Үхэр,67,2002,Хөвсгөл,4.7
Үхэр,67,2003,Хөвсгөл,16.9
Үхэр,67,2004,Хөвсгөл,4.2
Үхэр,67,2005,Хөвсгөл,5.4
Үхэр,67,2006,Хөвсгөл,2.7
Үхэр,67,2007,Хөвсгөл,2.7
Үхэр,67,2008,Хөвсгөл,3
Үхэр,67,2009,Хөвсгөл,10.8
Үхэр,67,2010,Хөвсгөл,55.8
Үхэр,67,2011,Хөвсгөл,10.6
Үхэр,67,2012,Хөвсгөл,5.2
Үхэр,67,2013,Хөвсгөл,19.3
Үхэр,67,2014,Хөвсгөл,3.8
Үхэр,67,2015,Хөвсгөл,4.4
Үхэр,67,2016,Хөвсгөл,5.8
Үхэр,67,2017,Хөвсгөл,17.3
Үхэр,67,2018,Хөвсгөл,10.6
Үхэр,67,2019,Хөвсгөл,9.4
Үхэр,67,2020,Хөвсгөл,25.8
Үхэр,67,2021,Хөвсгөл,7.1
Үхэр,67,2022,Хөвсгөл,6.6
Үхэр,67,2023,Хөвсгөл,26.1
Үхэр,67,2024,Хөвсгөл,59.9
Үхэр,81,1991,Завхан,5.6
Үхэр,81,1992,Завхан,10.3
Үхэр,81,1993,Завхан,41.7
Үхэр,81,1994,Завхан,1.8
Үхэр,81,1995,Завхан,3.3
Үхэр,81,1996,Завхан,2.5
Үхэр,81,1997,Завхан,11.2
Үхэр,81,1998,Завхан,8.7
Үхэр,81,1999,Завхан,14
Үхэр,81,2000,Завхан,107.4
Үхэр,81,2001,Завхан,84.7
Үхэр,81,2002,Завхан,5
Үхэр,81,2003,Завхан,6
Үхэр,81,2004,Завхан,1.8
Үхэр,81,2005,Завхан,4.1
Үхэр,81,2006,Завхан,1.2
Үхэр,81,2007,Завхан,1.2
Үхэр,81,2008,Завхан,6
Үхэр,81,2009,Завхан,13.2
Үхэр,81,2010,Завхан,68.1
Үхэр,81,2011,Завхан,3.1
Үхэр,81,2012,Завхан,1.2
Үхэр,81,2013,Завхан,3
Үхэр,81,2014,Завхан,0.9
Үхэр,81,2015,Завхан,0.9
Үхэр,81,2016,Завхан,8.2
Үхэр,81,2017,Завхан,2.7
Үхэр,81,2018,Завхан,6.4
Үхэр,81,2019,Завхан,2.3
Үхэр,81,2020,Завхан,7.2
Үхэр,81,2021,Завхан,4.5
Үхэр,81,2022,Завхан,1.1
Үхэр,81,2023,Завхан,20.9
Үхэр,81,2024,Завхан,39.1
Үхэр,82,1991,Говь-Алтай,2
Үхэр,82,1992,Говь-Алтай,1.6
Үхэр,82,1993,Говь-Алтай,10.4
Үхэр,82,1994,Говь-Алтай,1.1
Үхэр,82,1995,Говь-Алтай,1.5
Үхэр,82,1996,Говь-Алтай,2.2
Үхэр,82,1997,Говь-Алтай,9
Үхэр,82,1998,Говь-Алтай,8.8
Үхэр,82,1999,Говь-Алтай,3.6
Үхэр,82,2000,Говь-Алтай,11.6
Үхэр,82,2001,Говь-Алтай,7.7
Үхэр,82,2002,Говь-Алтай,24.7
Үхэр,82,2003,Говь-Алтай,0.6
Үхэр,82,2004,Говь-Алтай,0.3
Үхэр,82,2005,Говь-Алтай,0.3
Үхэр,82,2006,Говь-Алтай,0.2
Үхэр,82,2007,Говь-Алтай,0.3
Үхэр,82,2008,Говь-Алтай,1.4
Үхэр,82,2009,Говь-Алтай,3
Үхэр,82,2010,Говь-Алтай,17
Үхэр,82,2011,Говь-Алтай,0.8
Үхэр,82,2012,Говь-Алтай,0.4
Үхэр,82,2013,Говь-Алтай,0.4
Үхэр,82,2014,Говь-Алтай,0.4
Үхэр,82,2015,Говь-Алтай,0.5
Үхэр,82,2016,Говь-Алтай,0.9
Үхэр,82,2017,Говь-Алтай,0.3
Үхэр,82,2018,Говь-Алтай,3.4
Үхэр,82,2019,Говь-Алтай,2.5
Үхэр,82,2020,Говь-Алтай,1
Үхэр,82,2021,Говь-Алтай,5.9
Үхэр,82,2022,Говь-Алтай,0.4
Үхэр,82,2023,Говь-Алтай,4.8
Үхэр,82,2024,Говь-Алтай,3.6
Үхэр,83,1991,Баян-Өлгий,10.5
Үхэр,83,1992,Баян-Өлгий,3.4
Үхэр,83,1993,Баян-Өлгий,10.8
Үхэр,83,1994,Баян-Өлгий,1.7
Үхэр,83,1995,Баян-Өлгий,0.7
Үхэр,83,1996,Баян-Өлгий,1.4
Үхэр,83,1997,Баян-Өлгий,6.1
Үхэр,83,1998,Баян-Өлгий,25.1
Үхэр,83,1999,Баян-Өлгий,2.9
Үхэр,83,2000,Баян-Өлгий,22.6
Үхэр,83,2001,Баян-Өлгий,20.7
Үхэр,83,2002,Баян-Өлгий,22.3
Үхэр,83,2003,Баян-Өлгий,4.3
Үхэр,83,2004,Баян-Өлгий,2.7
Үхэр,83,2005,Баян-Өлгий,11.1
Үхэр,83,2006,Баян-Өлгий,1.8
Үхэр,83,2007,Баян-Өлгий,2.4
Үхэр,83,2008,Баян-Өлгий,10.5
Үхэр,83,2009,Баян-Өлгий,11.2
Үхэр,83,2010,Баян-Өлгий,11.8
Үхэр,83,2011,Баян-Өлгий,1.4
Үхэр,83,2012,Баян-Өлгий,0.8
Үхэр,83,2013,Баян-Өлгий,1.7
Үхэр,83,2014,Баян-Өлгий,0.6
Үхэр,83,2015,Баян-Өлгий,0.7
Үхэр,83,2016,Баян-Өлгий,3.2
Үхэр,83,2017,Баян-Өлгий,1.7
Үхэр,83,2018,Баян-Өлгий,7.5
Үхэр,83,2019,Баян-Өлгий,7.3
Үхэр,83,2020,Баян-Өлгий,1.2
Үхэр,83,2021,Баян-Өлгий,1.1
Үхэр,83,2022,Баян-Өлгий,1.7
Үхэр,83,2023,Баян-Өлгий,13.6
Үхэр,83,2024,Баян-Өлгий,10.9
Үхэр,84,1991,Ховд,3.8
Үхэр,84,1992,Ховд,4.5
Үхэр,84,1993,Ховд,3.6
Үхэр,84,1994,Ховд,4.1
Үхэр,84,1995,Ховд,2
Үхэр,84,1996,Ховд,4.7
Үхэр,84,1997,Ховд,13.4
Үхэр,84,1998,Ховд,19.5
Үхэр,84,1999,Ховд,3.3
Үхэр,84,2000,Ховд,8
Үхэр,84,2001,Ховд,20.2
Үхэр,84,2002,Ховд,25.5
Үхэр,84,2003,Ховд,4
Үхэр,84,2004,Ховд,0.9
Үхэр,84,2005,Ховд,1.4
Үхэр,84,2006,Ховд,0.9
Үхэр,84,2007,Ховд,1.1
Үхэр,84,2008,Ховд,5.1
Үхэр,84,2009,Ховд,6.6
Үхэр,84,2010,Ховд,17.4
Үхэр,84,2011,Ховд,4.2
Үхэр,84,2012,Ховд,1.3
Үхэр,84,2013,Ховд,1.9
Үхэр,84,2014,Ховд,1.4
Үхэр,84,2015,Ховд,1.3
Үхэр,84,2016,Ховд,2
Үхэр,84,2017,Ховд,2.1
Үхэр,84,2018,Ховд,7.3
Үхэр,84,2019,Ховд,13
Үхэр,84,2020,Ховд,2
Үхэр,84,2021,Ховд,1.8
Үхэр,84,2022,Ховд,2.3
Үхэр,84,2023,Ховд,20.5
Үхэр,84,2024,Ховд,4.4
Үхэр,85,1991,Увс,8.1
Үхэр,85,1992,Увс,14.4
Үхэр,85,1993,Увс,8.3
Үхэр,85,1994,Увс,3.6
Үхэр,85,1995,Увс,5
Үхэр,85,1996,Увс,6.2
Үхэр,85,1997,Увс,9.4
Үхэр,85,1998,Увс,6.5
Үхэр,85,1999,Увс,7.5
Үхэр,85,2000,Увс,54.2
Үхэр,85,2001,Увс,19.5
Үхэр,85,2002,Увс,11.6
Үхэр,85,2003,Увс,3.8
Үхэр,85,2004,Увс,1.2
Үхэр,85,2005,Увс,4
Үхэр,85,2006,Увс,2.4
Үхэр,85,2007,Увс,3.5
Үхэр,85,2008,Увс,14.4
Үхэр,85,2009,Увс,17.8
Үхэр,85,2010,Увс,28
Үхэр,85,2011,Увс,2.4
Үхэр,85,2012,Увс,2.5
Үхэр,85,2013,Увс,2.2
Үхэр,85,2014,Увс,1.1
Үхэр,85,2015,Увс,1.6
Үхэр,85,2016,Увс,10.6
Үхэр,85,2017,Увс,2.5
Үхэр,85,2018,Увс,6.6
Үхэр,85,2019,Увс,5.3
Үхэр,85,2020,Увс,1.8
Үхэр,85,2021,Увс,1.2
Үхэр,85,2022,Увс,4.3
Үхэр,85,2023,Увс,30.5
Үхэр,85,2024,Увс,17.2
