species,hses_code,year,aimag_mn,livestock
Адуу,11,1970,Улаанбаатар,7.4
Адуу,11,1971,Улаанбаатар,7.9
Адуу,11,1972,Улаанбаатар,6.8
Адуу,11,1973,Улаанбаатар,8.7
Адуу,11,1974,Улаанбаатар,8.1
Адуу,11,1975,Улаанбаатар,9.2
Адуу,11,1976,Улаанбаатар,8.8
Адуу,11,1977,Улаанбаатар,9.2
Адуу,11,1978,Улаанбаатар,8.1
Адуу,11,1979,Улаанбаатар,27
Адуу,11,1980,Улаанбаатар,7.3
Адуу,11,1981,Улаанбаатар,8.1
Адуу,11,1982,Улаанбаатар,8.3
Адуу,11,1983,Улаанбаатар,8.6
Адуу,11,1984,Улаанбаатар,8.5
Адуу,11,1985,Улаанбаатар,10
Адуу,11,1986,Улаанбаатар,10
Адуу,11,1987,Улаанбаатар,10.9
Адуу,11,1988,Улаанбаатар,11
Адуу,11,1989,Улаанбаатар,11.9
Адуу,11,1990,Улаанбаатар,15.3
Адуу,11,1991,Улаанбаатар,22.1
Адуу,11,1992,Улаанбаатар,25.5
Адуу,11,1993,Улаанбаатар,24.1
Адуу,11,1994,Улаанбаатар,24.5
Адуу,11,1995,Улаанбаатар,27.8
Адуу,11,1996,Улаанбаатар,26.8
Адуу,11,1997,Улаанбаатар,23.9
Адуу,11,1998,Улаанбаатар,24
Адуу,11,1999,Улаанбаатар,21.7
Адуу,11,2000,Улаанбаатар,20.1
Адуу,11,2001,Улаанбаатар,18.3
Адуу,11,2002,Улаанбаатар,16.2
Адуу,11,2003,Улаанбаатар,17.5
Адуу,11,2004,Улаанбаатар,17.6
Адуу,11,2005,Улаанбаатар,16.8
Адуу,11,2006,Улаанбаатар,19.5
Адуу,11,2007,Улаанбаатар,19
Адуу,11,2008,Улаанбаатар,18.7
Адуу,11,2009,Улаанбаатар,22
Адуу,11,2010,Улаанбаатар,20.8
Адуу,11,2011,Улаанбаатар,22.5
Адуу,11,2012,Улаанбаатар,25.8
Адуу,11,2013,Улаанбаатар,30.2
Адуу,11,2014,Улаанбаатар,33.9
Адуу,11,2015,Улаанбаатар,36.7
Адуу,11,2016,Улаанбаатар,45.2
Адуу,11,2017,Улаанбаатар,43.3
Адуу,11,2018,Улаанбаатар,42.8
Адуу,11,2019,Улаанбаатар,48
Адуу,11,2020,Улаанбаатар,57.6
Адуу,11,2021,Улаанбаатар,62
Адуу,11,2022,Улаанбаатар,68.9
Адуу,11,2023,Улаанбаатар,78.5
Адуу,11,2024,Улаанбаатар,90.2
Адуу,21,1970,Дорнод,98.3
Адуу,21,1971,Дорнод,103
Адуу,21,1972,Дорнод,98.3
Адуу,21,1973,Дорнод,103.3
Адуу,21,1974,Дорнод,106.5
Адуу,21,1975,Дорнод,110.9
Адуу,21,1976,Дорнод,108.1
Адуу,21,1977,Дорнод,103.8
Адуу,21,1978,Дорнод,99.3
Адуу,21,1979,Дорнод,101
Адуу,21,1980,Дорнод,81
Адуу,21,1981,Дорнод,85.4
Адуу,21,1982,Дорнод,83.4
Адуу,21,1983,Дорнод,82.5
Адуу,21,1984,Дорнод,84.3
Адуу,21,1985,Дорнод,85
Адуу,21,1986,Дорнод,83.9
Адуу,21,1987,Дорнод,85.7
Адуу,21,1988,Дорнод,87.9
Адуу,21,1989,Дорнод,90.9
Адуу,21,1990,Дорнод,92
Адуу,21,1991,Дорнод,93.1
Адуу,21,1992,Дорнод,92.4
Адуу,21,1993,Дорнод,92.5
Адуу,21,1994,Дорнод,92.8
Адуу,21,1995,Дорнод,88.4
Адуу,21,1996,Дорнод,87
Адуу,21,1997,Дорнод,89.9
Адуу,21,1998,Дорнод,95.4
Адуу,21,1999,Дорнод,104
Адуу,21,2000,Дорнод,105.5
Адуу,21,2001,Дорнод,109.6
Адуу,21,2002,Дорнод,115.6
Адуу,21,2003,Дорнод,121.8
Адуу,21,2004,Дорнод,124.7
Адуу,21,2005,Дорнод,128.8
Адуу,21,2006,Дорнод,135
Адуу,21,2007,Дорнод,142.9
Адуу,21,2008,Дорнод,145.5
Адуу,21,2009,Дорнод,140.1
Адуу,21,2010,Дорнод,136.3
Адуу,21,2011,Дорнод,144.1
Адуу,21,2012,Дорнод,150.8
Адуу,21,2013,Дорнод,160.9
Адуу,21,2014,Дорнод,176.5
Адуу,21,2015,Дорнод,196.5
Адуу,21,2016,Дорнод,225
Адуу,21,2017,Дорнод,250.7
Адуу,21,2018,Дорнод,278.8
Адуу,21,2019,Дорнод,297.4
Адуу,21,2020,Дорнод,324.5
Адуу,21,2021,Дорнод,368.5
Адуу,21,2022,Дорнод,420.2
Адуу,21,2023,Дорнод,443.8
Адуу,21,2024,Дорнод,438.2
Адуу,22,1970,Сүхбаатар,129.1
Адуу,22,1971,Сүхбаатар,121.9
Адуу,22,1972,Сүхбаатар,117.3
Адуу,22,1973,Сүхбаатар,120.5
Адуу,22,1974,Сүхбаатар,123.7
Адуу,22,1975,Сүхбаатар,127.9
Адуу,22,1976,Сүхбаатар,126.3
Адуу,22,1977,Сүхбаатар,120.7
Адуу,22,1978,Сүхбаатар,124.1
Адуу,22,1979,Сүхбаатар,128.2
Адуу,22,1980,Сүхбаатар,115
Адуу,22,1981,Сүхбаатар,121.8
Адуу,22,1982,Сүхбаатар,115.5
Адуу,22,1983,Сүхбаатар,111.9
Адуу,22,1984,Сүхбаатар,117.5
Адуу,22,1985,Сүхбаатар,118.1
Адуу,22,1986,Сүхбаатар,122.6
Адуу,22,1987,Сүхбаатар,120.4
Адуу,22,1988,Сүхбаатар,124.3
Адуу,22,1989,Сүхбаатар,123.7
Адуу,22,1990,Сүхбаатар,118.2
Адуу,22,1991,Сүхбаатар,118.4
Адуу,22,1992,Сүхбаатар,120.9
Адуу,22,1993,Сүхбаатар,71.4
Адуу,22,1994,Сүхбаатар,130.8
Адуу,22,1995,Сүхбаатар,134.9
Адуу,22,1996,Сүхбаатар,139.8
Адуу,22,1997,Сүхбаатар,154.9
Адуу,22,1998,Сүхбаатар,169.4
Адуу,22,1999,Сүхбаатар,188.3
Адуу,22,2000,Сүхбаатар,192.2
Адуу,22,2001,Сүхбаатар,182.9
Адуу,22,2002,Сүхбаатар,188.8
Адуу,22,2003,Сүхбаатар,194.7
Адуу,22,2004,Сүхбаатар,185.5
Адуу,22,2005,Сүхбаатар,177.7
Адуу,22,2006,Сүхбаатар,176.3
Адуу,22,2007,Сүхбаатар,166
Адуу,22,2008,Сүхбаатар,118.8
Адуу,22,2009,Сүхбаатар,131.5
Адуу,22,2010,Сүхбаатар,148.1
Адуу,22,2011,Сүхбаатар,164.9
Адуу,22,2012,Сүхбаатар,183.6
Адуу,22,2013,Сүхбаатар,203.1
Адуу,22,2014,Сүхбаатар,231.2
Адуу,22,2015,Сүхбаатар,259.6
Адуу,22,2016,Сүхбаатар,274.7
Адуу,22,2017,Сүхбаатар,315.6
Адуу,22,2018,Сүхбаатар,327.3
Адуу,22,2019,Сүхбаатар,321.9
Адуу,22,2020,Сүхбаатар,331
Адуу,22,2021,Сүхбаатар,364.6
Адуу,22,2022,Сүхбаатар,402.5
Адуу,22,2023,Сүхбаатар,366.3
Адуу,22,2024,Сүхбаатар,289.4
Адуу,23,1970,Хэнтий,171.5
Адуу,23,1971,Хэнтий,170.5
Адуу,23,1972,Хэнтий,159.3
Адуу,23,1973,Хэнтий,156.9
Адуу,23,1974,Хэнтий,163.2
Адуу,23,1975,Хэнтий,164.2
Адуу,23,1976,Хэнтий,159.2
Адуу,23,1977,Хэнтий,146.4
Адуу,23,1978,Хэнтий,147.2
Адуу,23,1979,Хэнтий,151
Адуу,23,1980,Хэнтий,140.9
Адуу,23,1981,Хэнтий,145.7
Адуу,23,1982,Хэнтий,146.9
Адуу,23,1983,Хэнтий,140.3
Адуу,23,1984,Хэнтий,139.7
Адуу,23,1985,Хэнтий,134.7
Адуу,23,1986,Хэнтий,134.7
Адуу,23,1987,Хэнтий,137.2
Адуу,23,1988,Хэнтий,138.4
Адуу,23,1989,Хэнтий,141.6
Адуу,23,1990,Хэнтий,142.5
Адуу,23,1991,Хэнтий,139.1
Адуу,23,1992,Хэнтий,138.1
Адуу,23,1993,Хэнтий,136.3
Адуу,23,1994,Хэнтий,146.3
Адуу,23,1995,Хэнтий,154.6
Адуу,23,1996,Хэнтий,162.3
Адуу,23,1997,Хэнтий,172.3
Адуу,23,1998,Хэнтий,183.2
Адуу,23,1999,Хэнтий,194.3
Адуу,23,2000,Хэнтий,192.8
Адуу,23,2001,Хэнтий,174.5
Адуу,23,2002,Хэнтий,169.8
Адуу,23,2003,Хэнтий,170.7
Адуу,23,2004,Хэнтий,168.2
Адуу,23,2005,Хэнтий,171.1
Адуу,23,2006,Хэнтий,176
Адуу,23,2007,Хэнтий,179
Адуу,23,2008,Хэнтий,143.3
Адуу,23,2009,Хэнтий,136.3
Адуу,23,2010,Хэнтий,143.7
Адуу,23,2011,Хэнтий,156.5
Адуу,23,2012,Хэнтий,172.6
Адуу,23,2013,Хэнтий,195.6
Адуу,23,2014,Хэнтий,220.6
Адуу,23,2015,Хэнтий,248
Адуу,23,2016,Хэнтий,280.8
Адуу,23,2017,Хэнтий,312.1
Адуу,23,2018,Хэнтий,318.9
Адуу,23,2019,Хэнтий,325.4
Адуу,23,2020,Хэнтий,321.5
Адуу,23,2021,Хэнтий,346.8
Адуу,23,2022,Хэнтий,376.6
Адуу,23,2023,Хэнтий,358.2
Адуу,23,2024,Хэнтий,285.8
Адуу,41,1970,Төв,180.8
Адуу,41,1971,Төв,179
Адуу,41,1972,Төв,170.1
Адуу,41,1973,Төв,159.1
Адуу,41,1974,Төв,167.1
Адуу,41,1975,Төв,178.4
Адуу,41,1976,Төв,166.2
Адуу,41,1977,Төв,152.9
Адуу,41,1978,Төв,153
Адуу,41,1979,Төв,155
Адуу,41,1980,Төв,152.9
Адуу,41,1981,Төв,153.4
Адуу,41,1982,Төв,158.5
Адуу,41,1983,Төв,157.2
Адуу,41,1984,Төв,154.2
Адуу,41,1985,Төв,156.5
Адуу,41,1986,Төв,163.5
Адуу,41,1987,Төв,170.6
Адуу,41,1988,Төв,180.8
Адуу,41,1989,Төв,195.8
Адуу,41,1990,Төв,203.3
Адуу,41,1991,Төв,210.3
Адуу,41,1992,Төв,205.4
Адуу,41,1993,Төв,207.3
Адуу,41,1994,Төв,220.1
Адуу,41,1995,Төв,247.3
Адуу,41,1996,Төв,261.6
Адуу,41,1997,Төв,280.3
Адуу,41,1998,Төв,302.7
Адуу,41,1999,Төв,303.6
Адуу,41,2000,Төв,249.5
Адуу,41,2001,Төв,192.7
Адуу,41,2002,Төв,185.8
Адуу,41,2003,Төв,165.2
Адуу,41,2004,Төв,169.2
Адуу,41,2005,Төв,179.4
Адуу,41,2006,Төв,197.9
Адуу,41,2007,Төв,215
Адуу,41,2008,Төв,212.7
Адуу,41,2009,Төв,233.1
Адуу,41,2010,Төв,199.8
Адуу,41,2011,Төв,223
Адуу,41,2012,Төв,246.7
Адуу,41,2013,Төв,283.6
Адуу,41,2014,Төв,331
Адуу,41,2015,Төв,360.8
Адуу,41,2016,Төв,382.6
Адуу,41,2017,Төв,375.6
Адуу,41,2018,Төв,341.4
Адуу,41,2019,Төв,371.4
Адуу,41,2020,Төв,364.7
Адуу,41,2021,Төв,356.8
Адуу,41,2022,Төв,398.8
Адуу,41,2023,Төв,425.2
Адуу,41,2024,Төв,433.7
Адуу,42,1991,Говьсүмбэр,6.2
Адуу,42,1992,Говьсүмбэр,6.4
Адуу,42,1993,Говьсүмбэр,7
Адуу,42,1994,Говьсүмбэр,8
Адуу,42,1995,Говьсүмбэр,8.9
Адуу,42,1996,Говьсүмбэр,10.3
Адуу,42,1997,Говьсүмбэр,11.8
Адуу,42,1998,Говьсүмбэр,13.4
Адуу,42,1999,Говьсүмбэр,14.7
Адуу,42,2000,Говьсүмбэр,12.3
Адуу,42,2001,Говьсүмбэр,6.4
Адуу,42,2002,Говьсүмбэр,7.3
Адуу,42,2003,Говьсүмбэр,10
Адуу,42,2004,Говьсүмбэр,11.1
Адуу,42,2005,Говьсүмбэр,11.9
Адуу,42,2006,Говьсүмбэр,12
Адуу,42,2007,Говьсүмбэр,11.2
Адуу,42,2008,Говьсүмбэр,7.3
Адуу,42,2009,Говьсүмбэр,7
Адуу,42,2010,Говьсүмбэр,6.9
Адуу,42,2011,Говьсүмбэр,8.6
Адуу,42,2012,Говьсүмбэр,9.6
Адуу,42,2013,Говьсүмбэр,12.1
Адуу,42,2014,Говьсүмбэр,15
Адуу,42,2015,Говьсүмбэр,18.1
Адуу,42,2016,Говьсүмбэр,20.3
Адуу,42,2017,Говьсүмбэр,22.3
Адуу,42,2018,Говьсүмбэр,20.6
Адуу,42,2019,Говьсүмбэр,22.7
Адуу,42,2020,Говьсүмбэр,22.7
Адуу,42,2021,Говьсүмбэр,24.3
Адуу,42,2022,Говьсүмбэр,27.7
Адуу,42,2023,Говьсүмбэр,30.8
Адуу,42,2024,Говьсүмбэр,21.6
Адуу,43,1970,Сэлэнгэ,17.9
Адуу,43,1971,Сэлэнгэ,18.6
Адуу,43,1972,Сэлэнгэ,17.2
Адуу,43,1973,Сэлэнгэ,19.8
Адуу,43,1974,Сэлэнгэ,21.5
Адуу,43,1975,Сэлэнгэ,21.6
Адуу,43,1976,Сэлэнгэ,21.3
Адуу,43,1977,Сэлэнгэ,23.5
Адуу,43,1978,Сэлэнгэ,23.2
Адуу,43,1979,Сэлэнгэ,22.3
Адуу,43,1980,Сэлэнгэ,21.4
Адуу,43,1981,Сэлэнгэ,22
Адуу,43,1982,Сэлэнгэ,21.4
Адуу,43,1983,Сэлэнгэ,22.4
Адуу,43,1984,Сэлэнгэ,22.8
Адуу,43,1985,Сэлэнгэ,24.2
Адуу,43,1986,Сэлэнгэ,24.8
Адуу,43,1987,Сэлэнгэ,25.7
Адуу,43,1988,Сэлэнгэ,25.5
Адуу,43,1989,Сэлэнгэ,28.2
Адуу,43,1990,Сэлэнгэ,33.8
Адуу,43,1991,Сэлэнгэ,34.1
Адуу,43,1992,Сэлэнгэ,34.9
Адуу,43,1993,Сэлэнгэ,37.6
Адуу,43,1994,Сэлэнгэ,38.6
Адуу,43,1995,Сэлэнгэ,41.2
Адуу,43,1996,Сэлэнгэ,40.8
Адуу,43,1997,Сэлэнгэ,41.4
Адуу,43,1998,Сэлэнгэ,44.1
Адуу,43,1999,Сэлэнгэ,46.3
Адуу,43,2000,Сэлэнгэ,45.9
Адуу,43,2001,Сэлэнгэ,47.8
Адуу,43,2002,Сэлэнгэ,47.6
Адуу,43,2003,Сэлэнгэ,42.9
Адуу,43,2004,Сэлэнгэ,39.5
Адуу,43,2005,Сэлэнгэ,37.1
Адуу,43,2006,Сэлэнгэ,39.2
Адуу,43,2007,Сэлэнгэ,45.3
Адуу,43,2008,Сэлэнгэ,55.8
Адуу,43,2009,Сэлэнгэ,57.6
Адуу,43,2010,Сэлэнгэ,61.8
Адуу,43,2011,Сэлэнгэ,65.3
Адуу,43,2012,Сэлэнгэ,68.1
Адуу,43,2013,Сэлэнгэ,71.5
Адуу,43,2014,Сэлэнгэ,79.8
Адуу,43,2015,Сэлэнгэ,82.2
Адуу,43,2016,Сэлэнгэ,93.6
Адуу,43,2017,Сэлэнгэ,95.4
Адуу,43,2018,Сэлэнгэ,97.6
Адуу,43,2019,Сэлэнгэ,103.4
Адуу,43,2020,Сэлэнгэ,109.7
Адуу,43,2021,Сэлэнгэ,119.9
Адуу,43,2022,Сэлэнгэ,129.2
Адуу,43,2023,Сэлэнгэ,140.3
Адуу,43,2024,Сэлэнгэ,150.5
Адуу,44,1970,Дорноговь,94.7
Адуу,44,1971,Дорноговь,100.6
Адуу,44,1972,Дорноговь,103.6
Адуу,44,1973,Дорноговь,108.3
Адуу,44,1974,Дорноговь,112.4
Адуу,44,1975,Дорноговь,110
Адуу,44,1976,Дорноговь,108.2
Адуу,44,1977,Дорноговь,102.5
Адуу,44,1978,Дорноговь,105.9
Адуу,44,1979,Дорноговь,105.1
Адуу,44,1980,Дорноговь,98.3
Адуу,44,1981,Дорноговь,95.7
Адуу,44,1982,Дорноговь,97.2
Адуу,44,1983,Дорноговь,91.7
Адуу,44,1984,Дорноговь,90.1
Адуу,44,1985,Дорноговь,88.3
Адуу,44,1986,Дорноговь,83.4
Адуу,44,1987,Дорноговь,82.7
Адуу,44,1988,Дорноговь,82.6
Адуу,44,1989,Дорноговь,85.8
Адуу,44,1990,Дорноговь,82.9
Адуу,44,1991,Дорноговь,77.9
Адуу,44,1992,Дорноговь,78
Адуу,44,1993,Дорноговь,76.9
Адуу,44,1994,Дорноговь,81.4
Адуу,44,1995,Дорноговь,89.4
Адуу,44,1996,Дорноговь,95.8
Адуу,44,1997,Дорноговь,102.1
Адуу,44,1998,Дорноговь,110.7
Адуу,44,1999,Дорноговь,123.2
Адуу,44,2000,Дорноговь,118.9
Адуу,44,2001,Дорноговь,81.3
Адуу,44,2002,Дорноговь,74.8
Адуу,44,2003,Дорноговь,83.1
Адуу,44,2004,Дорноговь,87.5
Адуу,44,2005,Дорноговь,79.1
Адуу,44,2006,Дорноговь,57.5
Адуу,44,2007,Дорноговь,60.8
Адуу,44,2008,Дорноговь,64.6
Адуу,44,2009,Дорноговь,72.8
Адуу,44,2010,Дорноговь,77.4
Адуу,44,2011,Дорноговь,86.5
Адуу,44,2012,Дорноговь,95.6
Адуу,44,2013,Дорноговь,107
Адуу,44,2014,Дорноговь,120.8
Адуу,44,2015,Дорноговь,131.6
Адуу,44,2016,Дорноговь,118.7
Адуу,44,2017,Дорноговь,133.2
Адуу,44,2018,Дорноговь,140
Адуу,44,2019,Дорноговь,152.6
Адуу,44,2020,Дорноговь,165
Адуу,44,2021,Дорноговь,183.8
Адуу,44,2022,Дорноговь,202.2
Адуу,44,2023,Дорноговь,171.7
Адуу,44,2024,Дорноговь,107.1
Адуу,45,1970,Дархан-Уул,0.8
Адуу,45,1971,Дархан-Уул,0.8
Адуу,45,1972,Дархан-Уул,1.2
Адуу,45,1973,Дархан-Уул,1.1
Адуу,45,1974,Дархан-Уул,1.3
Адуу,45,1975,Дархан-Уул,1.4
Адуу,45,1976,Дархан-Уул,1.6
Адуу,45,1977,Дархан-Уул,1.7
Адуу,45,1978,Дархан-Уул,1.8
Адуу,45,1979,Дархан-Уул,7.3
Адуу,45,1980,Дархан-Уул,2
Адуу,45,1981,Дархан-Уул,2
Адуу,45,1982,Дархан-Уул,3.1
Адуу,45,1983,Дархан-Уул,3.3
Адуу,45,1984,Дархан-Уул,3.7
Адуу,45,1985,Дархан-Уул,4
Адуу,45,1986,Дархан-Уул,4
Адуу,45,1987,Дархан-Уул,4.8
Адуу,45,1988,Дархан-Уул,5.4
Адуу,45,1989,Дархан-Уул,6.3
Адуу,45,1990,Дархан-Уул,7.8
Адуу,45,1991,Дархан-Уул,9.6
Адуу,45,1992,Дархан-Уул,10.3
Адуу,45,1993,Дархан-Уул,10.3
Адуу,45,1994,Дархан-Уул,10.8
Адуу,45,1995,Дархан-Уул,11.6
Адуу,45,1996,Дархан-Уул,11.3
Адуу,45,1997,Дархан-Уул,11
Адуу,45,1998,Дархан-Уул,12.2
Адуу,45,1999,Дархан-Уул,12.7
Адуу,45,2000,Дархан-Уул,12.7
Адуу,45,2001,Дархан-Уул,13.2
Адуу,45,2002,Дархан-Уул,10.7
Адуу,45,2003,Дархан-Уул,8.6
Адуу,45,2004,Дархан-Уул,8.1
Адуу,45,2005,Дархан-Уул,7.5
Адуу,45,2006,Дархан-Уул,7.8
Адуу,45,2007,Дархан-Уул,7.9
Адуу,45,2008,Дархан-Уул,10.4
Адуу,45,2009,Дархан-Уул,11.1
Адуу,45,2010,Дархан-Уул,10.2
Адуу,45,2011,Дархан-Уул,11
Адуу,45,2012,Дархан-Уул,11.3
Адуу,45,2013,Дархан-Уул,12.8
Адуу,45,2014,Дархан-Уул,14.2
Адуу,45,2015,Дархан-Уул,14.7
Адуу,45,2016,Дархан-Уул,16.9
Адуу,45,2017,Дархан-Уул,17
Адуу,45,2018,Дархан-Уул,17.7
Адуу,45,2019,Дархан-Уул,19.3
Адуу,45,2020,Дархан-Уул,20.3
Адуу,45,2021,Дархан-Уул,22.1
Адуу,45,2022,Дархан-Уул,21.6
Адуу,45,2023,Дархан-Уул,21.9
Адуу,45,2024,Дархан-Уул,24.6
Адуу,46,1970,Өмнөговь,97
Адуу,46,1971,Өмнөговь,86.4
Адуу,46,1972,Өмнөговь,85.7
Адуу,46,1973,Өмнөговь,67.1
Адуу,46,1974,Өмнөговь,74.2
Адуу,46,1975,Өмнөговь,77.5
Адуу,46,1976,Өмнөговь,80.8
Адуу,46,1977,Өмнөговь,81.7
Адуу,46,1978,Өмнөговь,84.1
Адуу,46,1979,Өмнөговь,83.9
Адуу,46,1980,Өмнөговь,77.9
Адуу,46,1981,Өмнөговь,81
Адуу,46,1982,Өмнөговь,81.1
Адуу,46,1983,Өмнөговь,69
Адуу,46,1984,Өмнөговь,70.1
Адуу,46,1985,Өмнөговь,65.6
Адуу,46,1986,Өмнөговь,62.4
Адуу,46,1987,Өмнөговь,63.3
Адуу,46,1988,Өмнөговь,65.6
Адуу,46,1989,Өмнөговь,67.8
Адуу,46,1990,Өмнөговь,62.5
Адуу,46,1991,Өмнөговь,62.6
Адуу,46,1992,Өмнөговь,59.9
Адуу,46,1993,Өмнөговь,58.5
Адуу,46,1994,Өмнөговь,67.7
Адуу,46,1995,Өмнөговь,78.6
Адуу,46,1996,Өмнөговь,88.7
Адуу,46,1997,Өмнөговь,101.4
Адуу,46,1998,Өмнөговь,113.6
Адуу,46,1999,Өмнөговь,119
Адуу,46,2000,Өмнөговь,99.2
Адуу,46,2001,Өмнөговь,65.9
Адуу,46,2002,Өмнөговь,42.2
Адуу,46,2003,Өмнөговь,36.7
Адуу,46,2004,Өмнөговь,40.9
Адуу,46,2005,Өмнөговь,42.8
Адуу,46,2006,Өмнөговь,42.2
Адуу,46,2007,Өмнөговь,46.4
Адуу,46,2008,Өмнөговь,53
Адуу,46,2009,Өмнөговь,53.7
Адуу,46,2010,Өмнөговь,37.6
Адуу,46,2011,Өмнөговь,43.4
Адуу,46,2012,Өмнөговь,50.1
Адуу,46,2013,Өмнөговь,58.2
Адуу,46,2014,Өмнөговь,66.3
Адуу,46,2015,Өмнөговь,74.2
Адуу,46,2016,Өмнөговь,85.3
Адуу,46,2017,Өмнөговь,98.7
Адуу,46,2018,Өмнөговь,96.5
Адуу,46,2019,Өмнөговь,109.5
Адуу,46,2020,Өмнөговь,110.4
Адуу,46,2021,Өмнөговь,102
Адуу,46,2022,Өмнөговь,112.5
Адуу,46,2023,Өмнөговь,92.7
Адуу,46,2024,Өмнөговь,84.9
Адуу,48,1970,Дундговь,180.3
Адуу,48,1971,Дундговь,159
Адуу,48,1972,Дундговь,167
Адуу,48,1973,Дундговь,163.2
Адуу,48,1974,Дундговь,185.2
Адуу,48,1975,Дундговь,182.9
Адуу,48,1976,Дундговь,179.8
Адуу,48,1977,Дундговь,159.8
Адуу,48,1978,Дундговь,158
Адуу,48,1979,Дундговь,155.2
Адуу,48,1980,Дундговь,142.9
Адуу,48,1981,Дундговь,122.8
Адуу,48,1982,Дундговь,131.3
Адуу,48,1983,Дундговь,130
Адуу,48,1984,Дундговь,126.1
Адуу,48,1985,Дундговь,126
Адуу,48,1986,Дундговь,132
Адуу,48,1987,Дундговь,127.3
Адуу,48,1988,Дундговь,132.4
Адуу,48,1989,Дундговь,144.9
Адуу,48,1990,Дундговь,152
Адуу,48,1991,Дундговь,155.3
Адуу,48,1992,Дундговь,148.3
Адуу,48,1993,Дундговь,131.9
Адуу,48,1994,Дундговь,141.2
Адуу,48,1995,Дундговь,163.8
Адуу,48,1996,Дундговь,182.4
Адуу,48,1997,Дундговь,195.8
Адуу,48,1998,Дундговь,218
Адуу,48,1999,Дундговь,216.8
Адуу,48,2000,Дундговь,113.2
Адуу,48,2001,Дундговь,112
Адуу,48,2002,Дундговь,113.4
Адуу,48,2003,Дундговь,111.1
Адуу,48,2004,Дундговь,120.7
Адуу,48,2005,Дундговь,119.5
Адуу,48,2006,Дундговь,107.3
Адуу,48,2007,Дундговь,104.7
Адуу,48,2008,Дундговь,84
Адуу,48,2009,Дундговь,82
Адуу,48,2010,Дундговь,51.3
Адуу,48,2011,Дундговь,59.7
Адуу,48,2012,Дундговь,72
Адуу,48,2013,Дундговь,85
Адуу,48,2014,Дундговь,105.1
Адуу,48,2015,Дундговь,123.7
Адуу,48,2016,Дундговь,137
Адуу,48,2017,Дундговь,160.2
Адуу,48,2018,Дундговь,162.9
Адуу,48,2019,Дундговь,178.2
Адуу,48,2020,Дундговь,166.5
Адуу,48,2021,Дундговь,158.7
Адуу,48,2022,Дундговь,183.1
Адуу,48,2023,Дундговь,194.6
Адуу,48,2024,Дундговь,158.3
Адуу,61,1976,Орхон,0.3
Адуу,61,1977,Орхон,0.5
Адуу,61,1978,Орхон,0.5
Адуу,61,1979,Орхон,3.7
Адуу,61,1980,Орхон,0.7
Адуу,61,1981,Орхон,1.1
Адуу,61,1982,Орхон,1.5
Адуу,61,1983,Орхон,1.7
Адуу,61,1984,Орхон,1.9
Адуу,61,1985,Орхон,2.1
Адуу,61,1986,Орхон,2.1
Адуу,61,1987,Орхон,2.3
Адуу,61,1988,Орхон,2.6
Адуу,61,1989,Орхон,3.1
Адуу,61,1990,Орхон,4.3
Адуу,61,1991,Орхон,5.3
Адуу,61,1992,Орхон,6.6
Адуу,61,1993,Орхон,8.3
Адуу,61,1994,Орхон,8.6
Адуу,61,1995,Орхон,11.5
Адуу,61,1996,Орхон,11.5
Адуу,61,1997,Орхон,10.8
Адуу,61,1998,Орхон,10.9
Адуу,61,1999,Орхон,12.8
Адуу,61,2000,Орхон,11.5
Адуу,61,2001,Орхон,11.6
Адуу,61,2002,Орхон,11.6
Адуу,61,2003,Орхон,7.8
Адуу,61,2004,Орхон,9.7
Адуу,61,2005,Орхон,7.8
Адуу,61,2006,Орхон,9.2
Адуу,61,2007,Орхон,10.5
Адуу,61,2008,Орхон,11.3
Адуу,61,2009,Орхон,11.4
Адуу,61,2010,Орхон,10.7
Адуу,61,2011,Орхон,11.8
Адуу,61,2012,Орхон,11.8
Адуу,61,2013,Орхон,11.6
Адуу,61,2014,Орхон,9.1
Адуу,61,2015,Орхон,9.1
Адуу,61,2016,Орхон,11.3
Адуу,61,2017,Орхон,12.3
Адуу,61,2018,Орхон,11.3
Адуу,61,2019,Орхон,12.2
Адуу,61,2020,Орхон,12.8
Адуу,61,2021,Орхон,15.7
Адуу,61,2022,Орхон,17.4
Адуу,61,2023,Орхон,21.2
Адуу,61,2024,Орхон,25.5
Адуу,62,1970,Өвөрхангай,223.1
Адуу,62,1971,Өвөрхангай,196.5
Адуу,62,1972,Өвөрхангай,195.6
Адуу,62,1973,Өвөрхангай,184
Адуу,62,1974,Өвөрхангай,188.5
Адуу,62,1975,Өвөрхангай,188.6
Адуу,62,1976,Өвөрхангай,195.6
Адуу,62,1977,Өвөрхангай,203
Адуу,62,1978,Өвөрхангай,202.1
Адуу,62,1979,Өвөрхангай,202.4
Адуу,62,1980,Өвөрхангай,183.4
Адуу,62,1981,Өвөрхангай,171.6
Адуу,62,1982,Өвөрхангай,174.1
Адуу,62,1983,Өвөрхангай,163
Адуу,62,1984,Өвөрхангай,164.1
Адуу,62,1985,Өвөрхангай,161.2
Адуу,62,1986,Өвөрхангай,167.9
Адуу,62,1987,Өвөрхангай,166.1
Адуу,62,1988,Өвөрхангай,174.6
Адуу,62,1989,Өвөрхангай,185.7
Адуу,62,1990,Өвөрхангай,196.3
Адуу,62,1991,Өвөрхангай,196.1
Адуу,62,1992,Өвөрхангай,180.8
Адуу,62,1993,Өвөрхангай,191.3
Адуу,62,1994,Өвөрхангай,222.2
Адуу,62,1995,Өвөрхангай,254.4
Адуу,62,1996,Өвөрхангай,250.7
Адуу,62,1997,Өвөрхангай,258.7
Адуу,62,1998,Өвөрхангай,279.1
Адуу,62,1999,Өвөрхангай,288
Адуу,62,2000,Өвөрхангай,178.1
Адуу,62,2001,Өвөрхангай,141
Адуу,62,2002,Өвөрхангай,115.2
Адуу,62,2003,Өвөрхангай,123.8
Адуу,62,2004,Өвөрхангай,132.9
Адуу,62,2005,Өвөрхангай,136.6
Адуу,62,2006,Өвөрхангай,151.3
Адуу,62,2007,Өвөрхангай,175
Адуу,62,2008,Өвөрхангай,173
Адуу,62,2009,Өвөрхангай,183.4
Адуу,62,2010,Өвөрхангай,113.8
Адуу,62,2011,Өвөрхангай,141.1
Адуу,62,2012,Өвөрхангай,170.5
Адуу,62,2013,Өвөрхангай,205.9
Адуу,62,2014,Өвөрхангай,246.9
Адуу,62,2015,Өвөрхангай,280.2
Адуу,62,2016,Өвөрхангай,323.4
Адуу,62,2017,Өвөрхангай,364
Адуу,62,2018,Өвөрхангай,323.6
Адуу,62,2019,Өвөрхангай,348.9
Адуу,62,2020,Өвөрхангай,280.1
Адуу,62,2021,Өвөрхангай,269.6
Адуу,62,2022,Өвөрхангай,320.2
Адуу,62,2023,Өвөрхангай,349.4
Адуу,62,2024,Өвөрхангай,404.4
Адуу,63,1970,Булган,107.3
Адуу,63,1971,Булган,105.9
Адуу,63,1972,Булган,102.2
Адуу,63,1973,Булган,96.6
Адуу,63,1974,Булган,100.5
Адуу,63,1975,Булган,102.7
Адуу,63,1976,Булган,96.7
Адуу,63,1977,Булган,88.6
Адуу,63,1978,Булган,90.2
Адуу,63,1979,Булган,89.6
Адуу,63,1980,Булган,90.3
Адуу,63,1981,Булган,92.5
Адуу,63,1982,Булган,96.7
Адуу,63,1983,Булган,97.2
Адуу,63,1984,Булган,100.9
Адуу,63,1985,Булган,103.1
Адуу,63,1986,Булган,107.6
Адуу,63,1987,Булган,108
Адуу,63,1988,Булган,114.2
Адуу,63,1989,Булган,120.2
Адуу,63,1990,Булган,122.5
Адуу,63,1991,Булган,124.9
Адуу,63,1992,Булган,128.7
Адуу,63,1993,Булган,132.2
Адуу,63,1994,Булган,149.3
Адуу,63,1995,Булган,164.4
Адуу,63,1996,Булган,170
Адуу,63,1997,Булган,178.5
Адуу,63,1998,Булган,194.8
Адуу,63,1999,Булган,210
Адуу,63,2000,Булган,190.2
Адуу,63,2001,Булган,174.5
Адуу,63,2002,Булган,156.7
Адуу,63,2003,Булган,128.3
Адуу,63,2004,Булган,128.7
Адуу,63,2005,Булган,136.4
Адуу,63,2006,Булган,147.8
Адуу,63,2007,Булган,158.9
Адуу,63,2008,Булган,177.7
Адуу,63,2009,Булган,185.5
Адуу,63,2010,Булган,182.9
Адуу,63,2011,Булган,186
Адуу,63,2012,Булган,199.3
Адуу,63,2013,Булган,225.7
Адуу,63,2014,Булган,253.4
Адуу,63,2015,Булган,264.3
Адуу,63,2016,Булган,274.3
Адуу,63,2017,Булган,261.9
Адуу,63,2018,Булган,244
Адуу,63,2019,Булган,272
Адуу,63,2020,Булган,255.1
Адуу,63,2021,Булган,285.7
Адуу,63,2022,Булган,331.8
Адуу,63,2023,Булган,351.1
Адуу,63,2024,Булган,357.2
Адуу,64,1970,Баянхонгор,143.8
Адуу,64,1971,Баянхонгор,134.6
Адуу,64,1972,Баянхонгор,134.9
Адуу,64,1973,Баянхонгор,131.4
Адуу,64,1974,Баянхонгор,131.7
Адуу,64,1975,Баянхонгор,130.9
Адуу,64,1976,Баянхонгор,130.3
Адуу,64,1977,Баянхонгор,132.3
Адуу,64,1978,Баянхонгор,130.3
Адуу,64,1979,Баянхонгор,128.4
Адуу,64,1980,Баянхонгор,127.8
Адуу,64,1981,Баянхонгор,130.1
Адуу,64,1982,Баянхонгор,135.5
Адуу,64,1983,Баянхонгор,132
Адуу,64,1984,Баянхонгор,119.7
Адуу,64,1985,Баянхонгор,108.7
Адуу,64,1986,Баянхонгор,107.7
Адуу,64,1987,Баянхонгор,108.7
Адуу,64,1988,Баянхонгор,95.8
Адуу,64,1989,Баянхонгор,99.6
Адуу,64,1990,Баянхонгор,103.9
Адуу,64,1991,Баянхонгор,103.8
Адуу,64,1992,Баянхонгор,103.5
Адуу,64,1993,Баянхонгор,99.9
Адуу,64,1994,Баянхонгор,114.9
Адуу,64,1995,Баянхонгор,132.6
Адуу,64,1996,Баянхонгор,140.8
Адуу,64,1997,Баянхонгор,149.2
Адуу,64,1998,Баянхонгор,157.4
Адуу,64,1999,Баянхонгор,159.6
Адуу,64,2000,Баянхонгор,141.9
Адуу,64,2001,Баянхонгор,85.3
Адуу,64,2002,Баянхонгор,54.1
Адуу,64,2003,Баянхонгор,61.7
Адуу,64,2004,Баянхонгор,66.2
Адуу,64,2005,Баянхонгор,70.8
Адуу,64,2006,Баянхонгор,78.4
Адуу,64,2007,Баянхонгор,86
Адуу,64,2008,Баянхонгор,91.6
Адуу,64,2009,Баянхонгор,89.6
Адуу,64,2010,Баянхонгор,74.4
Адуу,64,2011,Баянхонгор,82.1
Адуу,64,2012,Баянхонгор,93.5
Адуу,64,2013,Баянхонгор,108
Адуу,64,2014,Баянхонгор,126.3
Адуу,64,2015,Баянхонгор,141.3
Адуу,64,2016,Баянхонгор,159.1
Адуу,64,2017,Баянхонгор,180.1
Адуу,64,2018,Баянхонгор,175.9
Адуу,64,2019,Баянхонгор,189.5
Адуу,64,2020,Баянхонгор,163.3
Адуу,64,2021,Баянхонгор,136.6
Адуу,64,2022,Баянхонгор,160.4
Адуу,64,2023,Баянхонгор,177.3
Адуу,64,2024,Баянхонгор,176.9
Адуу,65,1970,Архангай,205.3
Адуу,65,1971,Архангай,199.6
Адуу,65,1972,Архангай,193.5
Адуу,65,1973,Архангай,185.2
Адуу,65,1974,Архангай,189.9
Адуу,65,1975,Архангай,192.1
Адуу,65,1976,Архангай,186.4
Адуу,65,1977,Архангай,179.8
Адуу,65,1978,Архангай,175.9
Адуу,65,1979,Архангай,173.5
Адуу,65,1980,Архангай,170.1
Адуу,65,1981,Архангай,174.3
Адуу,65,1982,Архангай,180.9
Адуу,65,1983,Архангай,176.5
Адуу,65,1984,Архангай,179.8
Адуу,65,1985,Архангай,176.3
Адуу,65,1986,Архангай,181.3
Адуу,65,1987,Архангай,180.5
Адуу,65,1988,Архангай,183.6
Адуу,65,1989,Архангай,186.2
Адуу,65,1990,Архангай,194.4
Адуу,65,1991,Архангай,192.4
Адуу,65,1992,Архангай,184.3
Адуу,65,1993,Архангай,189.4
Адуу,65,1994,Архангай,210.6
Адуу,65,1995,Архангай,223.4
Адуу,65,1996,Архангай,239.8
Адуу,65,1997,Архангай,252.6
Адуу,65,1998,Архангай,271.6
Адуу,65,1999,Архангай,298.1
Адуу,65,2000,Архангай,273.3
Адуу,65,2001,Архангай,216.7
Адуу,65,2002,Архангай,197.7
Адуу,65,2003,Архангай,192.6
Адуу,65,2004,Архангай,191.2
Адуу,65,2005,Архангай,194.4
Адуу,65,2006,Архангай,205.2
Адуу,65,2007,Архангай,219.7
Адуу,65,2008,Архангай,236.2
Адуу,65,2009,Архангай,251.2
Адуу,65,2010,Архангай,196.1
Адуу,65,2011,Архангай,218.7
Адуу,65,2012,Архангай,238.6
Адуу,65,2013,Архангай,268.2
Адуу,65,2014,Архангай,303.9
Адуу,65,2015,Архангай,324.2
Адуу,65,2016,Архангай,356.8
Адуу,65,2017,Архангай,381.1
Адуу,65,2018,Архангай,378.4
Адуу,65,2019,Архангай,425.9
Адуу,65,2020,Архангай,387.8
Адуу,65,2021,Архангай,416.3
Адуу,65,2022,Архангай,468
Адуу,65,2023,Архангай,448.5
Адуу,65,2024,Архангай,444.9
Адуу,67,1970,Хөвсгөл,147
Адуу,67,1971,Хөвсгөл,149.8
Адуу,67,1972,Хөвсгөл,146
Адуу,67,1973,Хөвсгөл,137.6
Адуу,67,1974,Хөвсгөл,138.3
Адуу,67,1975,Хөвсгөл,134.1
Адуу,67,1976,Хөвсгөл,124.8
Адуу,67,1977,Хөвсгөл,118.7
Адуу,67,1978,Хөвсгөл,116.1
Адуу,67,1979,Хөвсгөл,115.8
Адуу,67,1980,Хөвсгөл,116.5
Адуу,67,1981,Хөвсгөл,120.7
Адуу,67,1982,Хөвсгөл,122.9
Адуу,67,1983,Хөвсгөл,124.7
Адуу,67,1984,Хөвсгөл,129.1
Адуу,67,1985,Хөвсгөл,137.2
Адуу,67,1986,Хөвсгөл,143
Адуу,67,1987,Хөвсгөл,147.8
Адуу,67,1988,Хөвсгөл,152.7
Адуу,67,1989,Хөвсгөл,158.6
Адуу,67,1990,Хөвсгөл,168.3
Адуу,67,1991,Хөвсгөл,171.1
Адуу,67,1992,Хөвсгөл,169.7
Адуу,67,1993,Хөвсгөл,172.4
Адуу,67,1994,Хөвсгөл,190.3
Адуу,67,1995,Хөвсгөл,205.8
Адуу,67,1996,Хөвсгөл,217.7
Адуу,67,1997,Хөвсгөл,227.8
Адуу,67,1998,Хөвсгөл,235.6
Адуу,67,1999,Хөвсгөл,251.6
Адуу,67,2000,Хөвсгөл,229.3
Адуу,67,2001,Хөвсгөл,167.7
Адуу,67,2002,Хөвсгөл,168.3
Адуу,67,2003,Хөвсгөл,164.9
Адуу,67,2004,Хөвсгөл,156.1
Адуу,67,2005,Хөвсгөл,148
Адуу,67,2006,Хөвсгөл,148.9
Адуу,67,2007,Хөвсгөл,149.6
Адуу,67,2008,Хөвсгөл,151.8
Адуу,67,2009,Хөвсгөл,155.7
Адуу,67,2010,Хөвсгөл,148.7
Адуу,67,2011,Хөвсгөл,155.3
Адуу,67,2012,Хөвсгөл,161.2
Адуу,67,2013,Хөвсгөл,165.5
Адуу,67,2014,Хөвсгөл,183.3
Адуу,67,2015,Хөвсгөл,195.7
Адуу,67,2016,Хөвсгөл,223.4
Адуу,67,2017,Хөвсгөл,240.3
Адуу,67,2018,Хөвсгөл,262
Адуу,67,2019,Хөвсгөл,281.8
Адуу,67,2020,Хөвсгөл,271.5
Адуу,67,2021,Хөвсгөл,305.6
Адуу,67,2022,Хөвсгөл,348.5
Адуу,67,2023,Хөвсгөл,362.7
Адуу,67,2024,Хөвсгөл,375.9
Адуу,81,1970,Завхан,145.8
Адуу,81,1971,Завхан,149.4
Адуу,81,1972,Завхан,149
Адуу,81,1973,Завхан,145
Адуу,81,1974,Завхан,145.5
Адуу,81,1975,Завхан,140.5
Адуу,81,1976,Завхан,136.8
Адуу,81,1977,Завхан,126.7
Адуу,81,1978,Завхан,122
Адуу,81,1979,Завхан,118.7
Адуу,81,1980,Завхан,118.5
Адуу,81,1981,Завхан,119.1
Адуу,81,1982,Завхан,121.8
Адуу,81,1983,Завхан,116.9
Адуу,81,1984,Завхан,118.3
Адуу,81,1985,Завхан,120.7
Адуу,81,1986,Завхан,125.8
Адуу,81,1987,Завхан,132.1
Адуу,81,1988,Завхан,140.6
Адуу,81,1989,Завхан,149.2
Адуу,81,1990,Завхан,156.5
Адуу,81,1991,Завхан,151.8
Адуу,81,1992,Завхан,149.6
Адуу,81,1993,Завхан,143.9
Адуу,81,1994,Завхан,168.7
Адуу,81,1995,Завхан,189.5
Адуу,81,1996,Завхан,200.4
Адуу,81,1997,Завхан,204.8
Адуу,81,1998,Завхан,205
Адуу,81,1999,Завхан,192.2
Адуу,81,2000,Завхан,139
Адуу,81,2001,Завхан,101.9
Адуу,81,2002,Завхан,93.4
Адуу,81,2003,Завхан,94.1
Адуу,81,2004,Завхан,96.1
Адуу,81,2005,Завхан,101.2
Адуу,81,2006,Завхан,113.2
Адуу,81,2007,Завхан,127.2
Адуу,81,2008,Завхан,129.4
Адуу,81,2009,Завхан,124
Адуу,81,2010,Завхан,93.4
Адуу,81,2011,Завхан,105.4
Адуу,81,2012,Завхан,116.8
Адуу,81,2013,Завхан,130.1
Адуу,81,2014,Завхан,147.4
Адуу,81,2015,Завхан,163.1
Адуу,81,2016,Завхан,186.2
Адуу,81,2017,Завхан,207.4
Адуу,81,2018,Завхан,222.5
Адуу,81,2019,Завхан,243.7
Адуу,81,2020,Завхан,236.7
Адуу,81,2021,Завхан,252.7
Адуу,81,2022,Завхан,271.6
Адуу,81,2023,Завхан,253.4
Адуу,81,2024,Завхан,247
Адуу,82,1970,Говь-Алтай,82.7
Адуу,82,1971,Говь-Алтай,88
Адуу,82,1972,Говь-Алтай,92
Адуу,82,1973,Говь-Алтай,93.4
Адуу,82,1974,Говь-Алтай,99.4
Адуу,82,1975,Говь-Алтай,98
Адуу,82,1976,Говь-Алтай,98.3
Адуу,82,1977,Говь-Алтай,97.4
Адуу,82,1978,Говь-Алтай,92.5
Адуу,82,1979,Говь-Алтай,90
Адуу,82,1980,Говь-Алтай,90
Адуу,82,1981,Говь-Алтай,88.4
Адуу,82,1982,Говь-Алтай,84.4
Адуу,82,1983,Говь-Алтай,76.4
Адуу,82,1984,Говь-Алтай,70
Адуу,82,1985,Говь-Алтай,72.3
Адуу,82,1986,Говь-Алтай,73
Адуу,82,1987,Говь-Алтай,77.2
Адуу,82,1988,Говь-Алтай,78.4
Адуу,82,1989,Говь-Алтай,82.1
Адуу,82,1990,Говь-Алтай,81.6
Адуу,82,1991,Говь-Алтай,84.5
Адуу,82,1992,Говь-Алтай,81.1
Адуу,82,1993,Говь-Алтай,79.6
Адуу,82,1994,Говь-Алтай,91.2
Адуу,82,1995,Говь-Алтай,102.9
Адуу,82,1996,Говь-Алтай,107.6
Адуу,82,1997,Говь-Алтай,102.6
Адуу,82,1998,Говь-Алтай,106.5
Адуу,82,1999,Говь-Алтай,103.5
Адуу,82,2000,Говь-Алтай,91.9
Адуу,82,2001,Говь-Алтай,75.1
Адуу,82,2002,Говь-Алтай,35.1
Адуу,82,2003,Говь-Алтай,40.5
Адуу,82,2004,Говь-Алтай,47.2
Адуу,82,2005,Говь-Алтай,54.4
Адуу,82,2006,Говь-Алтай,62.6
Адуу,82,2007,Говь-Алтай,71.6
Адуу,82,2008,Говь-Алтай,73.8
Адуу,82,2009,Говь-Алтай,66
Адуу,82,2010,Говь-Алтай,38.8
Адуу,82,2011,Говь-Алтай,46.6
Адуу,82,2012,Говь-Алтай,55
Адуу,82,2013,Говь-Алтай,65.3
Адуу,82,2014,Говь-Алтай,76.7
Адуу,82,2015,Говь-Алтай,88.4
Адуу,82,2016,Говь-Алтай,106.8
Адуу,82,2017,Говь-Алтай,123.7
Адуу,82,2018,Говь-Алтай,130
Адуу,82,2019,Говь-Алтай,132.4
Адуу,82,2020,Говь-Алтай,122.1
Адуу,82,2021,Говь-Алтай,115.5
Адуу,82,2022,Говь-Алтай,127.6
Адуу,82,2023,Говь-Алтай,124.5
Адуу,82,2024,Говь-Алтай,130
Адуу,83,1970,Баян-Өлгий,65.6
Адуу,83,1971,Баян-Өлгий,69.3
Адуу,83,1972,Баян-Өлгий,70.5
Адуу,83,1973,Баян-Өлгий,72.4
Адуу,83,1974,Баян-Өлгий,75.4
Адуу,83,1975,Баян-Өлгий,67.2
Адуу,83,1976,Баян-Өлгий,68.7
Адуу,83,1977,Баян-Өлгий,62.9
Адуу,83,1978,Баян-Өлгий,60.9
Адуу,83,1979,Баян-Өлгий,62.1
Адуу,83,1980,Баян-Өлгий,63.5
Адуу,83,1981,Баян-Өлгий,65.9
Адуу,83,1982,Баян-Өлгий,68.8
Адуу,83,1983,Баян-Өлгий,67.7
Адуу,83,1984,Баян-Өлгий,71.1
Адуу,83,1985,Баян-Өлгий,77.2
Адуу,83,1986,Баян-Өлгий,80.6
Адуу,83,1987,Баян-Өлгий,80.9
Адуу,83,1988,Баян-Өлгий,81.4
Адуу,83,1989,Баян-Өлгий,83.4
Адуу,83,1990,Баян-Өлгий,83.1
Адуу,83,1991,Баян-Өлгий,73.6
Адуу,83,1992,Баян-Өлгий,66.3
Адуу,83,1993,Баян-Өлгий,62.3
Адуу,83,1994,Баян-Өлгий,70.2
Адуу,83,1995,Баян-Өлгий,80.1
Адуу,83,1996,Баян-Өлгий,84.3
Адуу,83,1997,Баян-Өлгий,87.7
Адуу,83,1998,Баян-Өлгий,79.8
Адуу,83,1999,Баян-Өлгий,79.4
Адуу,83,2000,Баян-Өлгий,68.8
Адуу,83,2001,Баян-Өлгий,66.6
Адуу,83,2002,Баян-Өлгий,60.6
Адуу,83,2003,Баян-Өлгий,62.1
Адуу,83,2004,Баян-Өлгий,60.8
Адуу,83,2005,Баян-Өлгий,57.6
Адуу,83,2006,Баян-Өлгий,61.8
Адуу,83,2007,Баян-Өлгий,65.7
Адуу,83,2008,Баян-Өлгий,59.7
Адуу,83,2009,Баян-Өлгий,51
Адуу,83,2010,Баян-Өлгий,43.5
Адуу,83,2011,Баян-Өлгий,48.5
Адуу,83,2012,Баян-Өлгий,51.7
Адуу,83,2013,Баян-Өлгий,58.4
Адуу,83,2014,Баян-Өлгий,69.6
Адуу,83,2015,Баян-Өлгий,77.3
Адуу,83,2016,Баян-Өлгий,85.8
Адуу,83,2017,Баян-Өлгий,93.4
Адуу,83,2018,Баян-Өлгий,95.3
Адуу,83,2019,Баян-Өлгий,99
Адуу,83,2020,Баян-Өлгий,99.8
Адуу,83,2021,Баян-Өлгий,113.4
Адуу,83,2022,Баян-Өлгий,116.7
Адуу,83,2023,Баян-Өлгий,115.8
Адуу,83,2024,Баян-Өлгий,124.9
Адуу,84,1970,Ховд,93.5
Адуу,84,1971,Ховд,101.3
Адуу,84,1972,Ховд,105.9
Адуу,84,1973,Ховд,107
Адуу,84,1974,Ховд,108.2
Адуу,84,1975,Ховд,101.5
Адуу,84,1976,Ховд,101.6
Адуу,84,1977,Ховд,88.6
Адуу,84,1978,Ховд,83.9
Адуу,84,1979,Ховд,83.2
Адуу,84,1980,Ховд,82.9
Адуу,84,1981,Ховд,87.8
Адуу,84,1982,Ховд,88.1
Адуу,84,1983,Ховд,82.6
Адуу,84,1984,Ховд,80.4
Адуу,84,1985,Ховд,87
Адуу,84,1986,Ховд,89.2
Адуу,84,1987,Ховд,93.2
Адуу,84,1988,Ховд,97.6
Адуу,84,1989,Ховд,101.5
Адуу,84,1990,Ховд,104.2
Адуу,84,1991,Ховд,98.5
Адуу,84,1992,Ховд,93.6
Адуу,84,1993,Ховд,95.1
Адуу,84,1994,Ховд,104.1
Адуу,84,1995,Ховд,116.6
Адуу,84,1996,Ховд,117.2
Адуу,84,1997,Ховд,111.6
Адуу,84,1998,Ховд,105.3
Адуу,84,1999,Ховд,107.6
Адуу,84,2000,Ховд,99.6
Адуу,84,2001,Ховд,80.3
Адуу,84,2002,Ховд,63.2
Адуу,84,2003,Ховд,67
Адуу,84,2004,Ховд,73.2
Адуу,84,2005,Ховд,77.1
Адуу,84,2006,Ховд,85.4
Адуу,84,2007,Ховд,92.2
Адуу,84,2008,Ховд,89
Адуу,84,2009,Ховд,81.8
Адуу,84,2010,Ховд,64.7
Адуу,84,2011,Ховд,68.2
Адуу,84,2012,Ховд,75.5
Адуу,84,2013,Ховд,83.8
Адуу,84,2014,Ховд,96.3
Адуу,84,2015,Ховд,107.6
Адуу,84,2016,Ховд,122.7
Адуу,84,2017,Ховд,132.1
Адуу,84,2018,Ховд,128.5
Адуу,84,2019,Ховд,128.8
Адуу,84,2020,Ховд,131.5
Адуу,84,2021,Ховд,146.6
Адуу,84,2022,Ховд,149.3
Адуу,84,2023,Ховд,142.9
Адуу,84,2024,Ховд,157.4
Адуу,85,1970,Увс,123.4
Адуу,85,1971,Увс,127.9
Адуу,85,1972,Увс,123.3
Адуу,85,1973,Увс,124.8
Адуу,85,1974,Увс,124.4
Адуу,85,1975,Увс,115.1
Адуу,85,1976,Увс,105.1
Адуу,85,1977,Увс,102.1
Адуу,85,1978,Увс,99.6
Адуу,85,1979,Увс,103.4
Адуу,85,1980,Увс,102.2
Адуу,85,1981,Увс,101.9
Адуу,85,1982,Увс,106.6
Адуу,85,1983,Увс,104.2
Адуу,85,1984,Увс,108.8
Адуу,85,1985,Увс,112.8
Адуу,85,1986,Увс,118.2
Адуу,85,1987,Увс,121.8
Адуу,85,1988,Увс,127.8
Адуу,85,1989,Увс,133.4
Адуу,85,1990,Увс,136.7
Адуу,85,1991,Увс,128.8
Адуу,85,1992,Увс,116.1
Адуу,85,1993,Увс,107.3
Адуу,85,1994,Увс,115
Адуу,85,1995,Увс,121.1
Адуу,85,1996,Увс,123.9
Адуу,85,1997,Увс,124.2
Адуу,85,1998,Увс,126.5
Адуу,85,1999,Увс,116
Адуу,85,2000,Увс,74.9
Адуу,85,2001,Увс,66.6
Адуу,85,2002,Увс,60.9
Адуу,85,2003,Увс,63.9
Адуу,85,2004,Увс,70.3
Адуу,85,2005,Увс,73.2
Адуу,85,2006,Увс,80.2
Адуу,85,2007,Увс,84.8
Адуу,85,2008,Увс,79.3
Адуу,85,2009,Увс,74.8
Адуу,85,2010,Увс,59.7
Адуу,85,2011,Увс,64
Адуу,85,2012,Увс,70.4
Адуу,85,2013,Увс,76.9
Адуу,85,2014,Увс,88.4
Адуу,85,2015,Увс,98
Адуу,85,2016,Увс,105.7
Адуу,85,2017,Увс,119.5
Адуу,85,2018,Увс,123.8
Адуу,85,2019,Увс,130.7
Адуу,85,2020,Увс,139.3
Адуу,85,2021,Увс,157.1
Адуу,85,2022,Увс,166.5
Адуу,85,2023,Увс,158.6
Адуу,85,2024,Увс,154.9
Бүгд,11,1970,Улаанбаатар,32
Бүгд,11,1971,Улаанбаатар,38.6
Бүгд,11,1972,Улаанбаатар,41.2
Бүгд,11,1973,Улаанбаатар,53.5
Бүгд,11,1974,Улаанбаатар,57.9
Бүгд,11,1975,Улаанбаатар,63.2
Бүгд,11,1976,Улаанбаатар,65.3
Бүгд,11,1977,Улаанбаатар,65.1
Бүгд,11,1978,Улаанбаатар,59.3
Бүгд,11,1980,Улаанбаатар,52
Бүгд,11,1981,Улаанбаатар,55.8
Бүгд,11,1982,Улаанбаатар,60.8
Бүгд,11,1983,Улаанбаатар,72.5
Бүгд,11,1984,Улаанбаатар,75.1
Бүгд,11,1985,Улаанбаатар,80.2
Бүгд,11,1986,Улаанбаатар,80.2
Бүгд,11,1987,Улаанбаатар,93.7
Бүгд,11,1988,Улаанбаатар,99.6
Бүгд,11,1989,Улаанбаатар,118.3
Бүгд,11,1990,Улаанбаатар,143.6
Бүгд,11,1991,Улаанбаатар,206.4
Бүгд,11,1992,Улаанбаатар,275.1
Бүгд,11,1993,Улаанбаатар,266.3
Бүгд,11,1994,Улаанбаатар,247.8
Бүгд,11,1995,Улаанбаатар,294.3
Бүгд,11,1996,Улаанбаатар,305.8
Бүгд,11,1997,Улаанбаатар,301.2
Бүгд,11,1998,Улаанбаатар,301
Бүгд,11,1999,Улаанбаатар,239.4
Бүгд,11,2000,Улаанбаатар,230.6
Бүгд,11,2001,Улаанбаатар,221.4
Бүгд,11,2002,Улаанбаатар,233.5
Бүгд,11,2003,Улаанбаатар,243.3
Бүгд,11,2004,Улаанбаатар,226.4
Бүгд,11,2005,Улаанбаатар,247.1
Бүгд,11,2006,Улаанбаатар,322
Бүгд,11,2007,Улаанбаатар,331.2
Бүгд,11,2008,Улаанбаатар,384.8
Бүгд,11,2009,Улаанбаатар,400.8
Бүгд,11,2010,Улаанбаатар,262.9
Бүгд,11,2011,Улаанбаатар,278.9
Бүгд,11,2012,Улаанбаатар,308.5
Бүгд,11,2013,Улаанбаатар,329.1
Бүгд,11,2014,Улаанбаатар,385.4
Бүгд,11,2015,Улаанбаатар,403.7
Бүгд,11,2016,Улаанбаатар,438.3
Бүгд,11,2017,Улаанбаатар,423.6
Бүгд,11,2018,Улаанбаатар,411.8
Бүгд,11,2019,Улаанбаатар,444.9
Бүгд,11,2020,Улаанбаатар,468.7
Бүгд,11,2021,Улаанбаатар,443.3
Бүгд,11,2022,Улаанбаатар,442.8
Бүгд,11,2023,Улаанбаатар,427.2
Бүгд,11,2024,Улаанбаатар,412.8
Бүгд,21,1970,Дорнод,992.1
Бүгд,21,1971,Дорнод,1015.2
Бүгд,21,1972,Дорнод,975.3
Бүгд,21,1973,Дорнод,1022.1
Бүгд,21,1974,Дорнод,1072.7
Бүгд,21,1975,Дорнод,1094.8
Бүгд,21,1976,Дорнод,1028.2
Бүгд,21,1977,Дорнод,1019
Бүгд,21,1978,Дорнод,1091.9
Бүгд,21,1979,Дорнод,1114.2
Бүгд,21,1980,Дорнод,1036.9
Бүгд,21,1981,Дорнод,1130.5
Бүгд,21,1982,Дорнод,1102.9
Бүгд,21,1983,Дорнод,990.6
Бүгд,21,1984,Дорнод,929.7
Бүгд,21,1985,Дорнод,930.1
Бүгд,21,1986,Дорнод,876.1
Бүгд,21,1987,Дорнод,887.6
Бүгд,21,1988,Дорнод,897.2
Бүгд,21,1989,Дорнод,923.7
Бүгд,21,1990,Дорнод,936.7
Бүгд,21,1991,Дорнод,888.9
Бүгд,21,1992,Дорнод,802.1
Бүгд,21,1993,Дорнод,712.7
Бүгд,21,1994,Дорнод,650.3
Бүгд,21,1995,Дорнод,591.4
Бүгд,21,1996,Дорнод,594.2
Бүгд,21,1997,Дорнод,657.2
Бүгд,21,1998,Дорнод,735.7
Бүгд,21,1999,Дорнод,811.8
Бүгд,21,2000,Дорнод,826.2
Бүгд,21,2001,Дорнод,794.1
Бүгд,21,2002,Дорнод,825.4
Бүгд,21,2003,Дорнод,843.8
Бүгд,21,2004,Дорнод,887.9
Бүгд,21,2005,Дорнод,978.5
Бүгд,21,2006,Дорнод,1113.3
Бүгд,21,2007,Дорнод,1307.3
Бүгд,21,2008,Дорнод,1476.2
Бүгд,21,2009,Дорнод,1450.7
Бүгд,21,2010,Дорнод,1113.3
Бүгд,21,2011,Дорнод,1149.8
Бүгд,21,2012,Дорнод,1207.3
Бүгд,21,2013,Дорнод,1220.1
Бүгд,21,2014,Дорнод,1393.4
Бүгд,21,2015,Дорнод,1555.4
Бүгд,21,2016,Дорнод,1722.9
Бүгд,21,2017,Дорнод,2057.8
Бүгд,21,2018,Дорнод,2377.8
Бүгд,21,2019,Дорнод,2629.6
Бүгд,21,2020,Дорнод,2749.7
Бүгд,21,2021,Дорнод,3051.1
Бүгд,21,2022,Дорнод,3342.3
Бүгд,21,2023,Дорнод,3151.7
Бүгд,21,2024,Дорнод,2652.2
Бүгд,22,1970,Сүхбаатар,1001.4
Бүгд,22,1971,Сүхбаатар,901.4
Бүгд,22,1972,Сүхбаатар,974
Бүгд,22,1973,Сүхбаатар,1053.6
Бүгд,22,1974,Сүхбаатар,1068
Бүгд,22,1975,Сүхбаатар,1073.9
Бүгд,22,1976,Сүхбаатар,1059.3
Бүгд,22,1977,Сүхбаатар,1087.9
Бүгд,22,1978,Сүхбаатар,1124.8
Бүгд,22,1979,Сүхбаатар,1162.4
Бүгд,22,1980,Сүхбаатар,1068.4
Бүгд,22,1981,Сүхбаатар,1131
Бүгд,22,1982,Сүхбаатар,1035.9
Бүгд,22,1983,Сүхбаатар,948.2
Бүгд,22,1984,Сүхбаатар,1007.2
Бүгд,22,1985,Сүхбаатар,1028.1
Бүгд,22,1986,Сүхбаатар,1032.8
Бүгд,22,1987,Сүхбаатар,916.6
Бүгд,22,1988,Сүхбаатар,959.3
Бүгд,22,1989,Сүхбаатар,996.8
Бүгд,22,1990,Сүхбаатар,1004.7
Бүгд,22,1991,Сүхбаатар,1035.8
Бүгд,22,1992,Сүхбаатар,1098.7
Бүгд,22,1993,Сүхбаатар,646.8
Бүгд,22,1994,Сүхбаатар,1086.9
Бүгд,22,1995,Сүхбаатар,1015.6
Бүгд,22,1996,Сүхбаатар,1040.9
Бүгд,22,1997,Сүхбаатар,1133.1
Бүгд,22,1998,Сүхбаатар,1288.2
Бүгд,22,1999,Сүхбаатар,1450.6
Бүгд,22,2000,Сүхбаатар,1492.5
Бүгд,22,2001,Сүхбаатар,1429.1
Бүгд,22,2002,Сүхбаатар,1516.1
Бүгд,22,2003,Сүхбаатар,1622.7
Бүгд,22,2004,Сүхбаатар,1580
Бүгд,22,2005,Сүхбаатар,1523.1
Бүгд,22,2006,Сүхбаатар,1634.2
Бүгд,22,2007,Сүхбаатар,1709.2
Бүгд,22,2008,Сүхбаатар,1542.5
Бүгд,22,2009,Сүхбаатар,1789.7
Бүгд,22,2010,Сүхбаатар,1979.8
Бүгд,22,2011,Сүхбаатар,2081.4
Бүгд,22,2012,Сүхбаатар,2280.6
Бүгд,22,2013,Сүхбаатар,2491.4
Бүгд,22,2014,Сүхбаатар,2818.2
Бүгд,22,2015,Сүхбаатар,3070.3
Бүгд,22,2016,Сүхбаатар,3030.4
Бүгд,22,2017,Сүхбаатар,3528.4
Бүгд,22,2018,Сүхбаатар,3716.8
Бүгд,22,2019,Сүхбаатар,3817
Бүгд,22,2020,Сүхбаатар,3893.6
Бүгд,22,2021,Сүхбаатар,4202.9
Бүгд,22,2022,Сүхбаатар,4644.8
Бүгд,22,2023,Сүхбаатар,3859.5
Бүгд,22,2024,Сүхбаатар,2008.9
Бүгд,23,1970,Хэнтий,1316.2
Бүгд,23,1971,Хэнтий,1331
Бүгд,23,1972,Хэнтий,1324.3
Бүгд,23,1973,Хэнтий,1316.4
Бүгд,23,1974,Хэнтий,1397.2
Бүгд,23,1975,Хэнтий,1403.8
Бүгд,23,1976,Хэнтий,1334.2
Бүгд,23,1977,Хэнтий,1266.5
Бүгд,23,1978,Хэнтий,1387.2
Бүгд,23,1979,Хэнтий,1431.8
Бүгд,23,1980,Хэнтий,1345.3
Бүгд,23,1981,Хэнтий,1447.3
Бүгд,23,1982,Хэнтий,1453.9
Бүгд,23,1983,Хэнтий,1363.3
Бүгд,23,1984,Хэнтий,1308.1
Бүгд,23,1985,Хэнтий,1242
Бүгд,23,1986,Хэнтий,1242
Бүгд,23,1987,Хэнтий,1262.5
Бүгд,23,1988,Хэнтий,1297.3
Бүгд,23,1989,Хэнтий,1423.3
Бүгд,23,1990,Хэнтий,1498.7
Бүгд,23,1991,Хэнтий,1380.4
Бүгд,23,1992,Хэнтий,1352.7
Бүгд,23,1993,Хэнтий,1183.4
Бүгд,23,1994,Хэнтий,1104
Бүгд,23,1995,Хэнтий,1100.9
Бүгд,23,1996,Хэнтий,1150.5
Бүгд,23,1997,Хэнтий,1254
Бүгд,23,1998,Хэнтий,1388.7
Бүгд,23,1999,Хэнтий,1462.3
Бүгд,23,2000,Хэнтий,1471.4
Бүгд,23,2001,Хэнтий,1356.7
Бүгд,23,2002,Хэнтий,1378.5
Бүгд,23,2003,Хэнтий,1451.8
Бүгд,23,2004,Хэнтий,1505.3
Бүгд,23,2005,Хэнтий,1689.7
Бүгд,23,2006,Хэнтий,1894.6
Бүгд,23,2007,Хэнтий,2183.2
Бүгд,23,2008,Хэнтий,2137
Бүгд,23,2009,Хэнтий,2251.1
Бүгд,23,2010,Хэнтий,2180.7
Бүгд,23,2011,Хэнтий,2379.1
Бүгд,23,2012,Хэнтий,2610.4
Бүгд,23,2013,Хэнтий,2875.3
Бүгд,23,2014,Хэнтий,3268.8
Бүгд,23,2015,Хэнтий,3551.2
Бүгд,23,2016,Хэнтий,3903.6
Бүгд,23,2017,Хэнтий,4409.3
Бүгд,23,2018,Хэнтий,4644.9
Бүгд,23,2019,Хэнтий,4868.4
Бүгд,23,2020,Хэнтий,4667.9
Бүгд,23,2021,Хэнтий,4955
Бүгд,23,2022,Хэнтий,5076.6
Бүгд,23,2023,Хэнтий,4401
Бүгд,23,2024,Хэнтий,3192
Бүгд,41,1970,Төв,1323.2
Бүгд,41,1971,Төв,1304.7
Бүгд,41,1972,Төв,1345.4
Бүгд,41,1973,Төв,1381.1
Бүгд,41,1974,Төв,1511.7
Бүгд,41,1975,Төв,1526.3
Бүгд,41,1976,Төв,1344.5
Бүгд,41,1977,Төв,1162.3
Бүгд,41,1978,Төв,1267.8
Бүгд,41,1979,Төв,1317.2
Бүгд,41,1980,Төв,1309
Бүгд,41,1981,Төв,1347.8
Бүгд,41,1982,Төв,1436.6
Бүгд,41,1983,Төв,1426
Бүгд,41,1984,Төв,1375.1
Бүгд,41,1985,Төв,1362.1
Бүгд,41,1986,Төв,1390.1
Бүгд,41,1987,Төв,1408.6
Бүгд,41,1988,Төв,1457.2
Бүгд,41,1989,Төв,1589.3
Бүгд,41,1990,Төв,1711.4
Бүгд,41,1991,Төв,1653.5
Бүгд,41,1992,Төв,1687.9
Бүгд,41,1993,Төв,1620.4
Бүгд,41,1994,Төв,1629.9
Бүгд,41,1995,Төв,1766.4
Бүгд,41,1996,Төв,1867.9
Бүгд,41,1997,Төв,2048.4
Бүгд,41,1998,Төв,2238.6
Бүгд,41,1999,Төв,2218.1
Бүгд,41,2000,Төв,2022.1
Бүгд,41,2001,Төв,1668
Бүгд,41,2002,Төв,1598
Бүгд,41,2003,Төв,1475.6
Бүгд,41,2004,Төв,1551.4
Бүгд,41,2005,Төв,1780.2
Бүгд,41,2006,Төв,2173.2
Бүгд,41,2007,Төв,2626.5
Бүгд,41,2008,Төв,3003
Бүгд,41,2009,Төв,3464.2
Бүгд,41,2010,Төв,2710.7
Бүгд,41,2011,Төв,2962
Бүгд,41,2012,Төв,3244.7
Бүгд,41,2013,Төв,3573
Бүгд,41,2014,Төв,4181.5
Бүгд,41,2015,Төв,4458.6
Бүгд,41,2016,Төв,4705.9
Бүгд,41,2017,Төв,4685.1
Бүгд,41,2018,Төв,4582.4
Бүгд,41,2019,Төв,4979.2
Бүгд,41,2020,Төв,4887.5
Бүгд,41,2021,Төв,4746
Бүгд,41,2022,Төв,5107.7
Бүгд,41,2023,Төв,4933
Бүгд,41,2024,Төв,4150.1
Бүгд,42,1991,Говьсүмбэр,93.8
Бүгд,42,1992,Говьсүмбэр,100
Бүгд,42,1993,Говьсүмбэр,105.3
Бүгд,42,1994,Говьсүмбэр,97.8
Бүгд,42,1995,Говьсүмбэр,103.1
Бүгд,42,1996,Говьсүмбэр,110.7
Бүгд,42,1997,Говьсүмбэр,117.8
Бүгд,42,1998,Говьсүмбэр,135.7
Бүгд,42,1999,Говьсүмбэр,136.5
Бүгд,42,2000,Говьсүмбэр,112.5
Бүгд,42,2001,Говьсүмбэр,65
Бүгд,42,2002,Говьсүмбэр,80
Бүгд,42,2003,Говьсүмбэр,107
Бүгд,42,2004,Говьсүмбэр,129.4
Бүгд,42,2005,Говьсүмбэр,155.9
Бүгд,42,2006,Говьсүмбэр,170.3
Бүгд,42,2007,Говьсүмбэр,188.7
Бүгд,42,2008,Говьсүмбэр,170.9
Бүгд,42,2009,Говьсүмбэр,168.7
Бүгд,42,2010,Говьсүмбэр,153.2
Бүгд,42,2011,Говьсүмбэр,189.7
Бүгд,42,2012,Говьсүмбэр,226.1
Бүгд,42,2013,Говьсүмбэр,272.8
Бүгд,42,2014,Говьсүмбэр,339.4
Бүгд,42,2015,Говьсүмбэр,379.5
Бүгд,42,2016,Говьсүмбэр,397.9
Бүгд,42,2017,Говьсүмбэр,438.4
Бүгд,42,2018,Говьсүмбэр,427.5
Бүгд,42,2019,Говьсүмбэр,452
Бүгд,42,2020,Говьсүмбэр,451
Бүгд,42,2021,Говьсүмбэр,432.2
Бүгд,42,2022,Говьсүмбэр,464.3
Бүгд,42,2023,Говьсүмбэр,450.1
Бүгд,42,2024,Говьсүмбэр,290.7
Бүгд,43,1970,Сэлэнгэ,349
Бүгд,43,1971,Сэлэнгэ,352.1
Бүгд,43,1972,Сэлэнгэ,375.4
Бүгд,43,1973,Сэлэнгэ,409.9
Бүгд,43,1974,Сэлэнгэ,436.2
Бүгд,43,1975,Сэлэнгэ,445.4
Бүгд,43,1976,Сэлэнгэ,409.8
Бүгд,43,1977,Сэлэнгэ,427.7
Бүгд,43,1978,Сэлэнгэ,454.1
Бүгд,43,1979,Сэлэнгэ,440.3
Бүгд,43,1980,Сэлэнгэ,397.9
Бүгд,43,1981,Сэлэнгэ,418.3
Бүгд,43,1982,Сэлэнгэ,403.2
Бүгд,43,1983,Сэлэнгэ,425.6
Бүгд,43,1984,Сэлэнгэ,425.2
Бүгд,43,1985,Сэлэнгэ,410.2
Бүгд,43,1986,Сэлэнгэ,414.6
Бүгд,43,1987,Сэлэнгэ,429.4
Бүгд,43,1988,Сэлэнгэ,448.6
Бүгд,43,1989,Сэлэнгэ,477.7
Бүгд,43,1990,Сэлэнгэ,512.5
Бүгд,43,1991,Сэлэнгэ,500
Бүгд,43,1992,Сэлэнгэ,481.9
Бүгд,43,1993,Сэлэнгэ,456.6
Бүгд,43,1994,Сэлэнгэ,496.4
Бүгд,43,1995,Сэлэнгэ,504.7
Бүгд,43,1996,Сэлэнгэ,506.6
Бүгд,43,1997,Сэлэнгэ,522.5
Бүгд,43,1998,Сэлэнгэ,569.4
Бүгд,43,1999,Сэлэнгэ,622.6
Бүгд,43,2000,Сэлэнгэ,654.5
Бүгд,43,2001,Сэлэнгэ,645.4
Бүгд,43,2002,Сэлэнгэ,683.4
Бүгд,43,2003,Сэлэнгэ,587
Бүгд,43,2004,Сэлэнгэ,577.4
Бүгд,43,2005,Сэлэнгэ,627.5
Бүгд,43,2006,Сэлэнгэ,774.4
Бүгд,43,2007,Сэлэнгэ,1030.2
Бүгд,43,2008,Сэлэнгэ,1442.1
Бүгд,43,2009,Сэлэнгэ,1510.5
Бүгд,43,2010,Сэлэнгэ,1265.6
Бүгд,43,2011,Сэлэнгэ,1260.9
Бүгд,43,2012,Сэлэнгэ,1305.6
Бүгд,43,2013,Сэлэнгэ,1314.2
Бүгд,43,2014,Сэлэнгэ,1471.7
Бүгд,43,2015,Сэлэнгэ,1458.7
Бүгд,43,2016,Сэлэнгэ,1599.8
Бүгд,43,2017,Сэлэнгэ,1509.9
Бүгд,43,2018,Сэлэнгэ,1540
Бүгд,43,2019,Сэлэнгэ,1682.5
Бүгд,43,2020,Сэлэнгэ,1818.5
Бүгд,43,2021,Сэлэнгэ,1886.7
Бүгд,43,2022,Сэлэнгэ,1912.3
Бүгд,43,2023,Сэлэнгэ,1769.4
Бүгд,43,2024,Сэлэнгэ,1602.5
Бүгд,44,1970,Дорноговь,767.5
Бүгд,44,1971,Дорноговь,804.5
Бүгд,44,1972,Дорноговь,842.1
Бүгд,44,1973,Дорноговь,860.5
Бүгд,44,1974,Дорноговь,928.2
Бүгд,44,1975,Дорноговь,918.7
Бүгд,44,1976,Дорноговь,908.9
Бүгд,44,1977,Дорноговь,859.7
Бүгд,44,1978,Дорноговь,903.1
Бүгд,44,1979,Дорноговь,907.5
Бүгд,44,1980,Дорноговь,875.3
Бүгд,44,1981,Дорноговь,869.5
Бүгд,44,1982,Дорноговь,920.9
Бүгд,44,1983,Дорноговь,884
Бүгд,44,1984,Дорноговь,888
Бүгд,44,1985,Дорноговь,896.6
Бүгд,44,1986,Дорноговь,891.3
Бүгд,44,1987,Дорноговь,877.9
Бүгд,44,1988,Дорноговь,892.2
Бүгд,44,1989,Дорноговь,962.4
Бүгд,44,1990,Дорноговь,943.5
Бүгд,44,1991,Дорноговь,890.9
Бүгд,44,1992,Дорноговь,870.9
Бүгд,44,1993,Дорноговь,810.4
Бүгд,44,1994,Дорноговь,824.3
Бүгд,44,1995,Дорноговь,886.2
Бүгд,44,1996,Дорноговь,922.6
Бүгд,44,1997,Дорноговь,963.2
Бүгд,44,1998,Дорноговь,1017.9
Бүгд,44,1999,Дорноговь,1110.2
Бүгд,44,2000,Дорноговь,1036.6
Бүгд,44,2001,Дорноговь,838.3
Бүгд,44,2002,Дорноговь,825.8
Бүгд,44,2003,Дорноговь,926.5
Бүгд,44,2004,Дорноговь,1018.5
Бүгд,44,2005,Дорноговь,971.1
Бүгд,44,2006,Дорноговь,712.4
Бүгд,44,2007,Дорноговь,814.7
Бүгд,44,2008,Дорноговь,932.7
Бүгд,44,2009,Дорноговь,1076.9
Бүгд,44,2010,Дорноговь,1056.8
Бүгд,44,2011,Дорноговь,1207.4
Бүгд,44,2012,Дорноговь,1327.9
Бүгд,44,2013,Дорноговь,1516.4
Бүгд,44,2014,Дорноговь,1686.8
Бүгд,44,2015,Дорноговь,1801.2
Бүгд,44,2016,Дорноговь,1752.9
Бүгд,44,2017,Дорноговь,2001.6
Бүгд,44,2018,Дорноговь,2148.1
Бүгд,44,2019,Дорноговь,2404.2
Бүгд,44,2020,Дорноговь,2551.5
Бүгд,44,2021,Дорноговь,2706.8
Бүгд,44,2022,Дорноговь,2909.7
Бүгд,44,2023,Дорноговь,2294.8
Бүгд,44,2024,Дорноговь,1452.2
Бүгд,45,1970,Дархан-Уул,4.3
Бүгд,45,1971,Дархан-Уул,8.4
Бүгд,45,1972,Дархан-Уул,10.7
Бүгд,45,1973,Дархан-Уул,6
Бүгд,45,1974,Дархан-Уул,12.4
Бүгд,45,1975,Дархан-Уул,13.1
Бүгд,45,1976,Дархан-Уул,14
Бүгд,45,1977,Дархан-Уул,15.7
Бүгд,45,1978,Дархан-Уул,17.7
Бүгд,45,1980,Дархан-Уул,22.1
Бүгд,45,1981,Дархан-Уул,24.4
Бүгд,45,1982,Дархан-Уул,50
Бүгд,45,1983,Дархан-Уул,57.5
Бүгд,45,1984,Дархан-Уул,61.7
Бүгд,45,1985,Дархан-Уул,61.9
Бүгд,45,1986,Дархан-Уул,61.9
Бүгд,45,1987,Дархан-Уул,59.2
Бүгд,45,1988,Дархан-Уул,68.1
Бүгд,45,1989,Дархан-Уул,80.3
Бүгд,45,1990,Дархан-Уул,109.3
Бүгд,45,1991,Дархан-Уул,137.3
Бүгд,45,1992,Дархан-Уул,145.5
Бүгд,45,1993,Дархан-Уул,130.4
Бүгд,45,1994,Дархан-Уул,139.5
Бүгд,45,1995,Дархан-Уул,138.6
Бүгд,45,1996,Дархан-Уул,137.1
Бүгд,45,1997,Дархан-Уул,136.8
Бүгд,45,1998,Дархан-Уул,168.2
Бүгд,45,1999,Дархан-Уул,179.4
Бүгд,45,2000,Дархан-Уул,194.5
Бүгд,45,2001,Дархан-Уул,179.7
Бүгд,45,2002,Дархан-Уул,166
Бүгд,45,2003,Дархан-Уул,122.2
Бүгд,45,2004,Дархан-Уул,125.1
Бүгд,45,2005,Дархан-Уул,142.9
Бүгд,45,2006,Дархан-Уул,180.2
Бүгд,45,2007,Дархан-Уул,230.4
Бүгд,45,2008,Дархан-Уул,345.3
Бүгд,45,2009,Дархан-Уул,361.5
Бүгд,45,2010,Дархан-Уул,249.8
Бүгд,45,2011,Дархан-Уул,256.8
Бүгд,45,2012,Дархан-Уул,268.4
Бүгд,45,2013,Дархан-Уул,279.1
Бүгд,45,2014,Дархан-Уул,324.2
Бүгд,45,2015,Дархан-Уул,288.4
Бүгд,45,2016,Дархан-Уул,324.2
Бүгд,45,2017,Дархан-Уул,310.9
Бүгд,45,2018,Дархан-Уул,306
Бүгд,45,2019,Дархан-Уул,347.4
Бүгд,45,2020,Дархан-Уул,360.6
Бүгд,45,2021,Дархан-Уул,355.3
Бүгд,45,2022,Дархан-Уул,313.2
Бүгд,45,2023,Дархан-Уул,261.3
Бүгд,45,2024,Дархан-Уул,252.3
Бүгд,46,1970,Өмнөговь,917.5
Бүгд,46,1971,Өмнөговь,868.3
Бүгд,46,1972,Өмнөговь,867
Бүгд,46,1973,Өмнөговь,764.5
Бүгд,46,1974,Өмнөговь,863.8
Бүгд,46,1975,Өмнөговь,963.2
Бүгд,46,1976,Өмнөговь,991.9
Бүгд,46,1977,Өмнөговь,1029.2
Бүгд,46,1978,Өмнөговь,1066.1
Бүгд,46,1979,Өмнөговь,1052
Бүгд,46,1980,Өмнөговь,962.9
Бүгд,46,1981,Өмнөговь,998.8
Бүгд,46,1982,Өмнөговь,1012.9
Бүгд,46,1983,Өмнөговь,894.1
Бүгд,46,1984,Өмнөговь,936.9
Бүгд,46,1985,Өмнөговь,855.7
Бүгд,46,1986,Өмнөговь,839.8
Бүгд,46,1987,Өмнөговь,871.3
Бүгд,46,1988,Өмнөговь,895.7
Бүгд,46,1989,Өмнөговь,953.1
Бүгд,46,1990,Өмнөговь,910.9
Бүгд,46,1991,Өмнөговь,927.9
Бүгд,46,1992,Өмнөговь,900
Бүгд,46,1993,Өмнөговь,908.3
Бүгд,46,1994,Өмнөговь,1044.5
Бүгд,46,1995,Өмнөговь,1203.5
Бүгд,46,1996,Өмнөговь,1320.8
Бүгд,46,1997,Өмнөговь,1508.4
Бүгд,46,1998,Өмнөговь,1603.8
Бүгд,46,1999,Өмнөговь,1608.9
Бүгд,46,2000,Өмнөговь,1489.6
Бүгд,46,2001,Өмнөговь,1209.6
Бүгд,46,2002,Өмнөговь,909.1
Бүгд,46,2003,Өмнөговь,907.4
Бүгд,46,2004,Өмнөговь,1070.1
Бүгд,46,2005,Өмнөговь,1121.5
Бүгд,46,2006,Өмнөговь,1155.8
Бүгд,46,2007,Өмнөговь,1400
Бүгд,46,2008,Өмнөговь,1684.9
Бүгд,46,2009,Өмнөговь,1755.2
Бүгд,46,2010,Өмнөговь,1010.3
Бүгд,46,2011,Өмнөговь,1223.5
Бүгд,46,2012,Өмнөговь,1419.3
Бүгд,46,2013,Өмнөговь,1653.3
Бүгд,46,2014,Өмнөговь,1849
Бүгд,46,2015,Өмнөговь,2055.8
Бүгд,46,2016,Өмнөговь,2314
Бүгд,46,2017,Өмнөговь,2654.4
Бүгд,46,2018,Өмнөговь,2598.4
Бүгд,46,2019,Өмнөговь,3000.3
Бүгд,46,2020,Өмнөговь,2880.8
Бүгд,46,2021,Өмнөговь,2513.8
Бүгд,46,2022,Өмнөговь,2637.3
Бүгд,46,2023,Өмнөговь,2042
Бүгд,46,2024,Өмнөговь,1970.1
Бүгд,48,1970,Дундговь,1339.3
Бүгд,48,1971,Дундговь,1186.6
Бүгд,48,1972,Дундговь,1322.3
Бүгд,48,1973,Дундговь,1362.9
Бүгд,48,1974,Дундговь,1461.9
Бүгд,48,1975,Дундговь,1436
Бүгд,48,1976,Дундговь,1473.4
Бүгд,48,1977,Дундговь,1365.4
Бүгд,48,1978,Дундговь,1475.9
Бүгд,48,1979,Дундговь,1464.6
Бүгд,48,1980,Дундговь,1351.9
Бүгд,48,1981,Дундговь,1288.4
Бүгд,48,1982,Дундговь,1394.3
Бүгд,48,1983,Дундговь,1408.4
Бүгд,48,1984,Дундговь,1315.1
Бүгд,48,1985,Дундговь,1302
Бүгд,48,1986,Дундговь,1335.6
Бүгд,48,1987,Дундговь,1233.9
Бүгд,48,1988,Дундговь,1226.4
Бүгд,48,1989,Дундговь,1406.8
Бүгд,48,1990,Дундговь,1505.5
Бүгд,48,1991,Дундговь,1571.7
Бүгд,48,1992,Дундговь,1591.1
Бүгд,48,1993,Дундговь,1483.8
Бүгд,48,1994,Дундговь,1521.9
Бүгд,48,1995,Дундговь,1714.4
Бүгд,48,1996,Дундговь,1844.8
Бүгд,48,1997,Дундговь,2025.7
Бүгд,48,1998,Дундговь,2212.8
Бүгд,48,1999,Дундговь,2105.2
Бүгд,48,2000,Дундговь,1282.8
Бүгд,48,2001,Дундговь,1397.4
Бүгд,48,2002,Дундговь,1475
Бүгд,48,2003,Дундговь,1598.1
Бүгд,48,2004,Дундговь,1780.9
Бүгд,48,2005,Дундговь,1829.1
Бүгд,48,2006,Дундговь,1905.1
Бүгд,48,2007,Дундговь,2109.6
Бүгд,48,2008,Дундговь,2040.6
Бүгд,48,2009,Дундговь,2147.1
Бүгд,48,2010,Дундговь,1111.5
Бүгд,48,2011,Дундговь,1348.7
Бүгд,48,2012,Дундговь,1671.9
Бүгд,48,2013,Дундговь,1996.3
Бүгд,48,2014,Дундговь,2435.7
Бүгд,48,2015,Дундговь,2764.4
Бүгд,48,2016,Дундговь,3059.9
Бүгд,48,2017,Дундговь,3593
Бүгд,48,2018,Дундговь,3825.9
Бүгд,48,2019,Дундговь,4093.1
Бүгд,48,2020,Дундговь,3741.1
Бүгд,48,2021,Дундговь,3170.5
Бүгд,48,2022,Дундговь,3626.4
Бүгд,48,2023,Дундговь,3661.1
Бүгд,48,2024,Дундговь,3385.4
Бүгд,61,1976,Орхон,2.5
Бүгд,61,1977,Орхон,5.7
Бүгд,61,1978,Орхон,6.7
Бүгд,61,1980,Орхон,8.8
Бүгд,61,1981,Орхон,13.9
Бүгд,61,1982,Орхон,19.2
Бүгд,61,1983,Орхон,22
Бүгд,61,1984,Орхон,24
Бүгд,61,1985,Орхон,26
Бүгд,61,1986,Орхон,26
Бүгд,61,1987,Орхон,30.1
Бүгд,61,1988,Орхон,36.3
Бүгд,61,1989,Орхон,43.1
Бүгд,61,1990,Орхон,53.5
Бүгд,61,1991,Орхон,73
Бүгд,61,1992,Орхон,92.1
Бүгд,61,1993,Орхон,105.7
Бүгд,61,1994,Орхон,110.9
Бүгд,61,1995,Орхон,127.3
Бүгд,61,1996,Орхон,123.1
Бүгд,61,1997,Орхон,120.3
Бүгд,61,1998,Орхон,132.3
Бүгд,61,1999,Орхон,163.9
Бүгд,61,2000,Орхон,168.5
Бүгд,61,2001,Орхон,168.9
Бүгд,61,2002,Орхон,159.7
Бүгд,61,2003,Орхон,107.9
Бүгд,61,2004,Орхон,115.2
Бүгд,61,2005,Орхон,137.3
Бүгд,61,2006,Орхон,174.4
Бүгд,61,2007,Орхон,210
Бүгд,61,2008,Орхон,268.9
Бүгд,61,2009,Орхон,256.2
Бүгд,61,2010,Орхон,169.2
Бүгд,61,2011,Орхон,168.3
Бүгд,61,2012,Орхон,184.5
Бүгд,61,2013,Орхон,179
Бүгд,61,2014,Орхон,123.2
Бүгд,61,2015,Орхон,119.8
Бүгд,61,2016,Орхон,134.2
Бүгд,61,2017,Орхон,122.3
Бүгд,61,2018,Орхон,114.4
Бүгд,61,2019,Орхон,126.9
Бүгд,61,2020,Орхон,137
Бүгд,61,2021,Орхон,154.6
Бүгд,61,2022,Орхон,169.9
Бүгд,61,2023,Орхон,175.3
Бүгд,61,2024,Орхон,175.8
Бүгд,62,1970,Өвөрхангай,1707.8
Бүгд,62,1971,Өвөрхангай,1652.1
Бүгд,62,1972,Өвөрхангай,1713.8
Бүгд,62,1973,Өвөрхангай,1733.1
Бүгд,62,1974,Өвөрхангай,1820.1
Бүгд,62,1975,Өвөрхангай,1875.2
Бүгд,62,1976,Өвөрхангай,1914.5
Бүгд,62,1977,Өвөрхангай,1953.3
Бүгд,62,1978,Өвөрхангай,2016.8
Бүгд,62,1979,Өвөрхангай,2023.2
Бүгд,62,1980,Өвөрхангай,1933.9
Бүгд,62,1981,Өвөрхангай,1928.9
Бүгд,62,1982,Өвөрхангай,2010
Бүгд,62,1983,Өвөрхангай,1739.8
Бүгд,62,1984,Өвөрхангай,1736
Бүгд,62,1985,Өвөрхангай,1675.7
Бүгд,62,1986,Өвөрхангай,1726.1
Бүгд,62,1987,Өвөрхангай,1749.3
Бүгд,62,1988,Өвөрхангай,1777.6
Бүгд,62,1989,Өвөрхангай,1937.6
Бүгд,62,1990,Өвөрхангай,2061.6
Бүгд,62,1991,Өвөрхангай,2022.3
Бүгд,62,1992,Өвөрхангай,2046
Бүгд,62,1993,Өвөрхангай,2106
Бүгд,62,1994,Өвөрхангай,2346.2
Бүгд,62,1995,Өвөрхангай,2595
Бүгд,62,1996,Өвөрхангай,2550.1
Бүгд,62,1997,Өвөрхангай,2718.2
Бүгд,62,1998,Өвөрхангай,2921.5
Бүгд,62,1999,Өвөрхангай,2956.6
Бүгд,62,2000,Өвөрхангай,2159
Бүгд,62,2001,Өвөрхангай,1869.1
Бүгд,62,2002,Өвөрхангай,1665.4
Бүгд,62,2003,Өвөрхангай,1918.8
Бүгд,62,2004,Өвөрхангай,2155.5
Бүгд,62,2005,Өвөрхангай,2301.2
Бүгд,62,2006,Өвөрхангай,2623.3
Бүгд,62,2007,Өвөрхангай,3190.2
Бүгд,62,2008,Өвөрхангай,3449.8
Бүгд,62,2009,Өвөрхангай,3620.2
Бүгд,62,2010,Өвөрхангай,2010.6
Бүгд,62,2011,Өвөрхангай,2425.7
Бүгд,62,2012,Өвөрхангай,2970.7
Бүгд,62,2013,Өвөрхангай,3486
Бүгд,62,2014,Өвөрхангай,4111.5
Бүгд,62,2015,Өвөрхангай,4511
Бүгд,62,2016,Өвөрхангай,5208.6
Бүгд,62,2017,Өвөрхангай,5743.5
Бүгд,62,2018,Өвөрхангай,5461.3
Бүгд,62,2019,Өвөрхангай,5625.5
Бүгд,62,2020,Өвөрхангай,4479.1
Бүгд,62,2021,Өвөрхангай,4022.7
Бүгд,62,2022,Өвөрхангай,4590.4
Бүгд,62,2023,Өвөрхангай,4734.7
Бүгд,62,2024,Өвөрхангай,5137.9
Бүгд,63,1970,Булган,906
Бүгд,63,1971,Булган,947
Бүгд,63,1972,Булган,958.6
Бүгд,63,1973,Булган,980.5
Бүгд,63,1974,Булган,1011.5
Бүгд,63,1975,Булган,1012.8
Бүгд,63,1976,Булган,948
Бүгд,63,1977,Булган,869.9
Бүгд,63,1978,Булган,926.8
Бүгд,63,1979,Булган,926.8
Бүгд,63,1980,Булган,937.3
Бүгд,63,1981,Булган,962
Бүгд,63,1982,Булган,1007
Бүгд,63,1983,Булган,992.6
Бүгд,63,1984,Булган,983.7
Бүгд,63,1985,Булган,934.6
Бүгд,63,1986,Булган,872.3
Бүгд,63,1987,Булган,846.6
Бүгд,63,1988,Булган,889.4
Бүгд,63,1989,Булган,943
Бүгд,63,1990,Булган,998.2
Бүгд,63,1991,Булган,1021.2
Бүгд,63,1992,Булган,1066.1
Бүгд,63,1993,Булган,1036.9
Бүгд,63,1994,Булган,1078.8
Бүгд,63,1995,Булган,1137.1
Бүгд,63,1996,Булган,1202.6
Бүгд,63,1997,Булган,1309.8
Бүгд,63,1998,Булган,1458.9
Бүгд,63,1999,Булган,1609.3
Бүгд,63,2000,Булган,1522.8
Бүгд,63,2001,Булган,1457.6
Бүгд,63,2002,Булган,1387.7
Бүгд,63,2003,Булган,1107.9
Бүгд,63,2004,Булган,1213.2
Бүгд,63,2005,Булган,1399.3
Бүгд,63,2006,Булган,1672.5
Бүгд,63,2007,Булган,2008.2
Бүгд,63,2008,Булган,2414.2
Бүгд,63,2009,Булган,2611.7
Бүгд,63,2010,Булган,2293.2
Бүгд,63,2011,Булган,2340.8
Бүгд,63,2012,Булган,2578.6
Бүгд,63,2013,Булган,2757.2
Бүгд,63,2014,Булган,3132.8
Бүгд,63,2015,Булган,3223.8
Бүгд,63,2016,Булган,3485.6
Бүгд,63,2017,Булган,3361.6
Бүгд,63,2018,Булган,3305.5
Бүгд,63,2019,Булган,3641.7
Бүгд,63,2020,Булган,3396
Бүгд,63,2021,Булган,3622.3
Бүгд,63,2022,Булган,3892.8
Бүгд,63,2023,Булган,3622.9
Бүгд,63,2024,Булган,3038.7
Бүгд,64,1970,Баянхонгор,1593.4
Бүгд,64,1971,Баянхонгор,1593.4
Бүгд,64,1972,Баянхонгор,1670
Бүгд,64,1973,Баянхонгор,1664.4
Бүгд,64,1974,Баянхонгор,1686.6
Бүгд,64,1975,Баянхонгор,1721.5
Бүгд,64,1976,Баянхонгор,1694.6
Бүгд,64,1977,Баянхонгор,1783.5
Бүгд,64,1978,Баянхонгор,1821.3
Бүгд,64,1979,Баянхонгор,1790.6
Бүгд,64,1980,Баянхонгор,1832.7
Бүгд,64,1981,Баянхонгор,1887.8
Бүгд,64,1982,Баянхонгор,1938.4
Бүгд,64,1983,Баянхонгор,1847.1
Бүгд,64,1984,Баянхонгор,1486.9
Бүгд,64,1985,Баянхонгор,1399.9
Бүгд,64,1986,Баянхонгор,1416.3
Бүгд,64,1987,Баянхонгор,1453.8
Бүгд,64,1988,Баянхонгор,1339.6
Бүгд,64,1989,Баянхонгор,1475.4
Бүгд,64,1990,Баянхонгор,1599.1
Бүгд,64,1991,Баянхонгор,1674.5
Бүгд,64,1992,Баянхонгор,1761.9
Бүгд,64,1993,Баянхонгор,1713.5
Бүгд,64,1994,Баянхонгор,1995.2
Бүгд,64,1995,Баянхонгор,2227.2
Бүгд,64,1996,Баянхонгор,2233.1
Бүгд,64,1997,Баянхонгор,2428
Бүгд,64,1998,Баянхонгор,2511.3
Бүгд,64,1999,Баянхонгор,2475.1
Бүгд,64,2000,Баянхонгор,2375.7
Бүгд,64,2001,Баянхонгор,1581.7
Бүгд,64,2002,Баянхонгор,862.2
Бүгд,64,2003,Баянхонгор,1099.2
Бүгд,64,2004,Баянхонгор,1323.7
Бүгд,64,2005,Баянхонгор,1553.5
Бүгд,64,2006,Баянхонгор,1878.4
Бүгд,64,2007,Баянхонгор,2284.7
Бүгд,64,2008,Баянхонгор,2643.5
Бүгд,64,2009,Баянхонгор,2684.7
Бүгд,64,2010,Баянхонгор,1963
Бүгд,64,2011,Баянхонгор,2237.8
Бүгд,64,2012,Баянхонгор,2640.8
Бүгд,64,2013,Баянхонгор,2987.1
Бүгд,64,2014,Баянхонгор,3465.9
Бүгд,64,2015,Баянхонгор,3771.9
Бүгд,64,2016,Баянхонгор,4236.3
Бүгд,64,2017,Баянхонгор,4587.7
Бүгд,64,2018,Баянхонгор,4249.5
Бүгд,64,2019,Баянхонгор,4644.9
Бүгд,64,2020,Баянхонгор,3839.9
Бүгд,64,2021,Баянхонгор,3127.1
Бүгд,64,2022,Баянхонгор,3719.6
Бүгд,64,2023,Баянхонгор,4072.2
Бүгд,64,2024,Баянхонгор,4027.1
Бүгд,65,1970,Архангай,1479.3
Бүгд,65,1971,Архангай,1511
Бүгд,65,1972,Архангай,1499.7
Бүгд,65,1973,Архангай,1492
Бүгд,65,1974,Архангай,1549.1
Бүгд,65,1975,Архангай,1550.4
Бүгд,65,1976,Архангай,1490.1
Бүгд,65,1977,Архангай,1393.2
Бүгд,65,1978,Архангай,1426
Бүгд,65,1979,Архангай,1428
Бүгд,65,1980,Архангай,1451.9
Бүгд,65,1981,Архангай,1512.3
Бүгд,65,1982,Архангай,1527.5
Бүгд,65,1983,Архангай,1386.3
Бүгд,65,1984,Архангай,1315.4
Бүгд,65,1985,Архангай,1202.5
Бүгд,65,1986,Архангай,1211.1
Бүгд,65,1987,Архангай,1243.1
Бүгд,65,1988,Архангай,1296.6
Бүгд,65,1989,Архангай,1382.2
Бүгд,65,1990,Архангай,1496.3
Бүгд,65,1991,Архангай,1504
Бүгд,65,1992,Архангай,1495.9
Бүгд,65,1993,Архангай,1494.7
Бүгд,65,1994,Архангай,1626.3
Бүгд,65,1995,Архангай,1626.4
Бүгд,65,1996,Архангай,1725.1
Бүгд,65,1997,Архангай,1924.2
Бүгд,65,1998,Архангай,2119.3
Бүгд,65,1999,Архангай,2335.5
Бүгд,65,2000,Архангай,2216.1
Бүгд,65,2001,Архангай,1836.1
Бүгд,65,2002,Архангай,1748.8
Бүгд,65,2003,Архангай,1837.5
Бүгд,65,2004,Архангай,1948.2
Бүгд,65,2005,Архангай,2194.9
Бүгд,65,2006,Архангай,2530.6
Бүгд,65,2007,Архангай,2912.6
Бүгд,65,2008,Архангай,3379.2
Бүгд,65,2009,Архангай,3619.1
Бүгд,65,2010,Архангай,2679.2
Бүгд,65,2011,Архангай,2984.3
Бүгд,65,2012,Архангай,3403.2
Бүгд,65,2013,Архангай,3772.3
Бүгд,65,2014,Архангай,4293.2
Бүгд,65,2015,Архангай,4457.1
Бүгд,65,2016,Архангай,5009.6
Бүгд,65,2017,Архангай,5291.7
Бүгд,65,2018,Архангай,5482
Бүгд,65,2019,Архангай,6167
Бүгд,65,2020,Архангай,5399.9
Бүгд,65,2021,Архангай,5562.2
Бүгд,65,2022,Архангай,5886.1
Бүгд,65,2023,Архангай,4847.4
Бүгд,65,2024,Архангай,4082.3
Бүгд,67,1970,Хөвсгөл,1599.6
Бүгд,67,1971,Хөвсгөл,1607.8
Бүгд,67,1972,Хөвсгөл,1587.8
Бүгд,67,1973,Хөвсгөл,1580.8
Бүгд,67,1974,Хөвсгөл,1676.1
Бүгд,67,1975,Хөвсгөл,1622.6
Бүгд,67,1976,Хөвсгөл,1494.3
Бүгд,67,1977,Хөвсгөл,1468.3
Бүгд,67,1978,Хөвсгөл,1567.2
Бүгд,67,1979,Хөвсгөл,1596
Бүгд,67,1980,Хөвсгөл,1600.5
Бүгд,67,1981,Хөвсгөл,1675
Бүгд,67,1982,Хөвсгөл,1734.3
Бүгд,67,1983,Хөвсгөл,1761.6
Бүгд,67,1984,Хөвсгөл,1777.9
Бүгд,67,1985,Хөвсгөл,1758.5
Бүгд,67,1986,Хөвсгөл,1725.8
Бүгд,67,1987,Хөвсгөл,1718.3
Бүгд,67,1988,Хөвсгөл,1740.1
Бүгд,67,1989,Хөвсгөл,1802.9
Бүгд,67,1990,Хөвсгөл,1871.9
Бүгд,67,1991,Хөвсгөл,1788.2
Бүгд,67,1992,Хөвсгөл,1747.5
Бүгд,67,1993,Хөвсгөл,1679.6
Бүгд,67,1994,Хөвсгөл,1788
Бүгд,67,1995,Хөвсгөл,1857.4
Бүгд,67,1996,Хөвсгөл,1976.9
Бүгд,67,1997,Хөвсгөл,2152.3
Бүгд,67,1998,Хөвсгөл,2295.9
Бүгд,67,1999,Хөвсгөл,2418.2
Бүгд,67,2000,Хөвсгөл,2269.6
Бүгд,67,2001,Хөвсгөл,1770
Бүгд,67,2002,Хөвсгөл,1900.8
Бүгд,67,2003,Хөвсгөл,2060.4
Бүгд,67,2004,Хөвсгөл,2295.2
Бүгд,67,2005,Хөвсгөл,2504.3
Бүгд,67,2006,Хөвсгөл,2973.5
Бүгд,67,2007,Хөвсгөл,3425.3
Бүгд,67,2008,Хөвсгөл,3815.7
Бүгд,67,2009,Хөвсгөл,3924.5
Бүгд,67,2010,Хөвсгөл,3101.3
Бүгд,67,2011,Хөвсгөл,3315.5
Бүгд,67,2012,Хөвсгөл,3601.7
Бүгд,67,2013,Хөвсгөл,3609.2
Бүгд,67,2014,Хөвсгөл,4157.2
Бүгд,67,2015,Хөвсгөл,4398.1
Бүгд,67,2016,Хөвсгөл,5089.4
Бүгд,67,2017,Хөвсгөл,5297.8
Бүгд,67,2018,Хөвсгөл,5710.4
Бүгд,67,2019,Хөвсгөл,6040.4
Бүгд,67,2020,Хөвсгөл,5500.6
Бүгд,67,2021,Хөвсгөл,5943.2
Бүгд,67,2022,Хөвсгөл,6254.1
Бүгд,67,2023,Хөвсгөл,5662
Бүгд,67,2024,Хөвсгөл,5163.2
Бүгд,81,1970,Завхан,1686.6
Бүгд,81,1971,Завхан,1781.6
Бүгд,81,1972,Завхан,1821.7
Бүгд,81,1973,Завхан,1811.2
Бүгд,81,1974,Завхан,1786.9
Бүгд,81,1975,Завхан,1837.5
Бүгд,81,1976,Завхан,1867.6
Бүгд,81,1977,Завхан,1713
Бүгд,81,1978,Завхан,1832
Бүгд,81,1979,Завхан,1842.2
Бүгд,81,1980,Завхан,1875.9
Бүгд,81,1981,Завхан,1777.7
Бүгд,81,1982,Завхан,1864.1
Бүгд,81,1983,Завхан,1795.6
Бүгд,81,1984,Завхан,1690.8
Бүгд,81,1985,Завхан,1703.9
Бүгд,81,1986,Завхан,1744.6
Бүгд,81,1987,Завхан,1804.2
Бүгд,81,1988,Завхан,1834.6
Бүгд,81,1989,Завхан,1987.3
Бүгд,81,1990,Завхан,2133.4
Бүгд,81,1991,Завхан,2079.9
Бүгд,81,1992,Завхан,2085
Бүгд,81,1993,Завхан,2003.8
Бүгд,81,1994,Завхан,2246.8
Бүгд,81,1995,Завхан,2401.4
Бүгд,81,1996,Завхан,2474.5
Бүгд,81,1997,Завхан,2556.5
Бүгд,81,1998,Завхан,2603.6
Бүгд,81,1999,Завхан,2432
Бүгд,81,2000,Завхан,1941.3
Бүгд,81,2001,Завхан,1486.7
Бүгд,81,2002,Завхан,1443.2
Бүгд,81,2003,Завхан,1628.6
Бүгд,81,2004,Завхан,1901.8
Бүгд,81,2005,Завхан,2102.2
Бүгд,81,2006,Завхан,2550.8
Бүгд,81,2007,Завхан,3000
Бүгд,81,2008,Завхан,3136
Бүгд,81,2009,Завхан,2827.6
Бүгд,81,2010,Завхан,1717.7
Бүгд,81,2011,Завхан,2006.1
Бүгд,81,2012,Завхан,2280
Бүгд,81,2013,Завхан,2539
Бүгд,81,2014,Завхан,2895.9
Бүгд,81,2015,Завхан,3133
Бүгд,81,2016,Завхан,3406.2
Бүгд,81,2017,Завхан,3597.3
Бүгд,81,2018,Завхан,3555.4
Бүгд,81,2019,Завхан,3849.9
Бүгд,81,2020,Завхан,3607.8
Бүгд,81,2021,Завхан,3755.2
Бүгд,81,2022,Завхан,3721.1
Бүгд,81,2023,Завхан,3067.6
Бүгд,81,2024,Завхан,3008.2
Бүгд,82,1970,Говь-Алтай,1342.5
Бүгд,82,1971,Говь-Алтай,1414.9
Бүгд,82,1972,Говь-Алтай,1395.3
Бүгд,82,1973,Говь-Алтай,1453.6
Бүгд,82,1974,Говь-Алтай,1451.6
Бүгд,82,1975,Говь-Алтай,1497.8
Бүгд,82,1976,Говь-Алтай,1524
Бүгд,82,1977,Говь-Алтай,1564.2
Бүгд,82,1978,Говь-Алтай,1590.2
Бүгд,82,1979,Говь-Алтай,1579.8
Бүгд,82,1980,Говь-Алтай,1582
Бүгд,82,1981,Говь-Алтай,1571.9
Бүгд,82,1982,Говь-Алтай,1549.7
Бүгд,82,1983,Говь-Алтай,1500.3
Бүгд,82,1984,Говь-Алтай,1321.3
Бүгд,82,1985,Говь-Алтай,1458.4
Бүгд,82,1986,Говь-Алтай,1477.7
Бүгд,82,1987,Говь-Алтай,1543.8
Бүгд,82,1988,Говь-Алтай,1561.6
Бүгд,82,1989,Говь-Алтай,1636
Бүгд,82,1990,Говь-Алтай,1693.6
Бүгд,82,1991,Говь-Алтай,1696.6
Бүгд,82,1992,Говь-Алтай,1775.3
Бүгд,82,1993,Говь-Алтай,1766.9
Бүгд,82,1994,Говь-Алтай,1973.4
Бүгд,82,1995,Говь-Алтай,2102.5
Бүгд,82,1996,Говь-Алтай,2087.2
Бүгд,82,1997,Говь-Алтай,2112.5
Бүгд,82,1998,Говь-Алтай,2113.1
Бүгд,82,1999,Говь-Алтай,2113.2
Бүгд,82,2000,Говь-Алтай,2035.1
Бүгд,82,2001,Говь-Алтай,1714.7
Бүгд,82,2002,Говь-Алтай,1010.5
Бүгд,82,2003,Говь-Алтай,1261.2
Бүгд,82,2004,Говь-Алтай,1539.6
Бүгд,82,2005,Говь-Алтай,1834.2
Бүгд,82,2006,Говь-Алтай,2199.2
Бүгд,82,2007,Говь-Алтай,2486.6
Бүгд,82,2008,Говь-Алтай,2505.9
Бүгд,82,2009,Говь-Алтай,2171.8
Бүгд,82,2010,Говь-Алтай,1315.5
Бүгд,82,2011,Говь-Алтай,1613.3
Бүгд,82,2012,Говь-Алтай,1911
Бүгд,82,2013,Говь-Алтай,2223.2
Бүгд,82,2014,Говь-Алтай,2578.1
Бүгд,82,2015,Говь-Алтай,2922.6
Бүгд,82,2016,Говь-Алтай,3497.5
Бүгд,82,2017,Говь-Алтай,3801.7
Бүгд,82,2018,Говь-Алтай,3513.4
Бүгд,82,2019,Говь-Алтай,3597.7
Бүгд,82,2020,Говь-Алтай,3310.8
Бүгд,82,2021,Говь-Алтай,2990.5
Бүгд,82,2022,Говь-Алтай,3167.5
Бүгд,82,2023,Говь-Алтай,3013.2
Бүгд,82,2024,Говь-Алтай,3095.3
Бүгд,83,1970,Баян-Өлгий,1073.9
Бүгд,83,1971,Баян-Өлгий,1106.4
Бүгд,83,1972,Баян-Өлгий,1107.4
Бүгд,83,1973,Баян-Өлгий,1178.4
Бүгд,83,1974,Баян-Өлгий,1155
Бүгд,83,1975,Баян-Өлгий,1092.5
Бүгд,83,1976,Баян-Өлгий,1101.8
Бүгд,83,1977,Баян-Өлгий,1025.2
Бүгд,83,1978,Баян-Өлгий,1019.4
Бүгд,83,1979,Баян-Өлгий,1078.7
Бүгд,83,1980,Баян-Өлгий,1105.8
Бүгд,83,1981,Баян-Өлгий,1135.2
Бүгд,83,1982,Баян-Өлгий,1171.1
Бүгд,83,1983,Баян-Өлгий,1137.9
Бүгд,83,1984,Баян-Өлгий,1161.4
Бүгд,83,1985,Баян-Өлгий,1198.6
Бүгд,83,1986,Баян-Өлгий,1236
Бүгд,83,1987,Баян-Өлгий,1241.2
Бүгд,83,1988,Баян-Өлгий,1235.4
Бүгд,83,1989,Баян-Өлгий,1284
Бүгд,83,1990,Баян-Өлгий,1318.4
Бүгд,83,1991,Баян-Өлгий,1159.9
Бүгд,83,1992,Баян-Өлгий,1033.5
Бүгд,83,1993,Баян-Өлгий,1005.4
Бүгд,83,1994,Баян-Өлгий,1156.6
Бүгд,83,1995,Баян-Өлгий,1354.2
Бүгд,83,1996,Баян-Өлгий,1405.8
Бүгд,83,1997,Баян-Өлгий,1519.4
Бүгд,83,1998,Баян-Өлгий,1346
Бүгд,83,1999,Баян-Өлгий,1362.4
Бүгд,83,2000,Баян-Өлгий,1310.4
Бүгд,83,2001,Баян-Өлгий,1297.8
Бүгд,83,2002,Баян-Өлгий,1234.2
Бүгд,83,2003,Баян-Өлгий,1315.6
Бүгд,83,2004,Баян-Өлгий,1346.7
Бүгд,83,2005,Баян-Өлгий,1320.5
Бүгд,83,2006,Баян-Өлгий,1470.3
Бүгд,83,2007,Баян-Өлгий,1597.3
Бүгд,83,2008,Баян-Өлгий,1529.6
Бүгд,83,2009,Баян-Өлгий,1301.5
Бүгд,83,2010,Баян-Өлгий,1126.9
Бүгд,83,2011,Баян-Өлгий,1302.8
Бүгд,83,2012,Баян-Өлгий,1410.6
Бүгд,83,2013,Баян-Өлгий,1604.1
Бүгд,83,2014,Баян-Өлгий,1883.6
Бүгд,83,2015,Баян-Өлгий,2021
Бүгд,83,2016,Баян-Өлгий,2167.4
Бүгд,83,2017,Баян-Өлгий,2226.1
Бүгд,83,2018,Баян-Өлгий,2166.9
Бүгд,83,2019,Баян-Өлгий,2192.8
Бүгд,83,2020,Баян-Өлгий,2224.7
Бүгд,83,2021,Баян-Өлгий,2379
Бүгд,83,2022,Баян-Өлгий,2255.8
Бүгд,83,2023,Баян-Өлгий,2046.1
Бүгд,83,2024,Баян-Өлгий,2125.1
Бүгд,84,1970,Ховд,1463.7
Бүгд,84,1971,Ховд,1556.1
Бүгд,84,1972,Ховд,1578.4
Бүгд,84,1973,Ховд,1675.9
Бүгд,84,1974,Ховд,1652
Бүгд,84,1975,Ховд,1592.9
Бүгд,84,1976,Ховд,1601.4
Бүгд,84,1977,Ховд,1472.8
Бүгд,84,1978,Ховд,1543.9
Бүгд,84,1979,Ховд,1559.2
Бүгд,84,1980,Ховд,1539.6
Бүгд,84,1981,Ховд,1641.3
Бүгд,84,1982,Ховд,1577.3
Бүгд,84,1983,Ховд,1499
Бүгд,84,1984,Ховд,1351.7
Бүгд,84,1985,Ховд,1488.6
Бүгд,84,1986,Ховд,1501.7
Бүгд,84,1987,Ховд,1554.2
Бүгд,84,1988,Ховд,1608.1
Бүгд,84,1989,Ховд,1637.7
Бүгд,84,1990,Ховд,1687.7
Бүгд,84,1991,Ховд,1636.6
Бүгд,84,1992,Ховд,1688.6
Бүгд,84,1993,Ховд,1823
Бүгд,84,1994,Ховд,1905
Бүгд,84,1995,Ховд,2070.6
Бүгд,84,1996,Ховд,1954.9
Бүгд,84,1997,Ховд,1926.5
Бүгд,84,1998,Ховд,1795.9
Бүгд,84,1999,Ховд,1867.9
Бүгд,84,2000,Ховд,1836.3
Бүгд,84,2001,Ховд,1512.4
Бүгд,84,2002,Ховд,1323.9
Бүгд,84,2003,Ховд,1541
Бүгд,84,2004,Ховд,1788.5
Бүгд,84,2005,Ховд,1963.7
Бүгд,84,2006,Ховд,2293.8
Бүгд,84,2007,Ховд,2564.4
Бүгд,84,2008,Ховд,2486.7
Бүгд,84,2009,Ховд,2268.4
Бүгд,84,2010,Ховд,1639.1
Бүгд,84,2011,Ховд,1771.3
Бүгд,84,2012,Ховд,2038.5
Бүгд,84,2013,Ховд,2241.3
Бүгд,84,2014,Ховд,2625.6
Бүгд,84,2015,Ховд,2905.4
Бүгд,84,2016,Ховд,3280.6
Бүгд,84,2017,Ховд,3446.6
Бүгд,84,2018,Ховд,3146.4
Бүгд,84,2019,Ховд,3084.3
Бүгд,84,2020,Ховд,3292.6
Бүгд,84,2021,Ховд,3597
Бүгд,84,2022,Ховд,3472.9
Бүгд,84,2023,Ховд,3194.9
Бүгд,84,2024,Ховд,3491.1
Бүгд,85,1970,Увс,1679.8
Бүгд,85,1971,Увс,1711.7
Бүгд,85,1972,Увс,1697.7
Бүгд,85,1973,Увс,1737.8
Бүгд,85,1974,Увс,1714.6
Бүгд,85,1975,Увс,1610
Бүгд,85,1976,Увс,1415.7
Бүгд,85,1977,Увс,1394.4
Бүгд,85,1978,Увс,1427.5
Бүгд,85,1979,Увс,1486.8
Бүгд,85,1980,Увс,1481.3
Бүгд,85,1981,Увс,1445.1
Бүгд,85,1982,Увс,1494.8
Бүгд,85,1983,Увс,1417.9
Бүгд,85,1984,Увс,1420.8
Бүгд,85,1985,Увс,1470.1
Бүгд,85,1986,Увс,1488.8
Бүгд,85,1987,Увс,1515.7
Бүгд,85,1988,Увс,1561.6
Бүгд,85,1989,Увс,1614.1
Бүгд,85,1990,Увс,1666.7
Бүгд,85,1991,Увс,1585.3
Бүгд,85,1992,Увс,1596.6
Бүгд,85,1993,Увс,1628.5
Бүгд,85,1994,Увс,1707.9
Бүгд,85,1995,Увс,1754.2
Бүгд,85,1996,Увс,1764.9
Бүгд,85,1997,Увс,1856.3
Бүгд,85,1998,Увс,1940.1
Бүгд,85,1999,Увс,1889.8
Бүгд,85,2000,Увс,1579.3
Бүгд,85,2001,Увс,1575.6
Бүгд,85,2002,Увс,1470.4
Бүгд,85,2003,Увс,1664.4
Бүгд,85,2004,Увс,1948.3
Бүгд,85,2005,Увс,2021.3
Бүгд,85,2006,Увс,2400.9
Бүгд,85,2007,Увс,2653.5
Бүгд,85,2008,Увс,2499.3
Бүгд,85,2009,Увс,2319.1
Бүгд,85,2010,Увс,1619.3
Бүгд,85,2011,Увс,1831.8
Бүгд,85,2012,Увс,2030.7
Бүгд,85,2013,Увс,2225.1
Бүгд,85,2014,Увс,2561.3
Бүгд,85,2015,Увс,2729.1
Бүгд,85,2016,Увс,2784.1
Бүгд,85,2017,Увс,3129.9
Бүгд,85,2018,Увс,3175.3
Бүгд,85,2019,Увс,3279.6
Бүгд,85,2020,Увс,3409.3
Бүгд,85,2021,Увс,3726.4
Бүгд,85,2022,Увс,3513.8
Бүгд,85,2023,Увс,2994.5
Бүгд,85,2024,Увс,2935.5
Тэмээ,11,1970,Улаанбаатар,0
Тэмээ,11,1971,Улаанбаатар,0
Тэмээ,11,1972,Улаанбаатар,0
Тэмээ,11,1973,Улаанбаатар,0
Тэмээ,11,1974,Улаанбаатар,0
Тэмээ,11,1975,Улаанбаатар,0
Тэмээ,11,1976,Улаанбаатар,0
Тэмээ,11,1977,Улаанбаатар,0
Тэмээ,11,1978,Улаанбаатар,0
Тэмээ,11,1979,Улаанбаатар,7.4
Тэмээ,11,1980,Улаанбаатар,0
Тэмээ,11,1981,Улаанбаатар,0
Тэмээ,11,1982,Улаанбаатар,0
Тэмээ,11,1983,Улаанбаатар,0
Тэмээ,11,1984,Улаанбаатар,0
Тэмээ,11,1985,Улаанбаатар,0
Тэмээ,11,1986,Улаанбаатар,0
Тэмээ,11,1987,Улаанбаатар,0
Тэмээ,11,1988,Улаанбаатар,0
Тэмээ,11,1989,Улаанбаатар,0
Тэмээ,11,1990,Улаанбаатар,0
Тэмээ,11,1991,Улаанбаатар,0
Тэмээ,11,1992,Улаанбаатар,0.1
Тэмээ,11,1993,Улаанбаатар,0.1
Тэмээ,11,1994,Улаанбаатар,0.1
Тэмээ,11,1995,Улаанбаатар,0.1
Тэмээ,11,1996,Улаанбаатар,0.1
Тэмээ,11,1997,Улаанбаатар,0.1
Тэмээ,11,1998,Улаанбаатар,0.1
Тэмээ,11,1999,Улаанбаатар,0.1
Тэмээ,11,2000,Улаанбаатар,0.1
Тэмээ,11,2001,Улаанбаатар,0.1
Тэмээ,11,2002,Улаанбаатар,0.1
Тэмээ,11,2003,Улаанбаатар,0.1
Тэмээ,11,2004,Улаанбаатар,0
Тэмээ,11,2005,Улаанбаатар,0.1
Тэмээ,11,2006,Улаанбаатар,0.1
Тэмээ,11,2007,Улаанбаатар,0.1
Тэмээ,11,2008,Улаанбаатар,0.2
Тэмээ,11,2009,Улаанбаатар,0.2
Тэмээ,11,2010,Улаанбаатар,0.2
Тэмээ,11,2011,Улаанбаатар,0.2
Тэмээ,11,2012,Улаанбаатар,0.2
Тэмээ,11,2013,Улаанбаатар,0.1
Тэмээ,11,2014,Улаанбаатар,0.2
Тэмээ,11,2015,Улаанбаатар,0.2
Тэмээ,11,2016,Улаанбаатар,0.2
Тэмээ,11,2017,Улаанбаатар,0.3
Тэмээ,11,2018,Улаанбаатар,0.2
Тэмээ,11,2019,Улаанбаатар,0.3
Тэмээ,11,2020,Улаанбаатар,0.2
Тэмээ,11,2021,Улаанбаатар,0.1
Тэмээ,11,2022,Улаанбаатар,0.1
Тэмээ,11,2023,Улаанбаатар,0.1
Тэмээ,11,2024,Улаанбаатар,0.1
Тэмээ,21,1970,Дорнод,15.6
Тэмээ,21,1971,Дорнод,15.9
Тэмээ,21,1972,Дорнод,15.5
Тэмээ,21,1973,Дорнод,16.2
Тэмээ,21,1974,Дорнод,16.6
Тэмээ,21,1975,Дорнод,17.3
Тэмээ,21,1976,Дорнод,17.1
Тэмээ,21,1977,Дорнод,17.2
Тэмээ,21,1978,Дорнод,17.3
Тэмээ,21,1979,Дорнод,17.5
Тэмээ,21,1980,Дорнод,15.7
Тэмээ,21,1981,Дорнод,16.6
Тэмээ,21,1982,Дорнод,16
Тэмээ,21,1983,Дорнод,16
Тэмээ,21,1984,Дорнод,15.3
Тэмээ,21,1985,Дорнод,14.9
Тэмээ,21,1986,Дорнод,14.4
Тэмээ,21,1987,Дорнод,14.2
Тэмээ,21,1988,Дорнод,14.3
Тэмээ,21,1989,Дорнод,14.4
Тэмээ,21,1990,Дорнод,13.3
Тэмээ,21,1991,Дорнод,11.8
Тэмээ,21,1992,Дорнод,9.9
Тэмээ,21,1993,Дорнод,8.6
Тэмээ,21,1994,Дорнод,7.7
Тэмээ,21,1995,Дорнод,6.8
Тэмээ,21,1996,Дорнод,6.2
Тэмээ,21,1997,Дорнод,6.1
Тэмээ,21,1998,Дорнод,6.1
Тэмээ,21,1999,Дорнод,6
Тэмээ,21,2000,Дорнод,5.9
Тэмээ,21,2001,Дорнод,6
Тэмээ,21,2002,Дорнод,6.2
Тэмээ,21,2003,Дорнод,6.3
Тэмээ,21,2004,Дорнод,6.4
Тэмээ,21,2005,Дорнод,6.3
Тэмээ,21,2006,Дорнод,6
Тэмээ,21,2007,Дорнод,6.3
Тэмээ,21,2008,Дорнод,6.3
Тэмээ,21,2009,Дорнод,6.4
Тэмээ,21,2010,Дорнод,6
Тэмээ,21,2011,Дорнод,5.6
Тэмээ,21,2012,Дорнод,5
Тэмээ,21,2013,Дорнод,4.7
Тэмээ,21,2014,Дорнод,4.6
Тэмээ,21,2015,Дорнод,4.9
Тэмээ,21,2016,Дорнод,5.2
Тэмээ,21,2017,Дорнод,5.6
Тэмээ,21,2018,Дорнод,6.1
Тэмээ,21,2019,Дорнод,6.3
Тэмээ,21,2020,Дорнод,6.2
Тэмээ,21,2021,Дорнод,6.5
Тэмээ,21,2022,Дорнод,6.5
Тэмээ,21,2023,Дорнод,6.5
Тэмээ,21,2024,Дорнод,5.9
Тэмээ,22,1970,Сүхбаатар,17.8
Тэмээ,22,1971,Сүхбаатар,17.4
Тэмээ,22,1972,Сүхбаатар,17.7
Тэмээ,22,1973,Сүхбаатар,17.9
Тэмээ,22,1974,Сүхбаатар,18.4
Тэмээ,22,1975,Сүхбаатар,19.1
Тэмээ,22,1976,Сүхбаатар,19.5
Тэмээ,22,1977,Сүхбаатар,18.6
Тэмээ,22,1978,Сүхбаатар,19.4
Тэмээ,22,1979,Сүхбаатар,19.8
Тэмээ,22,1980,Сүхбаатар,19
Тэмээ,22,1981,Сүхбаатар,19.6
Тэмээ,22,1982,Сүхбаатар,18.4
Тэмээ,22,1983,Сүхбаатар,17.8
Тэмээ,22,1984,Сүхбаатар,18.2
Тэмээ,22,1985,Сүхбаатар,18.3
Тэмээ,22,1986,Сүхбаатар,18.2
Тэмээ,22,1987,Сүхбаатар,16.9
Тэмээ,22,1988,Сүхбаатар,16.6
Тэмээ,22,1989,Сүхбаатар,16.8
Тэмээ,22,1990,Сүхбаатар,15.9
Тэмээ,22,1991,Сүхбаатар,13.9
Тэмээ,22,1992,Сүхбаатар,12.7
Тэмээ,22,1993,Сүхбаатар,7.9
Тэмээ,22,1994,Сүхбаатар,11.9
Тэмээ,22,1995,Сүхбаатар,11.4
Тэмээ,22,1996,Сүхбаатар,11.2
Тэмээ,22,1997,Сүхбаатар,11.8
Тэмээ,22,1998,Сүхбаатар,12.1
Тэмээ,22,1999,Сүхбаатар,12.5
Тэмээ,22,2000,Сүхбаатар,12.2
Тэмээ,22,2001,Сүхбаатар,12.1
Тэмээ,22,2002,Сүхбаатар,12.4
Тэмээ,22,2003,Сүхбаатар,12.9
Тэмээ,22,2004,Сүхбаатар,12.6
Тэмээ,22,2005,Сүхбаатар,11.8
Тэмээ,22,2006,Сүхбаатар,11.3
Тэмээ,22,2007,Сүхбаатар,10.8
Тэмээ,22,2008,Сүхбаатар,9.6
Тэмээ,22,2009,Сүхбаатар,10.1
Тэмээ,22,2010,Сүхбаатар,10.9
Тэмээ,22,2011,Сүхбаатар,10.7
Тэмээ,22,2012,Сүхбаатар,9.8
Тэмээ,22,2013,Сүхбаатар,8.9
Тэмээ,22,2014,Сүхбаатар,8.6
Тэмээ,22,2015,Сүхбаатар,8.3
Тэмээ,22,2016,Сүхбаатар,7.9
Тэмээ,22,2017,Сүхбаатар,8.3
Тэмээ,22,2018,Сүхбаатар,8.2
Тэмээ,22,2019,Сүхбаатар,7.9
Тэмээ,22,2020,Сүхбаатар,7.6
Тэмээ,22,2021,Сүхбаатар,7.7
Тэмээ,22,2022,Сүхбаатар,8
Тэмээ,22,2023,Сүхбаатар,7.6
Тэмээ,22,2024,Сүхбаатар,5.7
Тэмээ,23,1970,Хэнтий,14.5
Тэмээ,23,1971,Хэнтий,14.2
Тэмээ,23,1972,Хэнтий,13.1
Тэмээ,23,1973,Хэнтий,12.9
Тэмээ,23,1974,Хэнтий,13
Тэмээ,23,1975,Хэнтий,12.6
Тэмээ,23,1976,Хэнтий,11.7
Тэмээ,23,1977,Хэнтий,11.2
Тэмээ,23,1978,Хэнтий,11.6
Тэмээ,23,1979,Хэнтий,11.7
Тэмээ,23,1980,Хэнтий,11.1
Тэмээ,23,1981,Хэнтий,11.2
Тэмээ,23,1982,Хэнтий,10.6
Тэмээ,23,1983,Хэнтий,10.1
Тэмээ,23,1984,Хэнтий,9.8
Тэмээ,23,1985,Хэнтий,9.3
Тэмээ,23,1986,Хэнтий,9.3
Тэмээ,23,1987,Хэнтий,9.1
Тэмээ,23,1988,Хэнтий,9.5
Тэмээ,23,1989,Хэнтий,9.8
Тэмээ,23,1990,Хэнтий,9.9
Тэмээ,23,1991,Хэнтий,8.8
Тэмээ,23,1992,Хэнтий,7.9
Тэмээ,23,1993,Хэнтий,7.2
Тэмээ,23,1994,Хэнтий,7.3
Тэмээ,23,1995,Хэнтий,7.1
Тэмээ,23,1996,Хэнтий,7.1
Тэмээ,23,1997,Хэнтий,7.1
Тэмээ,23,1998,Хэнтий,7.3
Тэмээ,23,1999,Хэнтий,7.3
Тэмээ,23,2000,Хэнтий,7.3
Тэмээ,23,2001,Хэнтий,6.4
Тэмээ,23,2002,Хэнтий,6.2
Тэмээ,23,2003,Хэнтий,5.9
Тэмээ,23,2004,Хэнтий,5.5
Тэмээ,23,2005,Хэнтий,5.1
Тэмээ,23,2006,Хэнтий,5.1
Тэмээ,23,2007,Хэнтий,4.8
Тэмээ,23,2008,Хэнтий,4
Тэмээ,23,2009,Хэнтий,3.7
Тэмээ,23,2010,Хэнтий,3.7
Тэмээ,23,2011,Хэнтий,3.7
Тэмээ,23,2012,Хэнтий,3.7
Тэмээ,23,2013,Хэнтий,3.6
Тэмээ,23,2014,Хэнтий,3.8
Тэмээ,23,2015,Хэнтий,4
Тэмээ,23,2016,Хэнтий,4.3
Тэмээ,23,2017,Хэнтий,4.2
Тэмээ,23,2018,Хэнтий,4.3
Тэмээ,23,2019,Хэнтий,4.3
Тэмээ,23,2020,Хэнтий,4
Тэмээ,23,2021,Хэнтий,4.1
Тэмээ,23,2022,Хэнтий,4.1
Тэмээ,23,2023,Хэнтий,4
Тэмээ,23,2024,Хэнтий,3.3
Тэмээ,41,1970,Төв,11
Тэмээ,41,1971,Төв,11
Тэмээ,41,1972,Төв,10.9
Тэмээ,41,1973,Төв,10.6
Тэмээ,41,1974,Төв,10.8
Тэмээ,41,1975,Төв,11
Тэмээ,41,1976,Төв,10.4
Тэмээ,41,1977,Төв,9.6
Тэмээ,41,1978,Төв,9.7
Тэмээ,41,1979,Төв,10
Тэмээ,41,1980,Төв,10.4
Тэмээ,41,1981,Төв,10.5
Тэмээ,41,1982,Төв,10.7
Тэмээ,41,1983,Төв,10.9
Тэмээ,41,1984,Төв,10.1
Тэмээ,41,1985,Төв,9.7
Тэмээ,41,1986,Төв,9.5
Тэмээ,41,1987,Төв,9.4
Тэмээ,41,1988,Төв,9.4
Тэмээ,41,1989,Төв,9.7
Тэмээ,41,1990,Төв,9.5
Тэмээ,41,1991,Төв,6.9
Тэмээ,41,1992,Төв,5.6
Тэмээ,41,1993,Төв,4.8
Тэмээ,41,1994,Төв,4.2
Тэмээ,41,1995,Төв,4.3
Тэмээ,41,1996,Төв,4.2
Тэмээ,41,1997,Төв,4.1
Тэмээ,41,1998,Төв,4.1
Тэмээ,41,1999,Төв,4.2
Тэмээ,41,2000,Төв,3.6
Тэмээ,41,2001,Төв,2.9
Тэмээ,41,2002,Төв,2.7
Тэмээ,41,2003,Төв,2.6
Тэмээ,41,2004,Төв,2.4
Тэмээ,41,2005,Төв,2.2
Тэмээ,41,2006,Төв,2.1
Тэмээ,41,2007,Төв,2.1
Тэмээ,41,2008,Төв,2.4
Тэмээ,41,2009,Төв,2.6
Тэмээ,41,2010,Төв,2.2
Тэмээ,41,2011,Төв,2.9
Тэмээ,41,2012,Төв,2.4
Тэмээ,41,2013,Төв,2.7
Тэмээ,41,2014,Төв,2.9
Тэмээ,41,2015,Төв,3.1
Тэмээ,41,2016,Төв,3.4
Тэмээ,41,2017,Төв,3.5
Тэмээ,41,2018,Төв,3.5
Тэмээ,41,2019,Төв,3.6
Тэмээ,41,2020,Төв,3.6
Тэмээ,41,2021,Төв,3.7
Тэмээ,41,2022,Төв,4
Тэмээ,41,2023,Төв,4.1
Тэмээ,41,2024,Төв,3.9
Тэмээ,42,1991,Говьсүмбэр,0.4
Тэмээ,42,1992,Говьсүмбэр,0.4
Тэмээ,42,1993,Говьсүмбэр,0.4
Тэмээ,42,1994,Говьсүмбэр,0.5
Тэмээ,42,1995,Говьсүмбэр,0.5
Тэмээ,42,1996,Говьсүмбэр,0.5
Тэмээ,42,1997,Говьсүмбэр,0.4
Тэмээ,42,1998,Говьсүмбэр,0.5
Тэмээ,42,1999,Говьсүмбэр,0.5
Тэмээ,42,2000,Говьсүмбэр,0.5
Тэмээ,42,2001,Говьсүмбэр,0.4
Тэмээ,42,2002,Говьсүмбэр,0.4
Тэмээ,42,2003,Говьсүмбэр,0.5
Тэмээ,42,2004,Говьсүмбэр,0.5
Тэмээ,42,2005,Говьсүмбэр,0.4
Тэмээ,42,2006,Говьсүмбэр,0.5
Тэмээ,42,2007,Говьсүмбэр,0.5
Тэмээ,42,2008,Говьсүмбэр,0.5
Тэмээ,42,2009,Говьсүмбэр,0.5
Тэмээ,42,2010,Говьсүмбэр,0.5
Тэмээ,42,2011,Говьсүмбэр,0.6
Тэмээ,42,2012,Говьсүмбэр,0.6
Тэмээ,42,2013,Говьсүмбэр,0.8
Тэмээ,42,2014,Говьсүмбэр,0.9
Тэмээ,42,2015,Говьсүмбэр,0.9
Тэмээ,42,2016,Говьсүмбэр,0.8
Тэмээ,42,2017,Говьсүмбэр,0.9
Тэмээ,42,2018,Говьсүмбэр,1.1
Тэмээ,42,2019,Говьсүмбэр,1
Тэмээ,42,2020,Говьсүмбэр,1.1
Тэмээ,42,2021,Говьсүмбэр,1.1
Тэмээ,42,2022,Говьсүмбэр,1
Тэмээ,42,2023,Говьсүмбэр,1
Тэмээ,42,2024,Говьсүмбэр,1
Тэмээ,43,1970,Сэлэнгэ,0.2
Тэмээ,43,1971,Сэлэнгэ,0.2
Тэмээ,43,1972,Сэлэнгэ,0.2
Тэмээ,43,1973,Сэлэнгэ,0.2
Тэмээ,43,1974,Сэлэнгэ,0.2
Тэмээ,43,1975,Сэлэнгэ,0.2
Тэмээ,43,1976,Сэлэнгэ,0.2
Тэмээ,43,1977,Сэлэнгэ,0.2
Тэмээ,43,1978,Сэлэнгэ,0.2
Тэмээ,43,1979,Сэлэнгэ,0.2
Тэмээ,43,1980,Сэлэнгэ,0.2
Тэмээ,43,1981,Сэлэнгэ,0.2
Тэмээ,43,1982,Сэлэнгэ,0.2
Тэмээ,43,1983,Сэлэнгэ,0.2
Тэмээ,43,1984,Сэлэнгэ,0.2
Тэмээ,43,1985,Сэлэнгэ,0.2
Тэмээ,43,1986,Сэлэнгэ,0.2
Тэмээ,43,1987,Сэлэнгэ,0.2
Тэмээ,43,1988,Сэлэнгэ,0.2
Тэмээ,43,1989,Сэлэнгэ,0.3
Тэмээ,43,1990,Сэлэнгэ,0.3
Тэмээ,43,1991,Сэлэнгэ,0.3
Тэмээ,43,1992,Сэлэнгэ,0.3
Тэмээ,43,1993,Сэлэнгэ,0.3
Тэмээ,43,1994,Сэлэнгэ,0.3
Тэмээ,43,1995,Сэлэнгэ,0.3
Тэмээ,43,1996,Сэлэнгэ,0.4
Тэмээ,43,1997,Сэлэнгэ,0.4
Тэмээ,43,1998,Сэлэнгэ,0.4
Тэмээ,43,1999,Сэлэнгэ,0.4
Тэмээ,43,2000,Сэлэнгэ,0.7
Тэмээ,43,2001,Сэлэнгэ,0.7
Тэмээ,43,2002,Сэлэнгэ,0.8
Тэмээ,43,2003,Сэлэнгэ,0.7
Тэмээ,43,2004,Сэлэнгэ,0.5
Тэмээ,43,2005,Сэлэнгэ,0.4
Тэмээ,43,2006,Сэлэнгэ,0.5
Тэмээ,43,2007,Сэлэнгэ,0.5
Тэмээ,43,2008,Сэлэнгэ,0.7
Тэмээ,43,2009,Сэлэнгэ,0.7
Тэмээ,43,2010,Сэлэнгэ,0.8
Тэмээ,43,2011,Сэлэнгэ,0.6
Тэмээ,43,2012,Сэлэнгэ,0.6
Тэмээ,43,2013,Сэлэнгэ,0.5
Тэмээ,43,2014,Сэлэнгэ,0.5
Тэмээ,43,2015,Сэлэнгэ,0.5
Тэмээ,43,2016,Сэлэнгэ,0.5
Тэмээ,43,2017,Сэлэнгэ,0.5
Тэмээ,43,2018,Сэлэнгэ,0.5
Тэмээ,43,2019,Сэлэнгэ,0.5
Тэмээ,43,2020,Сэлэнгэ,0.4
Тэмээ,43,2021,Сэлэнгэ,0.5
Тэмээ,43,2022,Сэлэнгэ,0.6
Тэмээ,43,2023,Сэлэнгэ,0.6
Тэмээ,43,2024,Сэлэнгэ,0.6
Тэмээ,44,1970,Дорноговь,75.5
Тэмээ,44,1971,Дорноговь,79.9
Тэмээ,44,1972,Дорноговь,79.8
Тэмээ,44,1973,Дорноговь,73.2
Тэмээ,44,1974,Дорноговь,73.9
Тэмээ,44,1975,Дорноговь,72.7
Тэмээ,44,1976,Дорноговь,69.1
Тэмээ,44,1977,Дорноговь,70.2
Тэмээ,44,1978,Дорноговь,71.5
Тэмээ,44,1979,Дорноговь,73.6
Тэмээ,44,1980,Дорноговь,68.7
Тэмээ,44,1981,Дорноговь,65.5
Тэмээ,44,1982,Дорноговь,67
Тэмээ,44,1983,Дорноговь,68.6
Тэмээ,44,1984,Дорноговь,68.6
Тэмээ,44,1985,Дорноговь,68.4
Тэмээ,44,1986,Дорноговь,66.4
Тэмээ,44,1987,Дорноговь,65.6
Тэмээ,44,1988,Дорноговь,68
Тэмээ,44,1989,Дорноговь,67.5
Тэмээ,44,1990,Дорноговь,60.7
Тэмээ,44,1991,Дорноговь,52.5
Тэмээ,44,1992,Дорноговь,46.5
Тэмээ,44,1993,Дорноговь,35.8
Тэмээ,44,1994,Дорноговь,33.2
Тэмээ,44,1995,Дорноговь,31.2
Тэмээ,44,1996,Дорноговь,30
Тэмээ,44,1997,Дорноговь,29.2
Тэмээ,44,1998,Дорноговь,29.5
Тэмээ,44,1999,Дорноговь,30.3
Тэмээ,44,2000,Дорноговь,29.8
Тэмээ,44,2001,Дорноговь,28.1
Тэмээ,44,2002,Дорноговь,28.2
Тэмээ,44,2003,Дорноговь,29
Тэмээ,44,2004,Дорноговь,29.7
Тэмээ,44,2005,Дорноговь,28.5
Тэмээ,44,2006,Дорноговь,25.5
Тэмээ,44,2007,Дорноговь,24.5
Тэмээ,44,2008,Дорноговь,25.1
Тэмээ,44,2009,Дорноговь,26.1
Тэмээ,44,2010,Дорноговь,28.1
Тэмээ,44,2011,Дорноговь,30
Тэмээ,44,2012,Дорноговь,31.4
Тэмээ,44,2013,Дорноговь,32.8
Тэмээ,44,2014,Дорноговь,34.8
Тэмээ,44,2015,Дорноговь,36.1
Тэмээ,44,2016,Дорноговь,37.7
Тэмээ,44,2017,Дорноговь,40.7
Тэмээ,44,2018,Дорноговь,42.8
Тэмээ,44,2019,Дорноговь,43.5
Тэмээ,44,2020,Дорноговь,45.4
Тэмээ,44,2021,Дорноговь,48.3
Тэмээ,44,2022,Дорноговь,52.6
Тэмээ,44,2023,Дорноговь,54.5
Тэмээ,44,2024,Дорноговь,58.1
Тэмээ,45,1979,Дархан-Уул,2
Тэмээ,45,1989,Дархан-Уул,0.1
Тэмээ,45,1990,Дархан-Уул,0
Тэмээ,45,1991,Дархан-Уул,0.1
Тэмээ,45,1992,Дархан-Уул,0.1
Тэмээ,45,1993,Дархан-Уул,0
Тэмээ,45,1994,Дархан-Уул,0.1
Тэмээ,45,1995,Дархан-Уул,0
Тэмээ,45,1996,Дархан-Уул,0
Тэмээ,45,1997,Дархан-Уул,0.1
Тэмээ,45,1998,Дархан-Уул,0.1
Тэмээ,45,1999,Дархан-Уул,0.1
Тэмээ,45,2000,Дархан-Уул,0.2
Тэмээ,45,2001,Дархан-Уул,0.1
Тэмээ,45,2002,Дархан-Уул,0.1
Тэмээ,45,2003,Дархан-Уул,0
Тэмээ,45,2004,Дархан-Уул,0
Тэмээ,45,2005,Дархан-Уул,0.1
Тэмээ,45,2006,Дархан-Уул,0.3
Тэмээ,45,2007,Дархан-Уул,0.4
Тэмээ,45,2008,Дархан-Уул,0.5
Тэмээ,45,2009,Дархан-Уул,0.4
Тэмээ,45,2010,Дархан-Уул,0.7
Тэмээ,45,2011,Дархан-Уул,0.5
Тэмээ,45,2012,Дархан-Уул,0.4
Тэмээ,45,2013,Дархан-Уул,0.2
Тэмээ,45,2014,Дархан-Уул,0.1
Тэмээ,45,2015,Дархан-Уул,0.1
Тэмээ,45,2016,Дархан-Уул,0.1
Тэмээ,45,2017,Дархан-Уул,0
Тэмээ,45,2018,Дархан-Уул,0.1
Тэмээ,45,2019,Дархан-Уул,0.1
Тэмээ,45,2020,Дархан-Уул,0.1
Тэмээ,45,2021,Дархан-Уул,0.1
Тэмээ,45,2022,Дархан-Уул,0
Тэмээ,45,2023,Дархан-Уул,0
Тэмээ,45,2024,Дархан-Уул,0
Тэмээ,46,1970,Өмнөговь,152.7
Тэмээ,46,1971,Өмнөговь,148.9
Тэмээ,46,1972,Өмнөговь,143.9
Тэмээ,46,1973,Өмнөговь,123.9
Тэмээ,46,1974,Өмнөговь,125.4
Тэмээ,46,1975,Өмнөговь,138
Тэмээ,46,1976,Өмнөговь,138.8
Тэмээ,46,1977,Өмнөговь,144.5
Тэмээ,46,1978,Өмнөговь,145.6
Тэмээ,46,1979,Өмнөговь,146.6
Тэмээ,46,1980,Өмнөговь,142.9
Тэмээ,46,1981,Өмнөговь,143.7
Тэмээ,46,1982,Өмнөговь,143.9
Тэмээ,46,1983,Өмнөговь,141.6
Тэмээ,46,1984,Өмнөговь,140.9
Тэмээ,46,1985,Өмнөговь,138.6
Тэмээ,46,1986,Өмнөговь,133.4
Тэмээ,46,1987,Өмнөговь,130
Тэмээ,46,1988,Өмнөговь,131.7
Тэмээ,46,1989,Өмнөговь,133.7
Тэмээ,46,1990,Өмнөговь,127.9
Тэмээ,46,1991,Өмнөговь,115.8
Тэмээ,46,1992,Өмнөговь,102.1
Тэмээ,46,1993,Өмнөговь,91.3
Тэмээ,46,1994,Өмнөговь,91.6
Тэмээ,46,1995,Өмнөговь,92.9
Тэмээ,46,1996,Өмнөговь,92.9
Тэмээ,46,1997,Өмнөговь,95
Тэмээ,46,1998,Өмнөговь,97.7
Тэмээ,46,1999,Өмнөговь,98.8
Тэмээ,46,2000,Өмнөговь,92.8
Тэмээ,46,2001,Өмнөговь,82.3
Тэмээ,46,2002,Өмнөговь,72
Тэмээ,46,2003,Өмнөговь,70.2
Тэмээ,46,2004,Өмнөговь,70.8
Тэмээ,46,2005,Өмнөговь,70.9
Тэмээ,46,2006,Өмнөговь,71.7
Тэмээ,46,2007,Өмнөговь,75.4
Тэмээ,46,2008,Өмнөговь,80.8
Тэмээ,46,2009,Өмнөговь,85.7
Тэмээ,46,2010,Өмнөговь,83.8
Тэмээ,46,2011,Өмнөговь,87.8
Тэмээ,46,2012,Өмнөговь,97.3
Тэмээ,46,2013,Өмнөговь,103.1
Тэмээ,46,2014,Өмнөговь,112.7
Тэмээ,46,2015,Өмнөговь,118.6
Тэмээ,46,2016,Өмнөговь,130.5
Тэмээ,46,2017,Өмнөговь,141.2
Тэмээ,46,2018,Өмнөговь,152.3
Тэмээ,46,2019,Өмнөговь,157.9
Тэмээ,46,2020,Өмнөговь,166.8
Тэмээ,46,2021,Өмнөговь,160.6
Тэмээ,46,2022,Өмнөговь,164.8
Тэмээ,46,2023,Өмнөговь,157.2
Тэмээ,46,2024,Өмнөговь,148.2
Тэмээ,48,1970,Дундговь,64.7
Тэмээ,48,1971,Дундговь,64.4
Тэмээ,48,1972,Дундговь,66.4
Тэмээ,48,1973,Дундговь,67.1
Тэмээ,48,1974,Дундговь,68.5
Тэмээ,48,1975,Дундговь,66.9
Тэмээ,48,1976,Дундговь,62.7
Тэмээ,48,1977,Дундговь,61.1
Тэмээ,48,1978,Дундговь,60.8
Тэмээ,48,1979,Дундговь,60.8
Тэмээ,48,1980,Дундговь,55.9
Тэмээ,48,1981,Дундговь,52.4
Тэмээ,48,1982,Дундговь,53
Тэмээ,48,1983,Дундговь,54.2
Тэмээ,48,1984,Дундговь,54.5
Тэмээ,48,1985,Дундговь,53.1
Тэмээ,48,1986,Дундговь,53.1
Тэмээ,48,1987,Дундговь,53
Тэмээ,48,1988,Дундговь,54
Тэмээ,48,1989,Дундговь,56
Тэмээ,48,1990,Дундговь,53.7
Тэмээ,48,1991,Дундговь,48.1
Тэмээ,48,1992,Дундговь,41.1
Тэмээ,48,1993,Дундговь,31.4
Тэмээ,48,1994,Дундговь,30.5
Тэмээ,48,1995,Дундговь,30.7
Тэмээ,48,1996,Дундговь,29.7
Тэмээ,48,1997,Дундговь,29.8
Тэмээ,48,1998,Дундговь,29.4
Тэмээ,48,1999,Дундговь,28.4
Тэмээ,48,2000,Дундговь,21.1
Тэмээ,48,2001,Дундговь,19.4
Тэмээ,48,2002,Дундговь,19.7
Тэмээ,48,2003,Дундговь,20.4
Тэмээ,48,2004,Дундговь,21.3
Тэмээ,48,2005,Дундговь,20.7
Тэмээ,48,2006,Дундговь,19.7
Тэмээ,48,2007,Дундговь,19.8
Тэмээ,48,2008,Дундговь,19.9
Тэмээ,48,2009,Дундговь,20.7
Тэмээ,48,2010,Дундговь,18.9
Тэмээ,48,2011,Дундговь,19.7
Тэмээ,48,2012,Дундговь,23
Тэмээ,48,2013,Дундговь,24.9
Тэмээ,48,2014,Дундговь,28
Тэмээ,48,2015,Дундговь,30.8
Тэмээ,48,2016,Дундговь,33.9
Тэмээ,48,2017,Дундговь,36.8
Тэмээ,48,2018,Дундговь,39.3
Тэмээ,48,2019,Дундговь,41.3
Тэмээ,48,2020,Дундговь,41.7
Тэмээ,48,2021,Дундговь,39.4
Тэмээ,48,2022,Дундговь,41.1
Тэмээ,48,2023,Дундговь,43.7
Тэмээ,48,2024,Дундговь,45.4
Тэмээ,61,1979,Орхон,0.6
Тэмээ,61,1992,Орхон,0
Тэмээ,61,1993,Орхон,0
Тэмээ,61,1994,Орхон,0
Тэмээ,61,1995,Орхон,0
Тэмээ,61,1996,Орхон,0
Тэмээ,61,1997,Орхон,0.1
Тэмээ,61,1998,Орхон,0.1
Тэмээ,61,1999,Орхон,0.1
Тэмээ,61,2000,Орхон,0.1
Тэмээ,61,2001,Орхон,0.1
Тэмээ,61,2002,Орхон,0.1
Тэмээ,61,2003,Орхон,0.1
Тэмээ,61,2004,Орхон,0.1
Тэмээ,61,2005,Орхон,0.1
Тэмээ,61,2006,Орхон,0.1
Тэмээ,61,2007,Орхон,0.1
Тэмээ,61,2008,Орхон,0.2
Тэмээ,61,2009,Орхон,0.2
Тэмээ,61,2010,Орхон,0.2
Тэмээ,61,2011,Орхон,0.2
Тэмээ,61,2012,Орхон,0.2
Тэмээ,61,2013,Орхон,0.1
Тэмээ,61,2014,Орхон,0.1
Тэмээ,61,2015,Орхон,0
Тэмээ,61,2016,Орхон,0
Тэмээ,61,2017,Орхон,0
Тэмээ,61,2018,Орхон,0.1
Тэмээ,61,2019,Орхон,0.1
Тэмээ,61,2020,Орхон,0.1
Тэмээ,61,2021,Орхон,0.1
Тэмээ,61,2022,Орхон,0.1
Тэмээ,61,2023,Орхон,0.1
Тэмээ,61,2024,Орхон,0.1
Тэмээ,62,1970,Өвөрхангай,39.2
Тэмээ,62,1971,Өвөрхангай,36.7
Тэмээ,62,1972,Өвөрхангай,36.3
Тэмээ,62,1973,Өвөрхангай,36.9
Тэмээ,62,1974,Өвөрхангай,37
Тэмээ,62,1975,Өвөрхангай,37.5
Тэмээ,62,1976,Өвөрхангай,37.9
Тэмээ,62,1977,Өвөрхангай,38.7
Тэмээ,62,1978,Өвөрхангай,38.2
Тэмээ,62,1979,Өвөрхангай,38.6
Тэмээ,62,1980,Өвөрхангай,35.4
Тэмээ,62,1981,Өвөрхангай,35.1
Тэмээ,62,1982,Өвөрхангай,35.2
Тэмээ,62,1983,Өвөрхангай,35
Тэмээ,62,1984,Өвөрхангай,33.4
Тэмээ,62,1985,Өвөрхангай,30.1
Тэмээ,62,1986,Өвөрхангай,30.2
Тэмээ,62,1987,Өвөрхангай,30.6
Тэмээ,62,1988,Өвөрхангай,30.7
Тэмээ,62,1989,Өвөрхангай,31.7
Тэмээ,62,1990,Өвөрхангай,31.4
Тэмээ,62,1991,Өвөрхангай,27.7
Тэмээ,62,1992,Өвөрхангай,21.6
Тэмээ,62,1993,Өвөрхангай,21
Тэмээ,62,1994,Өвөрхангай,20.8
Тэмээ,62,1995,Өвөрхангай,20.9
Тэмээ,62,1996,Өвөрхангай,19.6
Тэмээ,62,1997,Өвөрхангай,19.2
Тэмээ,62,1998,Өвөрхангай,19.5
Тэмээ,62,1999,Өвөрхангай,19.3
Тэмээ,62,2000,Өвөрхангай,16.5
Тэмээ,62,2001,Өвөрхангай,14.7
Тэмээ,62,2002,Өвөрхангай,13.3
Тэмээ,62,2003,Өвөрхангай,14
Тэмээ,62,2004,Өвөрхангай,13.8
Тэмээ,62,2005,Өвөрхангай,13.1
Тэмээ,62,2006,Өвөрхангай,13
Тэмээ,62,2007,Өвөрхангай,13.5
Тэмээ,62,2008,Өвөрхангай,14.1
Тэмээ,62,2009,Өвөрхангай,15.2
Тэмээ,62,2010,Өвөрхангай,14.7
Тэмээ,62,2011,Өвөрхангай,15.9
Тэмээ,62,2012,Өвөрхангай,18.1
Тэмээ,62,2013,Өвөрхангай,19.7
Тэмээ,62,2014,Өвөрхангай,22
Тэмээ,62,2015,Өвөрхангай,23.1
Тэмээ,62,2016,Өвөрхангай,26.3
Тэмээ,62,2017,Өвөрхангай,28.8
Тэмээ,62,2018,Өвөрхангай,31.5
Тэмээ,62,2019,Өвөрхангай,32.7
Тэмээ,62,2020,Өвөрхангай,26.6
Тэмээ,62,2021,Өвөрхангай,19
Тэмээ,62,2022,Өвөрхангай,19.3
Тэмээ,62,2023,Өвөрхангай,20.7
Тэмээ,62,2024,Өвөрхангай,22
Тэмээ,63,1970,Булган,4.1
Тэмээ,63,1971,Булган,4.2
Тэмээ,63,1972,Булган,4.1
Тэмээ,63,1973,Булган,3.9
Тэмээ,63,1974,Булган,4
Тэмээ,63,1975,Булган,4.1
Тэмээ,63,1976,Булган,3.9
Тэмээ,63,1977,Булган,3.7
Тэмээ,63,1978,Булган,4
Тэмээ,63,1979,Булган,4.1
Тэмээ,63,1980,Булган,4.1
Тэмээ,63,1981,Булган,4.2
Тэмээ,63,1982,Булган,4.3
Тэмээ,63,1983,Булган,4.1
Тэмээ,63,1984,Булган,4.2
Тэмээ,63,1985,Булган,4.1
Тэмээ,63,1986,Булган,4
Тэмээ,63,1987,Булган,4.1
Тэмээ,63,1988,Булган,4.2
Тэмээ,63,1989,Булган,4.4
Тэмээ,63,1990,Булган,4.4
Тэмээ,63,1991,Булган,3.7
Тэмээ,63,1992,Булган,3.1
Тэмээ,63,1993,Булган,1.8
Тэмээ,63,1994,Булган,1.5
Тэмээ,63,1995,Булган,1.3
Тэмээ,63,1996,Булган,1.1
Тэмээ,63,1997,Булган,1.1
Тэмээ,63,1998,Булган,1
Тэмээ,63,1999,Булган,1
Тэмээ,63,2000,Булган,1
Тэмээ,63,2001,Булган,0.9
Тэмээ,63,2002,Булган,0.7
Тэмээ,63,2003,Булган,0.6
Тэмээ,63,2004,Булган,0.5
Тэмээ,63,2005,Булган,0.4
Тэмээ,63,2006,Булган,0.4
Тэмээ,63,2007,Булган,0.4
Тэмээ,63,2008,Булган,0.5
Тэмээ,63,2009,Булган,0.8
Тэмээ,63,2010,Булган,0.9
Тэмээ,63,2011,Булган,1
Тэмээ,63,2012,Булган,1
Тэмээ,63,2013,Булган,1.1
Тэмээ,63,2014,Булган,1.2
Тэмээ,63,2015,Булган,1.2
Тэмээ,63,2016,Булган,1.3
Тэмээ,63,2017,Булган,1.4
Тэмээ,63,2018,Булган,1.4
Тэмээ,63,2019,Булган,1.5
Тэмээ,63,2020,Булган,1.4
Тэмээ,63,2021,Булган,1.5
Тэмээ,63,2022,Булган,1.6
Тэмээ,63,2023,Булган,2
Тэмээ,63,2024,Булган,2.3
Тэмээ,64,1970,Баянхонгор,57.6
Тэмээ,64,1971,Баянхонгор,54.9
Тэмээ,64,1972,Баянхонгор,54.8
Тэмээ,64,1973,Баянхонгор,56.5
Тэмээ,64,1974,Баянхонгор,56.6
Тэмээ,64,1975,Баянхонгор,57.8
Тэмээ,64,1976,Баянхонгор,58.6
Тэмээ,64,1977,Баянхонгор,58.9
Тэмээ,64,1978,Баянхонгор,58.3
Тэмээ,64,1979,Баянхонгор,57.8
Тэмээ,64,1980,Баянхонгор,55.5
Тэмээ,64,1981,Баянхонгор,55.9
Тэмээ,64,1982,Баянхонгор,56.5
Тэмээ,64,1983,Баянхонгор,56.8
Тэмээ,64,1984,Баянхонгор,52.8
Тэмээ,64,1985,Баянхонгор,50.4
Тэмээ,64,1986,Баянхонгор,49.4
Тэмээ,64,1987,Баянхонгор,48.3
Тэмээ,64,1988,Баянхонгор,46.8
Тэмээ,64,1989,Баянхонгор,46.2
Тэмээ,64,1990,Баянхонгор,45.4
Тэмээ,64,1991,Баянхонгор,41.8
Тэмээ,64,1992,Баянхонгор,37.7
Тэмээ,64,1993,Баянхонгор,35.7
Тэмээ,64,1994,Баянхонгор,37.9
Тэмээ,64,1995,Баянхонгор,39.7
Тэмээ,64,1996,Баянхонгор,38.7
Тэмээ,64,1997,Баянхонгор,38.8
Тэмээ,64,1998,Баянхонгор,38.7
Тэмээ,64,1999,Баянхонгор,39.5
Тэмээ,64,2000,Баянхонгор,37.1
Тэмээ,64,2001,Баянхонгор,28.2
Тэмээ,64,2002,Баянхонгор,19.4
Тэмээ,64,2003,Баянхонгор,20.7
Тэмээ,64,2004,Баянхонгор,21
Тэмээ,64,2005,Баянхонгор,22.8
Тэмээ,64,2006,Баянхонгор,23.1
Тэмээ,64,2007,Баянхонгор,25.2
Тэмээ,64,2008,Баянхонгор,27.4
Тэмээ,64,2009,Баянхонгор,29.7
Тэмээ,64,2010,Баянхонгор,30.1
Тэмээ,64,2011,Баянхонгор,30.3
Тэмээ,64,2012,Баянхонгор,34.5
Тэмээ,64,2013,Баянхонгор,37.2
Тэмээ,64,2014,Баянхонгор,41.7
Тэмээ,64,2015,Баянхонгор,44.5
Тэмээ,64,2016,Баянхонгор,49.7
Тэмээ,64,2017,Баянхонгор,54.3
Тэмээ,64,2018,Баянхонгор,57.4
Тэмээ,64,2019,Баянхонгор,58.1
Тэмээ,64,2020,Баянхонгор,55.5
Тэмээ,64,2021,Баянхонгор,45.5
Тэмээ,64,2022,Баянхонгор,45.5
Тэмээ,64,2023,Баянхонгор,48.9
Тэмээ,64,2024,Баянхонгор,52.6
Тэмээ,65,1970,Архангай,3.1
Тэмээ,65,1971,Архангай,3
Тэмээ,65,1972,Архангай,2.8
Тэмээ,65,1973,Архангай,2.7
Тэмээ,65,1974,Архангай,2.7
Тэмээ,65,1975,Архангай,2.6
Тэмээ,65,1976,Архангай,2.2
Тэмээ,65,1977,Архангай,2
Тэмээ,65,1978,Архангай,2
Тэмээ,65,1979,Архангай,2.1
Тэмээ,65,1980,Архангай,2.1
Тэмээ,65,1981,Архангай,2.1
Тэмээ,65,1982,Архангай,2.3
Тэмээ,65,1983,Архангай,2.1
Тэмээ,65,1984,Архангай,2.1
Тэмээ,65,1985,Архангай,2.1
Тэмээ,65,1986,Архангай,2.1
Тэмээ,65,1987,Архангай,2.2
Тэмээ,65,1988,Архангай,2.2
Тэмээ,65,1989,Архангай,2.3
Тэмээ,65,1990,Архангай,2.3
Тэмээ,65,1991,Архангай,1.7
Тэмээ,65,1992,Архангай,1.2
Тэмээ,65,1993,Архангай,1
Тэмээ,65,1994,Архангай,1
Тэмээ,65,1995,Архангай,0.9
Тэмээ,65,1996,Архангай,0.8
Тэмээ,65,1997,Архангай,0.8
Тэмээ,65,1998,Архангай,0.8
Тэмээ,65,1999,Архангай,0.8
Тэмээ,65,2000,Архангай,0.8
Тэмээ,65,2001,Архангай,0.6
Тэмээ,65,2002,Архангай,0.7
Тэмээ,65,2003,Архангай,0.7
Тэмээ,65,2004,Архангай,0.7
Тэмээ,65,2005,Архангай,0.7
Тэмээ,65,2006,Архангай,0.8
Тэмээ,65,2007,Архангай,0.8
Тэмээ,65,2008,Архангай,0.7
Тэмээ,65,2009,Архангай,0.8
Тэмээ,65,2010,Архангай,0.9
Тэмээ,65,2011,Архангай,0.9
Тэмээ,65,2012,Архангай,1.1
Тэмээ,65,2013,Архангай,1.1
Тэмээ,65,2014,Архангай,1.2
Тэмээ,65,2015,Архангай,1.1
Тэмээ,65,2016,Архангай,1.2
Тэмээ,65,2017,Архангай,1.4
Тэмээ,65,2018,Архангай,1.3
Тэмээ,65,2019,Архангай,1.4
Тэмээ,65,2020,Архангай,1.3
Тэмээ,65,2021,Архангай,1.7
Тэмээ,65,2022,Архангай,1.7
Тэмээ,65,2023,Архангай,1.5
Тэмээ,65,2024,Архангай,1.6
Тэмээ,67,1970,Хөвсгөл,8.5
Тэмээ,67,1971,Хөвсгөл,8.4
Тэмээ,67,1972,Хөвсгөл,8.2
Тэмээ,67,1973,Хөвсгөл,8
Тэмээ,67,1974,Хөвсгөл,7.9
Тэмээ,67,1975,Хөвсгөл,7.7
Тэмээ,67,1976,Хөвсгөл,7
Тэмээ,67,1977,Хөвсгөл,6.7
Тэмээ,67,1978,Хөвсгөл,6.6
Тэмээ,67,1979,Хөвсгөл,6.5
Тэмээ,67,1980,Хөвсгөл,6.5
Тэмээ,67,1981,Хөвсгөл,6.6
Тэмээ,67,1982,Хөвсгөл,6.9
Тэмээ,67,1983,Хөвсгөл,6.8
Тэмээ,67,1984,Хөвсгөл,6.7
Тэмээ,67,1985,Хөвсгөл,6.8
Тэмээ,67,1986,Хөвсгөл,6.7
Тэмээ,67,1987,Хөвсгөл,6.8
Тэмээ,67,1988,Хөвсгөл,6.9
Тэмээ,67,1989,Хөвсгөл,7
Тэмээ,67,1990,Хөвсгөл,7.2
Тэмээ,67,1991,Хөвсгөл,6.3
Тэмээ,67,1992,Хөвсгөл,5.6
Тэмээ,67,1993,Хөвсгөл,5.3
Тэмээ,67,1994,Хөвсгөл,5.4
Тэмээ,67,1995,Хөвсгөл,5.4
Тэмээ,67,1996,Хөвсгөл,5.4
Тэмээ,67,1997,Хөвсгөл,5.4
Тэмээ,67,1998,Хөвсгөл,5.4
Тэмээ,67,1999,Хөвсгөл,5.3
Тэмээ,67,2000,Хөвсгөл,4.6
Тэмээ,67,2001,Хөвсгөл,3.4
Тэмээ,67,2002,Хөвсгөл,3.2
Тэмээ,67,2003,Хөвсгөл,3
Тэмээ,67,2004,Хөвсгөл,2.7
Тэмээ,67,2005,Хөвсгөл,2.4
Тэмээ,67,2006,Хөвсгөл,2.5
Тэмээ,67,2007,Хөвсгөл,2.4
Тэмээ,67,2008,Хөвсгөл,2.3
Тэмээ,67,2009,Хөвсгөл,2.4
Тэмээ,67,2010,Хөвсгөл,2.3
Тэмээ,67,2011,Хөвсгөл,2.1
Тэмээ,67,2012,Хөвсгөл,2.1
Тэмээ,67,2013,Хөвсгөл,1.9
Тэмээ,67,2014,Хөвсгөл,1.9
Тэмээ,67,2015,Хөвсгөл,2
Тэмээ,67,2016,Хөвсгөл,2.1
Тэмээ,67,2017,Хөвсгөл,2.2
Тэмээ,67,2018,Хөвсгөл,2.3
Тэмээ,67,2019,Хөвсгөл,2.4
Тэмээ,67,2020,Хөвсгөл,2.3
Тэмээ,67,2021,Хөвсгөл,2.4
Тэмээ,67,2022,Хөвсгөл,2.5
Тэмээ,67,2023,Хөвсгөл,2.5
Тэмээ,67,2024,Хөвсгөл,2.5
Тэмээ,81,1970,Завхан,20.9
Тэмээ,81,1971,Завхан,22.7
Тэмээ,81,1972,Завхан,21.8
Тэмээ,81,1973,Завхан,21.4
Тэмээ,81,1974,Завхан,20.6
Тэмээ,81,1975,Завхан,19.9
Тэмээ,81,1976,Завхан,19.5
Тэмээ,81,1977,Завхан,18.3
Тэмээ,81,1978,Завхан,17.8
Тэмээ,81,1979,Завхан,17.4
Тэмээ,81,1980,Завхан,16.9
Тэмээ,81,1981,Завхан,16.4
Тэмээ,81,1982,Завхан,15.9
Тэмээ,81,1983,Завхан,15.2
Тэмээ,81,1984,Завхан,14.8
Тэмээ,81,1985,Завхан,14.3
Тэмээ,81,1986,Завхан,14.6
Тэмээ,81,1987,Завхан,14.8
Тэмээ,81,1988,Завхан,15.2
Тэмээ,81,1989,Завхан,15.4
Тэмээ,81,1990,Завхан,15.3
Тэмээ,81,1991,Завхан,12.7
Тэмээ,81,1992,Завхан,11.6
Тэмээ,81,1993,Завхан,10.6
Тэмээ,81,1994,Завхан,11.3
Тэмээ,81,1995,Завхан,11.6
Тэмээ,81,1996,Завхан,11.1
Тэмээ,81,1997,Завхан,10.8
Тэмээ,81,1998,Завхан,11.1
Тэмээ,81,1999,Завхан,10.8
Тэмээ,81,2000,Завхан,8.7
Тэмээ,81,2001,Завхан,7.9
Тэмээ,81,2002,Завхан,7.1
Тэмээ,81,2003,Завхан,7.1
Тэмээ,81,2004,Завхан,6.4
Тэмээ,81,2005,Завхан,6.3
Тэмээ,81,2006,Завхан,6.6
Тэмээ,81,2007,Завхан,6.9
Тэмээ,81,2008,Завхан,6.6
Тэмээ,81,2009,Завхан,6.6
Тэмээ,81,2010,Завхан,5.8
Тэмээ,81,2011,Завхан,6.2
Тэмээ,81,2012,Завхан,6.4
Тэмээ,81,2013,Завхан,6.3
Тэмээ,81,2014,Завхан,6.6
Тэмээ,81,2015,Завхан,6.7
Тэмээ,81,2016,Завхан,6.9
Тэмээ,81,2017,Завхан,7.5
Тэмээ,81,2018,Завхан,7.8
Тэмээ,81,2019,Завхан,8
Тэмээ,81,2020,Завхан,8.1
Тэмээ,81,2021,Завхан,8.3
Тэмээ,81,2022,Завхан,8.7
Тэмээ,81,2023,Завхан,8.7
Тэмээ,81,2024,Завхан,9
Тэмээ,82,1970,Говь-Алтай,51.6
Тэмээ,82,1971,Говь-Алтай,52.7
Тэмээ,82,1972,Говь-Алтай,52.9
Тэмээ,82,1973,Говь-Алтай,53.6
Тэмээ,82,1974,Говь-Алтай,53.8
Тэмээ,82,1975,Говь-Алтай,54.2
Тэмээ,82,1976,Говь-Алтай,54.5
Тэмээ,82,1977,Говь-Алтай,55.5
Тэмээ,82,1978,Говь-Алтай,54.3
Тэмээ,82,1979,Говь-Алтай,54.3
Тэмээ,82,1980,Говь-Алтай,54.8
Тэмээ,82,1981,Говь-Алтай,54.6
Тэмээ,82,1982,Говь-Алтай,53.3
Тэмээ,82,1983,Говь-Алтай,51.5
Тэмээ,82,1984,Говь-Алтай,50.6
Тэмээ,82,1985,Говь-Алтай,51.2
Тэмээ,82,1986,Говь-Алтай,50.9
Тэмээ,82,1987,Говь-Алтай,52.2
Тэмээ,82,1988,Говь-Алтай,52.9
Тэмээ,82,1989,Говь-Алтай,53.3
Тэмээ,82,1990,Говь-Алтай,52.1
Тэмээ,82,1991,Говь-Алтай,47.6
Тэмээ,82,1992,Говь-Алтай,43.3
Тэмээ,82,1993,Говь-Алтай,39.1
Тэмээ,82,1994,Говь-Алтай,39.6
Тэмээ,82,1995,Говь-Алтай,40.3
Тэмээ,82,1996,Говь-Алтай,38.6
Тэмээ,82,1997,Говь-Алтай,36.9
Тэмээ,82,1998,Говь-Алтай,35.3
Тэмээ,82,1999,Говь-Алтай,34.5
Тэмээ,82,2000,Говь-Алтай,31.8
Тэмээ,82,2001,Говь-Алтай,28.3
Тэмээ,82,2002,Говь-Алтай,22.3
Тэмээ,82,2003,Говь-Алтай,23.9
Тэмээ,82,2004,Говь-Алтай,24.5
Тэмээ,82,2005,Говь-Алтай,25
Тэмээ,82,2006,Говь-Алтай,26
Тэмээ,82,2007,Говь-Алтай,27.3
Тэмээ,82,2008,Говь-Алтай,27
Тэмээ,82,2009,Говь-Алтай,26.9
Тэмээ,82,2010,Говь-Алтай,24.3
Тэмээ,82,2011,Говь-Алтай,25.2
Тэмээ,82,2012,Говь-Алтай,28.2
Тэмээ,82,2013,Говь-Алтай,30.4
Тэмээ,82,2014,Говь-Алтай,32.8
Тэмээ,82,2015,Говь-Алтай,34.7
Тэмээ,82,2016,Говь-Алтай,38.5
Тэмээ,82,2017,Говь-Алтай,42
Тэмээ,82,2018,Говь-Алтай,43.7
Тэмээ,82,2019,Говь-Алтай,44.4
Тэмээ,82,2020,Говь-Алтай,43.9
Тэмээ,82,2021,Говь-Алтай,43.7
Тэмээ,82,2022,Говь-Алтай,45.4
Тэмээ,82,2023,Говь-Алтай,47.4
Тэмээ,82,2024,Говь-Алтай,50.1
Тэмээ,83,1970,Баян-Өлгий,14.6
Тэмээ,83,1971,Баян-Өлгий,14.5
Тэмээ,83,1972,Баян-Өлгий,14.4
Тэмээ,83,1973,Баян-Өлгий,14.6
Тэмээ,83,1974,Баян-Өлгий,14.4
Тэмээ,83,1975,Баян-Өлгий,13.3
Тэмээ,83,1976,Баян-Өлгий,12.9
Тэмээ,83,1977,Баян-Өлгий,12.3
Тэмээ,83,1978,Баян-Өлгий,11.4
Тэмээ,83,1979,Баян-Өлгий,11.2
Тэмээ,83,1980,Баян-Өлгий,11
Тэмээ,83,1981,Баян-Өлгий,11.1
Тэмээ,83,1982,Баян-Өлгий,11
Тэмээ,83,1983,Баян-Өлгий,10.5
Тэмээ,83,1984,Баян-Өлгий,10.4
Тэмээ,83,1985,Баян-Өлгий,10.7
Тэмээ,83,1986,Баян-Өлгий,10.7
Тэмээ,83,1987,Баян-Өлгий,10.6
Тэмээ,83,1988,Баян-Өлгий,10.4
Тэмээ,83,1989,Баян-Өлгий,10.5
Тэмээ,83,1990,Баян-Өлгий,10.4
Тэмээ,83,1991,Баян-Өлгий,8.9
Тэмээ,83,1992,Баян-Өлгий,7.6
Тэмээ,83,1993,Баян-Өлгий,7.2
Тэмээ,83,1994,Баян-Өлгий,7.9
Тэмээ,83,1995,Баян-Өлгий,8.5
Тэмээ,83,1996,Баян-Өлгий,8.4
Тэмээ,83,1997,Баян-Өлгий,8.5
Тэмээ,83,1998,Баян-Өлгий,8.2
Тэмээ,83,1999,Баян-Өлгий,8
Тэмээ,83,2000,Баян-Өлгий,7
Тэмээ,83,2001,Баян-Өлгий,6.4
Тэмээ,83,2002,Баян-Өлгий,5.9
Тэмээ,83,2003,Баян-Өлгий,5.6
Тэмээ,83,2004,Баян-Өлгий,4.8
Тэмээ,83,2005,Баян-Өлгий,4.3
Тэмээ,83,2006,Баян-Өлгий,4.3
Тэмээ,83,2007,Баян-Өлгий,4.3
Тэмээ,83,2008,Баян-Өлгий,4
Тэмээ,83,2009,Баян-Өлгий,3.9
Тэмээ,83,2010,Баян-Өлгий,3.8
Тэмээ,83,2011,Баян-Өлгий,4
Тэмээ,83,2012,Баян-Өлгий,4.2
Тэмээ,83,2013,Баян-Өлгий,4.3
Тэмээ,83,2014,Баян-Өлгий,4.7
Тэмээ,83,2015,Баян-Өлгий,4.7
Тэмээ,83,2016,Баян-Өлгий,4.9
Тэмээ,83,2017,Баян-Өлгий,5.3
Тэмээ,83,2018,Баян-Өлгий,5.6
Тэмээ,83,2019,Баян-Өлгий,5.9
Тэмээ,83,2020,Баян-Өлгий,5.4
Тэмээ,83,2021,Баян-Өлгий,5.9
Тэмээ,83,2022,Баян-Өлгий,6.1
Тэмээ,83,2023,Баян-Өлгий,6.2
Тэмээ,83,2024,Баян-Өлгий,6.7
Тэмээ,84,1970,Ховд,40.7
Тэмээ,84,1971,Ховд,41.5
Тэмээ,84,1972,Ховд,42
Тэмээ,84,1973,Ховд,42.4
Тэмээ,84,1974,Ховд,42.7
Тэмээ,84,1975,Ховд,42.8
Тэмээ,84,1976,Ховд,43.1
Тэмээ,84,1977,Ховд,42.4
Тэмээ,84,1978,Ховд,41.9
Тэмээ,84,1979,Ховд,42.5
Тэмээ,84,1980,Ховд,42.2
Тэмээ,84,1981,Ховд,41.5
Тэмээ,84,1982,Ховд,40
Тэмээ,84,1983,Ховд,38.3
Тэмээ,84,1984,Ховд,36.7
Тэмээ,84,1985,Ховд,37.3
Тэмээ,84,1986,Ховд,37.3
Тэмээ,84,1987,Ховд,37.5
Тэмээ,84,1988,Ховд,38.1
Тэмээ,84,1989,Ховд,37.6
Тэмээ,84,1990,Ховд,37.2
Тэмээ,84,1991,Ховд,32.3
Тэмээ,84,1992,Ховд,28.4
Тэмээ,84,1993,Ховд,27.6
Тэмээ,84,1994,Ховд,28.3
Тэмээ,84,1995,Ховд,29.1
Тэмээ,84,1996,Ховд,27.7
Тэмээ,84,1997,Ховд,26
Тэмээ,84,1998,Ховд,24.9
Тэмээ,84,1999,Ховд,25
Тэмээ,84,2000,Ховд,23
Тэмээ,84,2001,Ховд,19.6
Тэмээ,84,2002,Ховд,16.8
Тэмээ,84,2003,Ховд,16.9
Тэмээ,84,2004,Ховд,16.6
Тэмээ,84,2005,Ховд,16.9
Тэмээ,84,2006,Ховд,17.6
Тэмээ,84,2007,Ховд,18.1
Тэмээ,84,2008,Ховд,17.7
Тэмээ,84,2009,Ховд,17.7
Тэмээ,84,2010,Ховд,16.3
Тэмээ,84,2011,Ховд,16.8
Тэмээ,84,2012,Ховд,18.6
Тэмээ,84,2013,Ховд,18.9
Тэмээ,84,2014,Ховд,20.6
Тэмээ,84,2015,Ховд,21.8
Тэмээ,84,2016,Ховд,23.9
Тэмээ,84,2017,Ховд,25.7
Тэмээ,84,2018,Ховд,25.4
Тэмээ,84,2019,Ховд,25.8
Тэмээ,84,2020,Ховд,25.7
Тэмээ,84,2021,Ховд,27.6
Тэмээ,84,2022,Ховд,29.6
Тэмээ,84,2023,Ховд,30.7
Тэмээ,84,2024,Ховд,35
Тэмээ,85,1970,Увс,41.4
Тэмээ,85,1971,Увс,41.7
Тэмээ,85,1972,Увс,40.3
Тэмээ,85,1973,Увс,40.9
Тэмээ,85,1974,Увс,40.1
Тэмээ,85,1975,Увс,39.4
Тэмээ,85,1976,Увс,38.2
Тэмээ,85,1977,Увс,38
Тэмээ,85,1978,Увс,38
Тэмээ,85,1979,Увс,39
Тэмээ,85,1980,Увс,39.2
Тэмээ,85,1981,Увс,39.1
Тэмээ,85,1982,Увс,39.5
Тэмээ,85,1983,Увс,38.4
Тэмээ,85,1984,Увс,38.7
Тэмээ,85,1985,Увс,39.6
Тэмээ,85,1986,Увс,40.5
Тэмээ,85,1987,Увс,41
Тэмээ,85,1988,Увс,41.7
Тэмээ,85,1989,Увс,41.8
Тэмээ,85,1990,Увс,40.4
Тэмээ,85,1991,Увс,34.9
Тэмээ,85,1992,Увс,28.7
Тэмээ,85,1993,Увс,26.1
Тэмээ,85,1994,Увс,25.3
Тэмээ,85,1995,Увс,24.7
Тэмээ,85,1996,Увс,24.2
Тэмээ,85,1997,Увс,24.1
Тэмээ,85,1998,Увс,24.3
Тэмээ,85,1999,Увс,22.7
Тэмээ,85,2000,Увс,18.2
Тэмээ,85,2001,Увс,16.8
Тэмээ,85,2002,Увс,14.8
Тэмээ,85,2003,Увс,15.6
Тэмээ,85,2004,Увс,15.8
Тэмээ,85,2005,Увс,15.8
Тэмээ,85,2006,Увс,16.1
Тэмээ,85,2007,Увс,16.5
Тэмээ,85,2008,Увс,16.1
Тэмээ,85,2009,Увс,15.9
Тэмээ,85,2010,Увс,14.5
Тэмээ,85,2011,Увс,15.5
Тэмээ,85,2012,Увс,16.9
Тэмээ,85,2013,Увс,17.9
Тэмээ,85,2014,Увс,19.5
Тэмээ,85,2015,Увс,20.5
Тэмээ,85,2016,Увс,21.9
Тэмээ,85,2017,Увс,23.5
Тэмээ,85,2018,Увс,25.1
Тэмээ,85,2019,Увс,25.6
Тэмээ,85,2020,Увс,25.5
Тэмээ,85,2021,Увс,26.4
Тэмээ,85,2022,Увс,27.2
Тэмээ,85,2023,Увс,25.9
Тэмээ,85,2024,Увс,26.4
Хонь,11,1970,Улаанбаатар,4.2
Хонь,11,1971,Улаанбаатар,7.5
Хонь,11,1972,Улаанбаатар,11.4
Хонь,11,1973,Улаанбаатар,13.7
Хонь,11,1974,Улаанбаатар,15.5
Хонь,11,1975,Улаанбаатар,19
Хонь,11,1976,Улаанбаатар,20.7
Хонь,11,1977,Улаанбаатар,20.3
Хонь,11,1978,Улаанбаатар,14.9
Хонь,11,1979,Улаанбаатар,4.7
Хонь,11,1980,Улаанбаатар,14.7
Хонь,11,1981,Улаанбаатар,16
Хонь,11,1982,Улаанбаатар,18.3
Хонь,11,1983,Улаанбаатар,26.3
Хонь,11,1984,Улаанбаатар,28
Хонь,11,1985,Улаанбаатар,30.5
Хонь,11,1986,Улаанбаатар,30.5
Хонь,11,1987,Улаанбаатар,36.7
Хонь,11,1988,Улаанбаатар,40.2
Хонь,11,1989,Улаанбаатар,50.9
Хонь,11,1990,Улаанбаатар,65.8
Хонь,11,1991,Улаанбаатар,104.1
Хонь,11,1992,Улаанбаатар,147.8
Хонь,11,1993,Улаанбаатар,144.8
Хонь,11,1994,Улаанбаатар,132.6
Хонь,11,1995,Улаанбаатар,145.2
Хонь,11,1996,Улаанбаатар,149
Хонь,11,1997,Улаанбаатар,145.1
Хонь,11,1998,Улаанбаатар,142.5
Хонь,11,1999,Улаанбаатар,109.7
Хонь,11,2000,Улаанбаатар,102.8
Хонь,11,2001,Улаанбаатар,94.8
Хонь,11,2002,Улаанбаатар,94.2
Хонь,11,2003,Улаанбаатар,96.8
Хонь,11,2004,Улаанбаатар,85.3
Хонь,11,2005,Улаанбаатар,94.2
Хонь,11,2006,Улаанбаатар,129
Хонь,11,2007,Улаанбаатар,128.7
Хонь,11,2008,Улаанбаатар,154.5
Хонь,11,2009,Улаанбаатар,167.9
Хонь,11,2010,Улаанбаатар,101.6
Хонь,11,2011,Улаанбаатар,105.8
Хонь,11,2012,Улаанбаатар,124.7
Хонь,11,2013,Улаанбаатар,134.6
Хонь,11,2014,Улаанбаатар,158.9
Хонь,11,2015,Улаанбаатар,162.3
Хонь,11,2016,Улаанбаатар,176.8
Хонь,11,2017,Улаанбаатар,170.2
Хонь,11,2018,Улаанбаатар,166.3
Хонь,11,2019,Улаанбаатар,176.7
Хонь,11,2020,Улаанбаатар,174.9
Хонь,11,2021,Улаанбаатар,169
Хонь,11,2022,Улаанбаатар,164.3
Хонь,11,2023,Улаанбаатар,155.6
Хонь,11,2024,Улаанбаатар,133.4
Хонь,21,1970,Дорнод,726.6
Хонь,21,1971,Дорнод,737.2
Хонь,21,1972,Дорнод,707
Хонь,21,1973,Дорнод,738.1
Хонь,21,1974,Дорнод,767.8
Хонь,21,1975,Дорнод,780.1
Хонь,21,1976,Дорнод,724.6
Хонь,21,1977,Дорнод,714.5
Хонь,21,1978,Дорнод,785.5
Хонь,21,1979,Дорнод,801.8
Хонь,21,1980,Дорнод,760.7
Хонь,21,1981,Дорнод,838.5
Хонь,21,1982,Дорнод,825
Хонь,21,1983,Дорнод,729.8
Хонь,21,1984,Дорнод,672.5
Хонь,21,1985,Дорнод,673.9
Хонь,21,1986,Дорнод,624.9
Хонь,21,1987,Дорнод,631.2
Хонь,21,1988,Дорнод,638.3
Хонь,21,1989,Дорнод,652.9
Хонь,21,1990,Дорнод,661.2
Хонь,21,1991,Дорнод,617.5
Хонь,21,1992,Дорнод,529.8
Хонь,21,1993,Дорнод,443.3
Хонь,21,1994,Дорнод,376.3
Хонь,21,1995,Дорнод,319.4
Хонь,21,1996,Дорнод,314
Хонь,21,1997,Дорнод,343.6
Хонь,21,1998,Дорнод,385.2
Хонь,21,1999,Дорнод,432.1
Хонь,21,2000,Дорнод,438.5
Хонь,21,2001,Дорнод,425.7
Хонь,21,2002,Дорнод,418.5
Хонь,21,2003,Дорнод,406.9
Хонь,21,2004,Дорнод,424
Хонь,21,2005,Дорнод,469.9
Хонь,21,2006,Дорнод,527.3
Хонь,21,2007,Дорнод,611.4
Хонь,21,2008,Дорнод,688.6
Хонь,21,2009,Дорнод,704.1
Хонь,21,2010,Дорнод,550.8
Хонь,21,2011,Дорнод,555.4
Хонь,21,2012,Дорнод,584.8
Хонь,21,2013,Дорнод,593
Хонь,21,2014,Дорнод,673.3
Хонь,21,2015,Дорнод,745.3
Хонь,21,2016,Дорнод,831.4
Хонь,21,2017,Дорнод,1001.6
Хонь,21,2018,Дорнод,1147.7
Хонь,21,2019,Дорнод,1262.4
Хонь,21,2020,Дорнод,1303.1
Хонь,21,2021,Дорнод,1470.2
Хонь,21,2022,Дорнод,1615.4
Хонь,21,2023,Дорнод,1514.5
Хонь,21,2024,Дорнод,1230.7
Хонь,22,1970,Сүхбаатар,636.8
Хонь,22,1971,Сүхбаатар,565.5
Хонь,22,1972,Сүхбаатар,627.1
Хонь,22,1973,Сүхбаатар,684
Хонь,22,1974,Сүхбаатар,692.7
Хонь,22,1975,Сүхбаатар,678.2
Хонь,22,1976,Сүхбаатар,657.4
Хонь,22,1977,Сүхбаатар,691.8
Хонь,22,1978,Сүхбаатар,704.7
Хонь,22,1979,Сүхбаатар,733.9
Хонь,22,1980,Сүхбаатар,678.6
Хонь,22,1981,Сүхбаатар,714.5
Хонь,22,1982,Сүхбаатар,654.3
Хонь,22,1983,Сүхбаатар,592.3
Хонь,22,1984,Сүхбаатар,627.5
Хонь,22,1985,Сүхбаатар,634.8
Хонь,22,1986,Сүхбаатар,624.9
Хонь,22,1987,Сүхбаатар,542.6
Хонь,22,1988,Сүхбаатар,572.8
Хонь,22,1989,Сүхбаатар,592
Хонь,22,1990,Сүхбаатар,602.9
Хонь,22,1991,Сүхбаатар,624.5
Хонь,22,1992,Сүхбаатар,657.3
Хонь,22,1993,Сүхбаатар,371.2
Хонь,22,1994,Сүхбаатар,586.3
Хонь,22,1995,Сүхбаатар,496.4
Хонь,22,1996,Сүхбаатар,499.7
Хонь,22,1997,Сүхбаатар,534.2
Хонь,22,1998,Сүхбаатар,605.6
Хонь,22,1999,Сүхбаатар,689.8
Хонь,22,2000,Сүхбаатар,717.3
Хонь,22,2001,Сүхбаатар,708
Хонь,22,2002,Сүхбаатар,711
Хонь,22,2003,Сүхбаатар,722.5
Хонь,22,2004,Сүхбаатар,706.4
Хонь,22,2005,Сүхбаатар,696
Хонь,22,2006,Сүхбаатар,750.8
Хонь,22,2007,Сүхбаатар,776.3
Хонь,22,2008,Сүхбаатар,733.1
Хонь,22,2009,Сүхбаатар,853.7
Хонь,22,2010,Сүхбаатар,961.2
Хонь,22,2011,Сүхбаатар,992
Хонь,22,2012,Сүхбаатар,1090.8
Хонь,22,2013,Сүхбаатар,1216.6
Хонь,22,2014,Сүхбаатар,1380.8
Хонь,22,2015,Сүхбаатар,1511.8
Хонь,22,2016,Сүхбаатар,1542.2
Хонь,22,2017,Сүхбаатар,1815.3
Хонь,22,2018,Сүхбаатар,1922.1
Хонь,22,2019,Сүхбаатар,1971.2
Хонь,22,2020,Сүхбаатар,1993.9
Хонь,22,2021,Сүхбаатар,2179
Хонь,22,2022,Сүхбаатар,2410
Хонь,22,2023,Сүхбаатар,2020.2
Хонь,22,2024,Сүхбаатар,861.4
Хонь,23,1970,Хэнтий,837.9
Хонь,23,1971,Хэнтий,845.2
Хонь,23,1972,Хэнтий,851.7
Хонь,23,1973,Хэнтий,848.2
Хонь,23,1974,Хэнтий,898.9
Хонь,23,1975,Хэнтий,894.9
Хонь,23,1976,Хэнтий,838.3
Хонь,23,1977,Хэнтий,788.5
Хонь,23,1978,Хэнтий,879.6
Хонь,23,1979,Хэнтий,912.3
Хонь,23,1980,Хэнтий,863.1
Хонь,23,1981,Хэнтий,933.6
Хонь,23,1982,Хэнтий,937.1
Хонь,23,1983,Хэнтий,871.6
Хонь,23,1984,Хэнтий,828.4
Хонь,23,1985,Хэнтий,783.8
Хонь,23,1986,Хэнтий,783.8
Хонь,23,1987,Хэнтий,789.7
Хонь,23,1988,Хэнтий,823.9
Хонь,23,1989,Хэнтий,901.8
Хонь,23,1990,Хэнтий,950.2
Хонь,23,1991,Хэнтий,865.8
Хонь,23,1992,Хэнтий,825.3
Хонь,23,1993,Хэнтий,667.6
Хонь,23,1994,Хэнтий,564.7
Хонь,23,1995,Хэнтий,520.3
Хонь,23,1996,Хэнтий,527.5
Хонь,23,1997,Хэнтий,567.7
Хонь,23,1998,Хэнтий,626.9
Хонь,23,1999,Хэнтий,678
Хонь,23,2000,Хэнтий,688.6
Хонь,23,2001,Хэнтий,648
Хонь,23,2002,Хэнтий,644.1
Хонь,23,2003,Хэнтий,659.1
Хонь,23,2004,Хэнтий,687.3
Хонь,23,2005,Хэнтий,782.3
Хонь,23,2006,Хэнтий,879.9
Хонь,23,2007,Хэнтий,1008.3
Хонь,23,2008,Хэнтий,1008.2
Хонь,23,2009,Хэнтий,1085.7
Хонь,23,2010,Хэнтий,1068.3
Хонь,23,2011,Хэнтий,1146.5
Хонь,23,2012,Хэнтий,1277.7
Хонь,23,2013,Хэнтий,1408.7
Хонь,23,2014,Хэнтий,1599.3
Хонь,23,2015,Хэнтий,1738.7
Хонь,23,2016,Хэнтий,1938.1
Хонь,23,2017,Хэнтий,2212.5
Хонь,23,2018,Хэнтий,2353.5
Хонь,23,2019,Хэнтий,2454.9
Хонь,23,2020,Хэнтий,2344.7
Хонь,23,2021,Хэнтий,2546.5
Хонь,23,2022,Хэнтий,2610.8
Хонь,23,2023,Хэнтий,2266.5
Хонь,23,2024,Хэнтий,1476.3
Хонь,41,1970,Төв,810
Хонь,41,1971,Төв,800.6
Хонь,41,1972,Төв,840
Хонь,41,1973,Төв,882
Хонь,41,1974,Төв,974.8
Хонь,41,1975,Төв,957
Хонь,41,1976,Төв,826.1
Хонь,41,1977,Төв,712.2
Хонь,41,1978,Төв,787
Хонь,41,1979,Төв,826.1
Хонь,41,1980,Төв,837.8
Хонь,41,1981,Төв,877.3
Хонь,41,1982,Төв,939.1
Хонь,41,1983,Төв,939.6
Хонь,41,1984,Төв,898.2
Хонь,41,1985,Төв,887.7
Хонь,41,1986,Төв,897.4
Хонь,41,1987,Төв,913.3
Хонь,41,1988,Төв,948.2
Хонь,41,1989,Төв,1025.8
Хонь,41,1990,Төв,1116.4
Хонь,41,1991,Төв,1061.7
Хонь,41,1992,Төв,1086.7
Хонь,41,1993,Төв,1011.9
Хонь,41,1994,Төв,982.6
Хонь,41,1995,Төв,1004.2
Хонь,41,1996,Төв,1020.3
Хонь,41,1997,Төв,1094.8
Хонь,41,1998,Төв,1172.6
Хонь,41,1999,Төв,1175.1
Хонь,41,2000,Төв,1101.2
Хонь,41,2001,Төв,894.6
Хонь,41,2002,Төв,806.8
Хонь,41,2003,Төв,724.8
Хонь,41,2004,Төв,744.8
Хонь,41,2005,Төв,855.7
Хонь,41,2006,Төв,1040.8
Хонь,41,2007,Төв,1249.3
Хонь,41,2008,Төв,1449.8
Хонь,41,2009,Төв,1714.5
Хонь,41,2010,Төв,1358.7
Хонь,41,2011,Төв,1462.3
Хонь,41,2012,Төв,1633.7
Хонь,41,2013,Төв,1815.9
Хонь,41,2014,Төв,2125.7
Хонь,41,2015,Төв,2271.2
Хонь,41,2016,Төв,2442.4
Хонь,41,2017,Төв,2461.1
Хонь,41,2018,Төв,2449.3
Хонь,41,2019,Төв,2619.8
Хонь,41,2020,Төв,2540.3
Хонь,41,2021,Төв,2535.5
Хонь,41,2022,Төв,2727.4
Хонь,41,2023,Төв,2642.7
Хонь,41,2024,Төв,2070.4
Хонь,42,1991,Говьсүмбэр,67.8
Хонь,42,1992,Говьсүмбэр,70.7
Хонь,42,1993,Говьсүмбэр,71.8
Хонь,42,1994,Говьсүмбэр,61.4
Хонь,42,1995,Говьсүмбэр,58.6
Хонь,42,1996,Говьсүмбэр,59.9
Хонь,42,1997,Говьсүмбэр,60
Хонь,42,1998,Говьсүмбэр,66.7
Хонь,42,1999,Говьсүмбэр,64.1
Хонь,42,2000,Говьсүмбэр,51.3
Хонь,42,2001,Говьсүмбэр,29.1
Хонь,42,2002,Говьсүмбэр,32.7
Хонь,42,2003,Говьсүмбэр,40
Хонь,42,2004,Говьсүмбэр,48.7
Хонь,42,2005,Говьсүмбэр,59.2
Хонь,42,2006,Говьсүмбэр,68.9
Хонь,42,2007,Говьсүмбэр,74.2
Хонь,42,2008,Говьсүмбэр,66.5
Хонь,42,2009,Говьсүмбэр,69.7
Хонь,42,2010,Говьсүмбэр,65.2
Хонь,42,2011,Говьсүмбэр,79
Хонь,42,2012,Говьсүмбэр,99.4
Хонь,42,2013,Говьсүмбэр,121
Хонь,42,2014,Говьсүмбэр,152.3
Хонь,42,2015,Говьсүмбэр,169.1
Хонь,42,2016,Говьсүмбэр,185.9
Хонь,42,2017,Говьсүмбэр,205.2
Хонь,42,2018,Говьсүмбэр,208.1
Хонь,42,2019,Говьсүмбэр,219.5
Хонь,42,2020,Говьсүмбэр,218.4
Хонь,42,2021,Говьсүмбэр,219.4
Хонь,42,2022,Говьсүмбэр,236
Хонь,42,2023,Говьсүмбэр,227.8
Хонь,42,2024,Говьсүмбэр,131.3
Хонь,43,1970,Сэлэнгэ,251.3
Хонь,43,1971,Сэлэнгэ,252.8
Хонь,43,1972,Сэлэнгэ,275.4
Хонь,43,1973,Сэлэнгэ,298
Хонь,43,1974,Сэлэнгэ,317.4
Хонь,43,1975,Сэлэнгэ,321.7
Хонь,43,1976,Сэлэнгэ,290
Хонь,43,1977,Сэлэнгэ,303.4
Хонь,43,1978,Сэлэнгэ,328.5
Хонь,43,1979,Сэлэнгэ,322.3
Хонь,43,1980,Сэлэнгэ,287.8
Хонь,43,1981,Сэлэнгэ,306.7
Хонь,43,1982,Сэлэнгэ,289.7
Хонь,43,1983,Сэлэнгэ,306.6
Хонь,43,1984,Сэлэнгэ,304.7
Хонь,43,1985,Сэлэнгэ,289.8
Хонь,43,1986,Сэлэнгэ,291.8
Хонь,43,1987,Сэлэнгэ,301.4
Хонь,43,1988,Сэлэнгэ,316.6
Хонь,43,1989,Сэлэнгэ,332.3
Хонь,43,1990,Сэлэнгэ,351.3
Хонь,43,1991,Сэлэнгэ,333.8
Хонь,43,1992,Сэлэнгэ,312.3
Хонь,43,1993,Сэлэнгэ,290
Хонь,43,1994,Сэлэнгэ,305.1
Хонь,43,1995,Сэлэнгэ,295.1
Хонь,43,1996,Сэлэнгэ,284.5
Хонь,43,1997,Сэлэнгэ,288.8
Хонь,43,1998,Сэлэнгэ,302.5
Хонь,43,1999,Сэлэнгэ,327.9
Хонь,43,2000,Сэлэнгэ,333.5
Хонь,43,2001,Сэлэнгэ,314.4
Хонь,43,2002,Сэлэнгэ,316.7
Хонь,43,2003,Сэлэнгэ,266.2
Хонь,43,2004,Сэлэнгэ,253.6
Хонь,43,2005,Сэлэнгэ,277.6
Хонь,43,2006,Сэлэнгэ,339.9
Хонь,43,2007,Сэлэнгэ,453.5
Хонь,43,2008,Сэлэнгэ,651.7
Хонь,43,2009,Сэлэнгэ,732.1
Хонь,43,2010,Сэлэнгэ,612.2
Хонь,43,2011,Сэлэнгэ,581.7
Хонь,43,2012,Сэлэнгэ,612.1
Хонь,43,2013,Сэлэнгэ,624.2
Хонь,43,2014,Сэлэнгэ,698.9
Хонь,43,2015,Сэлэнгэ,686.9
Хонь,43,2016,Сэлэнгэ,749.3
Хонь,43,2017,Сэлэнгэ,699.3
Хонь,43,2018,Сэлэнгэ,705.9
Хонь,43,2019,Сэлэнгэ,744.7
Хонь,43,2020,Сэлэнгэ,783.4
Хонь,43,2021,Сэлэнгэ,849.7
Хонь,43,2022,Сэлэнгэ,857.4
Хонь,43,2023,Сэлэнгэ,787.9
Хонь,43,2024,Сэлэнгэ,683.4
Хонь,44,1970,Дорноговь,409.4
Хонь,44,1971,Дорноговь,421.5
Хонь,44,1972,Дорноговь,439.7
Хонь,44,1973,Дорноговь,451.8
Хонь,44,1974,Дорноговь,485.9
Хонь,44,1975,Дорноговь,485
Хонь,44,1976,Дорноговь,484.5
Хонь,44,1977,Дорноговь,441.5
Хонь,44,1978,Дорноговь,463.8
Хонь,44,1979,Дорноговь,472.4
Хонь,44,1980,Дорноговь,465.5
Хонь,44,1981,Дорноговь,480.2
Хонь,44,1982,Дорноговь,509.2
Хонь,44,1983,Дорноговь,478.2
Хонь,44,1984,Дорноговь,486.5
Хонь,44,1985,Дорноговь,492.3
Хонь,44,1986,Дорноговь,496
Хонь,44,1987,Дорноговь,488
Хонь,44,1988,Дорноговь,488.1
Хонь,44,1989,Дорноговь,525.9
Хонь,44,1990,Дорноговь,538.2
Хонь,44,1991,Дорноговь,486.7
Хонь,44,1992,Дорноговь,467.8
Хонь,44,1993,Дорноговь,430
Хонь,44,1994,Дорноговь,406.5
Хонь,44,1995,Дорноговь,409.1
Хонь,44,1996,Дорноговь,411.4
Хонь,44,1997,Дорноговь,415
Хонь,44,1998,Дорноговь,439.6
Хонь,44,1999,Дорноговь,477.4
Хонь,44,2000,Дорноговь,453.9
Хонь,44,2001,Дорноговь,365.6
Хонь,44,2002,Дорноговь,340.4
Хонь,44,2003,Дорноговь,355.1
Хонь,44,2004,Дорноговь,381.9
Хонь,44,2005,Дорноговь,372.5
Хонь,44,2006,Дорноговь,281.8
Хонь,44,2007,Дорноговь,310.9
Хонь,44,2008,Дорноговь,352
Хонь,44,2009,Дорноговь,408.7
Хонь,44,2010,Дорноговь,421.3
Хонь,44,2011,Дорноговь,477.3
Хонь,44,2012,Дорноговь,531.5
Хонь,44,2013,Дорноговь,611.9
Хонь,44,2014,Дорноговь,690.7
Хонь,44,2015,Дорноговь,751.4
Хонь,44,2016,Дорноговь,758.4
Хонь,44,2017,Дорноговь,861.5
Хонь,44,2018,Дорноговь,926.2
Хонь,44,2019,Дорноговь,1021.6
Хонь,44,2020,Дорноговь,1069.7
Хонь,44,2021,Дорноговь,1158.5
Хонь,44,2022,Дорноговь,1245.1
Хонь,44,2023,Дорноговь,997.7
Хонь,44,2024,Дорноговь,554.8
Хонь,45,1970,Дархан-Уул,0.3
Хонь,45,1971,Дархан-Уул,2.5
Хонь,45,1972,Дархан-Уул,2.5
Хонь,45,1973,Дархан-Уул,0.6
Хонь,45,1974,Дархан-Уул,5.3
Хонь,45,1975,Дархан-Уул,5.6
Хонь,45,1976,Дархан-Уул,5.9
Хонь,45,1977,Дархан-Уул,7.2
Хонь,45,1978,Дархан-Уул,8.6
Хонь,45,1979,Дархан-Уул,0.9
Хонь,45,1980,Дархан-Уул,12.2
Хонь,45,1981,Дархан-Уул,14
Хонь,45,1982,Дархан-Уул,33
Хонь,45,1983,Дархан-Уул,38.2
Хонь,45,1984,Дархан-Уул,41
Хонь,45,1985,Дархан-Уул,40.9
Хонь,45,1986,Дархан-Уул,40.9
Хонь,45,1987,Дархан-Уул,36.2
Хонь,45,1988,Дархан-Уул,42.7
Хонь,45,1989,Дархан-Уул,50.8
Хонь,45,1990,Дархан-Уул,72.8
Хонь,45,1991,Дархан-Уул,89.9
Хонь,45,1992,Дархан-Уул,90.3
Хонь,45,1993,Дархан-Уул,78.5
Хонь,45,1994,Дархан-Уул,81
Хонь,45,1995,Дархан-Уул,74
Хонь,45,1996,Дархан-Уул,71
Хонь,45,1997,Дархан-Уул,72.3
Хонь,45,1998,Дархан-Уул,84.3
Хонь,45,1999,Дархан-Уул,90
Хонь,45,2000,Дархан-Уул,96.5
Хонь,45,2001,Дархан-Уул,84.7
Хонь,45,2002,Дархан-Уул,77.1
Хонь,45,2003,Дархан-Уул,55.8
Хонь,45,2004,Дархан-Уул,57.1
Хонь,45,2005,Дархан-Уул,65.4
Хонь,45,2006,Дархан-Уул,82.7
Хонь,45,2007,Дархан-Уул,102.2
Хонь,45,2008,Дархан-Уул,163
Хонь,45,2009,Дархан-Уул,176.5
Хонь,45,2010,Дархан-Уул,127.6
Хонь,45,2011,Дархан-Уул,125
Хонь,45,2012,Дархан-Уул,136
Хонь,45,2013,Дархан-Уул,144.9
Хонь,45,2014,Дархан-Уул,167.6
Хонь,45,2015,Дархан-Уул,143.6
Хонь,45,2016,Дархан-Уул,162.2
Хонь,45,2017,Дархан-Уул,150.8
Хонь,45,2018,Дархан-Уул,147.1
Хонь,45,2019,Дархан-Уул,162.3
Хонь,45,2020,Дархан-Уул,161.8
Хонь,45,2021,Дархан-Уул,163.8
Хонь,45,2022,Дархан-Уул,140.6
Хонь,45,2023,Дархан-Уул,112.2
Хонь,45,2024,Дархан-Уул,100.6
Хонь,46,1970,Өмнөговь,296.8
Хонь,46,1971,Өмнөговь,276.3
Хонь,46,1972,Өмнөговь,279.1
Хонь,46,1973,Өмнөговь,255.5
Хонь,46,1974,Өмнөговь,281.9
Хонь,46,1975,Өмнөговь,307.2
Хонь,46,1976,Өмнөговь,320.2
Хонь,46,1977,Өмнөговь,328.1
Хонь,46,1978,Өмнөговь,340.2
Хонь,46,1979,Өмнөговь,332.5
Хонь,46,1980,Өмнөговь,293.3
Хонь,46,1981,Өмнөговь,305.9
Хонь,46,1982,Өмнөговь,308.4
Хонь,46,1983,Өмнөговь,280.1
Хонь,46,1984,Өмнөговь,303.1
Хонь,46,1985,Өмнөговь,266.8
Хонь,46,1986,Өмнөговь,262.3
Хонь,46,1987,Өмнөговь,274.5
Хонь,46,1988,Өмнөговь,282.7
Хонь,46,1989,Өмнөговь,294.7
Хонь,46,1990,Өмнөговь,284.4
Хонь,46,1991,Өмнөговь,296.5
Хонь,46,1992,Өмнөговь,286.8
Хонь,46,1993,Өмнөговь,278.8
Хонь,46,1994,Өмнөговь,309.6
Хонь,46,1995,Өмнөговь,341.1
Хонь,46,1996,Өмнөговь,367
Хонь,46,1997,Өмнөговь,404.5
Хонь,46,1998,Өмнөговь,427.2
Хонь,46,1999,Өмнөговь,444
Хонь,46,2000,Өмнөговь,405.1
Хонь,46,2001,Өмнөговь,312.4
Хонь,46,2002,Өмнөговь,227.7
Хонь,46,2003,Өмнөговь,202.8
Хонь,46,2004,Өмнөговь,230.6
Хонь,46,2005,Өмнөговь,246.4
Хонь,46,2006,Өмнөговь,252.4
Хонь,46,2007,Өмнөговь,296.5
Хонь,46,2008,Өмнөговь,351.2
Хонь,46,2009,Өмнөговь,375.7
Хонь,46,2010,Өмнөговь,212.8
Хонь,46,2011,Өмнөговь,257.4
Хонь,46,2012,Өмнөговь,299.8
Хонь,46,2013,Өмнөговь,350.8
Хонь,46,2014,Өмнөговь,397.6
Хонь,46,2015,Өмнөговь,447
Хонь,46,2016,Өмнөговь,520.9
Хонь,46,2017,Өмнөговь,614
Хонь,46,2018,Өмнөговь,631.4
Хонь,46,2019,Өмнөговь,718.2
Хонь,46,2020,Өмнөговь,682.6
Хонь,46,2021,Өмнөговь,626.7
Хонь,46,2022,Өмнөговь,675.7
Хонь,46,2023,Өмнөговь,547.3
Хонь,46,2024,Өмнөговь,541.5
Хонь,48,1970,Дундговь,709
Хонь,48,1971,Дундговь,635.5
Хонь,48,1972,Дундговь,707.1
Хонь,48,1973,Дундговь,732.2
Хонь,48,1974,Дундговь,776.3
Хонь,48,1975,Дундговь,756
Хонь,48,1976,Дундговь,789.1
Хонь,48,1977,Дундговь,726.2
Хонь,48,1978,Дундговь,788.2
Хонь,48,1979,Дундговь,782.1
Хонь,48,1980,Дундговь,734.1
Хонь,48,1981,Дундговь,730.4
Хонь,48,1982,Дундговь,775.2
Хонь,48,1983,Дундговь,778.7
Хонь,48,1984,Дундговь,711.2
Хонь,48,1985,Дундговь,711.6
Хонь,48,1986,Дундговь,720.5
Хонь,48,1987,Дундговь,662.5
Хонь,48,1988,Дундговь,655.1
Хонь,48,1989,Дундговь,744.7
Хонь,48,1990,Дундговь,801.3
Хонь,48,1991,Дундговь,841.9
Хонь,48,1992,Дундговь,859.5
Хонь,48,1993,Дундговь,785.8
Хонь,48,1994,Дундговь,769.7
Хонь,48,1995,Дундговь,810.9
Хонь,48,1996,Дундговь,842.1
Хонь,48,1997,Дундговь,901.4
Хонь,48,1998,Дундговь,971.5
Хонь,48,1999,Дундговь,966.5
Хонь,48,2000,Дундговь,663.8
Хонь,48,2001,Дундговь,685
Хонь,48,2002,Дундговь,685.6
Хонь,48,2003,Дундговь,724
Хонь,48,2004,Дундговь,787
Хонь,48,2005,Дундговь,819.7
Хонь,48,2006,Дундговь,867.1
Хонь,48,2007,Дундговь,944.3
Хонь,48,2008,Дундговь,917.9
Хонь,48,2009,Дундговь,973.8
Хонь,48,2010,Дундговь,529.7
Хонь,48,2011,Дундговь,623.5
Хонь,48,2012,Дундговь,775.8
Хонь,48,2013,Дундговь,922.3
Хонь,48,2014,Дундговь,1114.8
Хонь,48,2015,Дундговь,1266.2
Хонь,48,2016,Дундговь,1437.1
Хонь,48,2017,Дундговь,1686.2
Хонь,48,2018,Дундговь,1831.1
Хонь,48,2019,Дундговь,1942.7
Хонь,48,2020,Дундговь,1791.2
Хонь,48,2021,Дундговь,1533.4
Хонь,48,2022,Дундговь,1724.2
Хонь,48,2023,Дундговь,1759.9
Хонь,48,2024,Дундговь,1611.8
Хонь,61,1976,Орхон,0.7
Хонь,61,1977,Орхон,2.9
Хонь,61,1978,Орхон,2.7
Хонь,61,1979,Орхон,0.5
Хонь,61,1980,Орхон,3.2
Хонь,61,1981,Орхон,6.8
Хонь,61,1982,Орхон,10.4
Хонь,61,1983,Орхон,11.9
Хонь,61,1984,Орхон,13.3
Хонь,61,1985,Орхон,14.7
Хонь,61,1986,Орхон,14.7
Хонь,61,1987,Орхон,17.3
Хонь,61,1988,Орхон,21.6
Хонь,61,1989,Орхон,26.3
Хонь,61,1990,Орхон,32.6
Хонь,61,1991,Орхон,45.4
Хонь,61,1992,Орхон,56.5
Хонь,61,1993,Орхон,63.6
Хонь,61,1994,Орхон,64.4
Хонь,61,1995,Орхон,69.6
Хонь,61,1996,Орхон,62.2
Хонь,61,1997,Орхон,59.3
Хонь,61,1998,Орхон,63.4
Хонь,61,1999,Орхон,78.6
Хонь,61,2000,Орхон,80.4
Хонь,61,2001,Орхон,79.1
Хонь,61,2002,Орхон,73.7
Хонь,61,2003,Орхон,42.8
Хонь,61,2004,Орхон,45.2
Хонь,61,2005,Орхон,55.8
Хонь,61,2006,Орхон,71.8
Хонь,61,2007,Орхон,87.6
Хонь,61,2008,Орхон,111
Хонь,61,2009,Орхон,111.8
Хонь,61,2010,Орхон,73.1
Хонь,61,2011,Орхон,68.6
Хонь,61,2012,Орхон,80.2
Хонь,61,2013,Орхон,79.9
Хонь,61,2014,Орхон,51.2
Хонь,61,2015,Орхон,48.1
Хонь,61,2016,Орхон,52.7
Хонь,61,2017,Орхон,47.7
Хонь,61,2018,Орхон,47.5
Хонь,61,2019,Орхон,50.6
Хонь,61,2020,Орхон,51.2
Хонь,61,2021,Орхон,59.6
Хонь,61,2022,Орхон,66.3
Хонь,61,2023,Орхон,68
Хонь,61,2024,Орхон,64.1
Хонь,62,1970,Өвөрхангай,992.8
Хонь,62,1971,Өвөрхангай,971.3
Хонь,62,1972,Өвөрхангай,1012.3
Хонь,62,1973,Өвөрхангай,1035.1
Хонь,62,1974,Өвөрхангай,1098.2
Хонь,62,1975,Өвөрхангай,1133.3
Хонь,62,1976,Өвөрхангай,1147.1
Хонь,62,1977,Өвөрхангай,1171.7
Хонь,62,1978,Өвөрхангай,1199.5
Хонь,62,1979,Өвөрхангай,1208.4
Хонь,62,1980,Өвөрхангай,1176.6
Хонь,62,1981,Өвөрхангай,1206
Хонь,62,1982,Өвөрхангай,1255.8
Хонь,62,1983,Өвөрхангай,1044.9
Хонь,62,1984,Өвөрхангай,1053
Хонь,62,1985,Өвөрхангай,1018.4
Хонь,62,1986,Өвөрхангай,1022.7
Хонь,62,1987,Өвөрхангай,1043.8
Хонь,62,1988,Өвөрхангай,1050.2
Хонь,62,1989,Өвөрхангай,1135.7
Хонь,62,1990,Өвөрхангай,1219.9
Хонь,62,1991,Өвөрхангай,1171.7
Хонь,62,1992,Өвөрхангай,1190.6
Хонь,62,1993,Өвөрхангай,1170.8
Хонь,62,1994,Өвөрхангай,1254.9
Хонь,62,1995,Өвөрхангай,1312.6
Хонь,62,1996,Өвөрхангай,1260.1
Хонь,62,1997,Өвөрхангай,1306.8
Хонь,62,1998,Өвөрхангай,1387.9
Хонь,62,1999,Өвөрхангай,1423.1
Хонь,62,2000,Өвөрхангай,1059
Хонь,62,2001,Өвөрхангай,911.1
Хонь,62,2002,Өвөрхангай,805.9
Хонь,62,2003,Өвөрхангай,881.7
Хонь,62,2004,Өвөрхангай,971.5
Хонь,62,2005,Өвөрхангай,1059.5
Хонь,62,2006,Өвөрхангай,1213.4
Хонь,62,2007,Өвөрхангай,1462.1
Хонь,62,2008,Өвөрхангай,1569.2
Хонь,62,2009,Өвөрхангай,1691.4
Хонь,62,2010,Өвөрхангай,896.6
Хонь,62,2011,Өвөрхангай,1051.8
Хонь,62,2012,Өвөрхангай,1310.9
Хонь,62,2013,Өвөрхангай,1541.3
Хонь,62,2014,Өвөрхангай,1821.1
Хонь,62,2015,Өвөрхангай,2021.8
Хонь,62,2016,Өвөрхангай,2378.5
Хонь,62,2017,Өвөрхангай,2663.3
Хонь,62,2018,Өвөрхангай,2588.1
Хонь,62,2019,Өвөрхангай,2606.8
Хонь,62,2020,Өвөрхангай,2115
Хонь,62,2021,Өвөрхангай,2000.9
Хонь,62,2022,Өвөрхангай,2265.2
Хонь,62,2023,Өвөрхангай,2324.8
Хонь,62,2024,Өвөрхангай,2485.8
Хонь,63,1970,Булган,573.7
Хонь,63,1971,Булган,612.1
Хонь,63,1972,Булган,624.3
Хонь,63,1973,Булган,645.3
Хонь,63,1974,Булган,661.5
Хонь,63,1975,Булган,655.3
Хонь,63,1976,Булган,600.5
Хонь,63,1977,Булган,538.7
Хонь,63,1978,Булган,575.6
Хонь,63,1979,Булган,572.9
Хонь,63,1980,Булган,592.5
Хонь,63,1981,Булган,604.9
Хонь,63,1982,Булган,633.8
Хонь,63,1983,Булган,616.9
Хонь,63,1984,Булган,603.8
Хонь,63,1985,Булган,566.9
Хонь,63,1986,Булган,512.2
Хонь,63,1987,Булган,494.4
Хонь,63,1988,Булган,526.4
Хонь,63,1989,Булган,554.2
Хонь,63,1990,Булган,594.1
Хонь,63,1991,Булган,608.2
Хонь,63,1992,Булган,634.1
Хонь,63,1993,Булган,596.2
Хонь,63,1994,Булган,582.5
Хонь,63,1995,Булган,578.3
Хонь,63,1996,Булган,594.7
Хонь,63,1997,Булган,642.1
Хонь,63,1998,Булган,710.6
Хонь,63,1999,Булган,798.2
Хонь,63,2000,Булган,764.5
Хонь,63,2001,Булган,745.6
Хонь,63,2002,Булган,688.4
Хонь,63,2003,Булган,540.5
Хонь,63,2004,Булган,593.3
Хонь,63,2005,Булган,689.1
Хонь,63,2006,Булган,825.4
Хонь,63,2007,Булган,989.9
Хонь,63,2008,Булган,1199.7
Хонь,63,2009,Булган,1332.7
Хонь,63,2010,Булган,1179.8
Хонь,63,2011,Булган,1188
Хонь,63,2012,Булган,1340.8
Хонь,63,2013,Булган,1449.6
Хонь,63,2014,Булган,1648.8
Хонь,63,2015,Булган,1697.8
Хонь,63,2016,Булган,1861.3
Хонь,63,2017,Булган,1794.4
Хонь,63,2018,Булган,1778.2
Хонь,63,2019,Булган,1923.8
Хонь,63,2020,Булган,1765.7
Хонь,63,2021,Булган,1918.9
Хонь,63,2022,Булган,2037.8
Хонь,63,2023,Булган,1866.6
Хонь,63,2024,Булган,1415.5
Хонь,64,1970,Баянхонгор,807.6
Хонь,64,1971,Баянхонгор,816.5
Хонь,64,1972,Баянхонгор,851.7
Хонь,64,1973,Баянхонгор,846.7
Хонь,64,1974,Баянхонгор,862.3
Хонь,64,1975,Баянхонгор,892.4
Хонь,64,1976,Баянхонгор,858.6
Хонь,64,1977,Баянхонгор,920.9
Хонь,64,1978,Баянхонгор,941.5
Хонь,64,1979,Баянхонгор,935.7
Хонь,64,1980,Баянхонгор,959.9
Хонь,64,1981,Баянхонгор,996.6
Хонь,64,1982,Баянхонгор,1007.9
Хонь,64,1983,Баянхонгор,944.6
Хонь,64,1984,Баянхонгор,733.6
Хонь,64,1985,Баянхонгор,677.1
Хонь,64,1986,Баянхонгор,686.6
Хонь,64,1987,Баянхонгор,713
Хонь,64,1988,Баянхонгор,651.1
Хонь,64,1989,Баянхонгор,703.5
Хонь,64,1990,Баянхонгор,773
Хонь,64,1991,Баянхонгор,798.2
Хонь,64,1992,Баянхонгор,829.4
Хонь,64,1993,Баянхонгор,739.9
Хонь,64,1994,Баянхонгор,818.4
Хонь,64,1995,Баянхонгор,853.3
Хонь,64,1996,Баянхонгор,818.5
Хонь,64,1997,Баянхонгор,856.4
Хонь,64,1998,Баянхонгор,866
Хонь,64,1999,Баянхонгор,878.2
Хонь,64,2000,Баянхонгор,848.6
Хонь,64,2001,Баянхонгор,556.5
Хонь,64,2002,Баянхонгор,294.1
Хонь,64,2003,Баянхонгор,332.1
Хонь,64,2004,Баянхонгор,381.6
Хонь,64,2005,Баянхонгор,447.1
Хонь,64,2006,Баянхонгор,531.7
Хонь,64,2007,Баянхонгор,628.1
Хонь,64,2008,Баянхонгор,705.2
Хонь,64,2009,Баянхонгор,724.8
Хонь,64,2010,Баянхонгор,543.8
Хонь,64,2011,Баянхонгор,617.6
Хонь,64,2012,Баянхонгор,788.6
Хонь,64,2013,Баянхонгор,835.4
Хонь,64,2014,Баянхонгор,989
Хонь,64,2015,Баянхонгор,1082.6
Хонь,64,2016,Баянхонгор,1244.6
Хонь,64,2017,Баянхонгор,1381.1
Хонь,64,2018,Баянхонгор,1297.5
Хонь,64,2019,Баянхонгор,1406
Хонь,64,2020,Баянхонгор,1156.2
Хонь,64,2021,Баянхонгор,951.8
Хонь,64,2022,Баянхонгор,1108
Хонь,64,2023,Баянхонгор,1218.4
Хонь,64,2024,Баянхонгор,1185.1
Хонь,65,1970,Архангай,871.4
Хонь,65,1971,Архангай,904.2
Хонь,65,1972,Архангай,898
Хонь,65,1973,Архангай,898.9
Хонь,65,1974,Архангай,938.3
Хонь,65,1975,Архангай,936
Хонь,65,1976,Архангай,891
Хонь,65,1977,Архангай,821.7
Хонь,65,1978,Архангай,832.2
Хонь,65,1979,Архангай,832.5
Хонь,65,1980,Архангай,860.9
Хонь,65,1981,Архангай,910.5
Хонь,65,1982,Архангай,901.8
Хонь,65,1983,Архангай,789.7
Хонь,65,1984,Архангай,722.8
Хонь,65,1985,Архангай,638.3
Хонь,65,1986,Архангай,633.8
Хонь,65,1987,Архангай,659.8
Хонь,65,1988,Архангай,696.7
Хонь,65,1989,Архангай,746.2
Хонь,65,1990,Архангай,814
Хонь,65,1991,Архангай,823
Хонь,65,1992,Архангай,814.7
Хонь,65,1993,Архангай,785.2
Хонь,65,1994,Архангай,816.2
Хонь,65,1995,Архангай,758.1
Хонь,65,1996,Архангай,757.7
Хонь,65,1997,Архангай,833.7
Хонь,65,1998,Архангай,914.2
Хонь,65,1999,Архангай,1021.5
Хонь,65,2000,Архангай,970.6
Хонь,65,2001,Архангай,831.6
Хонь,65,2002,Архангай,770
Хонь,65,2003,Архангай,806.6
Хонь,65,2004,Архангай,861.1
Хонь,65,2005,Архангай,991.6
Хонь,65,2006,Архангай,1162.4
Хонь,65,2007,Архангай,1358.1
Хонь,65,2008,Архангай,1614.5
Хонь,65,2009,Архангай,1786.1
Хонь,65,2010,Архангай,1327.5
Хонь,65,2011,Архангай,1464.6
Хонь,65,2012,Архангай,1746.8
Хонь,65,2013,Архангай,1944.1
Хонь,65,2014,Архангай,2229.5
Хонь,65,2015,Архангай,2317
Хонь,65,2016,Архангай,2668
Хонь,65,2017,Архангай,2845.1
Хонь,65,2018,Архангай,2981.8
Хонь,65,2019,Архангай,3321.3
Хонь,65,2020,Архангай,2842.6
Хонь,65,2021,Архангай,2935.1
Хонь,65,2022,Архангай,3075
Хонь,65,2023,Архангай,2392
Хонь,65,2024,Архангай,1805.9
Хонь,67,1970,Хөвсгөл,990.9
Хонь,67,1971,Хөвсгөл,989.6
Хонь,67,1972,Хөвсгөл,974.2
Хонь,67,1973,Хөвсгөл,977.6
Хонь,67,1974,Хөвсгөл,1055.1
Хонь,67,1975,Хөвсгөл,1016.7
Хонь,67,1976,Хөвсгөл,923.8
Хонь,67,1977,Хөвсгөл,914.7
Хонь,67,1978,Хөвсгөл,989.8
Хонь,67,1979,Хөвсгөл,1018.3
Хонь,67,1980,Хөвсгөл,1020.1
Хонь,67,1981,Хөвсгөл,1078.1
Хонь,67,1982,Хөвсгөл,1119.1
Хонь,67,1983,Хөвсгөл,1131.6
Хонь,67,1984,Хөвсгөл,1119.1
Хонь,67,1985,Хөвсгөл,1096.8
Хонь,67,1986,Хөвсгөл,1054.3
Хонь,67,1987,Хөвсгөл,1038.2
Хонь,67,1988,Хөвсгөл,1036.5
Хонь,67,1989,Хөвсгөл,1061.7
Хонь,67,1990,Хөвсгөл,1093.2
Хонь,67,1991,Хөвсгөл,1007.3
Хонь,67,1992,Хөвсгөл,941.6
Хонь,67,1993,Хөвсгөл,850.2
Хонь,67,1994,Хөвсгөл,846
Хонь,67,1995,Хөвсгөл,812.2
Хонь,67,1996,Хөвсгөл,827.4
Хонь,67,1997,Хөвсгөл,881.6
Хонь,67,1998,Хөвсгөл,934
Хонь,67,1999,Хөвсгөл,1000.1
Хонь,67,2000,Хөвсгөл,944.9
Хонь,67,2001,Хөвсгөл,747.4
Хонь,67,2002,Хөвсгөл,769.1
Хонь,67,2003,Хөвсгөл,816.4
Хонь,67,2004,Хөвсгөл,932
Хонь,67,2005,Хөвсгөл,1040.2
Хонь,67,2006,Хөвсгөл,1249
Хонь,67,2007,Хөвсгөл,1441.9
Хонь,67,2008,Хөвсгөл,1618
Хонь,67,2009,Хөвсгөл,1732.7
Хонь,67,2010,Хөвсгөл,1363.9
Хонь,67,2011,Хөвсгөл,1457.5
Хонь,67,2012,Хөвсгөл,1673.1
Хонь,67,2013,Хөвсгөл,1722.8
Хонь,67,2014,Хөвсгөл,1997.1
Хонь,67,2015,Хөвсгөл,2123.7
Хонь,67,2016,Хөвсгөл,2489.3
Хонь,67,2017,Хөвсгөл,2597.5
Хонь,67,2018,Хөвсгөл,2766.2
Хонь,67,2019,Хөвсгөл,2935.1
Хонь,67,2020,Хөвсгөл,2622.8
Хонь,67,2021,Хөвсгөл,2883.2
Хонь,67,2022,Хөвсгөл,3034.3
Хонь,67,2023,Хөвсгөл,2654
Хонь,67,2024,Хөвсгөл,2262.1
Хонь,81,1970,Завхан,1104.8
Хонь,81,1971,Завхан,1167.3
Хонь,81,1972,Завхан,1203.7
Хонь,81,1973,Завхан,1198.4
Хонь,81,1974,Завхан,1170.7
Хонь,81,1975,Завхан,1218.3
Хонь,81,1976,Завхан,1246.4
Хонь,81,1977,Завхан,1143.6
Хонь,81,1978,Завхан,1236.5
Хонь,81,1979,Завхан,1252.9
Хонь,81,1980,Завхан,1300.7
Хонь,81,1981,Завхан,1231.1
Хонь,81,1982,Завхан,1301.2
Хонь,81,1983,Завхан,1240.3
Хонь,81,1984,Завхан,1142.7
Хонь,81,1985,Завхан,1142.3
Хонь,81,1986,Завхан,1159.8
Хонь,81,1987,Завхан,1195.2
Хонь,81,1988,Завхан,1203.1
Хонь,81,1989,Завхан,1303.9
Хонь,81,1990,Завхан,1402.9
Хонь,81,1991,Завхан,1367.3
Хонь,81,1992,Завхан,1358.5
Хонь,81,1993,Завхан,1257
Хонь,81,1994,Завхан,1325.7
Хонь,81,1995,Завхан,1329.3
Хонь,81,1996,Завхан,1320.8
Хонь,81,1997,Завхан,1347.6
Хонь,81,1998,Завхан,1353.7
Хонь,81,1999,Завхан,1263.9
Хонь,81,2000,Завхан,1050.6
Хонь,81,2001,Завхан,757.9
Хонь,81,2002,Завхан,715
Хонь,81,2003,Завхан,773.6
Хонь,81,2004,Завхан,903.1
Хонь,81,2005,Завхан,1026.4
Хонь,81,2006,Завхан,1251.5
Хонь,81,2007,Завхан,1465.4
Хонь,81,2008,Завхан,1554.6
Хонь,81,2009,Завхан,1462
Хонь,81,2010,Завхан,859.1
Хонь,81,2011,Завхан,979.6
Хонь,81,2012,Завхан,1147.9
Хонь,81,2013,Завхан,1280
Хонь,81,2014,Завхан,1464.4
Хонь,81,2015,Завхан,1562.7
Хонь,81,2016,Завхан,1730.2
Хонь,81,2017,Завхан,1837.7
Хонь,81,2018,Завхан,1827.5
Хонь,81,2019,Завхан,1950.9
Хонь,81,2020,Завхан,1799.8
Хонь,81,2021,Завхан,1919.5
Хонь,81,2022,Завхан,1888.6
Хонь,81,2023,Завхан,1518.9
Хонь,81,2024,Завхан,1442.6
Хонь,82,1970,Говь-Алтай,723.7
Хонь,82,1971,Говь-Алтай,763.8
Хонь,82,1972,Говь-Алтай,746.3
Хонь,82,1973,Говь-Алтай,787.3
Хонь,82,1974,Говь-Алтай,780.9
Хонь,82,1975,Говь-Алтай,813.8
Хонь,82,1976,Говь-Алтай,832
Хонь,82,1977,Говь-Алтай,861.8
Хонь,82,1978,Говь-Алтай,881.9
Хонь,82,1979,Говь-Алтай,888.9
Хонь,82,1980,Говь-Алтай,894.8
Хонь,82,1981,Говь-Алтай,899.2
Хонь,82,1982,Говь-Алтай,889.1
Хонь,82,1983,Говь-Алтай,862.9
Хонь,82,1984,Говь-Алтай,759
Хонь,82,1985,Говь-Алтай,844.5
Хонь,82,1986,Говь-Алтай,855.1
Хонь,82,1987,Говь-Алтай,889.8
Хонь,82,1988,Говь-Алтай,899
Хонь,82,1989,Говь-Алтай,923.7
Хонь,82,1990,Говь-Алтай,978.3
Хонь,82,1991,Говь-Алтай,957.5
Хонь,82,1992,Говь-Алтай,994.3
Хонь,82,1993,Говь-Алтай,946.6
Хонь,82,1994,Говь-Алтай,975.1
Хонь,82,1995,Говь-Алтай,959.6
Хонь,82,1996,Говь-Алтай,909.6
Хонь,82,1997,Говь-Алтай,893.1
Хонь,82,1998,Говь-Алтай,857.1
Хонь,82,1999,Говь-Алтай,867.1
Хонь,82,2000,Говь-Алтай,847.7
Хонь,82,2001,Говь-Алтай,692.7
Хонь,82,2002,Говь-Алтай,357.6
Хонь,82,2003,Говь-Алтай,401.9
Хонь,82,2004,Говь-Алтай,482.5
Хонь,82,2005,Говь-Алтай,587.7
Хонь,82,2006,Говь-Алтай,702.9
Хонь,82,2007,Говь-Алтай,775.1
Хонь,82,2008,Говь-Алтай,769.1
Хонь,82,2009,Говь-Алтай,694.1
Хонь,82,2010,Говь-Алтай,396.3
Хонь,82,2011,Говь-Алтай,461.7
Хонь,82,2012,Говь-Алтай,578.1
Хонь,82,2013,Говь-Алтай,679.1
Хонь,82,2014,Говь-Алтай,798.2
Хонь,82,2015,Говь-Алтай,909.3
Хонь,82,2016,Говь-Алтай,1107.1
Хонь,82,2017,Говь-Алтай,1194.6
Хонь,82,2018,Говь-Алтай,1057.7
Хонь,82,2019,Говь-Алтай,1066.7
Хонь,82,2020,Говь-Алтай,945.7
Хонь,82,2021,Говь-Алтай,886
Хонь,82,2022,Говь-Алтай,932.4
Хонь,82,2023,Говь-Алтай,882.4
Хонь,82,2024,Говь-Алтай,914.2
Хонь,83,1970,Баян-Өлгий,637.8
Хонь,83,1971,Баян-Өлгий,646.6
Хонь,83,1972,Баян-Өлгий,648.4
Хонь,83,1973,Баян-Өлгий,684.7
Хонь,83,1974,Баян-Өлгий,662.4
Хонь,83,1975,Баян-Өлгий,631.1
Хонь,83,1976,Баян-Өлгий,632.2
Хонь,83,1977,Баян-Өлгий,590.3
Хонь,83,1978,Баян-Өлгий,588.1
Хонь,83,1979,Баян-Өлгий,630.9
Хонь,83,1980,Баян-Өлгий,652.4
Хонь,83,1981,Баян-Өлгий,678.7
Хонь,83,1982,Баян-Өлгий,697.3
Хонь,83,1983,Баян-Өлгий,672
Хонь,83,1984,Баян-Өлгий,688.4
Хонь,83,1985,Баян-Өлгий,702.1
Хонь,83,1986,Баян-Өлгий,729.9
Хонь,83,1987,Баян-Өлгий,735.5
Хонь,83,1988,Баян-Өлгий,741
Хонь,83,1989,Баян-Өлгий,770.3
Хонь,83,1990,Баян-Өлгий,797.3
Хонь,83,1991,Баян-Өлгий,704.3
Хонь,83,1992,Баян-Өлгий,605.2
Хонь,83,1993,Баян-Өлгий,559.1
Хонь,83,1994,Баян-Өлгий,613.1
Хонь,83,1995,Баян-Өлгий,694.9
Хонь,83,1996,Баян-Өлгий,701.2
Хонь,83,1997,Баян-Өлгий,746.2
Хонь,83,1998,Баян-Өлгий,650.6
Хонь,83,1999,Баян-Өлгий,644.7
Хонь,83,2000,Баян-Өлгий,617.1
Хонь,83,2001,Баян-Өлгий,592.4
Хонь,83,2002,Баян-Өлгий,540.6
Хонь,83,2003,Баян-Өлгий,546.2
Хонь,83,2004,Баян-Өлгий,554.3
Хонь,83,2005,Баян-Өлгий,557.5
Хонь,83,2006,Баян-Өлгий,603
Хонь,83,2007,Баян-Өлгий,641
Хонь,83,2008,Баян-Өлгий,605
Хонь,83,2009,Баян-Өлгий,524.3
Хонь,83,2010,Баян-Өлгий,459.8
Хонь,83,2011,Баян-Өлгий,506.9
Хонь,83,2012,Баян-Өлгий,574.4
Хонь,83,2013,Баян-Өлгий,662.8
Хонь,83,2014,Баян-Өлгий,799.9
Хонь,83,2015,Баян-Өлгий,850.6
Хонь,83,2016,Баян-Өлгий,937.7
Хонь,83,2017,Баян-Өлгий,995.2
Хонь,83,2018,Баян-Өлгий,979.6
Хонь,83,2019,Баян-Өлгий,995.9
Хонь,83,2020,Баян-Өлгий,937.4
Хонь,83,2021,Баян-Өлгий,1014
Хонь,83,2022,Баян-Өлгий,979.2
Хонь,83,2023,Баян-Өлгий,876.7
Хонь,83,2024,Баян-Өлгий,905.9
Хонь,84,1970,Ховд,818.1
Хонь,84,1971,Ховд,872.8
Хонь,84,1972,Ховд,878.1
Хонь,84,1973,Ховд,936.6
Хонь,84,1974,Ховд,928.3
Хонь,84,1975,Ховд,903
Хонь,84,1976,Ховд,901.2
Хонь,84,1977,Ховд,835.8
Хонь,84,1978,Ховд,883.7
Хонь,84,1979,Ховд,888.1
Хонь,84,1980,Ховд,876.8
Хонь,84,1981,Ховд,950.8
Хонь,84,1982,Ховд,885.3
Хонь,84,1983,Ховд,847.5
Хонь,84,1984,Ховд,757.5
Хонь,84,1985,Ховд,816.9
Хонь,84,1986,Ховд,813.2
Хонь,84,1987,Ховд,846.7
Хонь,84,1988,Ховд,870
Хонь,84,1989,Ховд,889.3
Хонь,84,1990,Ховд,913.1
Хонь,84,1991,Ховд,878.8
Хонь,84,1992,Ховд,906.1
Хонь,84,1993,Ховд,957.5
Хонь,84,1994,Ховд,914.2
Хонь,84,1995,Ховд,930.9
Хонь,84,1996,Ховд,841.4
Хонь,84,1997,Ховд,814.6
Хонь,84,1998,Ховд,748.8
Хонь,84,1999,Ховд,788.4
Хонь,84,2000,Ховд,782.1
Хонь,84,2001,Ховд,629.7
Хонь,84,2002,Ховд,512.9
Хонь,84,2003,Ховд,562.1
Хонь,84,2004,Ховд,628.8
Хонь,84,2005,Ховд,703.3
Хонь,84,2006,Ховд,818.6
Хонь,84,2007,Ховд,907.3
Хонь,84,2008,Ховд,864.4
Хонь,84,2009,Ховд,807.4
Хонь,84,2010,Ховд,594.3
Хонь,84,2011,Ховд,615
Хонь,84,2012,Ховд,758.2
Хонь,84,2013,Ховд,846.2
Хонь,84,2014,Ховд,995.1
Хонь,84,2015,Ховд,1098.9
Хонь,84,2016,Ховд,1266
Хонь,84,2017,Ховд,1323.6
Хонь,84,2018,Ховд,1174.2
Хонь,84,2019,Ховд,1111.3
Хонь,84,2020,Ховд,1126.3
Хонь,84,2021,Ховд,1267.8
Хонь,84,2022,Ховд,1242.8
Хонь,84,2023,Ховд,1147.1
Хонь,84,2024,Ховд,1262
Хонь,85,1970,Увс,1108.4
Хонь,85,1971,Увс,1131.7
Хонь,85,1972,Увс,1138.2
Хонь,85,1973,Увс,1158.3
Хонь,85,1974,Увс,1129.5
Хонь,85,1975,Увс,1053.8
Хонь,85,1976,Увс,916.3
Хонь,85,1977,Увс,894.5
Хонь,85,1978,Увс,920.4
Хонь,85,1979,Увс,959.1
Хонь,85,1980,Увс,945.2
Хонь,85,1981,Увс,934.5
Хонь,85,1982,Увс,964
Хонь,85,1983,Увс,906.7
Хонь,85,1984,Увс,896.9
Хонь,85,1985,Увс,918.5
Хонь,85,1986,Увс,913.6
Хонь,85,1987,Увс,924.2
Хонь,85,1988,Увс,946.6
Хонь,85,1989,Увс,978.8
Хонь,85,1990,Увс,1020.2
Хонь,85,1991,Увс,969.3
Хонь,85,1992,Увс,991.8
Хонь,85,1993,Увс,995.2
Хонь,85,1994,Увс,987.9
Хонь,85,1995,Увс,945.7
Хонь,85,1996,Увс,920.7
Хонь,85,1997,Увс,956.7
Хонь,85,1998,Увс,983.2
Хонь,85,1999,Увс,973.2
Хонь,85,2000,Увс,858.6
Хонь,85,2001,Увс,831
Хонь,85,2002,Увс,754.7
Хонь,85,2003,Увс,798.5
Хонь,85,2004,Увс,926.4
Хонь,85,2005,Увс,987.7
Хонь,85,2006,Увс,1164.8
Хонь,85,2007,Увс,1278.2
Хонь,85,2008,Увс,1215
Хонь,85,2009,Увс,1145.1
Хонь,85,2010,Увс,776.9
Хонь,85,2011,Увс,851.5
Хонь,85,2012,Увс,976
Хонь,85,2013,Увс,1081.3
Хонь,85,2014,Увс,1260.5
Хонь,85,2015,Увс,1337
Хонь,85,2016,Увс,1376.5
Хонь,85,2017,Увс,1552.1
Хонь,85,2018,Увс,1568
Хонь,85,2019,Увс,1604.8
Хонь,85,2020,Увс,1622.7
Хонь,85,2021,Увс,1798.4
Хонь,85,2022,Увс,1711.1
Хонь,85,2023,Увс,1428.2
Хонь,85,2024,Увс,1352.4
Ямаа,11,1970,Улаанбаатар,6.5
Ямаа,11,1971,Улаанбаатар,7.6
Ямаа,11,1972,Улаанбаатар,7.6
Ямаа,11,1973,Улаанбаатар,7.3
Ямаа,11,1974,Улаанбаатар,7.7
Ямаа,11,1975,Улаанбаатар,7.3
Ямаа,11,1976,Улаанбаатар,8.2
Ямаа,11,1977,Улаанбаатар,8
Ямаа,11,1978,Улаанбаатар,6.9
Ямаа,11,1979,Улаанбаатар,52.8
Ямаа,11,1980,Улаанбаатар,4.8
Ямаа,11,1981,Улаанбаатар,5.5
Ямаа,11,1982,Улаанбаатар,6.4
Ямаа,11,1983,Улаанбаатар,7.1
Ямаа,11,1984,Улаанбаатар,7.3
Ямаа,11,1985,Улаанбаатар,7.6
Ямаа,11,1986,Улаанбаатар,7.6
Ямаа,11,1987,Улаанбаатар,9.2
Ямаа,11,1988,Улаанбаатар,10.3
Ямаа,11,1989,Улаанбаатар,12.9
Ямаа,11,1990,Улаанбаатар,17.6
Ямаа,11,1991,Улаанбаатар,28.3
Ямаа,11,1992,Улаанбаатар,43.5
Ямаа,11,1993,Улаанбаатар,44.2
Ямаа,11,1994,Улаанбаатар,42.5
Ямаа,11,1995,Улаанбаатар,57
Ямаа,11,1996,Улаанбаатар,64.8
Ямаа,11,1997,Улаанбаатар,72.6
Ямаа,11,1998,Улаанбаатар,77.4
Ямаа,11,1999,Улаанбаатар,55.3
Ямаа,11,2000,Улаанбаатар,59.1
Ямаа,11,2001,Улаанбаатар,63.5
Ямаа,11,2002,Улаанбаатар,77.6
Ямаа,11,2003,Улаанбаатар,84.2
Ямаа,11,2004,Улаанбаатар,78.1
Ямаа,11,2005,Улаанбаатар,85.9
Ямаа,11,2006,Улаанбаатар,118.3
Ямаа,11,2007,Улаанбаатар,125.2
Ямаа,11,2008,Улаанбаатар,152.4
Ямаа,11,2009,Улаанбаатар,151.2
Ямаа,11,2010,Улаанбаатар,85.4
Ямаа,11,2011,Улаанбаатар,93.6
Ямаа,11,2012,Улаанбаатар,97.2
Ямаа,11,2013,Улаанбаатар,99.5
Ямаа,11,2014,Улаанбаатар,115.9
Ямаа,11,2015,Улаанбаатар,118.4
Ямаа,11,2016,Улаанбаатар,126.3
Ямаа,11,2017,Улаанбаатар,121
Ямаа,11,2018,Улаанбаатар,121.6
Ямаа,11,2019,Улаанбаатар,134.2
Ямаа,11,2020,Улаанбаатар,146.4
Ямаа,11,2021,Улаанбаатар,127.7
Ямаа,11,2022,Улаанбаатар,121.5
Ямаа,11,2023,Улаанбаатар,106.1
Ямаа,11,2024,Улаанбаатар,98.4
Ямаа,21,1970,Дорнод,54.8
Ямаа,21,1971,Дорнод,57.4
Ямаа,21,1972,Дорнод,53.4
Ямаа,21,1973,Дорнод,56.6
Ямаа,21,1974,Дорнод,62.7
Ямаа,21,1975,Дорнод,64.3
Ямаа,21,1976,Дорнод,56.4
Ямаа,21,1977,Дорнод,61.4
Ямаа,21,1978,Дорнод,61.5
Ямаа,21,1979,Дорнод,62.9
Ямаа,21,1980,Дорнод,54.3
Ямаа,21,1981,Дорнод,58.8
Ямаа,21,1982,Дорнод,55.4
Ямаа,21,1983,Дорнод,48.5
Ямаа,21,1984,Дорнод,45.5
Ямаа,21,1985,Дорнод,44.1
Ямаа,21,1986,Дорнод,39.7
Ямаа,21,1987,Дорнод,41.1
Ямаа,21,1988,Дорнод,41.4
Ямаа,21,1989,Дорнод,44.2
Ямаа,21,1990,Дорнод,44
Ямаа,21,1991,Дорнод,42.6
Ямаа,21,1992,Дорнод,46.7
Ямаа,21,1993,Дорнод,50.8
Ямаа,21,1994,Дорнод,58.6
Ямаа,21,1995,Дорнод,65.1
Ямаа,21,1996,Дорнод,75.8
Ямаа,21,1997,Дорнод,95.8
Ямаа,21,1998,Дорнод,116.2
Ямаа,21,1999,Дорнод,123.5
Ямаа,21,2000,Дорнод,133.6
Ямаа,21,2001,Дорнод,152.7
Ямаа,21,2002,Дорнод,185.4
Ямаа,21,2003,Дорнод,207.8
Ямаа,21,2004,Дорнод,234.4
Ямаа,21,2005,Дорнод,273.7
Ямаа,21,2006,Дорнод,338.4
Ямаа,21,2007,Дорнод,429.2
Ямаа,21,2008,Дорнод,512
Ямаа,21,2009,Дорнод,473.4
Ямаа,21,2010,Дорнод,312.4
Ямаа,21,2011,Дорнод,335.1
Ямаа,21,2012,Дорнод,346.9
Ямаа,21,2013,Дорнод,336.8
Ямаа,21,2014,Дорнод,396.5
Ямаа,21,2015,Дорнод,445
Ямаа,21,2016,Дорнод,485.8
Ямаа,21,2017,Дорнод,592.1
Ямаа,21,2018,Дорнод,702.1
Ямаа,21,2019,Дорнод,786.2
Ямаа,21,2020,Дорнод,810.9
Ямаа,21,2021,Дорнод,852.7
Ямаа,21,2022,Дорнод,898.4
Ямаа,21,2023,Дорнод,795.4
Ямаа,21,2024,Дорнод,657.8
Ямаа,22,1970,Сүхбаатар,119.6
Ямаа,22,1971,Сүхбаатар,100.8
Ямаа,22,1972,Сүхбаатар,113.7
Ямаа,22,1973,Сүхбаатар,126.9
Ямаа,22,1974,Сүхбаатар,119.4
Ямаа,22,1975,Сүхбаатар,129.7
Ямаа,22,1976,Сүхбаатар,132.3
Ямаа,22,1977,Сүхбаатар,131.8
Ямаа,22,1978,Сүхбаатар,140.3
Ямаа,22,1979,Сүхбаатар,141.9
Ямаа,22,1980,Сүхбаатар,127.7
Ямаа,22,1981,Сүхбаатар,141
Ямаа,22,1982,Сүхбаатар,125
Ямаа,22,1983,Сүхбаатар,108.9
Ямаа,22,1984,Сүхбаатар,121.2
Ямаа,22,1985,Сүхбаатар,129.2
Ямаа,22,1986,Сүхбаатар,134
Ямаа,22,1987,Сүхбаатар,110.8
Ямаа,22,1988,Сүхбаатар,123
Ямаа,22,1989,Сүхбаатар,135.2
Ямаа,22,1990,Сүхбаатар,135.4
Ямаа,22,1991,Сүхбаатар,143.6
Ямаа,22,1992,Сүхбаатар,163.5
Ямаа,22,1993,Сүхбаатар,115.7
Ямаа,22,1994,Сүхбаатар,197.9
Ямаа,22,1995,Сүхбаатар,210.4
Ямаа,22,1996,Сүхбаатар,234.3
Ямаа,22,1997,Сүхбаатар,264.8
Ямаа,22,1998,Сүхбаатар,316.4
Ямаа,22,1999,Сүхбаатар,348.7
Ямаа,22,2000,Сүхбаатар,361.1
Ямаа,22,2001,Сүхбаатар,388.2
Ямаа,22,2002,Сүхбаатар,463.5
Ямаа,22,2003,Сүхбаатар,541.2
Ямаа,22,2004,Сүхбаатар,537.1
Ямаа,22,2005,Сүхбаатар,512.3
Ямаа,22,2006,Сүхбаатар,567.2
Ямаа,22,2007,Сүхбаатар,631.5
Ямаа,22,2008,Сүхбаатар,583.2
Ямаа,22,2009,Сүхбаатар,684.3
Ямаа,22,2010,Сүхбаатар,731.7
Ямаа,22,2011,Сүхбаатар,777.2
Ямаа,22,2012,Сүхбаатар,845.3
Ямаа,22,2013,Сүхбаатар,890.8
Ямаа,22,2014,Сүхбаатар,1001.7
Ямаа,22,2015,Сүхбаатар,1076
Ямаа,22,2016,Сүхбаатар,996.4
Ямаа,22,2017,Сүхбаатар,1152.4
Ямаа,22,2018,Сүхбаатар,1207.5
Ямаа,22,2019,Сүхбаатар,1247.4
Ямаа,22,2020,Сүхбаатар,1280.2
Ямаа,22,2021,Сүхбаатар,1343.4
Ямаа,22,2022,Сүхбаатар,1482.4
Ямаа,22,2023,Сүхбаатар,1161.9
Ямаа,22,2024,Сүхбаатар,669.1
Ямаа,23,1970,Хэнтий,114.7
Ямаа,23,1971,Хэнтий,116.4
Ямаа,23,1972,Хэнтий,119.3
Ямаа,23,1973,Хэнтий,121
Ямаа,23,1974,Хэнтий,131.7
Ямаа,23,1975,Хэнтий,135.2
Ямаа,23,1976,Хэнтий,130
Ямаа,23,1977,Хэнтий,128
Ямаа,23,1978,Хэнтий,144.9
Ямаа,23,1979,Хэнтий,152.2
Ямаа,23,1980,Хэнтий,140.8
Ямаа,23,1981,Хэнтий,162.3
Ямаа,23,1982,Хэнтий,164.4
Ямаа,23,1983,Хэнтий,154.6
Ямаа,23,1984,Хэнтий,148.1
Ямаа,23,1985,Хэнтий,141.6
Ямаа,23,1986,Хэнтий,141.6
Ямаа,23,1987,Хэнтий,149.8
Ямаа,23,1988,Хэнтий,155
Ямаа,23,1989,Хэнтий,185.2
Ямаа,23,1990,Хэнтий,199.1
Ямаа,23,1991,Хэнтий,178.3
Ямаа,23,1992,Хэнтий,194.3
Ямаа,23,1993,Хэнтий,205.1
Ямаа,23,1994,Хэнтий,211.3
Ямаа,23,1995,Хэнтий,240.5
Ямаа,23,1996,Хэнтий,267.3
Ямаа,23,1997,Хэнтий,305.1
Ямаа,23,1998,Хэнтий,354.4
Ямаа,23,1999,Хэнтий,353.7
Ямаа,23,2000,Хэнтий,364.7
Ямаа,23,2001,Хэнтий,377.7
Ямаа,23,2002,Хэнтий,414.4
Ямаа,23,2003,Хэнтий,477.1
Ямаа,23,2004,Хэнтий,506
Ямаа,23,2005,Хэнтий,583.2
Ямаа,23,2006,Хэнтий,670.8
Ямаа,23,2007,Хэнтий,818.2
Ямаа,23,2008,Хэнтий,822.8
Ямаа,23,2009,Хэнтий,862.9
Ямаа,23,2010,Хэнтий,807.3
Ямаа,23,2011,Хэнтий,906.7
Ямаа,23,2012,Хэнтий,973.7
Ямаа,23,2013,Хэнтий,1060.2
Ямаа,23,2014,Хэнтий,1205.3
Ямаа,23,2015,Хэнтий,1289.9
Ямаа,23,2016,Хэнтий,1384.1
Ямаа,23,2017,Хэнтий,1545.3
Ямаа,23,2018,Хэнтий,1615.1
Ямаа,23,2019,Хэнтий,1702.6
Ямаа,23,2020,Хэнтий,1622.9
Ямаа,23,2021,Хэнтий,1650.4
Ямаа,23,2022,Хэнтий,1650.2
Ямаа,23,2023,Хэнтий,1366.5
Ямаа,23,2024,Хэнтий,1079.4
Ямаа,41,1970,Төв,156.3
Ямаа,41,1971,Төв,149.4
Ямаа,41,1972,Төв,160.7
Ямаа,41,1973,Төв,171
Ямаа,41,1974,Төв,186.6
Ямаа,41,1975,Төв,190.6
Ямаа,41,1976,Төв,163
Ямаа,41,1977,Төв,125.1
Ямаа,41,1978,Төв,150.3
Ямаа,41,1979,Төв,160.2
Ямаа,41,1980,Төв,149.8
Ямаа,41,1981,Төв,150.8
Ямаа,41,1982,Төв,163.6
Ямаа,41,1983,Төв,150.1
Ямаа,41,1984,Төв,146.9
Ямаа,41,1985,Төв,142.9
Ямаа,41,1986,Төв,145.3
Ямаа,41,1987,Төв,140.4
Ямаа,41,1988,Төв,142.7
Ямаа,41,1989,Төв,166.2
Ямаа,41,1990,Төв,176.5
Ямаа,41,1991,Төв,174.8
Ямаа,41,1992,Төв,192.4
Ямаа,41,1993,Төв,210.5
Ямаа,41,1994,Төв,232.3
Ямаа,41,1995,Төв,296.1
Ямаа,41,1996,Төв,346.3
Ямаа,41,1997,Төв,420.3
Ямаа,41,1998,Төв,495.6
Ямаа,41,1999,Төв,494
Ямаа,41,2000,Төв,483.6
Ямаа,41,2001,Төв,457.9
Ямаа,41,2002,Төв,493.4
Ямаа,41,2003,Төв,491.6
Ямаа,41,2004,Төв,541.6
Ямаа,41,2005,Төв,634.9
Ямаа,41,2006,Төв,801.3
Ямаа,41,2007,Төв,1003
Ямаа,41,2008,Төв,1166.5
Ямаа,41,2009,Төв,1319.9
Ямаа,41,2010,Төв,977.9
Ямаа,41,2011,Төв,1088.9
Ямаа,41,2012,Төв,1155.4
Ямаа,41,2013,Төв,1231.3
Ямаа,41,2014,Төв,1432.5
Ямаа,41,2015,Төв,1507.4
Ямаа,41,2016,Төв,1551.3
Ямаа,41,2017,Төв,1534.2
Ямаа,41,2018,Төв,1506
Ямаа,41,2019,Төв,1670.5
Ямаа,41,2020,Төв,1656.8
Ямаа,41,2021,Төв,1530.1
Ямаа,41,2022,Төв,1628.7
Ямаа,41,2023,Төв,1506
Ямаа,41,2024,Төв,1285.2
Ямаа,42,1991,Говьсүмбэр,11.9
Ямаа,42,1992,Говьсүмбэр,14.3
Ямаа,42,1993,Говьсүмбэр,17.7
Ямаа,42,1994,Говьсүмбэр,18.8
Ямаа,42,1995,Говьсүмбэр,25.1
Ямаа,42,1996,Говьсүмбэр,29.1
Ямаа,42,1997,Говьсүмбэр,33.7
Ямаа,42,1998,Говьсүмбэр,41.7
Ямаа,42,1999,Говьсүмбэр,42.1
Ямаа,42,2000,Говьсүмбэр,37.9
Ямаа,42,2001,Говьсүмбэр,27.1
Ямаа,42,2002,Говьсүмбэр,37.4
Ямаа,42,2003,Говьсүмбэр,53.2
Ямаа,42,2004,Говьсүмбэр,65.2
Ямаа,42,2005,Говьсүмбэр,79.9
Ямаа,42,2006,Говьсүмбэр,84.1
Ямаа,42,2007,Говьсүмбэр,97.8
Ямаа,42,2008,Говьсүмбэр,92.7
Ямаа,42,2009,Говьсүмбэр,88.2
Ямаа,42,2010,Говьсүмбэр,76.9
Ямаа,42,2011,Говьсүмбэр,97.1
Ямаа,42,2012,Говьсүмбэр,110.9
Ямаа,42,2013,Говьсүмбэр,131.2
Ямаа,42,2014,Говьсүмбэр,161
Ямаа,42,2015,Говьсүмбэр,179
Ямаа,42,2016,Говьсүмбэр,177.3
Ямаа,42,2017,Говьсүмбэр,195.1
Ямаа,42,2018,Говьсүмбэр,183.7
Ямаа,42,2019,Говьсүмбэр,194.2
Ямаа,42,2020,Говьсүмбэр,192.4
Ямаа,42,2021,Говьсүмбэр,169.6
Ямаа,42,2022,Говьсүмбэр,179.8
Ямаа,42,2023,Говьсүмбэр,168.3
Ямаа,42,2024,Говьсүмбэр,118.3
Ямаа,43,1970,Сэлэнгэ,19.7
Ямаа,43,1971,Сэлэнгэ,20.5
Ямаа,43,1972,Сэлэнгэ,21.6
Ямаа,43,1973,Сэлэнгэ,24.2
Ямаа,43,1974,Сэлэнгэ,24.5
Ямаа,43,1975,Сэлэнгэ,24.9
Ямаа,43,1976,Сэлэнгэ,22.3
Ямаа,43,1977,Сэлэнгэ,21.8
Ямаа,43,1978,Сэлэнгэ,21
Ямаа,43,1979,Сэлэнгэ,20.2
Ямаа,43,1980,Сэлэнгэ,18.1
Ямаа,43,1981,Сэлэнгэ,19.4
Ямаа,43,1982,Сэлэнгэ,20.7
Ямаа,43,1983,Сэлэнгэ,21.3
Ямаа,43,1984,Сэлэнгэ,20.8
Ямаа,43,1985,Сэлэнгэ,20.5
Ямаа,43,1986,Сэлэнгэ,20.8
Ямаа,43,1987,Сэлэнгэ,20.4
Ямаа,43,1988,Сэлэнгэ,21.5
Ямаа,43,1989,Сэлэнгэ,24.1
Ямаа,43,1990,Сэлэнгэ,28
Ямаа,43,1991,Сэлэнгэ,32.7
Ямаа,43,1992,Сэлэнгэ,37.8
Ямаа,43,1993,Сэлэнгэ,42.9
Ямаа,43,1994,Сэлэнгэ,59.5
Ямаа,43,1995,Сэлэнгэ,70.6
Ямаа,43,1996,Сэлэнгэ,82.9
Ямаа,43,1997,Сэлэнгэ,95.7
Ямаа,43,1998,Сэлэнгэ,119
Ямаа,43,1999,Сэлэнгэ,138.4
Ямаа,43,2000,Сэлэнгэ,165.8
Ямаа,43,2001,Сэлэнгэ,185.9
Ямаа,43,2002,Сэлэнгэ,224.3
Ямаа,43,2003,Сэлэнгэ,205.6
Ямаа,43,2004,Сэлэнгэ,215.5
Ямаа,43,2005,Сэлэнгэ,238.7
Ямаа,43,2006,Сэлэнгэ,309.7
Ямаа,43,2007,Сэлэнгэ,425.4
Ямаа,43,2008,Сэлэнгэ,599.8
Ямаа,43,2009,Сэлэнгэ,609.8
Ямаа,43,2010,Сэлэнгэ,447.4
Ямаа,43,2011,Сэлэнгэ,461.4
Ямаа,43,2012,Сэлэнгэ,465.1
Ямаа,43,2013,Сэлэнгэ,446.6
Ямаа,43,2014,Сэлэнгэ,495.9
Ямаа,43,2015,Сэлэнгэ,481.3
Ямаа,43,2016,Сэлэнгэ,532
Ямаа,43,2017,Сэлэнгэ,496.3
Ямаа,43,2018,Сэлэнгэ,519.3
Ямаа,43,2019,Сэлэнгэ,601.6
Ямаа,43,2020,Сэлэнгэ,669
Ямаа,43,2021,Сэлэнгэ,635
Ямаа,43,2022,Сэлэнгэ,626.7
Ямаа,43,2023,Сэлэнгэ,537.2
Ямаа,43,2024,Сэлэнгэ,456.2
Ямаа,44,1970,Дорноговь,146.8
Ямаа,44,1971,Дорноговь,156.5
Ямаа,44,1972,Дорноговь,169.3
Ямаа,44,1973,Дорноговь,171.4
Ямаа,44,1974,Дорноговь,191.7
Ямаа,44,1975,Дорноговь,183.8
Ямаа,44,1976,Дорноговь,179.3
Ямаа,44,1977,Дорноговь,176.3
Ямаа,44,1978,Дорноговь,189.5
Ямаа,44,1979,Дорноговь,182.8
Ямаа,44,1980,Дорноговь,170.4
Ямаа,44,1981,Дорноговь,158.1
Ямаа,44,1982,Дорноговь,173.7
Ямаа,44,1983,Дорноговь,170.4
Ямаа,44,1984,Дорноговь,165.7
Ямаа,44,1985,Дорноговь,168.6
Ямаа,44,1986,Дорноговь,167.7
Ямаа,44,1987,Дорноговь,165.4
Ямаа,44,1988,Дорноговь,179.4
Ямаа,44,1989,Дорноговь,203.1
Ямаа,44,1990,Дорноговь,184.8
Ямаа,44,1991,Дорноговь,200.5
Ямаа,44,1992,Дорноговь,204.4
Ямаа,44,1993,Дорноговь,197.8
Ямаа,44,1994,Дорноговь,227.4
Ямаа,44,1995,Дорноговь,271.5
Ямаа,44,1996,Дорноговь,294.4
Ямаа,44,1997,Дорноговь,323.9
Ямаа,44,1998,Дорноговь,344.3
Ямаа,44,1999,Дорноговь,375.7
Ямаа,44,2000,Дорноговь,344.6
Ямаа,44,2001,Дорноговь,318.8
Ямаа,44,2002,Дорноговь,345
Ямаа,44,2003,Дорноговь,414.6
Ямаа,44,2004,Дорноговь,469.6
Ямаа,44,2005,Дорноговь,446.2
Ямаа,44,2006,Дорноговь,320.3
Ямаа,44,2007,Дорноговь,388.5
Ямаа,44,2008,Дорноговь,456.7
Ямаа,44,2009,Дорноговь,529.4
Ямаа,44,2010,Дорноговь,489.6
Ямаа,44,2011,Дорноговь,568
Ямаа,44,2012,Дорноговь,619.1
Ямаа,44,2013,Дорноговь,705.2
Ямаа,44,2014,Дорноговь,775
Ямаа,44,2015,Дорноговь,812.2
Ямаа,44,2016,Дорноговь,775.2
Ямаа,44,2017,Дорноговь,893.6
Ямаа,44,2018,Дорноговь,958.6
Ямаа,44,2019,Дорноговь,1094.6
Ямаа,44,2020,Дорноговь,1167.7
Ямаа,44,2021,Дорноговь,1198.1
Ямаа,44,2022,Дорноговь,1278.3
Ямаа,44,2023,Дорноговь,962.8
Ямаа,44,2024,Дорноговь,660.5
Ямаа,45,1970,Дархан-Уул,0.9
Ямаа,45,1971,Дархан-Уул,1.1
Ямаа,45,1972,Дархан-Уул,1.5
Ямаа,45,1973,Дархан-Уул,0.7
Ямаа,45,1974,Дархан-Уул,0.8
Ямаа,45,1975,Дархан-Уул,0.8
Ямаа,45,1976,Дархан-Уул,0.8
Ямаа,45,1977,Дархан-Уул,0.7
Ямаа,45,1978,Дархан-Уул,0.9
Ямаа,45,1979,Дархан-Уул,22.9
Ямаа,45,1980,Дархан-Уул,1.2
Ямаа,45,1981,Дархан-Уул,1.4
Ямаа,45,1982,Дархан-Уул,2.5
Ямаа,45,1983,Дархан-Уул,3
Ямаа,45,1984,Дархан-Уул,3.3
Ямаа,45,1985,Дархан-Уул,3.3
Ямаа,45,1986,Дархан-Уул,3.3
Ямаа,45,1987,Дархан-Уул,3.2
Ямаа,45,1988,Дархан-Уул,3.7
Ямаа,45,1989,Дархан-Уул,4.8
Ямаа,45,1990,Дархан-Уул,7.8
Ямаа,45,1991,Дархан-Уул,12.7
Ямаа,45,1992,Дархан-Уул,17
Ямаа,45,1993,Дархан-Уул,16.9
Ямаа,45,1994,Дархан-Уул,20.9
Ямаа,45,1995,Дархан-Уул,23.2
Ямаа,45,1996,Дархан-Уул,25.7
Ямаа,45,1997,Дархан-Уул,27.5
Ямаа,45,1998,Дархан-Уул,40.5
Ямаа,45,1999,Дархан-Уул,43.1
Ямаа,45,2000,Дархан-Уул,53.6
Ямаа,45,2001,Дархан-Уул,52.8
Ямаа,45,2002,Дархан-Уул,53.6
Ямаа,45,2003,Дархан-Уул,40.4
Ямаа,45,2004,Дархан-Уул,42.7
Ямаа,45,2005,Дархан-Уул,50.5
Ямаа,45,2006,Дархан-Уул,68.3
Ямаа,45,2007,Дархан-Уул,93.8
Ямаа,45,2008,Дархан-Уул,138.8
Ямаа,45,2009,Дархан-Уул,136
Ямаа,45,2010,Дархан-Уул,78.8
Ямаа,45,2011,Дархан-Уул,86.5
Ямаа,45,2012,Дархан-Уул,85.1
Ямаа,45,2013,Дархан-Уул,81.9
Ямаа,45,2014,Дархан-Уул,95.8
Ямаа,45,2015,Дархан-Уул,83
Ямаа,45,2016,Дархан-Уул,95.9
Ямаа,45,2017,Дархан-Уул,92.8
Ямаа,45,2018,Дархан-Уул,97
Ямаа,45,2019,Дархан-Уул,118.3
Ямаа,45,2020,Дархан-Уул,129.8
Ямаа,45,2021,Дархан-Уул,118.4
Ямаа,45,2022,Дархан-Уул,102.6
Ямаа,45,2023,Дархан-Уул,81.1
Ямаа,45,2024,Дархан-Уул,79.2
Ямаа,46,1970,Өмнөговь,354.5
Ямаа,46,1971,Өмнөговь,340.5
Ямаа,46,1972,Өмнөговь,342.7
Ямаа,46,1973,Өмнөговь,307.1
Ямаа,46,1974,Өмнөговь,369.6
Ямаа,46,1975,Өмнөговь,425.8
Ямаа,46,1976,Өмнөговь,435.4
Ямаа,46,1977,Өмнөговь,456.9
Ямаа,46,1978,Өмнөговь,476.4
Ямаа,46,1979,Өмнөговь,468.6
Ямаа,46,1980,Өмнөговь,429.2
Ямаа,46,1981,Өмнөговь,447.3
Ямаа,46,1982,Өмнөговь,457.2
Ямаа,46,1983,Өмнөговь,383.2
Ямаа,46,1984,Өмнөговь,401.1
Ямаа,46,1985,Өмнөговь,362.3
Ямаа,46,1986,Өмнөговь,359.8
Ямаа,46,1987,Өмнөговь,381
Ямаа,46,1988,Өмнөговь,391.9
Ямаа,46,1989,Өмнөговь,431.6
Ямаа,46,1990,Өмнөговь,411.4
Ямаа,46,1991,Өмнөговь,428.1
Ямаа,46,1992,Өмнөговь,427.3
Ямаа,46,1993,Өмнөговь,458.7
Ямаа,46,1994,Өмнөговь,551.4
Ямаа,46,1995,Өмнөговь,661.6
Ямаа,46,1996,Өмнөговь,739.5
Ямаа,46,1997,Өмнөговь,869.7
Ямаа,46,1998,Өмнөговь,923.7
Ямаа,46,1999,Өмнөговь,907.5
Ямаа,46,2000,Өмнөговь,868.7
Ямаа,46,2001,Өмнөговь,736.8
Ямаа,46,2002,Өмнөговь,560.4
Ямаа,46,2003,Өмнөговь,591.7
Ямаа,46,2004,Өмнөговь,720.4
Ямаа,46,2005,Өмнөговь,753
Ямаа,46,2006,Өмнөговь,780.8
Ямаа,46,2007,Өмнөговь,971.6
Ямаа,46,2008,Өмнөговь,1187.5
Ямаа,46,2009,Өмнөговь,1227.1
Ямаа,46,2010,Өмнөговь,668.6
Ямаа,46,2011,Өмнөговь,826.1
Ямаа,46,2012,Өмнөговь,961.3
Ямаа,46,2013,Өмнөговь,1127.8
Ямаа,46,2014,Өмнөговь,1256.3
Ямаа,46,2015,Өмнөговь,1397.4
Ямаа,46,2016,Өмнөговь,1555.1
Ямаа,46,2017,Өмнөговь,1773.5
Ямаа,46,2018,Өмнөговь,1691.3
Ямаа,46,2019,Өмнөговь,1983
Ямаа,46,2020,Өмнөговь,1887.8
Ямаа,46,2021,Өмнөговь,1593.2
Ямаа,46,2022,Өмнөговь,1649.6
Ямаа,46,2023,Өмнөговь,1217.2
Ямаа,46,2024,Өмнөговь,1170.3
Ямаа,48,1970,Дундговь,320.9
Ямаа,48,1971,Дундговь,271.8
Ямаа,48,1972,Дундговь,320.1
Ямаа,48,1973,Дундговь,333.1
Ямаа,48,1974,Дундговь,353.6
Ямаа,48,1975,Дундговь,344.8
Ямаа,48,1976,Дундговь,352.1
Ямаа,48,1977,Дундговь,326.9
Ямаа,48,1978,Дундговь,373.3
Ямаа,48,1979,Дундговь,370.7
Ямаа,48,1980,Дундговь,334.4
Ямаа,48,1981,Дундговь,320.8
Ямаа,48,1982,Дундговь,366.1
Ямаа,48,1983,Дундговь,371.6
Ямаа,48,1984,Дундговь,348.2
Ямаа,48,1985,Дундговь,335.2
Ямаа,48,1986,Дундговь,350.5
Ямаа,48,1987,Дундговь,311.4
Ямаа,48,1988,Дундговь,305.2
Ямаа,48,1989,Дундговь,374.1
Ямаа,48,1990,Дундговь,404.7
Ямаа,48,1991,Дундговь,429.5
Ямаа,48,1992,Дундговь,447.3
Ямаа,48,1993,Дундговь,450.8
Ямаа,48,1994,Дундговь,492.2
Ямаа,48,1995,Дундговь,605.5
Ямаа,48,1996,Дундговь,674.6
Ямаа,48,1997,Дундговь,770.9
Ямаа,48,1998,Дундговь,856.5
Ямаа,48,1999,Дундговь,766.9
Ямаа,48,2000,Дундговь,441.4
Ямаа,48,2001,Дундговь,550.9
Ямаа,48,2002,Дундговь,623.7
Ямаа,48,2003,Дундговь,705.8
Ямаа,48,2004,Дундговь,809.9
Ямаа,48,2005,Дундговь,825.4
Ямаа,48,2006,Дундговь,870.7
Ямаа,48,2007,Дундговь,998.3
Ямаа,48,2008,Дундговь,984.6
Ямаа,48,2009,Дундговь,1036.9
Ямаа,48,2010,Дундговь,493.1
Ямаа,48,2011,Дундговь,624.8
Ямаа,48,2012,Дундговь,773.6
Ямаа,48,2013,Дундговь,928.4
Ямаа,48,2014,Дундговь,1141.8
Ямаа,48,2015,Дундговь,1288.7
Ямаа,48,2016,Дундговь,1389.1
Ямаа,48,2017,Дундговь,1634.6
Ямаа,48,2018,Дундговь,1716.6
Ямаа,48,2019,Дундговь,1852.8
Ямаа,48,2020,Дундговь,1666.6
Ямаа,48,2021,Дундговь,1373.3
Ямаа,48,2022,Дундговь,1603.4
Ямаа,48,2023,Дундговь,1577.3
Ямаа,48,2024,Дундговь,1477.6
Ямаа,61,1976,Орхон,0.4
Ямаа,61,1977,Орхон,0.4
Ямаа,61,1978,Орхон,0.6
Ямаа,61,1979,Орхон,7.5
Ямаа,61,1980,Орхон,0.5
Ямаа,61,1981,Орхон,0.8
Ямаа,61,1982,Орхон,1
Ямаа,61,1983,Орхон,1.1
Ямаа,61,1984,Орхон,1.3
Ямаа,61,1985,Орхон,1.3
Ямаа,61,1986,Орхон,1.3
Ямаа,61,1987,Орхон,1.4
Ямаа,61,1988,Орхон,1.7
Ямаа,61,1989,Орхон,2.3
Ямаа,61,1990,Орхон,3.2
Ямаа,61,1991,Орхон,5.7
Ямаа,61,1992,Орхон,9.3
Ямаа,61,1993,Орхон,13.4
Ямаа,61,1994,Орхон,17.5
Ямаа,61,1995,Орхон,21.7
Ямаа,61,1996,Орхон,23.9
Ямаа,61,1997,Орхон,27.4
Ямаа,61,1998,Орхон,33.9
Ямаа,61,1999,Орхон,44.6
Ямаа,61,2000,Орхон,50.3
Ямаа,61,2001,Орхон,55.8
Ямаа,61,2002,Орхон,53.6
Ямаа,61,2003,Орхон,45.3
Ямаа,61,2004,Орхон,48.8
Ямаа,61,2005,Орхон,60.4
Ямаа,61,2006,Орхон,77.8
Ямаа,61,2007,Орхон,93.5
Ямаа,61,2008,Орхон,125.3
Ямаа,61,2009,Орхон,111
Ямаа,61,2010,Орхон,67.5
Ямаа,61,2011,Орхон,69
Ямаа,61,2012,Орхон,71.8
Ямаа,61,2013,Орхон,65.7
Ямаа,61,2014,Орхон,44.6
Ямаа,61,2015,Орхон,43.3
Ямаа,61,2016,Орхон,48.6
Ямаа,61,2017,Орхон,40.5
Ямаа,61,2018,Орхон,38
Ямаа,61,2019,Орхон,45
Ямаа,61,2020,Орхон,52.5
Ямаа,61,2021,Орхон,54.9
Ямаа,61,2022,Орхон,58.6
Ямаа,61,2023,Орхон,54.1
Ямаа,61,2024,Орхон,51.4
Ямаа,62,1970,Өвөрхангай,285
Ямаа,62,1971,Өвөрхангай,280.2
Ямаа,62,1972,Өвөрхангай,299.6
Ямаа,62,1973,Өвөрхангай,307.4
Ямаа,62,1974,Өвөрхангай,321.9
Ямаа,62,1975,Өвөрхангай,330.5
Ямаа,62,1976,Өвөрхангай,337.9
Ямаа,62,1977,Өвөрхангай,334.9
Ямаа,62,1978,Өвөрхангай,363.8
Ямаа,62,1979,Өвөрхангай,359.8
Ямаа,62,1980,Өвөрхангай,339.4
Ямаа,62,1981,Өвөрхангай,335.4
Ямаа,62,1982,Өвөрхангай,364.2
Ямаа,62,1983,Өвөрхангай,328.6
Ямаа,62,1984,Өвөрхангай,317.6
Ямаа,62,1985,Өвөрхангай,298.1
Ямаа,62,1986,Өвөрхангай,331.2
Ямаа,62,1987,Өвөрхангай,330.6
Ямаа,62,1988,Өвөрхангай,344.7
Ямаа,62,1989,Өвөрхангай,397.5
Ямаа,62,1990,Өвөрхангай,413.5
Ямаа,62,1991,Өвөрхангай,428.5
Ямаа,62,1992,Өвөрхангай,455.2
Ямаа,62,1993,Өвөрхангай,517.4
Ямаа,62,1994,Өвөрхангай,612.6
Ямаа,62,1995,Өвөрхангай,736.5
Ямаа,62,1996,Өвөрхангай,751.5
Ямаа,62,1997,Өвөрхангай,861.7
Ямаа,62,1998,Өвөрхангай,952.6
Ямаа,62,1999,Өвөрхангай,930.4
Ямаа,62,2000,Өвөрхангай,730.7
Ямаа,62,2001,Өвөрхангай,703
Ямаа,62,2002,Өвөрхангай,655.7
Ямаа,62,2003,Өвөрхангай,816.4
Ямаа,62,2004,Өвөрхангай,946
Ямаа,62,2005,Өвөрхангай,992.2
Ямаа,62,2006,Өвөрхангай,1134.4
Ямаа,62,2007,Өвөрхангай,1406.1
Ямаа,62,2008,Өвөрхангай,1558.7
Ямаа,62,2009,Өвөрхангай,1589.1
Ямаа,62,2010,Өвөрхангай,909.2
Ямаа,62,2011,Өвөрхангай,1126.4
Ямаа,62,2012,Өвөрхангай,1357.2
Ямаа,62,2013,Өвөрхангай,1574.2
Ямаа,62,2014,Өвөрхангай,1838.3
Ямаа,62,2015,Өвөрхангай,1968.3
Ямаа,62,2016,Өвөрхангай,2220.5
Ямаа,62,2017,Өвөрхангай,2389.2
Ямаа,62,2018,Өвөрхангай,2245.8
Ямаа,62,2019,Өвөрхангай,2344.6
Ямаа,62,2020,Өвөрхангай,1805.6
Ямаа,62,2021,Өвөрхангай,1493.5
Ямаа,62,2022,Өвөрхангай,1708.2
Ямаа,62,2023,Өвөрхангай,1727.5
Ямаа,62,2024,Өвөрхангай,1858.4
Ямаа,63,1970,Булган,88.1
Ямаа,63,1971,Булган,93.2
Ямаа,63,1972,Булган,97.4
Ямаа,63,1973,Булган,103.1
Ямаа,63,1974,Булган,105.8
Ямаа,63,1975,Булган,104.2
Ямаа,63,1976,Булган,100.3
Ямаа,63,1977,Булган,93.8
Ямаа,63,1978,Булган,103.9
Ямаа,63,1979,Булган,106.7
Ямаа,63,1980,Булган,103.7
Ямаа,63,1981,Булган,111.4
Ямаа,63,1982,Булган,117.4
Ямаа,63,1983,Булган,117.9
Ямаа,63,1984,Булган,118.3
Ямаа,63,1985,Булган,105.1
Ямаа,63,1986,Булган,93.5
Ямаа,63,1987,Булган,87.3
Ямаа,63,1988,Булган,88.9
Ямаа,63,1989,Булган,99.3
Ямаа,63,1990,Булган,102.3
Ямаа,63,1991,Булган,107.7
Ямаа,63,1992,Булган,119.8
Ямаа,63,1993,Булган,133.5
Ямаа,63,1994,Булган,157
Ямаа,63,1995,Булган,186.6
Ямаа,63,1996,Булган,216.5
Ямаа,63,1997,Булган,256.1
Ямаа,63,1998,Булган,304.6
Ямаа,63,1999,Булган,335.6
Ямаа,63,2000,Булган,341.5
Ямаа,63,2001,Булган,376.7
Ямаа,63,2002,Булган,400.7
Ямаа,63,2003,Булган,353.3
Ямаа,63,2004,Булган,406.2
Ямаа,63,2005,Булган,475.3
Ямаа,63,2006,Булган,584.1
Ямаа,63,2007,Булган,720.4
Ямаа,63,2008,Булган,874.2
Ямаа,63,2009,Булган,908.7
Ямаа,63,2010,Булган,753.7
Ямаа,63,2011,Булган,785
Ямаа,63,2012,Булган,842.3
Ямаа,63,2013,Булган,859.8
Ямаа,63,2014,Булган,970.1
Ямаа,63,2015,Булган,978.9
Ямаа,63,2016,Булган,1055.2
Ямаа,63,2017,Булган,1020.1
Ямаа,63,2018,Булган,1026.6
Ямаа,63,2019,Булган,1162
Ямаа,63,2020,Булган,1104
Ямаа,63,2021,Булган,1122.5
Ямаа,63,2022,Булган,1189.5
Ямаа,63,2023,Булган,1056
Ямаа,63,2024,Булган,905.8
Ямаа,64,1970,Баянхонгор,464.6
Ямаа,64,1971,Баянхонгор,463.6
Ямаа,64,1972,Баянхонгор,503.8
Ямаа,64,1973,Баянхонгор,503.4
Ямаа,64,1974,Баянхонгор,510.9
Ямаа,64,1975,Баянхонгор,510.9
Ямаа,64,1976,Баянхонгор,515.6
Ямаа,64,1977,Баянхонгор,532.2
Ямаа,64,1978,Баянхонгор,550.4
Ямаа,64,1979,Баянхонгор,530.7
Ямаа,64,1980,Баянхонгор,553.4
Ямаа,64,1981,Баянхонгор,570.1
Ямаа,64,1982,Баянхонгор,599.5
Ямаа,64,1983,Баянхонгор,579.7
Ямаа,64,1984,Баянхонгор,458.9
Ямаа,64,1985,Баянхонгор,452.6
Ямаа,64,1986,Баянхонгор,460.3
Ямаа,64,1987,Баянхонгор,466.1
Ямаа,64,1988,Баянхонгор,433.7
Ямаа,64,1989,Баянхонгор,507.3
Ямаа,64,1990,Баянхонгор,548.6
Ямаа,64,1991,Баянхонгор,600.3
Ямаа,64,1992,Баянхонгор,658.6
Ямаа,64,1993,Баянхонгор,712.9
Ямаа,64,1994,Баянхонгор,879
Ямаа,64,1995,Баянхонгор,1031.9
Ямаа,64,1996,Баянхонгор,1053.6
Ямаа,64,1997,Баянхонгор,1191.4
Ямаа,64,1998,Баянхонгор,1252.3
Ямаа,64,1999,Баянхонгор,1199.3
Ямаа,64,2000,Баянхонгор,1190
Ямаа,64,2001,Баянхонгор,802.7
Ямаа,64,2002,Баянхонгор,412.1
Ямаа,64,2003,Баянхонгор,599.3
Ямаа,64,2004,Баянхонгор,764.2
Ямаа,64,2005,Баянхонгор,916.1
Ямаа,64,2006,Баянхонгор,1136.4
Ямаа,64,2007,Баянхонгор,1427.1
Ямаа,64,2008,Баянхонгор,1696.9
Ямаа,64,2009,Баянхонгор,1713.3
Ямаа,64,2010,Баянхонгор,1213.3
Ямаа,64,2011,Баянхонгор,1397
Ямаа,64,2012,Баянхонгор,1596.3
Ямаа,64,2013,Баянхонгор,1860.6
Ямаа,64,2014,Баянхонгор,2138.1
Ямаа,64,2015,Баянхонгор,2314.4
Ямаа,64,2016,Баянхонгор,2569.1
Ямаа,64,2017,Баянхонгор,2731.8
Ямаа,64,2018,Баянхонгор,2478.9
Ямаа,64,2019,Баянхонгор,2733.7
Ямаа,64,2020,Баянхонгор,2219.2
Ямаа,64,2021,Баянхонгор,1795.3
Ямаа,64,2022,Баянхонгор,2182.7
Ямаа,64,2023,Баянхонгор,2389.3
Ямаа,64,2024,Баянхонгор,2391
Ямаа,65,1970,Архангай,165.6
Ямаа,65,1971,Архангай,169.2
Ямаа,65,1972,Архангай,174
Ямаа,65,1973,Архангай,172.8
Ямаа,65,1974,Архангай,176.5
Ямаа,65,1975,Архангай,171.1
Ямаа,65,1976,Архангай,163.2
Ямаа,65,1977,Архангай,148.3
Ямаа,65,1978,Архангай,161.8
Ямаа,65,1979,Архангай,165.1
Ямаа,65,1980,Архангай,171.2
Ямаа,65,1981,Архангай,176.1
Ямаа,65,1982,Архангай,186.4
Ямаа,65,1983,Архангай,164.1
Ямаа,65,1984,Архангай,156.8
Ямаа,65,1985,Архангай,136.3
Ямаа,65,1986,Архангай,136.7
Ямаа,65,1987,Архангай,141.6
Ямаа,65,1988,Архангай,154.6
Ямаа,65,1989,Архангай,174.7
Ямаа,65,1990,Архангай,190.7
Ямаа,65,1991,Архангай,197.3
Ямаа,65,1992,Архангай,212.7
Ямаа,65,1993,Архангай,235
Ямаа,65,1994,Архангай,283.2
Ямаа,65,1995,Архангай,307.9
Ямаа,65,1996,Архангай,357.4
Ямаа,65,1997,Архангай,433.9
Ямаа,65,1998,Архангай,504.6
Ямаа,65,1999,Архангай,551.2
Ямаа,65,2000,Архангай,542.9
Ямаа,65,2001,Архангай,509.9
Ямаа,65,2002,Архангай,527.1
Ямаа,65,2003,Архангай,606.7
Ямаа,65,2004,Архангай,663.6
Ямаа,65,2005,Архангай,755.1
Ямаа,65,2006,Архангай,880.8
Ямаа,65,2007,Архангай,1017.6
Ямаа,65,2008,Архангай,1175
Ямаа,65,2009,Архангай,1195.1
Ямаа,65,2010,Архангай,852.8
Ямаа,65,2011,Архангай,964.2
Ямаа,65,2012,Архангай,1045.7
Ямаа,65,2013,Архангай,1131.8
Ямаа,65,2014,Архангай,1256
Ямаа,65,2015,Архангай,1270.6
Ямаа,65,2016,Архангай,1402.3
Ямаа,65,2017,Архангай,1435.4
Ямаа,65,2018,Архангай,1499.3
Ямаа,65,2019,Архангай,1708.4
Ямаа,65,2020,Архангай,1489.3
Ямаа,65,2021,Архангай,1487
Ямаа,65,2022,Архангай,1526.9
Ямаа,65,2023,Архангай,1264.5
Ямаа,65,2024,Архангай,1165
Ямаа,67,1970,Хөвсгөл,232.4
Ямаа,67,1971,Хөвсгөл,231.2
Ямаа,67,1972,Хөвсгөл,229.1
Ямаа,67,1973,Хөвсгөл,223.7
Ямаа,67,1974,Хөвсгөл,227.1
Ямаа,67,1975,Хөвсгөл,209
Ямаа,67,1976,Хөвсгөл,192.4
Ямаа,67,1977,Хөвсгөл,193.2
Ямаа,67,1978,Хөвсгөл,212.9
Ямаа,67,1979,Хөвсгөл,218.9
Ямаа,67,1980,Хөвсгөл,221.2
Ямаа,67,1981,Хөвсгөл,232.1
Ямаа,67,1982,Хөвсгөл,244.3
Ямаа,67,1983,Хөвсгөл,249.5
Ямаа,67,1984,Хөвсгөл,259.4
Ямаа,67,1985,Хөвсгөл,241.8
Ямаа,67,1986,Хөвсгөл,241
Ямаа,67,1987,Хөвсгөл,239.5
Ямаа,67,1988,Хөвсгөл,255.2
Ямаа,67,1989,Хөвсгөл,274.6
Ямаа,67,1990,Хөвсгөл,280.4
Ямаа,67,1991,Хөвсгөл,275.7
Ямаа,67,1992,Хөвсгөл,298.2
Ямаа,67,1993,Хөвсгөл,324.2
Ямаа,67,1994,Хөвсгөл,390.6
Ямаа,67,1995,Хөвсгөл,445.5
Ямаа,67,1996,Хөвсгөл,510.9
Ямаа,67,1997,Хөвсгөл,595.4
Ямаа,67,1998,Хөвсгөл,662.3
Ямаа,67,1999,Хөвсгөл,679
Ямаа,67,2000,Хөвсгөл,674.2
Ямаа,67,2001,Хөвсгөл,615.2
Ямаа,67,2002,Хөвсгөл,725
Ямаа,67,2003,Хөвсгөл,844.6
Ямаа,67,2004,Хөвсгөл,966
Ямаа,67,2005,Хөвсгөл,1058.8
Ямаа,67,2006,Хөвсгөл,1287
Ямаа,67,2007,Хөвсгөл,1509.8
Ямаа,67,2008,Хөвсгөл,1697
Ямаа,67,2009,Хөвсгөл,1674.8
Ямаа,67,2010,Хөвсгөл,1274
Ямаа,67,2011,Хөвсгөл,1386.8
Ямаа,67,2012,Хөвсгөл,1443.2
Ямаа,67,2013,Хөвсгөл,1402.1
Ямаа,67,2014,Хөвсгөл,1619.4
Ямаа,67,2015,Хөвсгөл,1684.6
Ямаа,67,2016,Хөвсгөл,1938
Ямаа,67,2017,Хөвсгөл,1996.5
Ямаа,67,2018,Хөвсгөл,2197.5
Ямаа,67,2019,Хөвсгөл,2306.7
Ямаа,67,2020,Хөвсгөл,2102.8
Ямаа,67,2021,Хөвсгөл,2195.9
Ямаа,67,2022,Хөвсгөл,2241.3
Ямаа,67,2023,Хөвсгөл,2005.9
Ямаа,67,2024,Хөвсгөл,1895
Ямаа,81,1970,Завхан,276.3
Ямаа,81,1971,Завхан,291.3
Ямаа,81,1972,Завхан,296.8
Ямаа,81,1973,Завхан,295.2
Ямаа,81,1974,Завхан,296.1
Ямаа,81,1975,Завхан,304.4
Ямаа,81,1976,Завхан,311.3
Ямаа,81,1977,Завхан,278.5
Ямаа,81,1978,Завхан,309
Ямаа,81,1979,Завхан,305.5
Ямаа,81,1980,Завхан,292.9
Ямаа,81,1981,Завхан,269.9
Ямаа,81,1982,Завхан,289.4
Ямаа,81,1983,Завхан,284.4
Ямаа,81,1984,Завхан,269.6
Ямаа,81,1985,Завхан,274.4
Ямаа,81,1986,Завхан,287.3
Ямаа,81,1987,Завхан,296.4
Ямаа,81,1988,Завхан,308.2
Ямаа,81,1989,Завхан,339.2
Ямаа,81,1990,Завхан,363
Ямаа,81,1991,Завхан,352.6
Ямаа,81,1992,Завхан,371.1
Ямаа,81,1993,Завхан,402.8
Ямаа,81,1994,Завхан,514.8
Ямаа,81,1995,Завхан,612.9
Ямаа,81,1996,Завхан,666.9
Ямаа,81,1997,Завхан,709.5
Ямаа,81,1998,Завхан,751.9
Ямаа,81,1999,Завхан,693.6
Ямаа,81,2000,Завхан,585
Ямаа,81,2001,Завхан,530.3
Ямаа,81,2002,Завхан,544.6
Ямаа,81,2003,Завхан,666.4
Ямаа,81,2004,Завхан,799.9
Ямаа,81,2005,Завхан,861.2
Ямаа,81,2006,Завхан,1052.3
Ямаа,81,2007,Завхан,1253.7
Ямаа,81,2008,Завхан,1295.6
Ямаа,81,2009,Завхан,1097.6
Ямаа,81,2010,Завхан,685.7
Ямаа,81,2011,Завхан,831.6
Ямаа,81,2012,Завхан,910.7
Ямаа,81,2013,Завхан,1007.3
Ямаа,81,2014,Завхан,1138.6
Ямаа,81,2015,Завхан,1241.7
Ямаа,81,2016,Завхан,1310.5
Ямаа,81,2017,Завхан,1352.5
Ямаа,81,2018,Завхан,1292.7
Ямаа,81,2019,Завхан,1418.6
Ямаа,81,2020,Завхан,1338.2
Ямаа,81,2021,Завхан,1329.5
Ямаа,81,2022,Завхан,1286.7
Ямаа,81,2023,Завхан,1050.2
Ямаа,81,2024,Завхан,1089.4
Ямаа,82,1970,Говь-Алтай,417.9
Ямаа,82,1971,Говь-Алтай,436.2
Ямаа,82,1972,Говь-Алтай,423.3
Ямаа,82,1973,Говь-Алтай,435.3
Ямаа,82,1974,Говь-Алтай,429.6
Ямаа,82,1975,Говь-Алтай,443.5
Ямаа,82,1976,Говь-Алтай,446.8
Ямаа,82,1977,Говь-Алтай,454.3
Ямаа,82,1978,Говь-Алтай,462.6
Ямаа,82,1979,Говь-Алтай,450.2
Ямаа,82,1980,Говь-Алтай,442.9
Ямаа,82,1981,Говь-Алтай,433
Ямаа,82,1982,Говь-Алтай,433.1
Ямаа,82,1983,Говь-Алтай,426.5
Ямаа,82,1984,Говь-Алтай,374.8
Ямаа,82,1985,Говь-Алтай,420.1
Ямаа,82,1986,Говь-Алтай,427.4
Ямаа,82,1987,Говь-Алтай,449.5
Ямаа,82,1988,Говь-Алтай,454.1
Ямаа,82,1989,Говь-Алтай,495.6
Ямаа,82,1990,Говь-Алтай,501.9
Ямаа,82,1991,Говь-Алтай,527.7
Ямаа,82,1992,Говь-Алтай,580.1
Ямаа,82,1993,Говь-Алтай,633.2
Ямаа,82,1994,Говь-Алтай,785.6
Ямаа,82,1995,Говь-Алтай,904.6
Ямаа,82,1996,Говь-Алтай,935.5
Ямаа,82,1997,Говь-Алтай,992.5
Ямаа,82,1998,Говь-Алтай,1029
Ямаа,82,1999,Говь-Алтай,1029.1
Ямаа,82,2000,Говь-Алтай,1003.8
Ямаа,82,2001,Говь-Алтай,878.8
Ямаа,82,2002,Говь-Алтай,579
Ямаа,82,2003,Говь-Алтай,775.1
Ямаа,82,2004,Говь-Алтай,960.6
Ямаа,82,2005,Говь-Алтай,1136.5
Ямаа,82,2006,Говь-Алтай,1370.1
Ямаа,82,2007,Говь-Алтай,1570.2
Ямаа,82,2008,Говь-Алтай,1594
Ямаа,82,2009,Говь-Алтай,1348.5
Ямаа,82,2010,Говь-Алтай,837.8
Ямаа,82,2011,Говь-Алтай,1057.8
Ямаа,82,2012,Говь-Алтай,1220.3
Ямаа,82,2013,Говь-Алтай,1409.1
Ямаа,82,2014,Говь-Алтай,1621
Ямаа,82,2015,Говь-Алтай,1831.3
Ямаа,82,2016,Говь-Алтай,2173.9
Ямаа,82,2017,Говь-Алтай,2356
Ямаа,82,2018,Говь-Алтай,2196.8
Ямаа,82,2019,Говь-Алтай,2269.6
Ямаа,82,2020,Говь-Алтай,2123.2
Ямаа,82,2021,Говь-Алтай,1875.8
Ямаа,82,2022,Говь-Алтай,1987.3
Ямаа,82,2023,Говь-Алтай,1884.3
Ямаа,82,2024,Говь-Алтай,1919.1
Ямаа,83,1970,Баян-Өлгий,279.5
Ямаа,83,1971,Баян-Өлгий,290.8
Ямаа,83,1972,Баян-Өлгий,290
Ямаа,83,1973,Баян-Өлгий,317.6
Ямаа,83,1974,Баян-Өлгий,308.3
Ямаа,83,1975,Баян-Өлгий,298.5
Ямаа,83,1976,Баян-Өлгий,308.8
Ямаа,83,1977,Баян-Өлгий,286.3
Ямаа,83,1978,Баян-Өлгий,285.1
Ямаа,83,1979,Баян-Өлгий,297.8
Ямаа,83,1980,Баян-Өлгий,296.3
Ямаа,83,1981,Баян-Өлгий,291.9
Ямаа,83,1982,Баян-Өлгий,302.5
Ямаа,83,1983,Баян-Өлгий,296.6
Ямаа,83,1984,Баян-Өлгий,296.5
Ямаа,83,1985,Баян-Өлгий,304.7
Ямаа,83,1986,Баян-Өлгий,308.4
Ямаа,83,1987,Баян-Өлгий,305
Ямаа,83,1988,Баян-Өлгий,292.7
Ямаа,83,1989,Баян-Өлгий,308.3
Ямаа,83,1990,Баян-Өлгий,309.9
Ямаа,83,1991,Баян-Өлгий,277.1
Ямаа,83,1992,Баян-Өлгий,268.5
Ямаа,83,1993,Баян-Өлгий,294.6
Ямаа,83,1994,Баян-Өлгий,366.4
Ямаа,83,1995,Баян-Өлгий,451.4
Ямаа,83,1996,Баян-Өлгий,483.3
Ямаа,83,1997,Баян-Өлгий,543.6
Ямаа,83,1998,Баян-Өлгий,492.2
Ямаа,83,1999,Баян-Өлгий,516.3
Ямаа,83,2000,Баян-Өлгий,521.3
Ямаа,83,2001,Баян-Өлгий,546.9
Ямаа,83,2002,Баян-Өлгий,542.8
Ямаа,83,2003,Баян-Өлгий,614.3
Ямаа,83,2004,Баян-Өлгий,640.8
Ямаа,83,2005,Баян-Өлгий,620.6
Ямаа,83,2006,Баян-Өлгий,712.4
Ямаа,83,2007,Баян-Өлгий,791.6
Ямаа,83,2008,Баян-Өлгий,778.7
Ямаа,83,2009,Баян-Өлгий,651.6
Ямаа,83,2010,Баян-Өлгий,553.8
Ямаа,83,2011,Баян-Өлгий,662.5
Ямаа,83,2012,Баян-Өлгий,693.1
Ямаа,83,2013,Баян-Өлгий,773.4
Ямаа,83,2014,Баян-Өлгий,882.1
Ямаа,83,2015,Баян-Өлгий,943.7
Ямаа,83,2016,Баян-Өлгий,983.3
Ямаа,83,2017,Баян-Өлгий,971.2
Ямаа,83,2018,Баян-Өлгий,930.4
Ямаа,83,2019,Баян-Өлгий,933.3
Ямаа,83,2020,Баян-Өлгий,1022.6
Ямаа,83,2021,Баян-Өлгий,1063.8
Ямаа,83,2022,Баян-Өлгий,967.4
Ямаа,83,2023,Баян-Өлгий,871.8
Ямаа,83,2024,Баян-Өлгий,903.7
Ямаа,84,1970,Ховд,418.5
Ямаа,84,1971,Ховд,437.8
Ямаа,84,1972,Ховд,441.7
Ямаа,84,1973,Ховд,474.9
Ямаа,84,1974,Ховд,455.6
Ямаа,84,1975,Ховд,431.7
Ямаа,84,1976,Ховд,441.3
Ямаа,84,1977,Ховд,400.8
Ямаа,84,1978,Ховд,430.8
Ямаа,84,1979,Ховд,441.4
Ямаа,84,1980,Ховд,433.6
Ямаа,84,1981,Ховд,451.5
Ямаа,84,1982,Ховд,457.8
Ямаа,84,1983,Ховд,429.3
Ямаа,84,1984,Ховд,381.6
Ямаа,84,1985,Ховд,438.4
Ямаа,84,1986,Ховд,446.2
Ямаа,84,1987,Ховд,453.6
Ямаа,84,1988,Ховд,471.8
Ямаа,84,1989,Ховд,475.3
Ямаа,84,1990,Ховд,496.2
Ямаа,84,1991,Ховд,495.9
Ямаа,84,1992,Ховд,529.2
Ямаа,84,1993,Ховд,605.2
Ямаа,84,1994,Ховд,700.4
Ямаа,84,1995,Ховд,814.7
Ямаа,84,1996,Ховд,788.8
Ямаа,84,1997,Ховд,805
Ямаа,84,1998,Ховд,770.9
Ямаа,84,1999,Ховд,795.9
Ямаа,84,2000,Ховд,794.3
Ямаа,84,2001,Ховд,689.1
Ямаа,84,2002,Ховд,658.6
Ямаа,84,2003,Ховд,821.4
Ямаа,84,2004,Ховд,986.4
Ямаа,84,2005,Ховд,1071.8
Ямаа,84,2006,Ховд,1267
Ямаа,84,2007,Ховд,1431.6
Ямаа,84,2008,Ховд,1406.3
Ямаа,84,2009,Ховд,1263.6
Ямаа,84,2010,Ховд,882.9
Ямаа,84,2011,Ховд,983.7
Ямаа,84,2012,Ховд,1085.4
Ямаа,84,2013,Ховд,1177.4
Ямаа,84,2014,Ховд,1375.5
Ямаа,84,2015,Ховд,1521
Ямаа,84,2016,Ховд,1685.9
Ямаа,84,2017,Ховд,1764.8
Ямаа,84,2018,Ховд,1624.6
Ямаа,84,2019,Ховд,1631.3
Ямаа,84,2020,Ховд,1822
Ямаа,84,2021,Ховд,1947.3
Ямаа,84,2022,Ховд,1845.9
Ямаа,84,2023,Ховд,1677.9
Ямаа,84,2024,Ховд,1817.5
Ямаа,85,1970,Увс,284.3
Ямаа,85,1971,Увс,279.4
Ямаа,85,1972,Увс,272.9
Ямаа,85,1973,Увс,289.8
Ямаа,85,1974,Увс,294.3
Ямаа,85,1975,Увс,283.7
Ямаа,85,1976,Увс,249.5
Ямаа,85,1977,Увс,250.7
Ямаа,85,1978,Увс,259
Ямаа,85,1979,Увс,273.3
Ямаа,85,1980,Увс,281
Ямаа,85,1981,Увс,258.1
Ямаа,85,1982,Увс,271.1
Ямаа,85,1983,Увс,252.2
Ямаа,85,1984,Увс,255.3
Ямаа,85,1985,Увс,270.7
Ямаа,85,1986,Увс,280.7
Ямаа,85,1987,Увс,283.8
Ямаа,85,1988,Увс,294.9
Ямаа,85,1989,Увс,303.8
Ямаа,85,1990,Увс,307
Ямаа,85,1991,Увс,298.1
Ямаа,85,1992,Увс,311.6
Ямаа,85,1993,Увс,353
Ямаа,85,1994,Увс,414.7
Ямаа,85,1995,Увс,480.8
Ямаа,85,1996,Увс,512
Ямаа,85,1997,Увс,568.8
Ямаа,85,1998,Увс,621.7
Ямаа,85,1999,Увс,610
Ямаа,85,2000,Увс,521.9
Ямаа,85,2001,Увс,570.9
Ямаа,85,2002,Увс,556.8
Ямаа,85,2003,Увс,697.1
Ямаа,85,2004,Увс,835.3
Ямаа,85,2005,Увс,835.7
Ямаа,85,2006,Увс,1019.8
Ямаа,85,2007,Увс,1143.8
Ямаа,85,2008,Увс,1070.9
Ямаа,85,2009,Увс,979.3
Ямаа,85,2010,Увс,683.8
Ямаа,85,2011,Увс,805.3
Ямаа,85,2012,Увс,859.3
Ямаа,85,2013,Увс,926.4
Ямаа,85,2014,Увс,1047.4
Ямаа,85,2015,Увс,1116.7
Ямаа,85,2016,Увс,1119
Ямаа,85,2017,Увс,1257.9
Ямаа,85,2018,Увс,1275.5
Ямаа,85,2019,Увс,1322.8
Ямаа,85,2020,Увс,1410.3
Ямаа,85,2021,Увс,1498.9
Ямаа,85,2022,Увс,1353.3
Ямаа,85,2023,Увс,1157
Ямаа,85,2024,Увс,1172
Үхэр,11,1970,Улаанбаатар,13.8
Үхэр,11,1971,Улаанбаатар,15.6
Үхэр,11,1972,Улаанбаатар,15.4
Үхэр,11,1973,Улаанбаатар,23.8
Үхэр,11,1974,Улаанбаатар,26.6
Үхэр,11,1975,Улаанбаатар,27.7
Үхэр,11,1976,Улаанбаатар,27.6
Үхэр,11,1977,Улаанбаатар,27.6
Үхэр,11,1978,Улаанбаатар,29.4
Үхэр,11,1979,Улаанбаатар,13.7
Үхэр,11,1980,Улаанбаатар,25.3
Үхэр,11,1981,Улаанбаатар,26.3
Үхэр,11,1982,Улаанбаатар,27.8
Үхэр,11,1983,Улаанбаатар,30.6
Үхэр,11,1984,Улаанбаатар,31.3
Үхэр,11,1985,Улаанбаатар,32.1
Үхэр,11,1986,Улаанбаатар,32.1
Үхэр,11,1987,Улаанбаатар,36.9
Үхэр,11,1988,Улаанбаатар,38.1
Үхэр,11,1989,Улаанбаатар,42.7
Үхэр,11,1990,Улаанбаатар,44.9
Үхэр,11,1991,Улаанбаатар,51.8
Үхэр,11,1992,Улаанбаатар,58.2
Үхэр,11,1993,Улаанбаатар,53
Үхэр,11,1994,Улаанбаатар,48.1
Үхэр,11,1995,Улаанбаатар,64.3
Үхэр,11,1996,Улаанбаатар,65.2
Үхэр,11,1997,Улаанбаатар,59.5
Үхэр,11,1998,Улаанбаатар,57
Үхэр,11,1999,Улаанбаатар,52.6
Үхэр,11,2000,Улаанбаатар,48.6
Үхэр,11,2001,Улаанбаатар,44.8
Үхэр,11,2002,Улаанбаатар,45.4
Үхэр,11,2003,Улаанбаатар,44.8
Үхэр,11,2004,Улаанбаатар,45.4
Үхэр,11,2005,Улаанбаатар,50
Үхэр,11,2006,Улаанбаатар,55
Үхэр,11,2007,Улаанбаатар,58.2
Үхэр,11,2008,Улаанбаатар,59
Үхэр,11,2009,Улаанбаатар,59.5
Үхэр,11,2010,Улаанбаатар,54.9
Үхэр,11,2011,Улаанбаатар,56.9
Үхэр,11,2012,Улаанбаатар,60.6
Үхэр,11,2013,Улаанбаатар,64.6
Үхэр,11,2014,Улаанбаатар,76.6
Үхэр,11,2015,Улаанбаатар,86
Үхэр,11,2016,Улаанбаатар,89.8
Үхэр,11,2017,Улаанбаатар,88.8
Үхэр,11,2018,Улаанбаатар,80.8
Үхэр,11,2019,Улаанбаатар,85.7
Үхэр,11,2020,Улаанбаатар,89.5
Үхэр,11,2021,Улаанбаатар,84.5
Үхэр,11,2022,Улаанбаатар,88
Үхэр,11,2023,Улаанбаатар,86.9
Үхэр,11,2024,Улаанбаатар,90.8
Үхэр,21,1970,Дорнод,96.8
Үхэр,21,1971,Дорнод,101.7
Үхэр,21,1972,Дорнод,101.2
Үхэр,21,1973,Дорнод,107.9
Үхэр,21,1974,Дорнод,119.1
Үхэр,21,1975,Дорнод,122.2
Үхэр,21,1976,Дорнод,122.1
Үхэр,21,1977,Дорнод,122.1
Үхэр,21,1978,Дорнод,128.3
Үхэр,21,1979,Дорнод,131
Үхэр,21,1980,Дорнод,125.3
Үхэр,21,1981,Дорнод,131.2
Үхэр,21,1982,Дорнод,123.2
Үхэр,21,1983,Дорнод,113.9
Үхэр,21,1984,Дорнод,112.2
Үхэр,21,1985,Дорнод,112.2
Үхэр,21,1986,Дорнод,113.2
Үхэр,21,1987,Дорнод,115.3
Үхэр,21,1988,Дорнод,115.4
Үхэр,21,1989,Дорнод,121.3
Үхэр,21,1990,Дорнод,126.1
Үхэр,21,1991,Дорнод,124
Үхэр,21,1992,Дорнод,123.3
Үхэр,21,1993,Дорнод,117.6
Үхэр,21,1994,Дорнод,115
Үхэр,21,1995,Дорнод,111.7
Үхэр,21,1996,Дорнод,111.1
Үхэр,21,1997,Дорнод,121.8
Үхэр,21,1998,Дорнод,132.9
Үхэр,21,1999,Дорнод,146.2
Үхэр,21,2000,Дорнод,142.7
Үхэр,21,2001,Дорнод,100.1
Үхэр,21,2002,Дорнод,99.7
Үхэр,21,2003,Дорнод,101.1
Үхэр,21,2004,Дорнод,98.5
Үхэр,21,2005,Дорнод,99.8
Үхэр,21,2006,Дорнод,106.4
Үхэр,21,2007,Дорнод,117.5
Үхэр,21,2008,Дорнод,123.8
Үхэр,21,2009,Дорнод,126.8
Үхэр,21,2010,Дорнод,107.8
Үхэр,21,2011,Дорнод,109.7
Үхэр,21,2012,Дорнод,119.7
Үхэр,21,2013,Дорнод,124.7
Үхэр,21,2014,Дорнод,142.5
Үхэр,21,2015,Дорнод,163.7
Үхэр,21,2016,Дорнод,175.6
Үхэр,21,2017,Дорнод,207.9
Үхэр,21,2018,Дорнод,243.1
Үхэр,21,2019,Дорнод,277.4
Үхэр,21,2020,Дорнод,305.1
Үхэр,21,2021,Дорнод,353.2
Үхэр,21,2022,Дорнод,401.9
Үхэр,21,2023,Дорнод,391.5
Үхэр,21,2024,Дорнод,319.6
Үхэр,22,1970,Сүхбаатар,98.1
Үхэр,22,1971,Сүхбаатар,95.9
Үхэр,22,1972,Сүхбаатар,98.3
Үхэр,22,1973,Сүхбаатар,104.4
Үхэр,22,1974,Сүхбаатар,113.9
Үхэр,22,1975,Сүхбаатар,119.1
Үхэр,22,1976,Сүхбаатар,123.8
Үхэр,22,1977,Сүхбаатар,125
Үхэр,22,1978,Сүхбаатар,136.3
Үхэр,22,1979,Сүхбаатар,138.6
Үхэр,22,1980,Сүхбаатар,128.2
Үхэр,22,1981,Сүхбаатар,134.1
Үхэр,22,1982,Сүхбаатар,122.7
Үхэр,22,1983,Сүхбаатар,117.4
Үхэр,22,1984,Сүхбаатар,122.7
Үхэр,22,1985,Сүхбаатар,127.6
Үхэр,22,1986,Сүхбаатар,133.2
Үхэр,22,1987,Сүхбаатар,126
Үхэр,22,1988,Сүхбаатар,122.6
Үхэр,22,1989,Сүхбаатар,129.2
Үхэр,22,1990,Сүхбаатар,132.2
Үхэр,22,1991,Сүхбаатар,135.4
Үхэр,22,1992,Сүхбаатар,144.4
Үхэр,22,1993,Сүхбаатар,80.5
Үхэр,22,1994,Сүхбаатар,159.9
Үхэр,22,1995,Сүхбаатар,162.6
Үхэр,22,1996,Сүхбаатар,155.9
Үхэр,22,1997,Сүхбаатар,167.5
Үхэр,22,1998,Сүхбаатар,184.8
Үхэр,22,1999,Сүхбаатар,211.3
Үхэр,22,2000,Сүхбаатар,209.6
Үхэр,22,2001,Сүхбаатар,137.9
Үхэр,22,2002,Сүхбаатар,140.4
Үхэр,22,2003,Сүхбаатар,151.3
Үхэр,22,2004,Сүхбаатар,138.4
Үхэр,22,2005,Сүхбаатар,125.3
Үхэр,22,2006,Сүхбаатар,128.6
Үхэр,22,2007,Сүхбаатар,124.6
Үхэр,22,2008,Сүхбаатар,97.8
Үхэр,22,2009,Сүхбаатар,110.1
Үхэр,22,2010,Сүхбаатар,128
Үхэр,22,2011,Сүхбаатар,136.7
Үхэр,22,2012,Сүхбаатар,151.1
Үхэр,22,2013,Сүхбаатар,172
Үхэр,22,2014,Сүхбаатар,195.9
Үхэр,22,2015,Сүхбаатар,214.5
Үхэр,22,2016,Сүхбаатар,209.3
Үхэр,22,2017,Сүхбаатар,236.8
Үхэр,22,2018,Сүхбаатар,251.6
Үхэр,22,2019,Сүхбаатар,268.5
Үхэр,22,2020,Сүхбаатар,280.9
Үхэр,22,2021,Сүхбаатар,308.2
Үхэр,22,2022,Сүхбаатар,341.8
Үхэр,22,2023,Сүхбаатар,303.5
Үхэр,22,2024,Сүхбаатар,183.2
Үхэр,23,1970,Хэнтий,177.6
Үхэр,23,1971,Хэнтий,184.8
Үхэр,23,1972,Хэнтий,180.9
Үхэр,23,1973,Хэнтий,177.4
Үхэр,23,1974,Хэнтий,190.5
Үхэр,23,1975,Хэнтий,197
Үхэр,23,1976,Хэнтий,195.1
Үхэр,23,1977,Хэнтий,192.4
Үхэр,23,1978,Хэнтий,203.9
Үхэр,23,1979,Хэнтий,204.6
Үхэр,23,1980,Хэнтий,189.5
Үхэр,23,1981,Хэнтий,194.4
Үхэр,23,1982,Хэнтий,194.8
Үхэр,23,1983,Хэнтий,186.8
Үхэр,23,1984,Хэнтий,182.1
Үхэр,23,1985,Хэнтий,172.6
Үхэр,23,1986,Хэнтий,172.6
Үхэр,23,1987,Хэнтий,176.7
Үхэр,23,1988,Хэнтий,170.5
Үхэр,23,1989,Хэнтий,184.9
Үхэр,23,1990,Хэнтий,197.1
Үхэр,23,1991,Хэнтий,188.4
Үхэр,23,1992,Хэнтий,187.2
Үхэр,23,1993,Хэнтий,167.3
Үхэр,23,1994,Хэнтий,174.4
Үхэр,23,1995,Хэнтий,178.4
Үхэр,23,1996,Хэнтий,186.4
Үхэр,23,1997,Хэнтий,201.9
Үхэр,23,1998,Хэнтий,217
Үхэр,23,1999,Хэнтий,229.1
Үхэр,23,2000,Хэнтий,218
Үхэр,23,2001,Хэнтий,150.1
Үхэр,23,2002,Хэнтий,144
Үхэр,23,2003,Хэнтий,139
Үхэр,23,2004,Хэнтий,138.3
Үхэр,23,2005,Хэнтий,148.2
Үхэр,23,2006,Хэнтий,162.9
Үхэр,23,2007,Хэнтий,172.9
Үхэр,23,2008,Хэнтий,158.6
Үхэр,23,2009,Хэнтий,162.6
Үхэр,23,2010,Хэнтий,157.7
Үхэр,23,2011,Хэнтий,165.7
Үхэр,23,2012,Хэнтий,182.7
Үхэр,23,2013,Хэнтий,207.2
Үхэр,23,2014,Хэнтий,239.8
Үхэр,23,2015,Хэнтий,270.6
Үхэр,23,2016,Хэнтий,296.2
Үхэр,23,2017,Хэнтий,335.3
Үхэр,23,2018,Хэнтий,353
Үхэр,23,2019,Хэнтий,381.2
Үхэр,23,2020,Хэнтий,374.7
Үхэр,23,2021,Хэнтий,407.1
Үхэр,23,2022,Хэнтий,434.8
Үхэр,23,2023,Хэнтий,405.7
Үхэр,23,2024,Хэнтий,347.2
Үхэр,41,1970,Төв,165.1
Үхэр,41,1971,Төв,164.8
Үхэр,41,1972,Төв,163.7
Үхэр,41,1973,Төв,158.4
Үхэр,41,1974,Төв,172.4
Үхэр,41,1975,Төв,189.3
Үхэр,41,1976,Төв,178.8
Үхэр,41,1977,Төв,162.5
Үхэр,41,1978,Төв,167.9
Үхэр,41,1979,Төв,165.9
Үхэр,41,1980,Төв,158
Үхэр,41,1981,Төв,155.9
Үхэр,41,1982,Төв,164.6
Үхэр,41,1983,Төв,168.1
Үхэр,41,1984,Төв,165.6
Үхэр,41,1985,Төв,165.3
Үхэр,41,1986,Төв,174.4
Үхэр,41,1987,Төв,175
Үхэр,41,1988,Төв,176.1
Үхэр,41,1989,Төв,191.9
Үхэр,41,1990,Төв,205.7
Үхэр,41,1991,Төв,199.8
Үхэр,41,1992,Төв,197.9
Үхэр,41,1993,Төв,185.9
Үхэр,41,1994,Төв,190.7
Үхэр,41,1995,Төв,214.4
Үхэр,41,1996,Төв,235.6
Үхэр,41,1997,Төв,248.9
Үхэр,41,1998,Төв,263.5
Үхэр,41,1999,Төв,241.2
Үхэр,41,2000,Төв,184.2
Үхэр,41,2001,Төв,120.1
Үхэр,41,2002,Төв,109.3
Үхэр,41,2003,Төв,91.5
Үхэр,41,2004,Төв,93.3
Үхэр,41,2005,Төв,108.1
Үхэр,41,2006,Төв,131.1
Үхэр,41,2007,Төв,157.2
Үхэр,41,2008,Төв,171.6
Үхэр,41,2009,Төв,194.2
Үхэр,41,2010,Төв,172
Үхэр,41,2011,Төв,185
Үхэр,41,2012,Төв,206.5
Үхэр,41,2013,Төв,239.4
Үхэр,41,2014,Төв,289.4
Үхэр,41,2015,Төв,316.1
Үхэр,41,2016,Төв,326.2
Үхэр,41,2017,Төв,310.8
Үхэр,41,2018,Төв,282.3
Үхэр,41,2019,Төв,313.8
Үхэр,41,2020,Төв,322.1
Үхэр,41,2021,Төв,320
Үхэр,41,2022,Төв,348.8
Үхэр,41,2023,Төв,355
Үхэр,41,2024,Төв,356.9
Үхэр,42,1991,Говьсүмбэр,7.5
Үхэр,42,1992,Говьсүмбэр,8.2
Үхэр,42,1993,Говьсүмбэр,8.5
Үхэр,42,1994,Говьсүмбэр,9.1
Үхэр,42,1995,Говьсүмбэр,10.1
Үхэр,42,1996,Говьсүмбэр,10.9
Үхэр,42,1997,Говьсүмбэр,11.9
Үхэр,42,1998,Говьсүмбэр,13.4
Үхэр,42,1999,Говьсүмбэр,15.2
Үхэр,42,2000,Говьсүмбэр,10.6
Үхэр,42,2001,Говьсүмбэр,1.9
Үхэр,42,2002,Говьсүмбэр,2.3
Үхэр,42,2003,Говьсүмбэр,3.3
Үхэр,42,2004,Говьсүмбэр,3.9
Үхэр,42,2005,Говьсүмбэр,4.5
Үхэр,42,2006,Говьсүмбэр,4.8
Үхэр,42,2007,Говьсүмбэр,5
Үхэр,42,2008,Говьсүмбэр,3.9
Үхэр,42,2009,Говьсүмбэр,3.4
Үхэр,42,2010,Говьсүмбэр,3.7
Үхэр,42,2011,Говьсүмбэр,4.3
Үхэр,42,2012,Говьсүмбэр,5.6
Үхэр,42,2013,Говьсүмбэр,7.7
Үхэр,42,2014,Говьсүмбэр,10.4
Үхэр,42,2015,Говьсүмбэр,12.4
Үхэр,42,2016,Говьсүмбэр,13.6
Үхэр,42,2017,Говьсүмбэр,14.9
Үхэр,42,2018,Говьсүмбэр,14
Үхэр,42,2019,Говьсүмбэр,14.5
Үхэр,42,2020,Говьсүмбэр,16.3
Үхэр,42,2021,Говьсүмбэр,17.8
Үхэр,42,2022,Говьсүмбэр,19.7
Үхэр,42,2023,Говьсүмбэр,22.3
Үхэр,42,2024,Говьсүмбэр,18.6
Үхэр,43,1970,Сэлэнгэ,60
Үхэр,43,1971,Сэлэнгэ,60.1
Үхэр,43,1972,Сэлэнгэ,61.2
Үхэр,43,1973,Сэлэнгэ,67.7
Үхэр,43,1974,Сэлэнгэ,72.7
Үхэр,43,1975,Сэлэнгэ,77.1
Үхэр,43,1976,Сэлэнгэ,76.1
Үхэр,43,1977,Сэлэнгэ,78.8
Үхэр,43,1978,Сэлэнгэ,81.2
Үхэр,43,1979,Сэлэнгэ,75.3
Үхэр,43,1980,Сэлэнгэ,70.4
Үхэр,43,1981,Сэлэнгэ,70.1
Үхэр,43,1982,Сэлэнгэ,71.2
Үхэр,43,1983,Сэлэнгэ,75.1
Үхэр,43,1984,Сэлэнгэ,76.7
Үхэр,43,1985,Сэлэнгэ,75.4
Үхэр,43,1986,Сэлэнгэ,77
Үхэр,43,1987,Сэлэнгэ,81.7
Үхэр,43,1988,Сэлэнгэ,84.8
Үхэр,43,1989,Сэлэнгэ,92.9
Үхэр,43,1990,Сэлэнгэ,99.2
Үхэр,43,1991,Сэлэнгэ,99.2
Үхэр,43,1992,Сэлэнгэ,96.6
Үхэр,43,1993,Сэлэнгэ,85.8
Үхэр,43,1994,Сэлэнгэ,93
Үхэр,43,1995,Сэлэнгэ,97.6
Үхэр,43,1996,Сэлэнгэ,98.1
Үхэр,43,1997,Сэлэнгэ,96.3
Үхэр,43,1998,Сэлэнгэ,103.5
Үхэр,43,1999,Сэлэнгэ,109.6
Үхэр,43,2000,Сэлэнгэ,108.5
Үхэр,43,2001,Сэлэнгэ,96.7
Үхэр,43,2002,Сэлэнгэ,94.1
Үхэр,43,2003,Сэлэнгэ,71.5
Үхэр,43,2004,Сэлэнгэ,68.4
Үхэр,43,2005,Сэлэнгэ,73.7
Үхэр,43,2006,Сэлэнгэ,85.1
Үхэр,43,2007,Сэлэнгэ,105.5
Үхэр,43,2008,Сэлэнгэ,134.1
Үхэр,43,2009,Сэлэнгэ,153.2
Үхэр,43,2010,Сэлэнгэ,143.5
Үхэр,43,2011,Сэлэнгэ,151.9
Үхэр,43,2012,Сэлэнгэ,159.6
Үхэр,43,2013,Сэлэнгэ,171.5
Үхэр,43,2014,Сэлэнгэ,196.6
Үхэр,43,2015,Сэлэнгэ,207.8
Үхэр,43,2016,Сэлэнгэ,224.3
Үхэр,43,2017,Сэлэнгэ,218.4
Үхэр,43,2018,Сэлэнгэ,216.8
Үхэр,43,2019,Сэлэнгэ,232.3
Үхэр,43,2020,Сэлэнгэ,256
Үхэр,43,2021,Сэлэнгэ,281.6
Үхэр,43,2022,Сэлэнгэ,298.5
Үхэр,43,2023,Сэлэнгэ,303.3
Үхэр,43,2024,Сэлэнгэ,311.8
Үхэр,44,1970,Дорноговь,41.1
Үхэр,44,1971,Дорноговь,46.1
Үхэр,44,1972,Дорноговь,49.7
Үхэр,44,1973,Дорноговь,55.8
Үхэр,44,1974,Дорноговь,64.3
Үхэр,44,1975,Дорноговь,67.1
Үхэр,44,1976,Дорноговь,67.8
Үхэр,44,1977,Дорноговь,69.1
Үхэр,44,1978,Дорноговь,72.5
Үхэр,44,1979,Дорноговь,73.6
Үхэр,44,1980,Дорноговь,72.5
Үхэр,44,1981,Дорноговь,70
Үхэр,44,1982,Дорноговь,73.9
Үхэр,44,1983,Дорноговь,75.2
Үхэр,44,1984,Дорноговь,77.2
Үхэр,44,1985,Дорноговь,79
Үхэр,44,1986,Дорноговь,77.7
Үхэр,44,1987,Дорноговь,76.2
Үхэр,44,1988,Дорноговь,74.2
Үхэр,44,1989,Дорноговь,80
Үхэр,44,1990,Дорноговь,77
Үхэр,44,1991,Дорноговь,73.4
Үхэр,44,1992,Дорноговь,74.2
Үхэр,44,1993,Дорноговь,69.9
Үхэр,44,1994,Дорноговь,75.9
Үхэр,44,1995,Дорноговь,85
Үхэр,44,1996,Дорноговь,91.1
Үхэр,44,1997,Дорноговь,93.1
Үхэр,44,1998,Дорноговь,93.7
Үхэр,44,1999,Дорноговь,103.7
Үхэр,44,2000,Дорноговь,89.4
Үхэр,44,2001,Дорноговь,44.5
Үхэр,44,2002,Дорноговь,37.4
Үхэр,44,2003,Дорноговь,44.7
Үхэр,44,2004,Дорноговь,49.9
Үхэр,44,2005,Дорноговь,44.7
Үхэр,44,2006,Дорноговь,27.2
Үхэр,44,2007,Дорноговь,30
Үхэр,44,2008,Дорноговь,34.3
Үхэр,44,2009,Дорноговь,40
Үхэр,44,2010,Дорноговь,40.5
Үхэр,44,2011,Дорноговь,45.7
Үхэр,44,2012,Дорноговь,50.3
Үхэр,44,2013,Дорноговь,59.4
Үхэр,44,2014,Дорноговь,65.4
Үхэр,44,2015,Дорноговь,69.9
Үхэр,44,2016,Дорноговь,63
Үхэр,44,2017,Дорноговь,72.6
Үхэр,44,2018,Дорноговь,80.6
Үхэр,44,2019,Дорноговь,91.9
Үхэр,44,2020,Дорноговь,103.7
Үхэр,44,2021,Дорноговь,118.1
Үхэр,44,2022,Дорноговь,131.5
Үхэр,44,2023,Дорноговь,108.1
Үхэр,44,2024,Дорноговь,71.7
Үхэр,45,1970,Дархан-Уул,2.2
Үхэр,45,1971,Дархан-Уул,4
Үхэр,45,1972,Дархан-Уул,5.5
Үхэр,45,1973,Дархан-Уул,3.6
Үхэр,45,1974,Дархан-Уул,5
Үхэр,45,1975,Дархан-Уул,5.3
Үхэр,45,1976,Дархан-Уул,5.7
Үхэр,45,1977,Дархан-Уул,6.1
Үхэр,45,1978,Дархан-Уул,6.4
Үхэр,45,1979,Дархан-Уул,12.7
Үхэр,45,1980,Дархан-Уул,6.7
Үхэр,45,1981,Дархан-Уул,7
Үхэр,45,1982,Дархан-Уул,11.4
Үхэр,45,1983,Дархан-Уул,12.9
Үхэр,45,1984,Дархан-Уул,13.7
Үхэр,45,1985,Дархан-Уул,13.7
Үхэр,45,1986,Дархан-Уул,13.7
Үхэр,45,1987,Дархан-Уул,15.1
Үхэр,45,1988,Дархан-Уул,16.3
Үхэр,45,1989,Дархан-Уул,18.3
Үхэр,45,1990,Дархан-Уул,20.8
Үхэр,45,1991,Дархан-Уул,25.2
Үхэр,45,1992,Дархан-Уул,27.9
Үхэр,45,1993,Дархан-Уул,24.6
Үхэр,45,1994,Дархан-Уул,26.8
Үхэр,45,1995,Дархан-Уул,29.9
Үхэр,45,1996,Дархан-Уул,29.1
Үхэр,45,1997,Дархан-Уул,25.9
Үхэр,45,1998,Дархан-Уул,31.1
Үхэр,45,1999,Дархан-Уул,33.4
Үхэр,45,2000,Дархан-Уул,31.6
Үхэр,45,2001,Дархан-Уул,28.9
Үхэр,45,2002,Дархан-Уул,24.5
Үхэр,45,2003,Дархан-Уул,17.3
Үхэр,45,2004,Дархан-Уул,17.1
Үхэр,45,2005,Дархан-Уул,19.4
Үхэр,45,2006,Дархан-Уул,21.1
Үхэр,45,2007,Дархан-Уул,26.1
Үхэр,45,2008,Дархан-Уул,32.6
Үхэр,45,2009,Дархан-Уул,37.6
Үхэр,45,2010,Дархан-Уул,32.5
Үхэр,45,2011,Дархан-Уул,33.9
Үхэр,45,2012,Дархан-Уул,35.6
Үхэр,45,2013,Дархан-Уул,39.2
Үхэр,45,2014,Дархан-Уул,46.6
Үхэр,45,2015,Дархан-Уул,46.9
Үхэр,45,2016,Дархан-Уул,49
Үхэр,45,2017,Дархан-Уул,50.3
Үхэр,45,2018,Дархан-Уул,44.3
Үхэр,45,2019,Дархан-Уул,47.4
Үхэр,45,2020,Дархан-Уул,48.6
Үхэр,45,2021,Дархан-Уул,50.9
Үхэр,45,2022,Дархан-Уул,48.4
Үхэр,45,2023,Дархан-Уул,46
Үхэр,45,2024,Дархан-Уул,47.8
Үхэр,46,1970,Өмнөговь,16.5
Үхэр,46,1971,Өмнөговь,16.2
Үхэр,46,1972,Өмнөговь,15.7
Үхэр,46,1973,Өмнөговь,10.8
Үхэр,46,1974,Өмнөговь,12.7
Үхэр,46,1975,Өмнөговь,14.7
Үхэр,46,1976,Өмнөговь,16.6
Үхэр,46,1977,Өмнөговь,17.9
Үхэр,46,1978,Өмнөговь,19.8
Үхэр,46,1979,Өмнөговь,20.3
Үхэр,46,1980,Өмнөговь,19.7
Үхэр,46,1981,Өмнөговь,21
Үхэр,46,1982,Өмнөговь,22.3
Үхэр,46,1983,Өмнөговь,20.2
Үхэр,46,1984,Өмнөговь,21.8
Үхэр,46,1985,Өмнөговь,22.5
Үхэр,46,1986,Өмнөговь,21.9
Үхэр,46,1987,Өмнөговь,22.5
Үхэр,46,1988,Өмнөговь,23.8
Үхэр,46,1989,Өмнөговь,25.3
Үхэр,46,1990,Өмнөговь,24.6
Үхэр,46,1991,Өмнөговь,25
Үхэр,46,1992,Өмнөговь,23.9
Үхэр,46,1993,Өмнөговь,21.1
Үхэр,46,1994,Өмнөговь,24.2
Үхэр,46,1995,Өмнөговь,29.4
Үхэр,46,1996,Өмнөговь,32.7
Үхэр,46,1997,Өмнөговь,37.8
Үхэр,46,1998,Өмнөговь,41.6
Үхэр,46,1999,Өмнөговь,39.6
Үхэр,46,2000,Өмнөговь,23.8
Үхэр,46,2001,Өмнөговь,12.1
Үхэр,46,2002,Өмнөговь,6.9
Үхэр,46,2003,Өмнөговь,5.9
Үхэр,46,2004,Өмнөговь,7.4
Үхэр,46,2005,Өмнөговь,8.6
Үхэр,46,2006,Өмнөговь,8.7
Үхэр,46,2007,Өмнөговь,10.1
Үхэр,46,2008,Өмнөговь,12.4
Үхэр,46,2009,Өмнөговь,13.1
Үхэр,46,2010,Өмнөговь,7.5
Үхэр,46,2011,Өмнөговь,8.7
Үхэр,46,2012,Өмнөговь,10.8
Үхэр,46,2013,Өмнөговь,13.4
Үхэр,46,2014,Өмнөговь,16.1
Үхэр,46,2015,Өмнөговь,18.7
Үхэр,46,2016,Өмнөговь,22.1
Үхэр,46,2017,Өмнөговь,27
Үхэр,46,2018,Өмнөговь,26.9
Үхэр,46,2019,Өмнөговь,31.7
Үхэр,46,2020,Өмнөговь,33.2
Үхэр,46,2021,Өмнөговь,31.3
Үхэр,46,2022,Өмнөговь,34.8
Үхэр,46,2023,Өмнөговь,27.6
Үхэр,46,2024,Өмнөговь,25.2
Үхэр,48,1970,Дундговь,64.3
Үхэр,48,1971,Дундговь,55.8
Үхэр,48,1972,Дундговь,61.8
Үхэр,48,1973,Дундговь,67.4
Үхэр,48,1974,Дундговь,78.3
Үхэр,48,1975,Дундговь,85.3
Үхэр,48,1976,Дундговь,89.7
Үхэр,48,1977,Дундговь,91.4
Үхэр,48,1978,Дундговь,95.7
Үхэр,48,1979,Дундговь,95.9
Үхэр,48,1980,Дундговь,84.7
Үхэр,48,1981,Дундговь,62.2
Үхэр,48,1982,Дундговь,68.8
Үхэр,48,1983,Дундговь,73.9
Үхэр,48,1984,Дундговь,75.1
Үхэр,48,1985,Дундговь,76.1
Үхэр,48,1986,Дундговь,79.6
Үхэр,48,1987,Дундговь,79.7
Үхэр,48,1988,Дундговь,79.7
Үхэр,48,1989,Дундговь,87.1
Үхэр,48,1990,Дундговь,93.8
Үхэр,48,1991,Дундговь,96.9
Үхэр,48,1992,Дундговь,95
Үхэр,48,1993,Дундговь,84.1
Үхэр,48,1994,Дундговь,88.2
Үхэр,48,1995,Дундговь,103.6
Үхэр,48,1996,Дундговь,116
Үхэр,48,1997,Дундговь,127.9
Үхэр,48,1998,Дундговь,137.4
Үхэр,48,1999,Дундговь,126.6
Үхэр,48,2000,Дундговь,43.3
Үхэр,48,2001,Дундговь,30.1
Үхэр,48,2002,Дундговь,32.7
Үхэр,48,2003,Дундговь,36.9
Үхэр,48,2004,Дундговь,42.1
Үхэр,48,2005,Дундговь,43.8
Үхэр,48,2006,Дундговь,40.3
Үхэр,48,2007,Дундговь,42.6
Үхэр,48,2008,Дундговь,34.2
Үхэр,48,2009,Дундговь,33.8
Үхэр,48,2010,Дундговь,18.6
Үхэр,48,2011,Дундговь,21
Үхэр,48,2012,Дундговь,27.6
Үхэр,48,2013,Дундговь,35.6
Үхэр,48,2014,Дундговь,45.9
Үхэр,48,2015,Дундговь,54.9
Үхэр,48,2016,Дундговь,62.7
Үхэр,48,2017,Дундговь,75.3
Үхэр,48,2018,Дундговь,76.1
Үхэр,48,2019,Дундговь,78.2
Үхэр,48,2020,Дундговь,75.1
Үхэр,48,2021,Дундговь,65.7
Үхэр,48,2022,Дундговь,74.5
Үхэр,48,2023,Дундговь,85.5
Үхэр,48,2024,Дундговь,92.4
Үхэр,61,1976,Орхон,1.1
Үхэр,61,1977,Орхон,1.9
Үхэр,61,1978,Орхон,2.9
Үхэр,61,1979,Орхон,2.7
Үхэр,61,1980,Орхон,4.4
Үхэр,61,1981,Орхон,5.3
Үхэр,61,1982,Орхон,6.3
Үхэр,61,1983,Орхон,7.2
Үхэр,61,1984,Орхон,7.6
Үхэр,61,1985,Орхон,7.9
Үхэр,61,1986,Орхон,7.9
Үхэр,61,1987,Орхон,9.1
Үхэр,61,1988,Орхон,10.5
Үхэр,61,1989,Орхон,11.5
Үхэр,61,1990,Орхон,13.4
Үхэр,61,1991,Орхон,16.6
Үхэр,61,1992,Орхон,19.7
Үхэр,61,1993,Орхон,20.4
Үхэр,61,1994,Орхон,20.5
Үхэр,61,1995,Орхон,24.5
Үхэр,61,1996,Орхон,25.5
Үхэр,61,1997,Орхон,22.7
Үхэр,61,1998,Орхон,24
Үхэр,61,1999,Орхон,27.8
Үхэр,61,2000,Орхон,26.2
Үхэр,61,2001,Орхон,22.3
Үхэр,61,2002,Орхон,20.6
Үхэр,61,2003,Орхон,11.9
Үхэр,61,2004,Орхон,11.4
Үхэр,61,2005,Орхон,13.2
Үхэр,61,2006,Орхон,15.5
Үхэр,61,2007,Орхон,18.3
Үхэр,61,2008,Орхон,21.1
Үхэр,61,2009,Орхон,21.9
Үхэр,61,2010,Орхон,17.8
Үхэр,61,2011,Орхон,18.8
Үхэр,61,2012,Орхон,20.5
Үхэр,61,2013,Орхон,21.6
Үхэр,61,2014,Орхон,18.2
Үхэр,61,2015,Орхон,19.2
Үхэр,61,2016,Орхон,21.6
Үхэр,61,2017,Орхон,21.9
Үхэр,61,2018,Орхон,17.5
Үхэр,61,2019,Орхон,19
Үхэр,61,2020,Орхон,20.3
Үхэр,61,2021,Орхон,24.3
Үхэр,61,2022,Орхон,27.6
Үхэр,61,2023,Орхон,32
Үхэр,61,2024,Орхон,34.8
Үхэр,62,1970,Өвөрхангай,167.7
Үхэр,62,1971,Өвөрхангай,167.5
Үхэр,62,1972,Өвөрхангай,170
Үхэр,62,1973,Өвөрхангай,169.7
Үхэр,62,1974,Өвөрхангай,174.5
Үхэр,62,1975,Өвөрхангай,185.3
Үхэр,62,1976,Өвөрхангай,196
Үхэр,62,1977,Өвөрхангай,205
Үхэр,62,1978,Өвөрхангай,213.3
Үхэр,62,1979,Өвөрхангай,214.1
Үхэр,62,1980,Өвөрхангай,199
Үхэр,62,1981,Өвөрхангай,180.7
Үхэр,62,1982,Өвөрхангай,180.7
Үхэр,62,1983,Өвөрхангай,168.4
Үхэр,62,1984,Өвөрхангай,168
Үхэр,62,1985,Өвөрхангай,167.9
Үхэр,62,1986,Өвөрхангай,174.1
Үхэр,62,1987,Өвөрхангай,178.2
Үхэр,62,1988,Өвөрхангай,177.3
Үхэр,62,1989,Өвөрхангай,187
Үхэр,62,1990,Өвөрхангай,200.5
Үхэр,62,1991,Өвөрхангай,198.2
Үхэр,62,1992,Өвөрхангай,197.9
Үхэр,62,1993,Өвөрхангай,205.7
Үхэр,62,1994,Өвөрхангай,235.8
Үхэр,62,1995,Өвөрхангай,270.7
Үхэр,62,1996,Өвөрхангай,268.2
Үхэр,62,1997,Өвөрхангай,271.8
Үхэр,62,1998,Өвөрхангай,282.4
Үхэр,62,1999,Өвөрхангай,296
Үхэр,62,2000,Өвөрхангай,174.8
Үхэр,62,2001,Өвөрхангай,99.3
Үхэр,62,2002,Өвөрхангай,75.3
Үхэр,62,2003,Өвөрхангай,83
Үхэр,62,2004,Өвөрхангай,91.2
Үхэр,62,2005,Өвөрхангай,99.7
Үхэр,62,2006,Өвөрхангай,111.1
Үхэр,62,2007,Өвөрхангай,133.5
Үхэр,62,2008,Өвөрхангай,134.8
Үхэр,62,2009,Өвөрхангай,141.1
Үхэр,62,2010,Өвөрхангай,76.2
Үхэр,62,2011,Өвөрхангай,90.6
Үхэр,62,2012,Өвөрхангай,114
Үхэр,62,2013,Өвөрхангай,144.9
Үхэр,62,2014,Өвөрхангай,183.3
Үхэр,62,2015,Өвөрхангай,217.6
Үхэр,62,2016,Өвөрхангай,259.9
Үхэр,62,2017,Өвөрхангай,298.2
Үхэр,62,2018,Өвөрхангай,272.3
Үхэр,62,2019,Өвөрхангай,292.4
Үхэр,62,2020,Өвөрхангай,251.8
Үхэр,62,2021,Өвөрхангай,239.7
Үхэр,62,2022,Өвөрхангай,277.6
Үхэр,62,2023,Өвөрхангай,312.4
Үхэр,62,2024,Өвөрхангай,367.4
Үхэр,63,1970,Булган,132.7
Үхэр,63,1971,Булган,131.6
Үхэр,63,1972,Булган,130.6
Үхэр,63,1973,Булган,131.6
Үхэр,63,1974,Булган,139.7
Үхэр,63,1975,Булган,146.5
Үхэр,63,1976,Булган,146.7
Үхэр,63,1977,Булган,145.2
Үхэр,63,1978,Булган,153.1
Үхэр,63,1979,Булган,153.5
Үхэр,63,1980,Булган,146.8
Үхэр,63,1981,Булган,149.1
Үхэр,63,1982,Булган,154.8
Үхэр,63,1983,Булган,156.4
Үхэр,63,1984,Булган,156.6
Үхэр,63,1985,Булган,155.4
Үхэр,63,1986,Булган,154.9
Үхэр,63,1987,Булган,152.9
Үхэр,63,1988,Булган,155.8
Үхэр,63,1989,Булган,165
Үхэр,63,1990,Булган,175
Үхэр,63,1991,Булган,176.9
Үхэр,63,1992,Булган,180.4
Үхэр,63,1993,Булган,173.2
Үхэр,63,1994,Булган,188.6
Үхэр,63,1995,Булган,206.5
Үхэр,63,1996,Булган,220.3
Үхэр,63,1997,Булган,232.1
Үхэр,63,1998,Булган,247.9
Үхэр,63,1999,Булган,264.4
Үхэр,63,2000,Булган,225.8
Үхэр,63,2001,Булган,160
Үхэр,63,2002,Булган,141.1
Үхэр,63,2003,Булган,85.2
Үхэр,63,2004,Булган,84.5
Үхэр,63,2005,Булган,98.1
Үхэр,63,2006,Булган,114.9
Үхэр,63,2007,Булган,138.5
Үхэр,63,2008,Булган,162.2
Үхэр,63,2009,Булган,183.9
Үхэр,63,2010,Булган,176.1
Үхэр,63,2011,Булган,180.9
Үхэр,63,2012,Булган,195.1
Үхэр,63,2013,Булган,221
Үхэр,63,2014,Булган,259.3
Үхэр,63,2015,Булган,281.6
Үхэр,63,2016,Булган,293.6
Үхэр,63,2017,Булган,283.9
Үхэр,63,2018,Булган,255.3
Үхэр,63,2019,Булган,282.4
Үхэр,63,2020,Булган,269.8
Үхэр,63,2021,Булган,293.7
Үхэр,63,2022,Булган,332.2
Үхэр,63,2023,Булган,347.2
Үхэр,63,2024,Булган,358
Үхэр,64,1970,Баянхонгор,119.8
Үхэр,64,1971,Баянхонгор,123.8
Үхэр,64,1972,Баянхонгор,124.7
Үхэр,64,1973,Баянхонгор,126.5
Үхэр,64,1974,Баянхонгор,125.1
Үхэр,64,1975,Баянхонгор,129.6
Үхэр,64,1976,Баянхонгор,131.5
Үхэр,64,1977,Баянхонгор,139.3
Үхэр,64,1978,Баянхонгор,140.8
Үхэр,64,1979,Баянхонгор,138.1
Үхэр,64,1980,Баянхонгор,136.1
Үхэр,64,1981,Баянхонгор,135.2
Үхэр,64,1982,Баянхонгор,139.1
Үхэр,64,1983,Баянхонгор,134.1
Үхэр,64,1984,Баянхонгор,121.9
Үхэр,64,1985,Баянхонгор,111.1
Үхэр,64,1986,Баянхонгор,112.4
Үхэр,64,1987,Баянхонгор,117.7
Үхэр,64,1988,Баянхонгор,112.3
Үхэр,64,1989,Баянхонгор,118.9
Үхэр,64,1990,Баянхонгор,128.2
Үхэр,64,1991,Баянхонгор,130.5
Үхэр,64,1992,Баянхонгор,132.8
Үхэр,64,1993,Баянхонгор,125.1
Үхэр,64,1994,Баянхонгор,145
Үхэр,64,1995,Баянхонгор,169.8
Үхэр,64,1996,Баянхонгор,181.5
Үхэр,64,1997,Баянхонгор,192.1
Үхэр,64,1998,Баянхонгор,196.9
Үхэр,64,1999,Баянхонгор,198.4
Үхэр,64,2000,Баянхонгор,158.1
Үхэр,64,2001,Баянхонгор,109
Үхэр,64,2002,Баянхонгор,82.6
Үхэр,64,2003,Баянхонгор,85.3
Үхэр,64,2004,Баянхонгор,90.6
Үхэр,64,2005,Баянхонгор,96.7
Үхэр,64,2006,Баянхонгор,108.9
Үхэр,64,2007,Баянхонгор,118.4
Үхэр,64,2008,Баянхонгор,122.4
Үхэр,64,2009,Баянхонгор,127.2
Үхэр,64,2010,Баянхонгор,101.5
Үхэр,64,2011,Баянхонгор,110.9
Үхэр,64,2012,Баянхонгор,127.9
Үхэр,64,2013,Баянхонгор,145.7
Үхэр,64,2014,Баянхонгор,170.8
Үхэр,64,2015,Баянхонгор,189
Үхэр,64,2016,Баянхонгор,213.8
Үхэр,64,2017,Баянхонгор,240.3
Үхэр,64,2018,Баянхонгор,239.8
Үхэр,64,2019,Баянхонгор,257.6
Үхэр,64,2020,Баянхонгор,245.8
Үхэр,64,2021,Баянхонгор,197.9
Үхэр,64,2022,Баянхонгор,223
Үхэр,64,2023,Баянхонгор,238.2
Үхэр,64,2024,Баянхонгор,221.5
Үхэр,65,1970,Архангай,233.9
Үхэр,65,1971,Архангай,235
Үхэр,65,1972,Архангай,231.4
Үхэр,65,1973,Архангай,232.4
Үхэр,65,1974,Архангай,241.7
Үхэр,65,1975,Архангай,248.5
Үхэр,65,1976,Архангай,247.5
Үхэр,65,1977,Архангай,241.5
Үхэр,65,1978,Архангай,254.1
Үхэр,65,1979,Архангай,254.8
Үхэр,65,1980,Архангай,247.7
Үхэр,65,1981,Архангай,249.4
Үхэр,65,1982,Архангай,256.2
Үхэр,65,1983,Архангай,254
Үхэр,65,1984,Архангай,253.8
Үхэр,65,1985,Архангай,249.5
Үхэр,65,1986,Архангай,257
Үхэр,65,1987,Архангай,259.1
Үхэр,65,1988,Архангай,259.5
Үхэр,65,1989,Архангай,272.8
Үхэр,65,1990,Архангай,294.9
Үхэр,65,1991,Архангай,289.5
Үхэр,65,1992,Архангай,283
Үхэр,65,1993,Архангай,284.1
Үхэр,65,1994,Архангай,315.4
Үхэр,65,1995,Архангай,336.1
Үхэр,65,1996,Архангай,369.4
Үхэр,65,1997,Архангай,403.2
Үхэр,65,1998,Архангай,428.1
Үхэр,65,1999,Архангай,464
Үхэр,65,2000,Архангай,428.6
Үхэр,65,2001,Архангай,277.3
Үхэр,65,2002,Архангай,253.4
Үхэр,65,2003,Архангай,230.9
Үхэр,65,2004,Архангай,231.7
Үхэр,65,2005,Архангай,253.2
Үхэр,65,2006,Архангай,281.4
Үхэр,65,2007,Архангай,316.3
Үхэр,65,2008,Архангай,352.8
Үхэр,65,2009,Архангай,385.9
Үхэр,65,2010,Архангай,302
Үхэр,65,2011,Архангай,335.9
Үхэр,65,2012,Архангай,371.1
Үхэр,65,2013,Архангай,427.2
Үхэр,65,2014,Архангай,502.6
Үхэр,65,2015,Архангай,544.2
Үхэр,65,2016,Архангай,581.2
Үхэр,65,2017,Архангай,628.8
Үхэр,65,2018,Архангай,621.2
Үхэр,65,2019,Архангай,710.1
Үхэр,65,2020,Архангай,679
Үхэр,65,2021,Архангай,722.2
Үхэр,65,2022,Архангай,814.5
Үхэр,65,2023,Архангай,741
Үхэр,65,2024,Архангай,665
Үхэр,67,1970,Хөвсгөл,220.9
Үхэр,67,1971,Хөвсгөл,228.9
Үхэр,67,1972,Хөвсгөл,230.3
Үхэр,67,1973,Хөвсгөл,234
Үхэр,67,1974,Хөвсгөл,247.6
Үхэр,67,1975,Хөвсгөл,255.2
Үхэр,67,1976,Хөвсгөл,246.2
Үхэр,67,1977,Хөвсгөл,235
Үхэр,67,1978,Хөвсгөл,241.8
Үхэр,67,1979,Хөвсгөл,236.5
Үхэр,67,1980,Хөвсгөл,339.2
Үхэр,67,1981,Хөвсгөл,237.5
Үхэр,67,1982,Хөвсгөл,241.1
Үхэр,67,1983,Хөвсгөл,249.2
Үхэр,67,1984,Хөвсгөл,263.6
Үхэр,67,1985,Хөвсгөл,276
Үхэр,67,1986,Хөвсгөл,280.8
Үхэр,67,1987,Хөвсгөл,286
Үхэр,67,1988,Хөвсгөл,288.8
Үхэр,67,1989,Хөвсгөл,300.9
Үхэр,67,1990,Хөвсгөл,322.8
Үхэр,67,1991,Хөвсгөл,327.8
Үхэр,67,1992,Хөвсгөл,332.4
Үхэр,67,1993,Хөвсгөл,327.5
Үхэр,67,1994,Хөвсгөл,355.8
Үхэр,67,1995,Хөвсгөл,388.5
Үхэр,67,1996,Хөвсгөл,415.5
Үхэр,67,1997,Хөвсгөл,442.2
Үхэр,67,1998,Хөвсгөл,458.5
Үхэр,67,1999,Хөвсгөл,482.2
Үхэр,67,2000,Хөвсгөл,416.5
Үхэр,67,2001,Хөвсгөл,236.5
Үхэр,67,2002,Хөвсгөл,235.2
Үхэр,67,2003,Хөвсгөл,231.5
Үхэр,67,2004,Хөвсгөл,238.4
Үхэр,67,2005,Хөвсгөл,254.9
Үхэр,67,2006,Хөвсгөл,286.3
Үхэр,67,2007,Хөвсгөл,321.7
Үхэр,67,2008,Хөвсгөл,346.6
Үхэр,67,2009,Хөвсгөл,359
Үхэр,67,2010,Хөвсгөл,312.4
Үхэр,67,2011,Хөвсгөл,313.8
Үхэр,67,2012,Хөвсгөл,322.1
Үхэр,67,2013,Хөвсгөл,316.8
Үхэр,67,2014,Хөвсгөл,355.4
Үхэр,67,2015,Хөвсгөл,392
Үхэр,67,2016,Хөвсгөл,436.6
Үхэр,67,2017,Хөвсгөл,461.3
Үхэр,67,2018,Хөвсгөл,482.5
Үхэр,67,2019,Хөвсгөл,514.5
Үхэр,67,2020,Хөвсгөл,501.1
Үхэр,67,2021,Хөвсгөл,556.1
Үхэр,67,2022,Хөвсгөл,627.5
Үхэр,67,2023,Хөвсгөл,637
Үхэр,67,2024,Хөвсгөл,627.7
Үхэр,81,1970,Завхан,138.9
Үхэр,81,1971,Завхан,150.9
Үхэр,81,1972,Завхан,150.4
Үхэр,81,1973,Завхан,151.1
Үхэр,81,1974,Завхан,154
Үхэр,81,1975,Завхан,154.4
Үхэр,81,1976,Завхан,153.7
Үхэр,81,1977,Завхан,146
Үхэр,81,1978,Завхан,146.8
Үхэр,81,1979,Завхан,147.8
Үхэр,81,1980,Завхан,147
Үхэр,81,1981,Завхан,141.2
Үхэр,81,1982,Завхан,135.8
Үхэр,81,1983,Завхан,138.7
Үхэр,81,1984,Завхан,145.5
Үхэр,81,1985,Завхан,152.2
Үхэр,81,1986,Завхан,157.2
Үхэр,81,1987,Завхан,165.8
Үхэр,81,1988,Завхан,167.4
Үхэр,81,1989,Завхан,179.6
Үхэр,81,1990,Завхан,195.8
Үхэр,81,1991,Завхан,195.5
Үхэр,81,1992,Завхан,194.2
Үхэр,81,1993,Завхан,189.5
Үхэр,81,1994,Завхан,226.3
Үхэр,81,1995,Завхан,258.2
Үхэр,81,1996,Завхан,275.4
Үхэр,81,1997,Завхан,283.8
Үхэр,81,1998,Завхан,281.9
Үхэр,81,1999,Завхан,271.4
Үхэр,81,2000,Завхан,158
Үхэр,81,2001,Завхан,88.8
Үхэр,81,2002,Завхан,83.2
Үхэр,81,2003,Завхан,87.4
Үхэр,81,2004,Завхан,96.3
Үхэр,81,2005,Завхан,107.2
Үхэр,81,2006,Завхан,127.2
Үхэр,81,2007,Завхан,147
Үхэр,81,2008,Завхан,149.8
Үхэр,81,2009,Завхан,137.4
Үхэр,81,2010,Завхан,73.7
Үхэр,81,2011,Завхан,83.3
Үхэр,81,2012,Завхан,98.3
Үхэр,81,2013,Завхан,115.3
Үхэр,81,2014,Завхан,138.9
Үхэр,81,2015,Завхан,158.9
Үхэр,81,2016,Завхан,172.4
Үхэр,81,2017,Завхан,192.2
Үхэр,81,2018,Завхан,205
Үхэр,81,2019,Завхан,228.7
Үхэр,81,2020,Завхан,225
Үхэр,81,2021,Завхан,245.2
Үхэр,81,2022,Завхан,265.5
Үхэр,81,2023,Завхан,236.4
Үхэр,81,2024,Завхан,220.3
Үхэр,82,1970,Говь-Алтай,66.6
Үхэр,82,1971,Говь-Алтай,74.3
Үхэр,82,1972,Говь-Алтай,80.9
Үхэр,82,1973,Говь-Алтай,84.1
Үхэр,82,1974,Говь-Алтай,87.8
Үхэр,82,1975,Говь-Алтай,88.3
Үхэр,82,1976,Говь-Алтай,92.5
Үхэр,82,1977,Говь-Алтай,95.3
Үхэр,82,1978,Говь-Алтай,99
Үхэр,82,1979,Говь-Алтай,96.3
Үхэр,82,1980,Говь-Алтай,99.4
Үхэр,82,1981,Говь-Алтай,96.7
Үхэр,82,1982,Говь-Алтай,89.8
Үхэр,82,1983,Говь-Алтай,83.1
Үхэр,82,1984,Говь-Алтай,67.1
Үхэр,82,1985,Говь-Алтай,70.4
Үхэр,82,1986,Говь-Алтай,71.2
Үхэр,82,1987,Говь-Алтай,75.1
Үхэр,82,1988,Говь-Алтай,77.2
Үхэр,82,1989,Говь-Алтай,81.4
Үхэр,82,1990,Говь-Алтай,79.7
Үхэр,82,1991,Говь-Алтай,79.3
Үхэр,82,1992,Говь-Алтай,76.4
Үхэр,82,1993,Говь-Алтай,68.4
Үхэр,82,1994,Говь-Алтай,81.9
Үхэр,82,1995,Говь-Алтай,95.2
Үхэр,82,1996,Говь-Алтай,95.9
Үхэр,82,1997,Говь-Алтай,87.4
Үхэр,82,1998,Говь-Алтай,85.2
Үхэр,82,1999,Говь-Алтай,79.2
Үхэр,82,2000,Говь-Алтай,60
Үхэр,82,2001,Говь-Алтай,39.9
Үхэр,82,2002,Говь-Алтай,16.5
Үхэр,82,2003,Говь-Алтай,19.9
Үхэр,82,2004,Говь-Алтай,24.8
Үхэр,82,2005,Говь-Алтай,30.6
Үхэр,82,2006,Говь-Алтай,37.5
Үхэр,82,2007,Говь-Алтай,42.4
Үхэр,82,2008,Говь-Алтай,42
Үхэр,82,2009,Говь-Алтай,36.3
Үхэр,82,2010,Говь-Алтай,18.4
Үхэр,82,2011,Говь-Алтай,22.1
Үхэр,82,2012,Говь-Алтай,29.5
Үхэр,82,2013,Говь-Алтай,39.4
Үхэр,82,2014,Говь-Алтай,49.4
Үхэр,82,2015,Говь-Алтай,58.8
Үхэр,82,2016,Говь-Алтай,71.1
Үхэр,82,2017,Говь-Алтай,85.4
Үхэр,82,2018,Говь-Алтай,85.2
Үхэр,82,2019,Говь-Алтай,84.5
Үхэр,82,2020,Говь-Алтай,75.9
Үхэр,82,2021,Говь-Алтай,69.6
Үхэр,82,2022,Говь-Алтай,74.8
Үхэр,82,2023,Говь-Алтай,74.6
Үхэр,82,2024,Говь-Алтай,81.8
Үхэр,83,1970,Баян-Өлгий,76.4
Үхэр,83,1971,Баян-Өлгий,85.1
Үхэр,83,1972,Баян-Өлгий,84.2
Үхэр,83,1973,Баян-Өлгий,89.2
Үхэр,83,1974,Баян-Өлгий,94.7
Үхэр,83,1975,Баян-Өлгий,82.5
Үхэр,83,1976,Баян-Өлгий,79.3
Үхэр,83,1977,Баян-Өлгий,73.5
Үхэр,83,1978,Баян-Өлгий,73.9
Үхэр,83,1979,Баян-Өлгий,76.6
Үхэр,83,1980,Баян-Өлгий,82.6
Үхэр,83,1981,Баян-Өлгий,87.7
Үхэр,83,1982,Баян-Өлгий,91.5
Үхэр,83,1983,Баян-Өлгий,91
Үхэр,83,1984,Баян-Өлгий,95
Үхэр,83,1985,Баян-Өлгий,104
Үхэр,83,1986,Баян-Өлгий,106.4
Үхэр,83,1987,Баян-Өлгий,109.1
Үхэр,83,1988,Баян-Өлгий,109.9
Үхэр,83,1989,Баян-Өлгий,111.6
Үхэр,83,1990,Баян-Өлгий,117.7
Үхэр,83,1991,Баян-Өлгий,96
Үхэр,83,1992,Баян-Өлгий,85.9
Үхэр,83,1993,Баян-Өлгий,82.1
Үхэр,83,1994,Баян-Өлгий,99.1
Үхэр,83,1995,Баян-Өлгий,119.4
Үхэр,83,1996,Баян-Өлгий,128.6
Үхэр,83,1997,Баян-Өлгий,133.3
Үхэр,83,1998,Баян-Өлгий,115.1
Үхэр,83,1999,Баян-Өлгий,114
Үхэр,83,2000,Баян-Өлгий,96.3
Үхэр,83,2001,Баян-Өлгий,85.6
Үхэр,83,2002,Баян-Өлгий,84.3
Үхэр,83,2003,Баян-Өлгий,87.5
Үхэр,83,2004,Баян-Өлгий,86
Үхэр,83,2005,Баян-Өлгий,80.5
Үхэр,83,2006,Баян-Өлгий,88.8
Үхэр,83,2007,Баян-Өлгий,94.8
Үхэр,83,2008,Баян-Өлгий,82.2
Үхэр,83,2009,Баян-Өлгий,70.7
Үхэр,83,2010,Баян-Өлгий,66.1
Үхэр,83,2011,Баян-Өлгий,80.8
Үхэр,83,2012,Баян-Өлгий,87.2
Үхэр,83,2013,Баян-Өлгий,105.1
Үхэр,83,2014,Баян-Өлгий,127.4
Үхэр,83,2015,Баян-Өлгий,144.8
Үхэр,83,2016,Баян-Өлгий,155.6
Үхэр,83,2017,Баян-Өлгий,161
Үхэр,83,2018,Баян-Өлгий,155.9
Үхэр,83,2019,Баян-Өлгий,158.6
Үхэр,83,2020,Баян-Өлгий,159.5
Үхэр,83,2021,Баян-Өлгий,181.9
Үхэр,83,2022,Баян-Өлгий,186.3
Үхэр,83,2023,Баян-Өлгий,175.5
Үхэр,83,2024,Баян-Өлгий,183.9
Үхэр,84,1970,Ховд,93
Үхэр,84,1971,Ховд,102.8
Үхэр,84,1972,Ховд,110.6
Үхэр,84,1973,Ховд,115
Үхэр,84,1974,Ховд,117.2
Үхэр,84,1975,Ховд,114
Үхэр,84,1976,Ховд,114.2
Үхэр,84,1977,Ховд,105.3
Үхэр,84,1978,Ховд,103.6
Үхэр,84,1979,Ховд,104
Үхэр,84,1980,Ховд,104.1
Үхэр,84,1981,Ховд,109.8
Үхэр,84,1982,Ховд,106.1
Үхэр,84,1983,Ховд,101.2
Үхэр,84,1984,Ховд,95.5
Үхэр,84,1985,Ховд,109
Үхэр,84,1986,Ховд,115.7
Үхэр,84,1987,Ховд,123.2
Үхэр,84,1988,Ховд,130.6
Үхэр,84,1989,Ховд,133.9
Үхэр,84,1990,Ховд,136.9
Үхэр,84,1991,Ховд,131.2
Үхэр,84,1992,Ховд,131.4
Үхэр,84,1993,Ховд,137.6
Үхэр,84,1994,Ховд,158
Үхэр,84,1995,Ховд,179.4
Үхэр,84,1996,Ховд,179.8
Үхэр,84,1997,Ховд,169.3
Үхэр,84,1998,Ховд,146
Үхэр,84,1999,Ховд,151
Үхэр,84,2000,Ховд,137.3
Үхэр,84,2001,Ховд,93.6
Үхэр,84,2002,Ховд,72.4
Үхэр,84,2003,Ховд,73.7
Үхэр,84,2004,Ховд,83.6
Үхэр,84,2005,Ховд,94.6
Үхэр,84,2006,Ховд,105.2
Үхэр,84,2007,Ховд,115.2
Үхэр,84,2008,Ховд,109.3
Үхэр,84,2009,Ховд,97.9
Үхэр,84,2010,Ховд,81
Үхэр,84,2011,Ховд,87.6
Үхэр,84,2012,Ховд,100.7
Үхэр,84,2013,Ховд,115.1
Үхэр,84,2014,Ховд,138.2
Үхэр,84,2015,Ховд,156.1
Үхэр,84,2016,Ховд,182.1
Үхэр,84,2017,Ховд,200.5
Үхэр,84,2018,Ховд,193.7
Үхэр,84,2019,Ховд,187.1
Үхэр,84,2020,Ховд,187.1
Үхэр,84,2021,Ховд,207.6
Үхэр,84,2022,Ховд,205.2
Үхэр,84,2023,Ховд,196.2
Үхэр,84,2024,Ховд,219.2
Үхэр,85,1970,Увс,122.5
Үхэр,85,1971,Увс,131.1
Үхэр,85,1972,Увс,123
Үхэр,85,1973,Увс,124
Үхэр,85,1974,Увс,126.3
Үхэр,85,1975,Увс,118
Үхэр,85,1976,Увс,106.5
Үхэр,85,1977,Увс,109.2
Үхэр,85,1978,Увс,110.5
Үхэр,85,1979,Увс,112
Үхэр,85,1980,Увс,113.6
Үхэр,85,1981,Увс,111.5
Үхэр,85,1982,Увс,113.7
Үхэр,85,1983,Увс,116.5
Үхэр,85,1984,Увс,121.1
Үхэр,85,1985,Увс,128.4
Үхэр,85,1986,Увс,135.7
Үхэр,85,1987,Увс,144.9
Үхэр,85,1988,Увс,150.6
Үхэр,85,1989,Увс,156.4
Үхэр,85,1990,Увс,162.3
Үхэр,85,1991,Увс,154.1
Үхэр,85,1992,Увс,148.4
Үхэр,85,1993,Увс,147
Үхэр,85,1994,Увс,165.1
Үхэр,85,1995,Увс,181.9
Үхэр,85,1996,Увс,184.2
Үхэр,85,1997,Увс,182.6
Үхэр,85,1998,Увс,184.3
Үхэр,85,1999,Увс,168
Үхэр,85,2000,Увс,105.7
Үхэр,85,2001,Увс,90.4
Үхэр,85,2002,Увс,83.1
Үхэр,85,2003,Увс,89.3
Үхэр,85,2004,Увс,100.3
Үхэр,85,2005,Увс,108.9
Үхэр,85,2006,Увс,120
Үхэр,85,2007,Увс,130.2
Үхэр,85,2008,Увс,118.2
Үхэр,85,2009,Увс,104
Үхэр,85,2010,Увс,84.4
Үхэр,85,2011,Увс,95.7
Үхэр,85,2012,Увс,108
Үхэр,85,2013,Увс,122.6
Үхэр,85,2014,Увс,145.4
Үхэр,85,2015,Увс,156.8
Үхэр,85,2016,Увс,161
Үхэр,85,2017,Увс,176.9
Үхэр,85,2018,Увс,182.9
Үхэр,85,2019,Увс,195.7
Үхэр,85,2020,Увс,211.5
Үхэр,85,2021,Увс,245.7
Үхэр,85,2022,Увс,255.8
Үхэр,85,2023,Увс,224.8
Үхэр,85,2024,Увс,229.9
