status,path,table_id,text,type,url
FOUND_OR_TABLE,"NSO / Боловсрол, эрүүл мэнд / Боловсролын ерөнхий үзүүлэлт",DT_NSO_2002_012V1.px,"ХАМРАН СУРГАЛТЫН БОХИР ЖИН, хүйс, анги, аймаг, нийслэл, жилээр",t,https://data.1212.mn/api/v1/mn/NSO/Education%2C%20health/General%20indicators%20for%20Education/DT_NSO_2002_012V1.px
FOUND_OR_TABLE,"NSO / Боловсрол, эрүүл мэнд / Боловсролын ерөнхий үзүүлэлт",DT_NSO_2002_055V1.px,"БОЛОВСРОЛЫН САЛБАРЫН ЗАРДАЛ, төрөл, жилээр, оны үнээр",t,https://data.1212.mn/api/v1/mn/NSO/Education%2C%20health/General%20indicators%20for%20Education/DT_NSO_2002_055V1.px
FOUND_OR_TABLE,"NSO / Боловсрол, эрүүл мэнд / Боловсролын ерөнхий үзүүлэлт",DT_NSO_2002_066V2.px,"БYХ ШАТНЫ БОЛОВСРОЛЫН СУРГАЛТЫН БАЙГУУЛЛАГА, ангилал, жилээр",t,https://data.1212.mn/api/v1/mn/NSO/Education%2C%20health/General%20indicators%20for%20Education/DT_NSO_2002_066V2.px
FOUND_OR_TABLE,"NSO / Боловсрол, эрүүл мэнд / Боловсролын ерөнхий үзүүлэлт",DT_NSO_2002_067V1.px,"БҮХ ШАТНЫ СУРГАЛТЫН БАЙГУУЛЛАГЫН ҮНДСЭН БАГШ, ангилал, жилээр",t,https://data.1212.mn/api/v1/mn/NSO/Education%2C%20health/General%20indicators%20for%20Education/DT_NSO_2002_067V1.px
FOUND_OR_TABLE,"NSO / Боловсрол, эрүүл мэнд / Боловсролын ерөнхий үзүүлэлт",DT_NSO_2002_068V1.px,"БYХ ШАТНЫ СУРГАЛТЫН БАЙГУУЛЛАГЫГ ТӨГСӨГЧИД, ангилал, жилээр",t,https://data.1212.mn/api/v1/mn/NSO/Education%2C%20health/General%20indicators%20for%20Education/DT_NSO_2002_068V1.px
FOUND_OR_TABLE,"NSO / Боловсрол, эрүүл мэнд / Боловсролын ерөнхий үзүүлэлт",DT_NSO_2002_069V2.px,"БYХ ШАТНЫ БОЛОВСРОЛЫН СУРГАЛТЫН БАЙГУУЛЛАГАД СУРАЛЦАГЧИД, ангилал, жилээр",t,https://data.1212.mn/api/v1/mn/NSO/Education%2C%20health/General%20indicators%20for%20Education/DT_NSO_2002_069V2.px
FOUND_OR_TABLE,"NSO / Боловсрол, эрүүл мэнд / Ерөнхий боловсролын сургууль",DT_NSO_2001_001V1.px,"ЕРӨНХИЙ БОЛОВСРОЛЫН СУРГУУЛИЙН ҮНДСЭН БАГШ, аймаг, нийслэл, жилээр",t,https://data.1212.mn/api/v1/mn/NSO/Education%2C%20health/General%20educational%20schools/DT_NSO_2001_001V1.px
FOUND_OR_TABLE,"NSO / Боловсрол, эрүүл мэнд / Ерөнхий боловсролын сургууль",DT_NSO_2001_001V2.px,"ЕРӨНХИЙ БОЛОВСРОЛЫН СУРГУУЛИЙН ҮНДСЭН БАГШ, сум, дүүрэг, жилээр",t,https://data.1212.mn/api/v1/mn/NSO/Education%2C%20health/General%20educational%20schools/DT_NSO_2001_001V2.px
FOUND_OR_TABLE,"NSO / Боловсрол, эрүүл мэнд / Ерөнхий боловсролын сургууль",DT_NSO_2001_002V1.px,"ЕРӨНХИЙ БОЛОВСРОЛЫН СУРГУУЛИЙН ТОО, аймаг, нийслэл, жилээр",t,https://data.1212.mn/api/v1/mn/NSO/Education%2C%20health/General%20educational%20schools/DT_NSO_2001_002V1.px
FOUND_OR_TABLE,"NSO / Боловсрол, эрүүл мэнд / Ерөнхий боловсролын сургууль",DT_NSO_2001_002V2.px,"ЕРӨНХИЙ БОЛОВСРОЛЫН СУРГУУЛИЙН ТОО, сум, дүүрэг, жилээр",t,https://data.1212.mn/api/v1/mn/NSO/Education%2C%20health/General%20educational%20schools/DT_NSO_2001_002V2.px
FOUND_OR_TABLE,"NSO / Боловсрол, эрүүл мэнд / Ерөнхий боловсролын сургууль",DT_NSO_2001_003V1.px,"ЕРӨНХИЙ БОЛОВСРОЛЫН СУРГУУЛИЙН ТОО, төрөл, жилээр",t,https://data.1212.mn/api/v1/mn/NSO/Education%2C%20health/General%20educational%20schools/DT_NSO_2001_003V1.px
FOUND_OR_TABLE,"NSO / Боловсрол, эрүүл мэнд / Ерөнхий боловсролын сургууль",DT_NSO_2001_004V1.px,"ЕРӨНХИЙ БОЛОВСРОЛЫН СУРГУУЛЬД ӨДРӨӨР СУРАЛЦАГЧДЫН ТОО, аймаг, нийслэл, жилээр",t,https://data.1212.mn/api/v1/mn/NSO/Education%2C%20health/General%20educational%20schools/DT_NSO_2001_004V1.px
FOUND_OR_TABLE,"NSO / Боловсрол, эрүүл мэнд / Ерөнхий боловсролын сургууль",DT_NSO_2001_018V1.px,"ЕРӨНХИЙ БОЛОВСРОЛЫН СУРГУУЛЬД ӨДРӨӨР СУРАЛЦАГЧИД, жилээр",t,https://data.1212.mn/api/v1/mn/NSO/Education%2C%20health/General%20educational%20schools/DT_NSO_2001_018V1.px
FOUND_OR_TABLE,"NSO / Боловсрол, эрүүл мэнд / Ерөнхий боловсролын сургууль",DT_NSO_2001_019V1.px,"ЕРӨНХИЙ БОЛОВСРОЛЫН СУРГУУЛИЙН СУРАЛЦАГЧДААС ДОТУУР БАЙРАНД СУУХ ХҮСЭЛТ ГАРГАСАН ХҮҮХЭД, аймаг, нийслэл, жилээр",t,https://data.1212.mn/api/v1/mn/NSO/Education%2C%20health/General%20educational%20schools/DT_NSO_2001_019V1.px
FOUND_OR_TABLE,"NSO / Боловсрол, эрүүл мэнд / Ерөнхий боловсролын сургууль",DT_NSO_2001_020V1.px,"ЕРӨНХИЙ БОЛОВСРОЛЫН СУРГУУЛИЙН СУРАЛЦАГЧДААС ДОТУУР БАЙРАНД АМЬДАРЧ БУЙ ХҮҮХЭД, аймаг, нийслэл, жилээр",t,https://data.1212.mn/api/v1/mn/NSO/Education%2C%20health/General%20educational%20schools/DT_NSO_2001_020V1.px
FOUND_OR_TABLE,"NSO / Боловсрол, эрүүл мэнд / Ерөнхий боловсролын сургууль",DT_NSO_2002_014V1.px,"ЕБС-ИЙН НЭГДҮГЭЭР АНГИД ШИНЭЭР ЭЛСЭГЧДИЙН ТОО, сум, дүүрэг, жилээр",t,https://data.1212.mn/api/v1/mn/NSO/Education%2C%20health/General%20educational%20schools/DT_NSO_2002_014V1.px
FOUND_OR_TABLE,"NSO / Боловсрол, эрүүл мэнд / Ерөнхий боловсролын сургууль",DT_NSO_2002_015V1.px,"ЕРӨНХИЙ БОЛОВСРОЛЫН СУРГУУЛИЙН СУРАГЧ-БАГШИЙН ХАРЬЦАА, аймаг, нийслэл, жилээр",t,https://data.1212.mn/api/v1/mn/NSO/Education%2C%20health/General%20educational%20schools/DT_NSO_2002_015V1.px
FOUND_OR_TABLE,"NSO / Боловсрол, эрүүл мэнд / Ерөнхий боловсролын сургууль",DT_NSO_2002_056V1.px,"ЭЛСЭЛТИЙН ЕРӨНХИЙ ШАЛГАЛТЫН ДҮН (ХЭМЖЭЭСТ ОНОО), хүйс, аймаг, нийслэл, жилээр",t,https://data.1212.mn/api/v1/mn/NSO/Education%2C%20health/General%20educational%20schools/DT_NSO_2002_056V1.px
FOUND_OR_TABLE,"NSO / Боловсрол, эрүүл мэнд / Ерөнхий боловсролын сургууль",DT_NSO_2002_057V1.px,"ЕРӨНХИЙ БОЛОВСРОЛЫН СУРГУУЛИЙГ ӨДРӨӨР СУРАЛЦАН ТӨГСӨГЧИД, анги, аймаг, нийслэл, жилээр",t,https://data.1212.mn/api/v1/mn/NSO/Education%2C%20health/General%20educational%20schools/DT_NSO_2002_057V1.px
FOUND_OR_TABLE,"NSO / Боловсрол, эрүүл мэнд / Ерөнхий боловсролын сургууль",DT_NSO_2002_057V2.px,"ЕРӨНХИЙ БОЛОВСРОЛЫН СУРГУУЛЬД ӨДРӨӨР СУРАЛЦАГЧДЫН ТОО, сум, дүүрэг, жилээр",t,https://data.1212.mn/api/v1/mn/NSO/Education%2C%20health/General%20educational%20schools/DT_NSO_2002_057V2.px
FOUND_OR_TABLE,"NSO / Боловсрол, эрүүл мэнд / Ерөнхий боловсролын сургууль",DT_NSO_2002_057V3.px,"ЕРӨНХИЙ БОЛОВСРОЛЫН СУРГУУЛИЙГ ӨДРӨӨР СУРАЛЦАН ТӨГСӨГЧИД, сум, дүүрэг, жилээр",t,https://data.1212.mn/api/v1/mn/NSO/Education%2C%20health/General%20educational%20schools/DT_NSO_2002_057V3.px
FOUND_OR_TABLE,"NSO / Боловсрол, эрүүл мэнд / Ерөнхий боловсролын сургууль",DT_NSO_2002_058V1.px,"ЕРӨНХИЙ БОЛОВСРОЛЫН СУРГУУЛЬД СУРАЛЦДАГ ХӨГЖЛИЙН БЭРХШЭЭЛТЭЙ СУРАЛЦАГЧИД, аймаг, нийслэл, жилээр",t,https://data.1212.mn/api/v1/mn/NSO/Education%2C%20health/General%20educational%20schools/DT_NSO_2002_058V1.px
FOUND_OR_TABLE,"NSO / Боловсрол, эрүүл мэнд / Ерөнхий боловсролын сургууль",DT_NSO_2002_059V1.px,"ЕРӨНХИЙ БОЛОВСРОЛЫН СУРГУУЛИЙН ҮНДСЭН БАГШ, өмчийн хэлбэр, жилээр",t,https://data.1212.mn/api/v1/mn/NSO/Education%2C%20health/General%20educational%20schools/DT_NSO_2002_059V1.px
FOUND_OR_TABLE,"NSO / Боловсрол, эрүүл мэнд / Ерөнхий боловсролын сургууль",DT_NSO_2002_065V1.px,"НЭГДҮГЭЭР АНГИД ЭЛСЭГЧДИЙН ЭЛСЭЛТИЙН ЦЭВЭР ЖИН, хүйс, жилээр",t,https://data.1212.mn/api/v1/mn/NSO/Education%2C%20health/General%20educational%20schools/DT_NSO_2002_065V1.px
FOUND_OR_TABLE,"NSO / Боловсрол, эрүүл мэнд / Ерөнхий боловсролын сургууль",DT_NSO_2002_065V2.px,"БАГА АНГИ ТӨГСӨГЧДИЙН БОХИР ЖИН, хүйс, аймаг, нийслэл, жилээр",t,https://data.1212.mn/api/v1/mn/NSO/Education%2C%20health/General%20educational%20schools/DT_NSO_2002_065V2.px
FOUND_OR_TABLE,"NSO / Боловсрол, эрүүл мэнд / Их дээд сургууль",DT_NSO_2001_013V1.px,"ИХ, ДЭЭД СУРГУУЛЬ, КОЛЛЕЖИД СУРАЛЦАГЧИД, хүйс, аймаг, нийслэл, жилээр",t,https://data.1212.mn/api/v1/mn/NSO/Education%2C%20health/Universities%2C%20institutes%20and%20colleges/DT_NSO_2001_013V1.px
FOUND_OR_TABLE,"NSO / Боловсрол, эрүүл мэнд / Их дээд сургууль",DT_NSO_2001_013V2.px,"ИХ, ДЭЭД СУРГУУЛЬ, КОЛЛЕЖИД СУРАЛЦАГЧИД, мэргэжлийн чиглэл, жилээр",t,https://data.1212.mn/api/v1/mn/NSO/Education%2C%20health/Universities%2C%20institutes%20and%20colleges/DT_NSO_2001_013V2.px
FOUND_OR_TABLE,"NSO / Боловсрол, эрүүл мэнд / Их дээд сургууль",DT_NSO_2001_014V1.px,"ИХ, ДЭЭД СУРГУУЛЬ, КОЛЛЕЖИЙГ ТӨГСӨГЧИД, мэргэжлийн чиглэл, жилээр",t,https://data.1212.mn/api/v1/mn/NSO/Education%2C%20health/Universities%2C%20institutes%20and%20colleges/DT_NSO_2001_014V1.px
FOUND_OR_TABLE,"NSO / Боловсрол, эрүүл мэнд / Их дээд сургууль",DT_NSO_2001_015V2.px,"ДЭЭД БОЛОВСРОЛЫН СУРГАЛТЫН БАЙГУУЛЛАГАД СУРАЛЦАГЧИД, боловсролын зэрэг, жилээр",t,https://data.1212.mn/api/v1/mn/NSO/Education%2C%20health/Universities%2C%20institutes%20and%20colleges/DT_NSO_2001_015V2.px
FOUND_OR_TABLE,"NSO / Боловсрол, эрүүл мэнд / Их дээд сургууль",DT_NSO_2001_016V1.px,"ИХ, ДЭЭД СУРГУУЛЬ, КОЛЛЕЖИЙН ҮНДСЭН БАГШИЙН ТОО, хүйс, жилээр",t,https://data.1212.mn/api/v1/mn/NSO/Education%2C%20health/Universities%2C%20institutes%20and%20colleges/DT_NSO_2001_016V1.px
FOUND_OR_TABLE,"NSO / Боловсрол, эрүүл мэнд / Их дээд сургууль",DT_NSO_2001_024V1.px,"ИХ, ДЭЭД СУРГУУЛЬ, КОЛЛЕЖИЙГ ТӨГСӨГЧИД, өмчийн хэлбэр, боловсролын зэрэг, жилээр",t,https://data.1212.mn/api/v1/mn/NSO/Education%2C%20health/Universities%2C%20institutes%20and%20colleges/DT_NSO_2001_024V1.px
FOUND_OR_TABLE,"NSO / Боловсрол, эрүүл мэнд / Их дээд сургууль",DT_NSO_2001_024V2.px,"ДОТООДЫН ИХ, ДЭЭД СУРГУУЛЬ, КОЛЛЕЖИЙГ ТӨГСӨГЧИД, мэргэжлийн чиглэл, боловсролын зэрэг, жилээр",t,https://data.1212.mn/api/v1/mn/NSO/Education%2C%20health/Universities%2C%20institutes%20and%20colleges/DT_NSO_2001_024V2.px
FOUND_OR_TABLE,"NSO / Боловсрол, эрүүл мэнд / Их дээд сургууль",DT_NSO_2001_024V3.px,"ДОТООДЫН ИХ, ДЭЭД СУРГУУЛЬ, КОЛЛЕЖИД СУРАЛЦАГЧИД, мэргэжлийн чиглэл, боловсролын зэрэг, жилээр",t,https://data.1212.mn/api/v1/mn/NSO/Education%2C%20health/Universities%2C%20institutes%20and%20colleges/DT_NSO_2001_024V3.px
FOUND_OR_TABLE,"NSO / Боловсрол, эрүүл мэнд / Мэргэжлийн боловсрол",DT_NSO_2001_006V1.px,"ТЕХНИКИЙН БОЛОН МЭРГЭЖЛИЙН БОЛОВСРОЛЫН СУРГАЛТЫН БАЙГУУЛЛАГАД СУРАЛЦАГЧИД, хүйс, аймаг, нийслэл, жилээр",t,https://data.1212.mn/api/v1/mn/NSO/Education%2C%20health/Vocational%20education/DT_NSO_2001_006V1.px
FOUND_OR_TABLE,"NSO / Боловсрол, эрүүл мэнд / Мэргэжлийн боловсрол",DT_NSO_2001_007V1.px,"ТЕХНИКИЙН БОЛОН МЭРГЭЖЛИЙН БОЛОВСРОЛЫН СУРГАЛТЫН БАЙГУУЛЛАГЫН ТОО, өмчийн хэлбэр, жилээр",t,https://data.1212.mn/api/v1/mn/NSO/Education%2C%20health/Vocational%20education/DT_NSO_2001_007V1.px
FOUND_OR_TABLE,"NSO / Боловсрол, эрүүл мэнд / Мэргэжлийн боловсрол",DT_NSO_2001_008V1.px,"ТЕХНИКИЙН БОЛОН МЭРГЭЖЛИЙН БОЛОВСРОЛЫН СУРГАЛТЫН БАЙГУУЛЛАГЫН ҮНДСЭН БАГШ, хүйс, жилээр",t,https://data.1212.mn/api/v1/mn/NSO/Education%2C%20health/Vocational%20education/DT_NSO_2001_008V1.px
FOUND_OR_TABLE,"NSO / Боловсрол, эрүүл мэнд / Мэргэжлийн боловсрол",DT_NSO_2001_008V2.px,"ТЕХНИКИЙН БОЛОН МЭРГЭЖЛИЙН БОЛОВСРОЛЫН СУРГАЛТЫН БАЙГУУЛЛАГЫН АЖИЛЛАГЧИД БОЛОН ҮНДСЭН БАГШ, аймаг, нийслэл, жилээр",t,https://data.1212.mn/api/v1/mn/NSO/Education%2C%20health/Vocational%20education/DT_NSO_2001_008V2.px
FOUND_OR_TABLE,"NSO / Боловсрол, эрүүл мэнд / Мэргэжлийн боловсрол",DT_NSO_2001_023V1.px,"ТЕХНИКИЙН БОЛОН МЭРГЭЖЛИЙН БОЛОВСРОЛ, СУРГАЛТЫН БАЙГУУЛЛАГЫГ ТӨГСӨГЧИД, мэргэжлийн чиглэл, сургалтын чиглэл, жилээр",t,https://data.1212.mn/api/v1/mn/NSO/Education%2C%20health/Vocational%20education/DT_NSO_2001_023V1.px
FOUND_OR_TABLE,"NSO / Боловсрол, эрүүл мэнд / Мэргэжлийн боловсрол",DT_NSO_2001_023V2.px,"ТЕХНИКИЙН БОЛОН МЭРГЭЖЛИЙН БОЛОВСРОЛ, СУРГАЛТЫН БАЙГУУЛЛАГЫГ ТӨГСӨГЧИД, сургалтын чиглэл, аймаг, нийслэл, жилээр",t,https://data.1212.mn/api/v1/mn/NSO/Education%2C%20health/Vocational%20education/DT_NSO_2001_023V2.px
FOUND_OR_TABLE,"NSO / Боловсрол, эрүүл мэнд / Мэргэжлийн боловсрол",DT_NSO_2001_023V3.px,"ТЕХНИКИЙН БОЛОН МЭРГЭЖЛИЙН БОЛОВСРОЛЫН СУРГАЛТЫН БАЙГУУЛЛАГАД СУРАЛЦАГЧИД, сургалтын чиглэл, жилээр",t,https://data.1212.mn/api/v1/mn/NSO/Education%2C%20health/Vocational%20education/DT_NSO_2001_023V3.px
FOUND_OR_TABLE,"NSO / Боловсрол, эрүүл мэнд / Мэргэжлийн боловсрол",DT_NSO_2001_023V4.px,"ТЕХНИКИЙН БОЛОН МЭРГЭЖЛИЙН БОЛОВСРОЛ, СУРГАЛТЫН БАЙГУУЛЛАГАД СУРАЛЦАГЧИД, мэргэжлийн чиглэл, сургалтын чиглэл, жилээр",t,https://data.1212.mn/api/v1/mn/NSO/Education%2C%20health/Vocational%20education/DT_NSO_2001_023V4.px
FOUND_OR_TABLE,"NSO / Боловсрол, эрүүл мэнд / Өвчлөл",DT_NSO_2100_012V1.px,"ХОРТ ХАВДРААР ШИНЭЭР ӨВЧЛӨГЧДИЙН ТОО, 10000 хүнд ногдохоор, хорт хавдрын төрөл, жилээр",t,https://data.1212.mn/api/v1/mn/NSO/Education%2C%20health/Disease/DT_NSO_2100_012V1.px
FOUND_OR_TABLE,"NSO / Боловсрол, эрүүл мэнд / Өвчлөл",DT_NSO_2100_013V1.px,"ХОРТ ХАВДРААР НАС БАРАГЧДЫН ТОО, 10000 хүнд ногдохоор, хорт хавдрын төрлөөр, жилээр",t,https://data.1212.mn/api/v1/mn/NSO/Education%2C%20health/Disease/DT_NSO_2100_013V1.px
FOUND_OR_TABLE,"NSO / Боловсрол, эрүүл мэнд / Өвчлөл",DT_NSO_2100_020V2.px,"ХАЛДВАРТ ӨВЧНӨӨР ӨВЧЛӨГЧИД, өвчний төрөл, сум, жилээр",t,https://data.1212.mn/api/v1/mn/NSO/Education%2C%20health/Disease/DT_NSO_2100_020V2.px
FOUND_OR_TABLE,"NSO / Боловсрол, эрүүл мэнд / Өвчлөл",DT_NSO_2100_028V1.px,"ХАЛДВАРТ ӨВЧНӨӨР ӨВЧЛӨГЧИД, аймаг, нийслэл, жилээр",t,https://data.1212.mn/api/v1/mn/NSO/Education%2C%20health/Disease/DT_NSO_2100_028V1.px
FOUND_OR_TABLE,"NSO / Боловсрол, эрүүл мэнд / Өвчлөл",DT_NSO_2100_035V1.px,"ХАЛДВАРТ ӨВЧНӨӨР ӨВЧЛӨГЧИД, зарим өвчний төрөл, сараар",t,https://data.1212.mn/api/v1/mn/NSO/Education%2C%20health/Disease/DT_NSO_2100_035V1.px
FOUND_OR_TABLE,"NSO / Боловсрол, эрүүл мэнд / Өвчлөл",DT_NSO_2100_044V1.px,"ХОРТ ХАВДРААР ШИНЭЭР ӨВЧЛӨГЧИД, насны бүлэг, жилээр",t,https://data.1212.mn/api/v1/mn/NSO/Education%2C%20health/Disease/DT_NSO_2100_044V1.px
FOUND_OR_TABLE,"NSO / Боловсрол, эрүүл мэнд / Өвчлөл",DT_NSO_2100_045V1.px,"ХОРТ ХАВДРААР ШИНЭЭР ӨВЧЛӨГЧИД, НАС БАРАГЧИД, 10 000 хүн амд ногдохоор, аймаг, нийслэл, жилээр",t,https://data.1212.mn/api/v1/mn/NSO/Education%2C%20health/Disease/DT_NSO_2100_045V1.px
FOUND_OR_TABLE,"NSO / Боловсрол, эрүүл мэнд / Сургуулийн өмнөх боловсрол",DT_NSO_2001_010V1.px,"СУРГУУЛИЙН ӨМНӨХ БОЛОВСРОЛЫН БАЙГУУЛЛАГЫН ҮНДСЭН БАГШИЙН ТОО, аймаг, нийслэл, жилээр",t,https://data.1212.mn/api/v1/mn/NSO/Education%2C%20health/Pre-school%20education/DT_NSO_2001_010V1.px
FOUND_OR_TABLE,"NSO / Боловсрол, эрүүл мэнд / Сургуулийн өмнөх боловсрол",DT_NSO_2001_010V2.px,"СУРГУУЛИЙН ӨМНӨХ БОЛОВСРОЛЫН БАЙГУУЛЛАГЫН АЖИЛЛАГЧИД, хүйс, аймаг, нийслэл, жилээр",t,https://data.1212.mn/api/v1/mn/NSO/Education%2C%20health/Pre-school%20education/DT_NSO_2001_010V2.px
FOUND_OR_TABLE,"NSO / Боловсрол, эрүүл мэнд / Сургуулийн өмнөх боловсрол",DT_NSO_2001_011V1.px,"ЦЭЦЭРЛЭГИЙН ТОО, аймаг, нийслэл, жилээр",t,https://data.1212.mn/api/v1/mn/NSO/Education%2C%20health/Pre-school%20education/DT_NSO_2001_011V1.px
FOUND_OR_TABLE,"NSO / Боловсрол, эрүүл мэнд / Сургуулийн өмнөх боловсрол",DT_NSO_2001_011V3.px,"ЦЭЦЭРЛЭГИЙН ТОО, сум, дүүрэг, жилээр",t,https://data.1212.mn/api/v1/mn/NSO/Education%2C%20health/Pre-school%20education/DT_NSO_2001_011V3.px
FOUND_OR_TABLE,"NSO / Боловсрол, эрүүл мэнд / Сургуулийн өмнөх боловсрол",DT_NSO_2001_012V1.px,"СУРГУУЛИЙН ӨМНӨХ БОЛОВСРОЛЫН БАЙГУУЛЛАГАД ХАМРАГДСАН ХҮҮХДИЙН ТОО, аймаг, нийслэл, жилээр",t,https://data.1212.mn/api/v1/mn/NSO/Education%2C%20health/Pre-school%20education/DT_NSO_2001_012V1.px
FOUND_OR_TABLE,"NSO / Боловсрол, эрүүл мэнд / Сургуулийн өмнөх боловсрол",DT_NSO_2001_021V1.px,"ЦЭЦЭРЛЭГИЙН ТОО, өмчийн хэлбэр, жилээр",t,https://data.1212.mn/api/v1/mn/NSO/Education%2C%20health/Pre-school%20education/DT_NSO_2001_021V1.px
FOUND_OR_TABLE,"NSO / Боловсрол, эрүүл мэнд / Сургуулийн өмнөх боловсрол",DT_NSO_2001_022V1.px,"СУРГУУЛИЙН ӨМНӨХ БОЛОВСРОЛД ХАМРАГДСАН ХҮҮХЭД, жилээр",t,https://data.1212.mn/api/v1/mn/NSO/Education%2C%20health/Pre-school%20education/DT_NSO_2001_022V1.px
FOUND_OR_TABLE,"NSO / Боловсрол, эрүүл мэнд / Сургуулийн өмнөх боловсрол",DT_NSO_2002_026V1.px,"СУРГУУЛИЙН ӨМНӨХ БАЙГУУЛЛАГЫН АЖИЛЛАГЧДЫН ТОО, сум, дүүрэг, жилээр",t,https://data.1212.mn/api/v1/mn/NSO/Education%2C%20health/Pre-school%20education/DT_NSO_2002_026V1.px
FOUND_OR_TABLE,"NSO / Боловсрол, эрүүл мэнд / Сургуулийн өмнөх боловсрол",DT_NSO_2002_058V2.px,"СУРГУУЛИЙН ӨМНӨХ БОЛОВСРОЛЫН БАЙГУУЛЛАГАД ХАМРАГДСАН ХӨГЖЛИЙН БЭРХШЭЭЛТЭЙ ХҮҮХЭД, хүйс, аймаг, нийслэл, жилээр",t,https://data.1212.mn/api/v1/mn/NSO/Education%2C%20health/Pre-school%20education/DT_NSO_2002_058V2.px
FOUND_OR_TABLE,"NSO / Боловсрол, эрүүл мэнд / Сургуулийн өмнөх боловсрол",DT_NSO_2002_058V4.px,"СУРГУУЛИЙН ӨМНӨХ БОЛОВСРОЛД ХАМРАГДСАН ХҮҮХЭД, сум, дүүрэг, жилээр",t,https://data.1212.mn/api/v1/mn/NSO/Education%2C%20health/Pre-school%20education/DT_NSO_2002_058V4.px
FOUND_OR_TABLE,"NSO / Боловсрол, эрүүл мэнд / Төрөлт, нас баралт",DT_NSO_0300_023V1.px,"ТӨРСӨН ХҮҮХДИЙН ТОО, эхийн насны бүлэг, жилээр",t,https://data.1212.mn/api/v1/mn/NSO/Education%2C%20health/Births%2C%20deaths/DT_NSO_0300_023V1.px
FOUND_OR_TABLE,"NSO / Боловсрол, эрүүл мэнд / Төрөлт, нас баралт",DT_NSO_0300_029V1.px,"ТӨРӨЛТИЙН КОЭФФИЦИЕНТ, жилээр",t,https://data.1212.mn/api/v1/mn/NSO/Education%2C%20health/Births%2C%20deaths/DT_NSO_0300_029V1.px
FOUND_OR_TABLE,"NSO / Боловсрол, эрүүл мэнд / Төрөлт, нас баралт",DT_NSO_0300_032V1.px,"ТӨРӨХ ҮЕИЙН ХҮЙСИЙН ХАРЬЦАА, аймаг, нийслэл, жилээр",t,https://data.1212.mn/api/v1/mn/NSO/Education%2C%20health/Births%2C%20deaths/DT_NSO_0300_032V1.px
FOUND_OR_TABLE,"NSO / Боловсрол, эрүүл мэнд / Төрөлт, нас баралт",DT_NSO_2100_001V1.px,"ҮР ХӨНДӨЛТИЙН ТОО, аймаг, нийслэл, жилээр",t,https://data.1212.mn/api/v1/mn/NSO/Education%2C%20health/Births%2C%20deaths/DT_NSO_2100_001V1.px
FOUND_OR_TABLE,"NSO / Боловсрол, эрүүл мэнд / Төрөлт, нас баралт",DT_NSO_2100_002V3.px,"ЭХИЙН ЭНДЭГДЭЛ, сум, дүүрэг, жилээр",t,https://data.1212.mn/api/v1/mn/NSO/Education%2C%20health/Births%2C%20deaths/DT_NSO_2100_002V3.px
FOUND_OR_TABLE,"NSO / Боловсрол, эрүүл мэнд / Төрөлт, нас баралт",DT_NSO_2100_005V1.px,"ЭМНЭЛГИЙН ОРНЫ ТОО, төрөл, жилээр",t,https://data.1212.mn/api/v1/mn/NSO/Education%2C%20health/Births%2C%20deaths/DT_NSO_2100_005V1.px
FOUND_OR_TABLE,"NSO / Боловсрол, эрүүл мэнд / Төрөлт, нас баралт",DT_NSO_2100_008V3.px,"ЭРҮҮЛ МЭНДИЙН БАЙГУУЛЛАГЫН ТОО, төрөл, аймаг, нийслэл, жилээр",t,https://data.1212.mn/api/v1/mn/NSO/Education%2C%20health/Births%2C%20deaths/DT_NSO_2100_008V3.px
FOUND_OR_TABLE,"NSO / Боловсрол, эрүүл мэнд / Төрөлт, нас баралт",DT_NSO_2100_011V1.px,"ХҮН АМЫН НАС БАРАЛТЫН ЗОНХИЛОХ ШАЛТГААН, хүйс, өвчний бүлэг, жилээр",t,https://data.1212.mn/api/v1/mn/NSO/Education%2C%20health/Births%2C%20deaths/DT_NSO_2100_011V1.px
FOUND_OR_TABLE,"NSO / Боловсрол, эрүүл мэнд / Төрөлт, нас баралт",DT_NSO_2100_012V1.px,"ХОРТ ХАВДРААР ШИНЭЭР ӨВЧЛӨГЧДИЙН ТОО, 10000 хүнд ногдох, хорт хавдрын төрлөөр",t,https://data.1212.mn/api/v1/mn/NSO/Education%2C%20health/Births%2C%20deaths/DT_NSO_2100_012V1.px
FOUND_OR_TABLE,"NSO / Боловсрол, эрүүл мэнд / Төрөлт, нас баралт",DT_NSO_2100_014V1.px,"НЯЛХСЫН ЭНДЭГДЭЛ, аймаг, нийслэл, сараар",t,https://data.1212.mn/api/v1/mn/NSO/Education%2C%20health/Births%2C%20deaths/DT_NSO_2100_014V1.px
FOUND_OR_TABLE,"NSO / Боловсрол, эрүүл мэнд / Төрөлт, нас баралт",DT_NSO_2100_014V2.px,"НЯЛХСЫН ЭНДЭГДЭЛ, сум, дүүрэг, жилээр",t,https://data.1212.mn/api/v1/mn/NSO/Education%2C%20health/Births%2C%20deaths/DT_NSO_2100_014V2.px
FOUND_OR_TABLE,"NSO / Боловсрол, эрүүл мэнд / Төрөлт, нас баралт",DT_NSO_2100_014V4.px,"НЯЛХСЫН ЭНДЭГДЭЛ, хүйс, сум, жилээр",t,https://data.1212.mn/api/v1/mn/NSO/Education%2C%20health/Births%2C%20deaths/DT_NSO_2100_014V4.px
FOUND_OR_TABLE,"NSO / Боловсрол, эрүүл мэнд / Төрөлт, нас баралт",DT_NSO_2100_014V5.px,"НЯЛХСЫН ЭНДЭГДЛИЙН ТҮВШИН, амьд төрсөн 1000 хүүхэд тутамд ногдох, хүйс, сум, жилээр",t,https://data.1212.mn/api/v1/mn/NSO/Education%2C%20health/Births%2C%20deaths/DT_NSO_2100_014V5.px
FOUND_OR_TABLE,"NSO / Боловсрол, эрүүл мэнд / Төрөлт, нас баралт",DT_NSO_2100_015V1.px,"НЯЛХСЫН ЭНДЭГДЛИЙН ТҮВШИН, амьд төрсөн 1000 хүүхэд тутамд ногдохоор, аймаг, нийслэл, сараар",t,https://data.1212.mn/api/v1/mn/NSO/Education%2C%20health/Births%2C%20deaths/DT_NSO_2100_015V1.px
FOUND_OR_TABLE,"NSO / Боловсрол, эрүүл мэнд / Төрөлт, нас баралт",DT_NSO_2100_015V2.px,"НЯЛХСЫН ЭНДЭГДЛИЙН ТҮВШИН, амьд төрсөн 1000 хүүхэд тутамд ногдох, сум, жилээр",t,https://data.1212.mn/api/v1/mn/NSO/Education%2C%20health/Births%2C%20deaths/DT_NSO_2100_015V2.px
FOUND_OR_TABLE,"NSO / Боловсрол, эрүүл мэнд / Төрөлт, нас баралт",DT_NSO_2100_017V2.px,"АМАРЖСАН ЭХ, сум, дүүрэг, жилээр",t,https://data.1212.mn/api/v1/mn/NSO/Education%2C%20health/Births%2C%20deaths/DT_NSO_2100_017V2.px
FOUND_OR_TABLE,"NSO / Боловсрол, эрүүл мэнд / Төрөлт, нас баралт",DT_NSO_2100_017V3.px,"АМАРЖСАН ЭХ, аймаг, нийслэл, сараар",t,https://data.1212.mn/api/v1/mn/NSO/Education%2C%20health/Births%2C%20deaths/DT_NSO_2100_017V3.px
FOUND_OR_TABLE,"NSO / Боловсрол, эрүүл мэнд / Төрөлт, нас баралт",DT_NSO_2100_017V4.px,"АМАРЖСАН ЭХЧҮҮДЭЭС 6, ТҮҮНЭЭС ДЭЭШ УДАА ЖИРЭМСНИЙ ХЯНАЛТАД ХАМРАГДСАН ЭМЭГТЭЙЧҮҮД, аймаг, нийслэл, сараар",t,https://data.1212.mn/api/v1/mn/NSO/Education%2C%20health/Births%2C%20deaths/DT_NSO_2100_017V4.px
FOUND_OR_TABLE,"NSO / Боловсрол, эрүүл мэнд / Төрөлт, нас баралт",DT_NSO_2100_018V5.px,"АМЬД ТӨРСӨН ХҮҮХЭД, аймаг, нийслэл, сараар",t,https://data.1212.mn/api/v1/mn/NSO/Education%2C%20health/Births%2C%20deaths/DT_NSO_2100_018V5.px
FOUND_OR_TABLE,"NSO / Боловсрол, эрүүл мэнд / Төрөлт, нас баралт",DT_NSO_2100_018V6.px,"АМЬД ТӨРСӨН ХҮҮХДИЙН ТОО, хүйс, сум, жилээр",t,https://data.1212.mn/api/v1/mn/NSO/Education%2C%20health/Births%2C%20deaths/DT_NSO_2100_018V6.px
FOUND_OR_TABLE,"NSO / Боловсрол, эрүүл мэнд / Төрөлт, нас баралт",DT_NSO_2100_023V1.px,"ЭХИЙН ЭНДЭГДЛИЙН ХАРЬЦАА, амьд төрсөн 100000 хүүхэд тутамд ногдох, сум, дүүрэг, жилээр",t,https://data.1212.mn/api/v1/mn/NSO/Education%2C%20health/Births%2C%20deaths/DT_NSO_2100_023V1.px
FOUND_OR_TABLE,"NSO / Боловсрол, эрүүл мэнд / Төрөлт, нас баралт",DT_NSO_2100_027V1.px,"НАС БАРАЛТ, зонхилох өвчний ангилал, сум, жилээр",t,https://data.1212.mn/api/v1/mn/NSO/Education%2C%20health/Births%2C%20deaths/DT_NSO_2100_027V1.px
FOUND_OR_TABLE,"NSO / Боловсрол, эрүүл мэнд / Төрөлт, нас баралт",DT_NSO_2100_027V2.px,"НАС БАРАЛТ, аймаг, нийслэл, сараар",t,https://data.1212.mn/api/v1/mn/NSO/Education%2C%20health/Births%2C%20deaths/DT_NSO_2100_027V2.px
FOUND_OR_TABLE,"NSO / Боловсрол, эрүүл мэнд / Төрөлт, нас баралт",DT_NSO_2100_027V3.px,"ЭМНЭЛЭГТ НАС БАРАЛТ, аймаг, нийслэл, сараар",t,https://data.1212.mn/api/v1/mn/NSO/Education%2C%20health/Births%2C%20deaths/DT_NSO_2100_027V3.px
FOUND_OR_TABLE,"NSO / Боловсрол, эрүүл мэнд / Төрөлт, нас баралт",DT_NSO_2100_029V1.px,"ЖИРЭМСЭН ЭМЭГТЭЙЧҮҮДИЙН ЭХНИЙ 3 САРТАЙД ЭМНЭЛГИЙН ХЯНАЛТАД ХАМРАГДСАН ХУВЬ, аймаг, нийслэл, жилээр",t,https://data.1212.mn/api/v1/mn/NSO/Education%2C%20health/Births%2C%20deaths/DT_NSO_2100_029V1.px
FOUND_OR_TABLE,"NSO / Боловсрол, эрүүл мэнд / Төрөлт, нас баралт",DT_NSO_2100_030V2.px,"ТАВ ХҮРТЭЛХ НАСНЫ ХҮҮХДИЙН ЭНДЭГДЛИЙН ТҮВШИН, амьд төрсөн 1000 хүүхэд тутамд ногдох, aймаг, нийслэл, сараар",t,https://data.1212.mn/api/v1/mn/NSO/Education%2C%20health/Births%2C%20deaths/DT_NSO_2100_030V2.px
FOUND_OR_TABLE,"NSO / Боловсрол, эрүүл мэнд / Төрөлт, нас баралт",DT_NSO_2100_036V1.px,"НЭГ ЦАГИЙН ДОТОР ХӨХӨӨ АМЛАСАН ХҮҮХЭД, аймаг, нийслэл, сараар",t,https://data.1212.mn/api/v1/mn/NSO/Education%2C%20health/Births%2C%20deaths/DT_NSO_2100_036V1.px
FOUND_OR_TABLE,"NSO / Боловсрол, эрүүл мэнд / Төрөлт, нас баралт",DT_NSO_2100_037V1.px,"ТӨРӨЛХИЙН ГАЖИГТАЙ ТӨРСӨН ХҮҮХЭД, аймаг, нийслэл, сараар",t,https://data.1212.mn/api/v1/mn/NSO/Education%2C%20health/Births%2C%20deaths/DT_NSO_2100_037V1.px
FOUND_OR_TABLE,"NSO / Боловсрол, эрүүл мэнд / Төрөлт, нас баралт",DT_NSO_2100_038V1.px,"2500 ГРАММААС БАГА ЖИНТЭЙ ТӨРСӨН ХҮҮХЭД, аймаг, нийслэл, сараар",t,https://data.1212.mn/api/v1/mn/NSO/Education%2C%20health/Births%2C%20deaths/DT_NSO_2100_038V1.px
FOUND_OR_TABLE,"NSO / Боловсрол, эрүүл мэнд / Төрөлт, нас баралт",DT_NSO_2100_039V1.px,"АМЬГҮЙ ТӨРӨЛТ, аймаг, нийслэл, сараар",t,https://data.1212.mn/api/v1/mn/NSO/Education%2C%20health/Births%2C%20deaths/DT_NSO_2100_039V1.px
FOUND_OR_TABLE,"NSO / Боловсрол, эрүүл мэнд / Төрөлт, нас баралт",DT_NSO_2100_040V1.px,"НЯРАЙН ЭНДЭГДЭЛ, аймаг, нийслэл, сараар",t,https://data.1212.mn/api/v1/mn/NSO/Education%2C%20health/Births%2C%20deaths/DT_NSO_2100_040V1.px
FOUND_OR_TABLE,"NSO / Боловсрол, эрүүл мэнд / Төрөлт, нас баралт",DT_NSO_2100_040V2.px,"НЯРАЙН ЭНДЭГДЛИЙН ТҮВШИН, амьд төрсөн 1000 хүүхэд тутамд ногдох, аймаг, нийслэл, сараар",t,https://data.1212.mn/api/v1/mn/NSO/Education%2C%20health/Births%2C%20deaths/DT_NSO_2100_040V2.px
FOUND_OR_TABLE,"NSO / Боловсрол, эрүүл мэнд / Төрөлт, нас баралт",DT_NSO_2100_041V2.px,"ТАВ ХҮРТЭЛХ НАСНЫ ХҮҮХДИЙН ЭНДЭГДЭЛ, хүйс, сум, дүүрэг, жилээр",t,https://data.1212.mn/api/v1/mn/NSO/Education%2C%20health/Births%2C%20deaths/DT_NSO_2100_041V2.px
FOUND_OR_TABLE,"NSO / Боловсрол, эрүүл мэнд / Төрөлт, нас баралт",DT_NSO_2100_041V3.px,"ТАВ ХҮРТЭЛХ НАСНЫ ХҮҮХДИЙН ЭНДЭГДЛИЙН ТҮВШИН, амьд төрсөн 1000 хүүхэд тутамд ногдох, хүйс, сум, дүүрэг, жилээр",t,https://data.1212.mn/api/v1/mn/NSO/Education%2C%20health/Births%2C%20deaths/DT_NSO_2100_041V3.px
FOUND_OR_TABLE,"NSO / Боловсрол, эрүүл мэнд / Төрөлт, нас баралт",DT_NSO_2100_046V1.px,"ЖИРЭМСНИЙ ХЯНАЛТАД 6, ТҮҮНЭЭС ДЭЭШ УДАА ХАМРАГДСАН ТӨРСӨН ЭМЭГТЭЙЧҮҮДИЙН ХУВЬ, аймаг, нийслэл, жилээр",t,https://data.1212.mn/api/v1/mn/NSO/Education%2C%20health/Births%2C%20deaths/DT_NSO_2100_046V1.px
FOUND_OR_TABLE,"NSO / Боловсрол, эрүүл мэнд / Төрөлт, нас баралт",DT_NSO_2100_047V1.px,"ӨСВӨР НАСНЫ 1000 ЭМЭГТЭЙД НОГДОХ ТӨРӨЛТИЙН ТҮВШИН (10-14, 15-19 насны 1000 эмэгтэйд ногдох) аймаг, нийслэл, жилээр",t,https://data.1212.mn/api/v1/mn/NSO/Education%2C%20health/Births%2C%20deaths/DT_NSO_2100_047V1.px
FOUND_OR_TABLE,"NSO / Боловсрол, эрүүл мэнд / Төрөлт, нас баралт",DT_NSO_2100_048V1.px,"ЖИРЭМСЛЭХЭЭС СЭРГИЙЛЭХ АРГА, ХЭРЭГСЭЛ ХЭРЭГЛЭДЭГ ЭМЭГТЭЙЧҮҮД, аймаг, нийслэл, жилээр",t,https://data.1212.mn/api/v1/mn/NSO/Education%2C%20health/Births%2C%20deaths/DT_NSO_2100_048V1.px
FOUND_OR_TABLE,"NSO / Боловсрол, эрүүл мэнд / Төрөлт, нас баралт",DT_NSO_2100_049V1.px,"ТАВ ХҮРТЭЛХ НАСНЫ ХҮҮХДИЙН ЭНДЭГДЭЛ, аймаг, нийслэл, сараар",t,https://data.1212.mn/api/v1/mn/NSO/Education%2C%20health/Births%2C%20deaths/DT_NSO_2100_049V1.px
FOUND_OR_TABLE,"NSO / Боловсрол, эрүүл мэнд / Төрөлт, нас баралт",DT_NSO_2100_050V1.px,"ЭХИЙН ЭНДЭГДЛИЙН ХАРЬЦАА, амьд төрсөн 100000 хүүхэд тутамд ногдох, аймаг, нийслэл, сараар",t,https://data.1212.mn/api/v1/mn/NSO/Education%2C%20health/Births%2C%20deaths/DT_NSO_2100_050V1.px
FOUND_OR_TABLE,"NSO / Боловсрол, эрүүл мэнд / Төрөлт, нас баралт",DT_NSO_2100_051V1.px,"ГЭРЛЭСЭН/ ХАМТРАН АМЬДРАГЧТАЙ, ЖСАХ-ИЙН ХЭРЭГЦЭЭ ХАНГАГДСАН ЭМЭГТЭЙЧҮҮДИЙН ХУВЬ",t,https://data.1212.mn/api/v1/mn/NSO/Education%2C%20health/Births%2C%20deaths/DT_NSO_2100_051V1.px
FOUND_OR_TABLE,"NSO / Боловсрол, эрүүл мэнд / Төрөлт, нас баралт / ЭХИЙН ЭНДЭГДЭЛ, бүс, аймаг, нийслэлээр",DT_NSO_2100_002V1.px,"ЭХИЙН ЭНДЭГДЭЛ, аймаг, нийслэл, жилээр",t,https://data.1212.mn/api/v1/mn/NSO/Education%2C%20health/Births%2C%20deaths/NUMBER%20OF%20MATERNAL%20DEATHS%2C%20by%20region/DT_NSO_2100_002V1.px
FOUND_OR_TABLE,"NSO / Боловсрол, эрүүл мэнд / Төрөлт, нас баралт / ЭХИЙН ЭНДЭГДЭЛ, бүс, аймаг, нийслэлээр",DT_NSO_2100_002V2.px,"ЭХИЙН ЭНДЭГДЭЛ, аймаг, нийслэл, сараар",t,https://data.1212.mn/api/v1/mn/NSO/Education%2C%20health/Births%2C%20deaths/NUMBER%20OF%20MATERNAL%20DEATHS%2C%20by%20region/DT_NSO_2100_002V2.px
FOUND_OR_TABLE,"NSO / Боловсрол, эрүүл мэнд / Эрүүл мэндийн даатгал",DT_NSO_2100_033V1.px,"ЭРҮҮЛ МЭНДИЙН ДААТГАЛЫН САНГИЙН ОРЛОГО, ЭМДС-ИЙН ТУСЛАМЖ ҮЙЛЧИЛГЭЭНИЙ ЗАРДАЛ, төрөл, сараар (өссөн дүн)",t,https://data.1212.mn/api/v1/mn/NSO/Education%2C%20health/Health%20insurance/DT_NSO_2100_033V1.px
FOUND_OR_TABLE,"NSO / Боловсрол, эрүүл мэнд / Эрүүл мэндийн даатгал",DT_NSO_2100_033V2.px,"ЭРҮҮЛ МЭНДИЙН ДААТГАЛД ДААТГУУЛАГЧИД, сараар",t,https://data.1212.mn/api/v1/mn/NSO/Education%2C%20health/Health%20insurance/DT_NSO_2100_033V2.px
FOUND_OR_TABLE,"NSO / Боловсрол, эрүүл мэнд / Эрүүл мэндийн даатгал",DT_NSO_2100_30V001.px,"ЭРҮҮЛ МЭНДИЙН ДААТГАЛЫН САНГИЙН ОРЛОГО, ЗАРЛАГА, төрөл, жилээр",t,https://data.1212.mn/api/v1/mn/NSO/Education%2C%20health/Health%20insurance/DT_NSO_2100_30V001.px
FOUND_OR_TABLE,"NSO / Боловсрол, эрүүл мэнд / Эрүүл мэндийн даатгал",DT_NSO_2100_30V002.px,"ЭРҮҮЛ МЭНДИЙН ДААТГАЛЫН САНГААС ҮНИЙН ХӨНГӨЛӨЛТ ҮЗҮҮЛДЭГ ЗАЙЛШГҮЙ ШААРДЛАГАТАЙ ЭМИЙН БОРЛУУЛАЛТ, эмийн ерөнхий бүлэг, жилээр",t,https://data.1212.mn/api/v1/mn/NSO/Education%2C%20health/Health%20insurance/DT_NSO_2100_30V002.px
FOUND_OR_TABLE,"NSO / Боловсрол, эрүүл мэнд / Эрүүл мэндийн даатгал",DT_NSO_2100_30V2.px,"ЭРҮҮЛ МЭНДИЙН ДААТГАЛД ДААТГУУЛАГЧИД, жилээр",t,https://data.1212.mn/api/v1/mn/NSO/Education%2C%20health/Health%20insurance/DT_NSO_2100_30V2.px
FOUND_OR_TABLE,"NSO / Боловсрол, эрүүл мэнд / Эрүүл мэндийн үндсэн үзүүлэлт",DT_NSO_0300_071V01.px,"ЭРҮҮЛ МЭНДИЙН БАЙГУУЛЛАГЫН АЖИЛЛАГЧИД, мэргэжлийн чиглэл, жилээр",t,https://data.1212.mn/api/v1/mn/NSO/Education%2C%20health/Main%20indicators%20for%20Health%20sector/DT_NSO_0300_071V01.px
FOUND_OR_TABLE,"NSO / Боловсрол, эрүүл мэнд / Эрүүл мэндийн үндсэн үзүүлэлт",DT_NSO_0300_071V02.px,"ЭМНЭЛЭГТ ХЭВТЭН ЭМЧЛҮҮЛЭГЧИД, 10000 хүн амд ногдох, өвчлөлийн зонхилох 10 ангилал, жилээр",t,https://data.1212.mn/api/v1/mn/NSO/Education%2C%20health/Main%20indicators%20for%20Health%20sector/DT_NSO_0300_071V02.px
FOUND_OR_TABLE,"NSO / Боловсрол, эрүүл мэнд / Эрүүл мэндийн үндсэн үзүүлэлт",DT_NSO_0300_071V03.px,"ҮР ХӨНДӨЛТИЙН ХАРЬЦАА, 1000 амьд төрөлтөд ногдохоор, аймаг, нийслэл, жилээр",t,https://data.1212.mn/api/v1/mn/NSO/Education%2C%20health/Main%20indicators%20for%20Health%20sector/DT_NSO_0300_071V03.px
FOUND_OR_TABLE,"NSO / Боловсрол, эрүүл мэнд / Эрүүл мэндийн үндсэн үзүүлэлт",DT_NSO_2100_001V1.px,"ҮР ХӨНДӨЛТИЙН ТОО, аймаг, нийслэл, жилээр",t,https://data.1212.mn/api/v1/mn/NSO/Education%2C%20health/Main%20indicators%20for%20Health%20sector/DT_NSO_2100_001V1.px
FOUND_OR_TABLE,"NSO / Боловсрол, эрүүл мэнд / Эрүүл мэндийн үндсэн үзүүлэлт",DT_NSO_2100_005V2.px,"ЭМНЭЛГИЙН ОРНЫ ТОО, сум, жилээр",t,https://data.1212.mn/api/v1/mn/NSO/Education%2C%20health/Main%20indicators%20for%20Health%20sector/DT_NSO_2100_005V2.px
FOUND_OR_TABLE,"NSO / Боловсрол, эрүүл мэнд / Эрүүл мэндийн үндсэн үзүүлэлт",DT_NSO_2100_005V3.px,"ЭМНЭЛГИЙН ОР, төрөл, аймаг, нийслэл, жилээр",t,https://data.1212.mn/api/v1/mn/NSO/Education%2C%20health/Main%20indicators%20for%20Health%20sector/DT_NSO_2100_005V3.px
FOUND_OR_TABLE,"NSO / Боловсрол, эрүүл мэнд / Эрүүл мэндийн үндсэн үзүүлэлт",DT_NSO_2100_006V1.px,"ИХ ЭМЧИЙН ТОО, аймаг, нийслэл, жилээр",t,https://data.1212.mn/api/v1/mn/NSO/Education%2C%20health/Main%20indicators%20for%20Health%20sector/DT_NSO_2100_006V1.px
FOUND_OR_TABLE,"NSO / Боловсрол, эрүүл мэнд / Эрүүл мэндийн үндсэн үзүүлэлт",DT_NSO_2100_006V2.px,"ИХ ЭМЧИЙН ТОО, сум, жилээр",t,https://data.1212.mn/api/v1/mn/NSO/Education%2C%20health/Main%20indicators%20for%20Health%20sector/DT_NSO_2100_006V2.px
FOUND_OR_TABLE,"NSO / Боловсрол, эрүүл мэнд / Эрүүл мэндийн үндсэн үзүүлэлт",DT_NSO_2100_007V1.px,"ЭМ ЗҮЙЧДИЙН ТОО, аймаг, нийслэл, жилээр",t,https://data.1212.mn/api/v1/mn/NSO/Education%2C%20health/Main%20indicators%20for%20Health%20sector/DT_NSO_2100_007V1.px
FOUND_OR_TABLE,"NSO / Боловсрол, эрүүл мэнд / Эрүүл мэндийн үндсэн үзүүлэлт",DT_NSO_2100_008V2.px,"ТАЙЛАН ИРҮҮЛСЭН ЭРҮҮЛ МЭНДИЙН БАЙГУУЛЛАГЫН ТОО, сум, жилээр",t,https://data.1212.mn/api/v1/mn/NSO/Education%2C%20health/Main%20indicators%20for%20Health%20sector/DT_NSO_2100_008V2.px
FOUND_OR_TABLE,"NSO / Боловсрол, эрүүл мэнд / Эрүүл мэндийн үндсэн үзүүлэлт",DT_NSO_2100_009V1.px,"НЭГ ИХ ЭМЧИД НОГДОХ ХҮНИЙ ТОО, аймаг, нийслэл, жилээр",t,https://data.1212.mn/api/v1/mn/NSO/Education%2C%20health/Main%20indicators%20for%20Health%20sector/DT_NSO_2100_009V1.px
FOUND_OR_TABLE,"NSO / Боловсрол, эрүүл мэнд / Эрүүл мэндийн үндсэн үзүүлэлт",DT_NSO_2100_010V1.px,"НЭГ СУВИЛАГЧИД НОГДОХ ХҮНИЙ ТОО, аймаг, нийслэл, жилээр",t,https://data.1212.mn/api/v1/mn/NSO/Education%2C%20health/Main%20indicators%20for%20Health%20sector/DT_NSO_2100_010V1.px
FOUND_OR_TABLE,"NSO / Боловсрол, эрүүл мэнд / Эрүүл мэндийн үндсэн үзүүлэлт",DT_NSO_2100_010V3.px,"СУВИЛАГЧ, мэргэжил, аймаг, нийслэл, жилээр",t,https://data.1212.mn/api/v1/mn/NSO/Education%2C%20health/Main%20indicators%20for%20Health%20sector/DT_NSO_2100_010V3.px
FOUND_OR_TABLE,"NSO / Боловсрол, эрүүл мэнд / Эрүүл мэндийн үндсэн үзүүлэлт",DT_NSO_2100_026V1.px,"ЭМНЭЛГИЙН ТУСГАЙ МЭРГЭЖИЛТЭН, мэргэжил, сум, жилээр",t,https://data.1212.mn/api/v1/mn/NSO/Education%2C%20health/Main%20indicators%20for%20Health%20sector/DT_NSO_2100_026V1.px
FOUND_OR_TABLE,"NSO / Боловсрол, эрүүл мэнд / Эрүүл мэндийн үндсэн үзүүлэлт",DT_NSO_2100_030V1.px,"ЭРҮҮЛ МЭНДИЙН САЛБАРЫН ЗАРДАЛ, жилээр",t,https://data.1212.mn/api/v1/mn/NSO/Education%2C%20health/Main%20indicators%20for%20Health%20sector/DT_NSO_2100_030V1.px
FOUND_OR_TABLE,"NSO / Боловсрол, эрүүл мэнд / Эрүүл мэндийн үндсэн үзүүлэлт",DT_NSO_2100_032V1.px,"НЭГ ХҮРТЭЛХ НАСНЫ ХҮҮХДИЙН ӨРГӨН ДАРХЛААЖУУЛАЛТАД ХАМРАГДАЛТ, төрөл, аймаг, нийслэл, жилээр",t,https://data.1212.mn/api/v1/mn/NSO/Education%2C%20health/Main%20indicators%20for%20Health%20sector/DT_NSO_2100_032V1.px
FOUND_OR_TABLE,"NSO / Боловсрол, эрүүл мэнд / Эрүүл мэндийн үндсэн үзүүлэлт",DT_NSO_2100_033V1.px,"ЭРҮҮЛ МЭНДИЙН ДААТГАЛЫН САНГИЙН ОРЛОГО, ЭМДС-ЫН ТУСЛАМЖ ҮЙЛЧИЛГЭЭНИЙ ЗАРДАЛ, төрөл, сараар (өссөн дүн)",t,https://data.1212.mn/api/v1/mn/NSO/Education%2C%20health/Main%20indicators%20for%20Health%20sector/DT_NSO_2100_033V1.px
FOUND_OR_TABLE,"NSO / Боловсрол, эрүүл мэнд / Эрүүл мэндийн үндсэн үзүүлэлт",DT_NSO_2100_042V1.px,"ЭРҮҮЛ МЭНДИЙН CАЛБАРЫН УДИРДАХ АЖИЛТАН, сум, жилээр",t,https://data.1212.mn/api/v1/mn/NSO/Education%2C%20health/Main%20indicators%20for%20Health%20sector/DT_NSO_2100_042V1.px
FOUND_OR_TABLE,"NSO / Боловсрол, эрүүл мэнд / Эрүүл мэндийн үндсэн үзүүлэлт",DT_NSO_2100_043V1.px,"ЭМ ЗҮЙЧИЙН ТОО, сум, жилээр",t,https://data.1212.mn/api/v1/mn/NSO/Education%2C%20health/Main%20indicators%20for%20Health%20sector/DT_NSO_2100_043V1.px
FOUND_OR_TABLE,"NSO / Боловсрол, эрүүл мэнд / Эрүүл мэндийн үндсэн үзүүлэлт","NUMBER OF INPATIENTS, by region","ЭМНЭЛЭГТ ХЭВТЭН ЭМЧЛҮҮЛЭГЧИД, бүс, аймаг, нийслэлээр",l,https://data.1212.mn/api/v1/mn/NSO/Education%2C%20health/Main%20indicators%20for%20Health%20sector/NUMBER%20OF%20INPATIENTS%2C%20by%20region
FOUND_OR_TABLE,"NSO / Боловсрол, эрүүл мэнд / Эрүүл мэндийн үндсэн үзүүлэлт / ЭМНЭЛЭГТ ХЭВТЭН ЭМЧЛҮҮЛЭГЧИД, бүс, аймаг, нийслэлээр",DT_NSO_2100_004V1.px,"ЭМНЭЛЭГТ ХЭВТЭЖ ЭМЧЛҮҮЛСЭН ӨВЧТӨНИЙ ТОО, аймаг, нийслэл, жилээр",t,https://data.1212.mn/api/v1/mn/NSO/Education%2C%20health/Main%20indicators%20for%20Health%20sector/NUMBER%20OF%20INPATIENTS%2C%20by%20region/DT_NSO_2100_004V1.px
FOUND_OR_TABLE,"NSO / Боловсрол, эрүүл мэнд / Эрүүл мэндийн үндсэн үзүүлэлт / ЭМНЭЛЭГТ ХЭВТЭН ЭМЧЛҮҮЛЭГЧИД, бүс, аймаг, нийслэлээр",DT_NSO_2100_004V4.px,"ЭМНЭЛЭГТ ХЭВТЭН ЭМЧЛҮҮЛЭГЧИД, аймаг, нийслэл, сараар",t,https://data.1212.mn/api/v1/mn/NSO/Education%2C%20health/Main%20indicators%20for%20Health%20sector/NUMBER%20OF%20INPATIENTS%2C%20by%20region/DT_NSO_2100_004V4.px
FOUND_OR_TABLE,"NSO / Бүсчилсэн хөгжлийн үзүүлэлтүүд / Territory ,administrative units",DT_NSO_0100_001V1.px,"МОНГОЛ УЛСЫН ЗАСАГ ЗАХИРГАА, НУТАГ ДЭВСГЭРИЙН НЭГЖ, бүс, аймаг, нийслэл, жилээр",t,https://data.1212.mn/api/v1/mn/NSO/Regional%20development/Territory%20%2Cadministrative%20units/DT_NSO_0100_001V1.px
FOUND_OR_TABLE,NSO / Бүсчилсэн хөгжлийн үзүүлэлтүүд / Барилга,1.DT_NSO_0902_002V1.px,"БАРИЛГА УГСРАЛТ, ИХ ЗАСВАРЫН АЖИЛ, барилгын төрөл, аймаг, нийслэл, улирлаар (өссөн дүн)",t,https://data.1212.mn/api/v1/mn/NSO/Regional%20development/Construction/1.DT_NSO_0902_002V1.px
FOUND_OR_TABLE,NSO / Бүсчилсэн хөгжлийн үзүүлэлтүүд / Барилга,2.DT_NSO_0902_008V1.px,"ДОТООДЫН БАРИЛГЫН БАЙГУУЛЛАГЫН ГҮЙЦЭТГЭСЭН БАРИЛГА УГСРАЛТ, ИХ ЗАСВАРЫН АЖИЛ, сум, дүүргээр, улирлаар",t,https://data.1212.mn/api/v1/mn/NSO/Regional%20development/Construction/2.DT_NSO_0902_008V1.px
FOUND_OR_TABLE,NSO / Бүсчилсэн хөгжлийн үзүүлэлтүүд / Барилга,3.DT_NSO_0902_009V1.px,"АШИГЛАЛТАД ОРУУЛСАН ҮНДСЭН ФОНД, барилгын төрөл, аймаг, нийслэл, жилээр",t,https://data.1212.mn/api/v1/mn/NSO/Regional%20development/Construction/3.DT_NSO_0902_009V1.px
FOUND_OR_TABLE,NSO / Бүсчилсэн хөгжлийн үзүүлэлтүүд / Барилга,DT_NSO_0902_002V1.px,"БАРИЛГА УГСРАЛТ, ИХ ЗАСВАРЫН АЖИЛ, барилгын төрөл, аймаг, нийслэл, улирлаар (өссөн дүн)",t,https://data.1212.mn/api/v1/mn/NSO/Regional%20development/Construction/DT_NSO_0902_002V1.px
FOUND_OR_TABLE,"NSO / Бүсчилсэн хөгжлийн үзүүлэлтүүд / Боловсрол, Шинжлэх ухаан, оюуны өмч",DT_NSO_2001_001V1.px,"ЕРӨНХИЙ БОЛОВСРОЛЫН СУРГУУЛИЙН ҮНДСЭН БАГШ, аймаг, нийслэл, жилээр",t,https://data.1212.mn/api/v1/mn/NSO/Regional%20development/Education%2C%20Science%2C%20and%20Intellectual%20Property/DT_NSO_2001_001V1.px
FOUND_OR_TABLE,"NSO / Бүсчилсэн хөгжлийн үзүүлэлтүүд / Боловсрол, Шинжлэх ухаан, оюуны өмч",DT_NSO_2001_001V2.px,"ЕРӨНХИЙ БОЛОВСРОЛЫН СУРГУУЛИЙН ҮНДСЭН БАГШ, сум, дүүрэг, жилээр",t,https://data.1212.mn/api/v1/mn/NSO/Regional%20development/Education%2C%20Science%2C%20and%20Intellectual%20Property/DT_NSO_2001_001V2.px
FOUND_OR_TABLE,"NSO / Бүсчилсэн хөгжлийн үзүүлэлтүүд / Боловсрол, Шинжлэх ухаан, оюуны өмч",DT_NSO_2001_002V1.px,"ЕРӨНХИЙ БОЛОВСРОЛЫН СУРГУУЛИЙН ТОО, аймаг, нийслэл, жилээр",t,https://data.1212.mn/api/v1/mn/NSO/Regional%20development/Education%2C%20Science%2C%20and%20Intellectual%20Property/DT_NSO_2001_002V1.px
FOUND_OR_TABLE,"NSO / Бүсчилсэн хөгжлийн үзүүлэлтүүд / Боловсрол, Шинжлэх ухаан, оюуны өмч",DT_NSO_2001_002V2.px,"ЕРӨНХИЙ БОЛОВСРОЛЫН СУРГУУЛИЙН ТОО, сум, дүүрэг, жилээр",t,https://data.1212.mn/api/v1/mn/NSO/Regional%20development/Education%2C%20Science%2C%20and%20Intellectual%20Property/DT_NSO_2001_002V2.px
FOUND_OR_TABLE,"NSO / Бүсчилсэн хөгжлийн үзүүлэлтүүд / Боловсрол, Шинжлэх ухаан, оюуны өмч",DT_NSO_2001_004V1.px,"ЕРӨНХИЙ БОЛОВСРОЛЫН СУРГУУЛЬД ӨДРӨӨР СУРАЛЦАГЧДЫН ТОО, аймаг, нийслэл, жилээр",t,https://data.1212.mn/api/v1/mn/NSO/Regional%20development/Education%2C%20Science%2C%20and%20Intellectual%20Property/DT_NSO_2001_004V1.px
FOUND_OR_TABLE,"NSO / Бүсчилсэн хөгжлийн үзүүлэлтүүд / Боловсрол, Шинжлэх ухаан, оюуны өмч",DT_NSO_2001_006V1.px,"ТЕХНИКИЙН БОЛОН МЭРГЭЖЛИЙН БОЛОВСРОЛЫН СУРГАЛТЫН БАЙГУУЛЛАГАД СУРАЛЦАГЧИД, хүйс, аймаг, нийслэл, жилээр",t,https://data.1212.mn/api/v1/mn/NSO/Regional%20development/Education%2C%20Science%2C%20and%20Intellectual%20Property/DT_NSO_2001_006V1.px
FOUND_OR_TABLE,"NSO / Бүсчилсэн хөгжлийн үзүүлэлтүүд / Боловсрол, Шинжлэх ухаан, оюуны өмч",DT_NSO_2001_008V2.px,"ТЕХНИКИЙН БОЛОН МЭРГЭЖЛИЙН БОЛОВСРОЛЫН СУРГАЛТЫН БАЙГУУЛЛАГЫН АЖИЛЛАГЧИД БОЛОН ҮНДСЭН БАГШ, аймаг, нийслэл, жилээр",t,https://data.1212.mn/api/v1/mn/NSO/Regional%20development/Education%2C%20Science%2C%20and%20Intellectual%20Property/DT_NSO_2001_008V2.px
FOUND_OR_TABLE,"NSO / Бүсчилсэн хөгжлийн үзүүлэлтүүд / Боловсрол, Шинжлэх ухаан, оюуны өмч",DT_NSO_2001_010V1.px,"СУРГУУЛИЙН ӨМНӨХ БОЛОВСРОЛЫН БАЙГУУЛЛАГЫН ҮНДСЭН БАГШИЙН ТОО, аймаг, нийслэл, жилээр",t,https://data.1212.mn/api/v1/mn/NSO/Regional%20development/Education%2C%20Science%2C%20and%20Intellectual%20Property/DT_NSO_2001_010V1.px
FOUND_OR_TABLE,"NSO / Бүсчилсэн хөгжлийн үзүүлэлтүүд / Боловсрол, Шинжлэх ухаан, оюуны өмч",DT_NSO_2001_010V2.px,"СУРГУУЛИЙН ӨМНӨХ БОЛОВСРОЛЫН БАЙГУУЛЛАГЫН АЖИЛЛАГЧИД, хүйс, аймаг, нийслэл, жилээр",t,https://data.1212.mn/api/v1/mn/NSO/Regional%20development/Education%2C%20Science%2C%20and%20Intellectual%20Property/DT_NSO_2001_010V2.px
FOUND_OR_TABLE,"NSO / Бүсчилсэн хөгжлийн үзүүлэлтүүд / Боловсрол, Шинжлэх ухаан, оюуны өмч",DT_NSO_2001_011V1.px,"ЦЭЦЭРЛЭГИЙН ТОО, аймаг, нийслэл, жилээр",t,https://data.1212.mn/api/v1/mn/NSO/Regional%20development/Education%2C%20Science%2C%20and%20Intellectual%20Property/DT_NSO_2001_011V1.px
FOUND_OR_TABLE,"NSO / Бүсчилсэн хөгжлийн үзүүлэлтүүд / Боловсрол, Шинжлэх ухаан, оюуны өмч",DT_NSO_2001_011V3.px,"ЦЭЦЭРЛЭГИЙН ТОО, сум, дүүрэг, жилээр",t,https://data.1212.mn/api/v1/mn/NSO/Regional%20development/Education%2C%20Science%2C%20and%20Intellectual%20Property/DT_NSO_2001_011V3.px
FOUND_OR_TABLE,"NSO / Бүсчилсэн хөгжлийн үзүүлэлтүүд / Боловсрол, Шинжлэх ухаан, оюуны өмч",DT_NSO_2001_012V1.px,"ХАМРАН СУРГАЛТЫН БОХИР ЖИН, хүйс, анги, аймаг, нийслэл, жилээр",t,https://data.1212.mn/api/v1/mn/NSO/Regional%20development/Education%2C%20Science%2C%20and%20Intellectual%20Property/DT_NSO_2001_012V1.px
FOUND_OR_TABLE,"NSO / Бүсчилсэн хөгжлийн үзүүлэлтүүд / Боловсрол, Шинжлэх ухаан, оюуны өмч",DT_NSO_2001_013V1.px,"ТЕХНИКИЙН БОЛОН МЭРГЭЖЛИЙН БОЛОВСРОЛЫН СУРГАЛТЫН БАЙГУУЛЛАГАД СУРАЛЦАГЧИД, хүйс, аймаг, нийслэл, жилээр",t,https://data.1212.mn/api/v1/mn/NSO/Regional%20development/Education%2C%20Science%2C%20and%20Intellectual%20Property/DT_NSO_2001_013V1.px
FOUND_OR_TABLE,"NSO / Бүсчилсэн хөгжлийн үзүүлэлтүүд / Боловсрол, Шинжлэх ухаан, оюуны өмч",DT_NSO_2001_019V1.px,"ЕРӨНХИЙ БОЛОВСРОЛЫН СУРГУУЛИЙН СУРАЛЦАГЧДААС ДОТУУР БАЙРАНД СУУХ ХҮСЭЛТ ГАРГАСАН ХҮҮХЭД, аймаг, нийслэл, жилээр",t,https://data.1212.mn/api/v1/mn/NSO/Regional%20development/Education%2C%20Science%2C%20and%20Intellectual%20Property/DT_NSO_2001_019V1.px
FOUND_OR_TABLE,"NSO / Бүсчилсэн хөгжлийн үзүүлэлтүүд / Боловсрол, Шинжлэх ухаан, оюуны өмч",DT_NSO_2001_020V1.px,"ЕРӨНХИЙ БОЛОВСРОЛЫН СУРГУУЛИЙН СУРАЛЦАГЧДААС ДОТУУР БАЙРАНД АМЬДАРЧ БУЙ ХҮҮХЭД, аймаг, нийслэл, жилээр",t,https://data.1212.mn/api/v1/mn/NSO/Regional%20development/Education%2C%20Science%2C%20and%20Intellectual%20Property/DT_NSO_2001_020V1.px
FOUND_OR_TABLE,"NSO / Бүсчилсэн хөгжлийн үзүүлэлтүүд / Боловсрол, Шинжлэх ухаан, оюуны өмч",DT_NSO_2001_023V2.px,"ТЕХНИКИЙН БОЛОН МЭРГЭЖЛИЙН БОЛОВСРОЛ, СУРГАЛТЫН БАЙГУУЛЛАГЫГ ТӨГСӨГЧИД, сургалтын чиглэл, аймаг, нийслэл, жилээр",t,https://data.1212.mn/api/v1/mn/NSO/Regional%20development/Education%2C%20Science%2C%20and%20Intellectual%20Property/DT_NSO_2001_023V2.px
FOUND_OR_TABLE,"NSO / Бүсчилсэн хөгжлийн үзүүлэлтүүд / Боловсрол, Шинжлэх ухаан, оюуны өмч",DT_NSO_2002_014V1.px,"ЕБС-ИЙН НЭГДҮГЭЭР АНГИД ШИНЭЭР ЭЛСЭГЧДИЙН ТОО, сум, дүүрэг, жилээр",t,https://data.1212.mn/api/v1/mn/NSO/Regional%20development/Education%2C%20Science%2C%20and%20Intellectual%20Property/DT_NSO_2002_014V1.px
FOUND_OR_TABLE,"NSO / Бүсчилсэн хөгжлийн үзүүлэлтүүд / Боловсрол, Шинжлэх ухаан, оюуны өмч",DT_NSO_2002_026V1.px,"СУРГУУЛИЙН ӨМНӨХ БАЙГУУЛЛАГЫН АЖИЛЛАГЧДЫН ТОО, сум, дүүрэг, жилээр",t,https://data.1212.mn/api/v1/mn/NSO/Regional%20development/Education%2C%20Science%2C%20and%20Intellectual%20Property/DT_NSO_2002_026V1.px
FOUND_OR_TABLE,"NSO / Бүсчилсэн хөгжлийн үзүүлэлтүүд / Боловсрол, Шинжлэх ухаан, оюуны өмч",DT_NSO_2002_056V1.px,"ЭЛСЭЛТИЙН ЕРӨНХИЙ ШАЛГАЛТЫН ДҮН (ХЭМЖЭЭСТ ОНОО), хүйс, аймаг, нийслэл, жилээр",t,https://data.1212.mn/api/v1/mn/NSO/Regional%20development/Education%2C%20Science%2C%20and%20Intellectual%20Property/DT_NSO_2002_056V1.px
FOUND_OR_TABLE,"NSO / Бүсчилсэн хөгжлийн үзүүлэлтүүд / Боловсрол, Шинжлэх ухаан, оюуны өмч",DT_NSO_2002_057V1.px,"ЕРӨНХИЙ БОЛОВСРОЛЫН СУРГУУЛИЙГ ӨДРӨӨР СУРАЛЦАН ТӨГСӨГЧИД, анги, аймаг, нийслэл, жилээр",t,https://data.1212.mn/api/v1/mn/NSO/Regional%20development/Education%2C%20Science%2C%20and%20Intellectual%20Property/DT_NSO_2002_057V1.px
FOUND_OR_TABLE,"NSO / Бүсчилсэн хөгжлийн үзүүлэлтүүд / Боловсрол, Шинжлэх ухаан, оюуны өмч",DT_NSO_2002_057V2.px,"ЕРӨНХИЙ БОЛОВСРОЛЫН СУРГУУЛЬД ӨДРӨӨР СУРАЛЦАГЧДЫН ТОО, сум, дүүрэг, жилээр",t,https://data.1212.mn/api/v1/mn/NSO/Regional%20development/Education%2C%20Science%2C%20and%20Intellectual%20Property/DT_NSO_2002_057V2.px
FOUND_OR_TABLE,"NSO / Бүсчилсэн хөгжлийн үзүүлэлтүүд / Боловсрол, Шинжлэх ухаан, оюуны өмч",DT_NSO_2002_057V3.px,"ЕРӨНХИЙ БОЛОВСРОЛЫН СУРГУУЛИЙГ ӨДРӨӨР СУРАЛЦАН ТӨГСӨГЧИД, сум, дүүрэг, жилээр",t,https://data.1212.mn/api/v1/mn/NSO/Regional%20development/Education%2C%20Science%2C%20and%20Intellectual%20Property/DT_NSO_2002_057V3.px
FOUND_OR_TABLE,"NSO / Бүсчилсэн хөгжлийн үзүүлэлтүүд / Боловсрол, Шинжлэх ухаан, оюуны өмч",DT_NSO_2002_058V1.px,"ЕРӨНХИЙ БОЛОВСРОЛЫН СУРГУУЛЬД СУРАЛЦДАГ ХӨГЖЛИЙН БЭРХШЭЭЛТЭЙ СУРАЛЦАГЧИД, аймаг, нийслэл, жилээр",t,https://data.1212.mn/api/v1/mn/NSO/Regional%20development/Education%2C%20Science%2C%20and%20Intellectual%20Property/DT_NSO_2002_058V1.px
FOUND_OR_TABLE,"NSO / Бүсчилсэн хөгжлийн үзүүлэлтүүд / Боловсрол, Шинжлэх ухаан, оюуны өмч",DT_NSO_2002_058V2.px,"СУРГУУЛИЙН ӨМНӨХ БОЛОВСРОЛЫН БАЙГУУЛЛАГАД ХАМРАГДСАН ХӨГЖЛИЙН БЭРХШЭЭЛТЭЙ ХҮҮХЭД, хүйс, аймаг, нийслэл, жилээр",t,https://data.1212.mn/api/v1/mn/NSO/Regional%20development/Education%2C%20Science%2C%20and%20Intellectual%20Property/DT_NSO_2002_058V2.px
FOUND_OR_TABLE,"NSO / Бүсчилсэн хөгжлийн үзүүлэлтүүд / Боловсрол, Шинжлэх ухаан, оюуны өмч",DT_NSO_2002_058V4.px,"СУРГУУЛИЙН ӨМНӨХ БОЛОВСРОЛД ХАМРАГДСАН ХҮҮХЭД, сум, дүүрэг, жилээр",t,https://data.1212.mn/api/v1/mn/NSO/Regional%20development/Education%2C%20Science%2C%20and%20Intellectual%20Property/DT_NSO_2002_058V4.px
FOUND_OR_TABLE,NSO / Бүсчилсэн хөгжлийн үзүүлэлтүүд / Газар тариалан,DT_NSO_1001_033V1.px,"ТАРИАЛСАН ТАЛБАЙ, ургамлын төрөл, сум, дүүрэг, жилээр",t,https://data.1212.mn/api/v1/mn/NSO/Regional%20development/Agriculture/DT_NSO_1001_033V1.px
FOUND_OR_TABLE,NSO / Бүсчилсэн хөгжлийн үзүүлэлтүүд / Газар тариалан,DT_NSO_1001_036V2.px,"ХУРААСАН УРГАЦ, ургамлын төрөл, сум, дүүрэг, жилээр",t,https://data.1212.mn/api/v1/mn/NSO/Regional%20development/Agriculture/DT_NSO_1001_036V2.px
FOUND_OR_TABLE,NSO / Бүсчилсэн хөгжлийн үзүүлэлтүүд / Газар тариалан,DT_NSO_1002_001V3.px,"ТАРИАЛАН ЭРХЭЛДЭГ ӨРХИЙН ТОО, аймаг, нийслэл, жилээр",t,https://data.1212.mn/api/v1/mn/NSO/Regional%20development/Agriculture/DT_NSO_1002_001V3.px
FOUND_OR_TABLE,NSO / Бүсчилсэн хөгжлийн үзүүлэлтүүд / Газар тариалан,DT_NSO_1002_014V1.px,"ТАРИАЛАН ЭРХЭЛДЭГ АЖ АХУЙН НЭГЖ, БАЙГУУЛЛАГЫН ТОО, аймаг, нийслэл, жилээр",t,https://data.1212.mn/api/v1/mn/NSO/Regional%20development/Agriculture/DT_NSO_1002_014V1.px
FOUND_OR_TABLE,NSO / Бүсчилсэн хөгжлийн үзүүлэлтүүд / Жижиг дунд үйлдвэрлэл,DT_NSO_0500_001V9.px,"ДНБ-Д ЖИЖИГ, ДУНД ҮЙЛДВЭР, ҮЙЛЧИЛГЭЭ ЭРХЛЭГЧДИЙН НЭМЭГДЭЛ ӨРТГИЙН ЭЗЛЭХ ХУВЬ, аймаг, нийслэл, жилээр",t,https://data.1212.mn/api/v1/mn/NSO/Regional%20development/SMEs/DT_NSO_0500_001V9.px
FOUND_OR_TABLE,NSO / Бүсчилсэн хөгжлийн үзүүлэлтүүд / Жижиг дунд үйлдвэрлэл,DT_NSO_BR_01V11_1.px,"ЖИЖИГ, ДУНД ҮЙЛДВЭР, ҮЙЛЧИЛГЭЭ ЭРХЛЭГЧ ХУУЛИЙН ЭТГЭЭД, аймаг, нийслэл, жилээр",t,https://data.1212.mn/api/v1/mn/NSO/Regional%20development/SMEs/DT_NSO_BR_01V11_1.px
FOUND_OR_TABLE,NSO / Бүсчилсэн хөгжлийн үзүүлэлтүүд,Livestock,Мал аж ахуй,l,https://data.1212.mn/api/v1/mn/NSO/Regional%20development/Livestock
FOUND_OR_TABLE,NSO / Бүсчилсэн хөгжлийн үзүүлэлтүүд / Мал аж ахуй,DT_NSO_1001_108V1.px,"БОЙЖУУЛСАН ТӨЛ, малын төрөл, аймаг, нийслэл, жилээр",t,https://data.1212.mn/api/v1/mn/NSO/Regional%20development/Livestock/DT_NSO_1001_108V1.px
FOUND_OR_TABLE,NSO / Бүсчилсэн хөгжлийн үзүүлэлтүүд / Мал аж ахуй,DT_NSO_1001_109V1.px,"МАЛЫН ТОО, малын төрөл, аймаг, нийслэл, жилээр",t,https://data.1212.mn/api/v1/mn/NSO/Regional%20development/Livestock/DT_NSO_1001_109V1.px
FOUND_OR_TABLE,NSO / Бүсчилсэн хөгжлийн үзүүлэлтүүд / Мал аж ахуй,DT_NSO_1001_110V2.px,"МАЛЧДЫН ТОО, баг, хороо, жилээр",t,https://data.1212.mn/api/v1/mn/NSO/Regional%20development/Livestock/DT_NSO_1001_110V2.px
FOUND_OR_TABLE,NSO / Бүсчилсэн хөгжлийн үзүүлэлтүүд / Мал аж ахуй,DT_NSO_1001_120V1.px,"ӨВЧНӨӨР ХОРОГДСОН МАЛЫН ТОО, малын төрөл, баг, хороо, жилээр",t,https://data.1212.mn/api/v1/mn/NSO/Regional%20development/Livestock/DT_NSO_1001_120V1.px
FOUND_OR_TABLE,NSO / Бүсчилсэн хөгжлийн үзүүлэлтүүд / Мал аж ахуй,DT_NSO_1001_120V2.px,"МАЛЧИН ӨРХИЙН ТОО, аймаг, нийслэл, жилээр",t,https://data.1212.mn/api/v1/mn/NSO/Regional%20development/Livestock/DT_NSO_1001_120V2.px
FOUND_OR_TABLE,NSO / Бүсчилсэн хөгжлийн үзүүлэлтүүд / Мал аж ахуй,DT_NSO_1001_130V2.px,"МАЛТАЙ ӨРХИЙН ТОО, аймаг, нийслэл, жилээр",t,https://data.1212.mn/api/v1/mn/NSO/Regional%20development/Livestock/DT_NSO_1001_130V2.px
FOUND_OR_TABLE,NSO / Бүсчилсэн хөгжлийн үзүүлэлтүүд / Мал аж ахуй,DT_NSO_1001_131V1.px,"САРЛАГИЙН ТОО, баг, хороо, жилээр",t,https://data.1212.mn/api/v1/mn/NSO/Regional%20development/Livestock/DT_NSO_1001_131V1.px
FOUND_OR_TABLE,NSO / Бүсчилсэн хөгжлийн үзүүлэлтүүд / Мал аж ахуй,DT_NSO_1001_132V1.px,"ТЭЖЭЭВЭР АМЬТДЫН ТОО, төрөл, аймаг, нийслэл, жилээр",t,https://data.1212.mn/api/v1/mn/NSO/Regional%20development/Livestock/DT_NSO_1001_132V1.px
FOUND_OR_TABLE,NSO / Бүсчилсэн хөгжлийн үзүүлэлтүүд / Мал аж ахуй,DT_NSO_1001_133V1.px,"ХЭЭЛ ХАЯСАН ХЭЭЛТЭГЧ МАЛЫН ТОО, малын төрөл, аймаг, нийслэл, жилээр",t,https://data.1212.mn/api/v1/mn/NSO/Regional%20development/Livestock/DT_NSO_1001_133V1.px
FOUND_OR_TABLE,NSO / Бүсчилсэн хөгжлийн үзүүлэлтүүд / Мал аж ахуй,DT_NSO_1001_134V1.px,"СУВАЙРСАН ХЭЭЛТЭГЧ МАЛЫН ТОО, малын төрөл, аймаг, нийслэл, жилээр",t,https://data.1212.mn/api/v1/mn/NSO/Regional%20development/Livestock/DT_NSO_1001_134V1.px
FOUND_OR_TABLE,NSO / Бүсчилсэн хөгжлийн үзүүлэлтүүд / Мал аж ахуй,DT_NSO_1001_135V1.px,"ХЭЭЛТЭГЧ МАЛЫН ТОО, малын төрөл, аймаг, нийслэл, жилээр",t,https://data.1212.mn/api/v1/mn/NSO/Regional%20development/Livestock/DT_NSO_1001_135V1.px
FOUND_OR_TABLE,NSO / Бүсчилсэн хөгжлийн үзүүлэлтүүд / Мал аж ахуй,DT_NSO_1001_136V1.px,"ТОМ МАЛЫН ЗҮЙ БУС ХОРОГДОЛ, малын төрөл, аймаг, нийслэл, жилээр",t,https://data.1212.mn/api/v1/mn/NSO/Regional%20development/Livestock/DT_NSO_1001_136V1.px
FOUND_OR_TABLE,"NSO / Бүсчилсэн хөгжлийн үзүүлэлтүүд / Мөнгө, санхүү",DT_NSO_0700_005V1.px,"ЗЭЭЛИЙН ӨРИЙН ҮЛДЭГДЭЛ, бүс, аймаг, нийслэлээр, жилээр",t,https://data.1212.mn/api/v1/mn/NSO/Regional%20development/Money%20and%20Finance/DT_NSO_0700_005V1.px
FOUND_OR_TABLE,"NSO / Бүсчилсэн хөгжлийн үзүүлэлтүүд / Мөнгө, санхүү",DT_NSO_0700_006V1.px,"ИРГЭДИЙН ХАДГАЛАМЖИЙН ҮЛДЭГДЭЛ, бүс, аймаг, нийслэлээр, жилээр",t,https://data.1212.mn/api/v1/mn/NSO/Regional%20development/Money%20and%20Finance/DT_NSO_0700_006V1.px
FOUND_OR_TABLE,"NSO / Бүсчилсэн хөгжлийн үзүүлэлтүүд / Мөнгө, санхүү",DT_NSO_0700_007V1.px,"ЧАНАРГҮЙ ЗЭЭЛИЙН ӨРИЙН ҮЛДЭГДЭЛ, бүс, аймаг, нийслэлээр, жилээр",t,https://data.1212.mn/api/v1/mn/NSO/Regional%20development/Money%20and%20Finance/DT_NSO_0700_007V1.px
FOUND_OR_TABLE,"NSO / Бүсчилсэн хөгжлийн үзүүлэлтүүд / Нутаг дэвсгэр, засаг захиргааны нэгж",DT_NSO_0100_001V1.px,"МОНГОЛ УЛСЫН ЗАСАГ ЗАХИРГАА, НУТАГ ДЭВСГЭРИЙН НЭГЖ, бүс, аймаг, нийслэл, жилээр",t,https://data.1212.mn/api/v1/mn/NSO/Regional%20development/Territory%2C%20administrative%20units/DT_NSO_0100_001V1.px
FOUND_OR_TABLE,"NSO / Бүсчилсэн хөгжлийн үзүүлэлтүүд / Соёл, аялал жуулчлал, биеийн тамир, спорт",DT_NSO_2002_001V1.px,"НИЙТИЙН НОМЫН САН, БАЙНГЫН УНШИГЧИД, НОМЫН ФОНДНЫ ТОО, аймаг, нийслэл, жилээр",t,https://data.1212.mn/api/v1/mn/NSO/Regional%20development/Culture%2C%20Tourism%2C%20Exercise%2C%20and%20Sports/DT_NSO_2002_001V1.px
FOUND_OR_TABLE,"NSO / Бүсчилсэн хөгжлийн үзүүлэлтүүд / Соёл, аялал жуулчлал, биеийн тамир, спорт",DT_NSO_2002_003V1.px,"СОЁЛЫН ТӨВ, АЖИЛЛАГЧДЫН ТОО, аймаг, нийслэл, жилээр",t,https://data.1212.mn/api/v1/mn/NSO/Regional%20development/Culture%2C%20Tourism%2C%20Exercise%2C%20and%20Sports/DT_NSO_2002_003V1.px
FOUND_OR_TABLE,"NSO / Бүсчилсэн хөгжлийн үзүүлэлтүүд / Соёл, аялал жуулчлал, биеийн тамир, спорт",DT_NSO_2002_004V1.px,"МУЗЕЙН ҮЗМЭР, ҮЗЭГЧДИЙН ТОО, аймаг, нийслэл, жилээр",t,https://data.1212.mn/api/v1/mn/NSO/Regional%20development/Culture%2C%20Tourism%2C%20Exercise%2C%20and%20Sports/DT_NSO_2002_004V1.px
FOUND_OR_TABLE,"NSO / Бүсчилсэн хөгжлийн үзүүлэлтүүд / Соёл, аялал жуулчлал, биеийн тамир, спорт",DT_NSO_2002_005V1.px,"МЭРГЭЖЛИЙН УРЛАГИЙН БАЙГУУЛЛАГЫН ТОГЛОЛТ, ҮЗЭГЧДИЙН ТОО, аймаг, нийслэл, жилээр",t,https://data.1212.mn/api/v1/mn/NSO/Regional%20development/Culture%2C%20Tourism%2C%20Exercise%2C%20and%20Sports/DT_NSO_2002_005V1.px
FOUND_OR_TABLE,"NSO / Бүсчилсэн хөгжлийн үзүүлэлтүүд / Соёл, аялал жуулчлал, биеийн тамир, спорт",DT_NSO_2002_008V1.px,"НИЙТИЙН НОМЫН САНГИЙН СУУДЛЫН ТОО, аймаг, нийслэл, жилээр",t,https://data.1212.mn/api/v1/mn/NSO/Regional%20development/Culture%2C%20Tourism%2C%20Exercise%2C%20and%20Sports/DT_NSO_2002_008V1.px
FOUND_OR_TABLE,"NSO / Бүсчилсэн хөгжлийн үзүүлэлтүүд / Соёл, аялал жуулчлал, биеийн тамир, спорт",DT_NSO_2002_009V1.px,"СОЁЛЫН ТӨВИЙН СУУДЛЫН ТОО, аймаг, нийслэл, жилээр",t,https://data.1212.mn/api/v1/mn/NSO/Regional%20development/Culture%2C%20Tourism%2C%20Exercise%2C%20and%20Sports/DT_NSO_2002_009V1.px
FOUND_OR_TABLE,NSO / Бүсчилсэн хөгжлийн үзүүлэлтүүд / Сонгууль,DT_NSO_0100_001D1.px,"ИРГЭДИЙН ТӨЛӨӨЛӨГЧДИЙН ХУРЛЫН ТӨЛӨӨЛӨГЧИД, хүйс, насны бүлэг, аймаг, нийслэл, жилээр",t,https://data.1212.mn/api/v1/mn/NSO/Regional%20development/Election/DT_NSO_0100_001D1.px
FOUND_OR_TABLE,NSO / Бүсчилсэн хөгжлийн үзүүлэлтүүд / Сонгууль,DT_NSO_0100_001D2.px,"ИРГЭДИЙН ТӨЛӨӨЛӨГЧДИЙН ХУРЛЫН ТӨЛӨӨЛӨГЧИД, хүйс, насны бүлэг, сум, дүүрэг, жилээр",t,https://data.1212.mn/api/v1/mn/NSO/Regional%20development/Election/DT_NSO_0100_001D2.px
FOUND_OR_TABLE,NSO / Бүсчилсэн хөгжлийн үзүүлэлтүүд / Сонгууль,DT_NSO_0400_081V7.px,"ИРГЭДИЙН ТӨЛӨӨЛӨГЧДИЙН ХУРЛЫН ТӨЛӨӨЛӨГЧИД, хүйс, насны бүлэг, аймаг, нийслэл, жилээр (2020-2021)",t,https://data.1212.mn/api/v1/mn/NSO/Regional%20development/Election/DT_NSO_0400_081V7.px
FOUND_OR_TABLE,NSO / Бүсчилсэн хөгжлийн үзүүлэлтүүд / Сонгууль,DT_NSO_0400_081V8.px,"ИРГЭДИЙН ТӨЛӨӨЛӨГЧДИЙН ХУРЛЫН ТӨЛӨӨЛӨГЧДИЙН ТОО, хүйс, насны бүлэг, сум, дүүрэг, жилээр (2020-2021)",t,https://data.1212.mn/api/v1/mn/NSO/Regional%20development/Election/DT_NSO_0400_081V8.px
FOUND_OR_TABLE,NSO / Бүсчилсэн хөгжлийн үзүүлэлтүүд / Статистикийн бизнес регистр,DT_NSO_2600_001V5_2.px,"БИЗНЕС РЕГИСТРИЙН САНД БҮРТГЭЛТЭЙ ХОРШОО, ГИШҮҮД, сум, дүүрэг, жилээр",t,https://data.1212.mn/api/v1/mn/NSO/Regional%20development/Statistical%20business%20register/DT_NSO_2600_001V5_2.px
FOUND_OR_TABLE,NSO / Бүсчилсэн хөгжлийн үзүүлэлтүүд / Статистикийн бизнес регистр,DT_NSO_2600_001V5_3.px,"БИЗНЕС РЕГИСТРИЙН САНД БҮРТГЭЛТЭЙ ХОРШООНЫ ХУВЬ НИЙЛҮҮЛСЭН ХӨРӨНГИЙН ХЭМЖЭЭ, сум, дүүрэг, жилээр",t,https://data.1212.mn/api/v1/mn/NSO/Regional%20development/Statistical%20business%20register/DT_NSO_2600_001V5_3.px
FOUND_OR_TABLE,NSO / Бүсчилсэн хөгжлийн үзүүлэлтүүд / Статистикийн бизнес регистр,DT_NSO_2600_005V2_1.px,"ҮЙЛ АЖИЛЛАГАА ЯВУУЛЖ БАЙГАА ХУУЛИЙН ЭТГЭЭДИЙН ТОО, өмчийн хэлбэр, сум, дүүрэг, улирлаар",t,https://data.1212.mn/api/v1/mn/NSO/Regional%20development/Statistical%20business%20register/DT_NSO_2600_005V2_1.px
FOUND_OR_TABLE,NSO / Бүсчилсэн хөгжлийн үзүүлэлтүүд / Статистикийн бизнес регистр,DT_NSO_2600_010V2_1.px,"ҮЙЛ АЖИЛЛАГАА ЯВУУЛЖ БАЙГАА ХУУЛИЙН ЭТГЭЭДИЙН ТОО, ажиллагчдын тооны бүлэг, сум, дүүрэг, улирлаар",t,https://data.1212.mn/api/v1/mn/NSO/Regional%20development/Statistical%20business%20register/DT_NSO_2600_010V2_1.px
FOUND_OR_TABLE,NSO / Бүсчилсэн хөгжлийн үзүүлэлтүүд / Статистикийн бизнес регистр,DT_NSO_2600_011V1_1.px,"БИЗНЕС РЕГИСТРИЙН САНД БҮРТГЭЛТЭЙ ХУУЛИЙН ЭТГЭЭДИЙН ТОО, үйл ажиллагаа эрхлэлтийн байдал, сум, дүүрэг, улирлаар",t,https://data.1212.mn/api/v1/mn/NSO/Regional%20development/Statistical%20business%20register/DT_NSO_2600_011V1_1.px
FOUND_OR_TABLE,NSO / Бүсчилсэн хөгжлийн үзүүлэлтүүд / Статистикийн бизнес регистр,DT_NSO_2600_011V3_1.px,"ҮЙЛ АЖИЛЛАГАА ЯВУУЛЖ БАЙГАА ХУУЛИЙН ЭТГЭЭДИЙН ТОО, хариуцлагын хэлбэр, сум, дүүрэг, улирлаар",t,https://data.1212.mn/api/v1/mn/NSO/Regional%20development/Statistical%20business%20register/DT_NSO_2600_011V3_1.px
FOUND_OR_TABLE,NSO / Бүсчилсэн хөгжлийн үзүүлэлтүүд / Статистикийн бизнес регистр,DT_NSO_2600_017V1_1.px,"ҮЙЛ АЖИЛЛАГАА ЯВУУЛЖ БАЙГАА ХУУЛИЙН ЭТГЭЭДИЙН ТОО, эдийн засгийн үйл ажиллагаа салбар, сум, дүүрэг, улирлаар",t,https://data.1212.mn/api/v1/mn/NSO/Regional%20development/Statistical%20business%20register/DT_NSO_2600_017V1_1.px
FOUND_OR_TABLE,NSO / Бүсчилсэн хөгжлийн үзүүлэлтүүд / Сүм хийд,DT_NSO_2003_001V1.px,"СҮМ ХИЙДИЙН ТОО, шашны төрөл, аймаг, нийслэл, жилээр",t,https://data.1212.mn/api/v1/mn/NSO/Regional%20development/Monasteries%2C%20Temples%20and%20Churches/DT_NSO_2003_001V1.px
FOUND_OR_TABLE,NSO / Бүсчилсэн хөгжлийн үзүүлэлтүүд / Сүм хийд,DT_NSO_2003_002V1.px,"ХУРЛЫН ЛАМ НАРЫН ТОО, шашны төрөл, аймаг, нийслэл, жилээр",t,https://data.1212.mn/api/v1/mn/NSO/Regional%20development/Monasteries%2C%20Temples%20and%20Churches/DT_NSO_2003_002V1.px
FOUND_OR_TABLE,NSO / Бүсчилсэн хөгжлийн үзүүлэлтүүд / Сүм хийд,DT_NSO_2003_003V1.px,"ШАШНЫ СУРГУУЛЬ ДАЦАНД СУРАЛЦАГЧДЫН ТОО, шашны төрөл, аймаг, нийслэл, жилээр",t,https://data.1212.mn/api/v1/mn/NSO/Regional%20development/Monasteries%2C%20Temples%20and%20Churches/DT_NSO_2003_003V1.px
FOUND_OR_TABLE,"NSO / Бүсчилсэн хөгжлийн үзүүлэлтүүд / Тээвэр, холбоо",DT_NSO_1200_013V1.px,"ТЕХНИКИЙН ХЯНАЛТЫН ҮЗЛЭГТ ХАМРАГДСАН АВТО МАШИНЫ ТОО, төрөл, бүс, аймаг, нийслэл, сум, дүүрэг, жилээр",t,https://data.1212.mn/api/v1/mn/NSO/Regional%20development/Transportation/DT_NSO_1200_013V1.px
FOUND_OR_TABLE,"NSO / Бүсчилсэн хөгжлийн үзүүлэлтүүд / Тээвэр, холбоо",DT_NSO_1200_013V3.px,"БҮРТГЭЛТЭЙ ТЭЭВРИЙН ХЭРЭГСЛИЙН ТОО, төрөл, аймаг, нийслэл, жилээр",t,https://data.1212.mn/api/v1/mn/NSO/Regional%20development/Transportation/DT_NSO_1200_013V3.px
FOUND_OR_TABLE,"NSO / Бүсчилсэн хөгжлийн үзүүлэлтүүд / Тээвэр, холбоо",DT_NSO_1300_011V1_q.px,"КАБЕЛИЙН ТЕЛЕВИЗ ХЭРЭГЛЭГЧДИЙН ТОО, бүс, аймаг, нийслэлээр, улирлаар",t,https://data.1212.mn/api/v1/mn/NSO/Regional%20development/Transportation/DT_NSO_1300_011V1_q.px
FOUND_OR_TABLE,"NSO / Бүсчилсэн хөгжлийн үзүүлэлтүүд / Тээвэр, холбоо",DT_NSO_1300_012V1_q.px,"ИНТЕРНЭТ ХЭРЭГЛЭГЧ БА КОМПЬЮТЕРЫН ТОО, бүс, аймаг, нийслэлээр, улирлаар",t,https://data.1212.mn/api/v1/mn/NSO/Regional%20development/Transportation/DT_NSO_1300_012V1_q.px
FOUND_OR_TABLE,"NSO / Бүсчилсэн хөгжлийн үзүүлэлтүүд / Тээвэр, холбоо",DT_NSO_1300_013V1_q.px,"ХАРИЛЦАА ХОЛБООНЫ ҮЙЛЧИЛГЭЭНИЙ ҮНДСЭН ҮЗҮҮЛЭЛТ, бүс, аймаг, нийслэлээр, улирлаар",t,https://data.1212.mn/api/v1/mn/NSO/Regional%20development/Transportation/DT_NSO_1300_013V1_q.px
FOUND_OR_TABLE,"NSO / Бүсчилсэн хөгжлийн үзүүлэлтүүд / Тээвэр, холбоо",DT_NSO_1300_015V1_q.px,"МЭДЭЭЛЭЛ, ХАРИЛЦАА ХОЛБООНЫ САЛБАРЫН ОРЛОГО, үйл ажиллагааны төрлөөр, бүс, аймаг, нийслэлээр, улирлаар",t,https://data.1212.mn/api/v1/mn/NSO/Regional%20development/Transportation/DT_NSO_1300_015V1_q.px
FOUND_OR_TABLE,NSO / Бүсчилсэн хөгжлийн үзүүлэлтүүд / Улсын нэгдсэн төсөв,DT_NSO_0800_011V1_Buschilsen.px,"УЛСЫН ТӨСВӨӨС ОРОН НУТГИЙН ТӨСӨВТ ОЛГОСОН САНХYYГИЙН ДЭМЖЛЭГ, бүс, аймаг, нийслэлээр, жилээр",t,https://data.1212.mn/api/v1/mn/NSO/Regional%20development/Government%20budget/DT_NSO_0800_011V1_Buschilsen.px
FOUND_OR_TABLE,NSO / Бүсчилсэн хөгжлийн үзүүлэлтүүд / Улсын нэгдсэн төсөв,DT_NSO_0800_029V1_Buschilsen.px,"ОРОН НУТГИЙН ТӨСВИЙН ЗАРЛАГА, аймаг, нийслэлээр, жилээр",t,https://data.1212.mn/api/v1/mn/NSO/Regional%20development/Government%20budget/DT_NSO_0800_029V1_Buschilsen.px
FOUND_OR_TABLE,NSO / Бүсчилсэн хөгжлийн үзүүлэлтүүд / Улсын нэгдсэн төсөв,DT_NSO_0800_031V1_Buschilsen.px,"ОРОН НУТГИЙН ТӨСВИЙН ОРЛОГО, аймаг, нийслэлээр, жилээр",t,https://data.1212.mn/api/v1/mn/NSO/Regional%20development/Government%20budget/DT_NSO_0800_031V1_Buschilsen.px
FOUND_OR_TABLE,NSO / Бүсчилсэн хөгжлийн үзүүлэлтүүд / Үндэсний тооцоо,DT_NSO_0500_007V1 (2).px,"ДОТООДЫН НИЙТ БҮТЭЭГДЭХҮҮН, аймаг, нийслэл, жилээр",t,https://data.1212.mn/api/v1/mn/NSO/Regional%20development/National%20accounts/DT_NSO_0500_007V1%20%282%29.px
FOUND_OR_TABLE,NSO / Бүсчилсэн хөгжлийн үзүүлэлтүүд / Үндэсний тооцоо,DT_NSO_0500_011V1.px,"НЭГ ХҮНД НОГДОХ ДОТООДЫН НИЙТ БҮТЭЭГДЭХҮҮН, аймаг, нийслэл, жилээр",t,https://data.1212.mn/api/v1/mn/NSO/Regional%20development/National%20accounts/DT_NSO_0500_011V1.px
FOUND_OR_TABLE,NSO / Бүсчилсэн хөгжлийн үзүүлэлтүүд / Үндэсний тооцоо,DT_NSO_0500_020V22.px,"ҮНДСЭН ХӨРӨНГИЙН НИЙТ ХУРИМТЛАЛ, аймаг, нийслэл, жилээр",t,https://data.1212.mn/api/v1/mn/NSO/Regional%20development/National%20accounts/DT_NSO_0500_020V22.px
FOUND_OR_TABLE,NSO / Бүсчилсэн хөгжлийн үзүүлэлтүүд / Үндэсний тооцоо,DT_NSO_0500_021V1.px,"ДОТООДЫН НИЙТ БҮТЭЭГДЭХҮҮНИЙ САЛБАРЫН БҮТЭЦ, аймаг, нийслэл, жилээр",t,https://data.1212.mn/api/v1/mn/NSO/Regional%20development/National%20accounts/DT_NSO_0500_021V1.px
FOUND_OR_TABLE,NSO / Бүсчилсэн хөгжлийн үзүүлэлтүүд / Үндэсний тооцоо,DT_NSO_0500_021V2.px,"ДОТООДЫН НИЙТ БҮТЭЭГДЭХҮҮН, эдийн засгийн салбар, аймаг, нийслэл, жилээр",t,https://data.1212.mn/api/v1/mn/NSO/Regional%20development/National%20accounts/DT_NSO_0500_021V2.px
FOUND_OR_TABLE,NSO / Бүсчилсэн хөгжлийн үзүүлэлтүүд / Үндэсний тооцоо,DT_NSO_0901_004V1.px,"УЛСЫН ТӨСВИЙН ХӨРӨНГӨ ОРУУЛАЛТ, аймаг, нийслэл, жилээр",t,https://data.1212.mn/api/v1/mn/NSO/Regional%20development/National%20accounts/DT_NSO_0901_004V1.px
FOUND_OR_TABLE,NSO / Бүсчилсэн хөгжлийн үзүүлэлтүүд / Үндэсний тооцоо,DT_NSO_0901_005V1.px,"ОРОН НУТГИЙН ТӨСВИЙН ХӨРӨНГӨ ОРУУЛАЛТ, аймаг, нийслэл, жилээр",t,https://data.1212.mn/api/v1/mn/NSO/Regional%20development/National%20accounts/DT_NSO_0901_005V1.px
FOUND_OR_TABLE,NSO / Бүсчилсэн хөгжлийн үзүүлэлтүүд / Үнэ,DT_NSO_0303_07V71.px,"ХЭРЭГЛЭЭНИЙ ҮНИЙН ИНДЕКСИЙН ӨӨРЧЛӨЛТ, аймаг, нийслэлээр, өмнөх сартай харьцуулснаар",t,https://data.1212.mn/api/v1/mn/NSO/Regional%20development/Price/DT_NSO_0303_07V71.px
FOUND_OR_TABLE,NSO / Бүсчилсэн хөгжлийн үзүүлэлтүүд / Үнэ,DT_NSO_0303_07V81.px,"ХЭРЭГЛЭЭНИЙ ҮНИЙН ИНДЕКСИЙН ӨӨРЧЛӨЛТ, аймаг, нийслэлээр, өмнөх оны мөн үетэй харьцуулснаар",t,https://data.1212.mn/api/v1/mn/NSO/Regional%20development/Price/DT_NSO_0303_07V81.px
FOUND_OR_TABLE,NSO / Бүсчилсэн хөгжлийн үзүүлэлтүүд / Үнэ,DT_NSO_0303_07V91.px,"ХЭРЭГЛЭЭНИЙ ҮНИЙН ИНДЕКСИЙН ӨӨРЧЛӨЛТ, аймаг, нийслэлээр, өмнөх оны эцэстэй харьцуулснаар",t,https://data.1212.mn/api/v1/mn/NSO/Regional%20development/Price/DT_NSO_0303_07V91.px
FOUND_OR_TABLE,NSO / Бүсчилсэн хөгжлийн үзүүлэлтүүд / Үнэ,DT_NSO_0600_001V3.px,"ХЭРЭГЛЭЭНИЙ ҮНИЙН УЛСЫН СУУРЬ ИНДЕКС, бүлгээр, сараар",t,https://data.1212.mn/api/v1/mn/NSO/Regional%20development/Price/DT_NSO_0600_001V3.px
FOUND_OR_TABLE,NSO / Бүсчилсэн хөгжлийн үзүүлэлтүүд / Үнэ,DT_NSO_0600_002V1.px,"ХЭРЭГЛЭЭНИЙ ҮНИЙН УЛСЫН ИНДЕКС, 1991-1-16=100",t,https://data.1212.mn/api/v1/mn/NSO/Regional%20development/Price/DT_NSO_0600_002V1.px
FOUND_OR_TABLE,NSO / Бүсчилсэн хөгжлийн үзүүлэлтүүд / Үнэ,DT_NSO_0600_008V1.px,"ХЭРЭГЛЭЭНИЙ ҮНИЙН УЛСЫН ИНДЕКСИЙН ӨӨРЧЛӨЛТ, бүлгээр, өмнөх оны эцэстэй харьцуулснаар",t,https://data.1212.mn/api/v1/mn/NSO/Regional%20development/Price/DT_NSO_0600_008V1.px
FOUND_OR_TABLE,NSO / Бүсчилсэн хөгжлийн үзүүлэлтүүд / Үнэ,DT_NSO_0600_009V1.px,"ХЭРЭГЛЭЭНИЙ ҮНИЙН УЛСЫН ИНДЕКСИЙН ӨӨРЧЛӨЛТ, бүлгээр, сар бүрийн өөрчлөлт",t,https://data.1212.mn/api/v1/mn/NSO/Regional%20development/Price/DT_NSO_0600_009V1.px
FOUND_OR_TABLE,NSO / Бүсчилсэн хөгжлийн үзүүлэлтүүд / Үнэ,DT_NSO_0600_010V1.px,"ХЭРЭГЛЭЭНИЙ ҮНИЙН УЛСЫН ИНДЕКСИЙН ӨӨРЧЛӨЛТ, бүлгээр, өмнөх оны мөн үетэй харьцуулснаар",t,https://data.1212.mn/api/v1/mn/NSO/Regional%20development/Price/DT_NSO_0600_010V1.px
FOUND_OR_TABLE,NSO / Бүсчилсэн хөгжлийн үзүүлэлтүүд / Үнэ,DT_NSO_0600_013V2.px,"ИНФЛЯЦЫН ЖИЛИЙН ТҮВШИН, хувиар",t,https://data.1212.mn/api/v1/mn/NSO/Regional%20development/Price/DT_NSO_0600_013V2.px
FOUND_OR_TABLE,NSO / Бүсчилсэн хөгжлийн үзүүлэлтүүд / Хөгжлийн бэрхшээл,DT_NSO_3900_002V1.px,"ХӨГЖЛИЙН БЭРХШЭЭЛТЭЙ ХҮНИЙ ТОО, хүйс, аймаг, нийслэл, жилээр",t,https://data.1212.mn/api/v1/mn/NSO/Regional%20development/Disability/DT_NSO_3900_002V1.px
FOUND_OR_TABLE,NSO / Бүсчилсэн хөгжлийн үзүүлэлтүүд / Хөгжлийн бэрхшээл,DT_NSO_3900_004V2.px,"ХАРААНЫ ХӨГЖЛИЙН БЭРХШЭЭЛТЭЙ ХҮН, хүйс, аймаг, нийслэл, жилээр",t,https://data.1212.mn/api/v1/mn/NSO/Regional%20development/Disability/DT_NSO_3900_004V2.px
FOUND_OR_TABLE,NSO / Бүсчилсэн хөгжлийн үзүүлэлтүүд / Хөгжлийн бэрхшээл,DT_NSO_3900_004V3.px,"СОНСГОЛЫН ХӨГЖЛИЙН БЭРХШЭЭЛТЭЙ ХҮНИЙ ТОО, хүйс, аймаг, нийслэл, жилээр",t,https://data.1212.mn/api/v1/mn/NSO/Regional%20development/Disability/DT_NSO_3900_004V3.px
FOUND_OR_TABLE,NSO / Бүсчилсэн хөгжлийн үзүүлэлтүүд / Хөгжлийн бэрхшээл,DT_NSO_3900_004V4.px,"ХЭЛ ЯРИАНЫ ХӨГЖЛИЙН БЭРХШЭЭЛТЭЙ ХҮНИЙ ТОО, хүйс, аймаг, нийслэл, жилээр",t,https://data.1212.mn/api/v1/mn/NSO/Regional%20development/Disability/DT_NSO_3900_004V4.px
FOUND_OR_TABLE,NSO / Бүсчилсэн хөгжлийн үзүүлэлтүүд / Хөгжлийн бэрхшээл,DT_NSO_3900_004V5.px,"ХӨДӨЛГӨӨНИЙ ХӨГЖЛИЙН БЭРХШЭЭЛТЭЙ ХҮНИЙ ТОО, хүйс, аймаг, нийслэл, жилээр",t,https://data.1212.mn/api/v1/mn/NSO/Regional%20development/Disability/DT_NSO_3900_004V5.px
FOUND_OR_TABLE,NSO / Бүсчилсэн хөгжлийн үзүүлэлтүүд / Хөгжлийн бэрхшээл,DT_NSO_3900_004V6.px,"СЭТГЭЦИЙН ХӨГЖЛИЙН БЭРХШЭЭЛТЭЙ ХҮНИЙ ТОО, хүйс, аймаг, нийслэл, жилээр",t,https://data.1212.mn/api/v1/mn/NSO/Regional%20development/Disability/DT_NSO_3900_004V6.px
FOUND_OR_TABLE,NSO / Бүсчилсэн хөгжлийн үзүүлэлтүүд / Хөгжлийн бэрхшээл,DT_NSO_3900_004V7.px,"ХАВСАРСАН ХЭЛБЭРИЙН ХӨГЖЛИЙН БЭРХШЭЭЛТЭЙ ХҮНИЙ ТОО, хүйс, аймаг, нийслэл, жилээр",t,https://data.1212.mn/api/v1/mn/NSO/Regional%20development/Disability/DT_NSO_3900_004V7.px
FOUND_OR_TABLE,NSO / Бүсчилсэн хөгжлийн үзүүлэлтүүд / Хөгжлийн бэрхшээл,DT_NSO_3900_004V8.px,"БУСАД ТӨРЛИЙН ХӨГЖЛИЙН БЭРХШЭЭЛТЭЙ ХҮНИЙ ТОО, хүйс, аймаг, нийслэл, жилээр",t,https://data.1212.mn/api/v1/mn/NSO/Regional%20development/Disability/DT_NSO_3900_004V8.px
FOUND_OR_TABLE,NSO / Бүсчилсэн хөгжлийн үзүүлэлтүүд / Хөдөлмөр бизнес,DT_NSO_0400_012V1_10.px,"АЖИЛЛАХ ХҮЧ, насны бүлэг, хүйс, бүс, аймаг, нийслэл, жилээр",t,https://data.1212.mn/api/v1/mn/NSO/Regional%20development/Labour%20and%20business/DT_NSO_0400_012V1_10.px
FOUND_OR_TABLE,NSO / Бүсчилсэн хөгжлийн үзүүлэлтүүд / Хөдөлмөр бизнес,DT_NSO_0400_012V1_20.px,"АЖИЛЛАХ ХҮЧ, насны бүлэг, хүйс, бүс, аймаг, нийслэл, улирлаар",t,https://data.1212.mn/api/v1/mn/NSO/Regional%20development/Labour%20and%20business/DT_NSO_0400_012V1_20.px
FOUND_OR_TABLE,NSO / Бүсчилсэн хөгжлийн үзүүлэлтүүд / Хөдөлмөр бизнес,DT_NSO_0400_018V1_10.px,"АЖИЛЛАХ ХҮЧНИЙ ОРОЛЦООНЫ ТҮВШИН, насны бүлэг, хүйс, бүс, аймаг, нийслэл, жилээр",t,https://data.1212.mn/api/v1/mn/NSO/Regional%20development/Labour%20and%20business/DT_NSO_0400_018V1_10.px
FOUND_OR_TABLE,NSO / Бүсчилсэн хөгжлийн үзүүлэлтүүд / Хөдөлмөр бизнес,DT_NSO_0400_018V1_20.px,"АЖИЛЛАХ ХҮЧНИЙ ОРОЛЦООНЫ ТҮВШИН, насны бүлэг, хүйс, бүс, аймаг, нийслэл, улирлаар",t,https://data.1212.mn/api/v1/mn/NSO/Regional%20development/Labour%20and%20business/DT_NSO_0400_018V1_20.px
FOUND_OR_TABLE,NSO / Бүсчилсэн хөгжлийн үзүүлэлтүүд / Хөдөлмөр бизнес,DT_NSO_0400_020V2_10.px,"АЖИЛГҮЙДЛИЙН ТҮВШИН, насны бүлэг, хүйс, бүс, аймаг, нийслэл, жилээр",t,https://data.1212.mn/api/v1/mn/NSO/Regional%20development/Labour%20and%20business/DT_NSO_0400_020V2_10.px
FOUND_OR_TABLE,NSO / Бүсчилсэн хөгжлийн үзүүлэлтүүд / Хөдөлмөр бизнес,DT_NSO_0400_020V2_11.px,"ХӨДӨЛМӨРИЙН ДУТУУ АШИГЛАЛТЫН НИЙЛМЭЛ ТҮВШИН, насны бүлэг, хүйс, бүс, аймаг, нийслэл, жилээр",t,https://data.1212.mn/api/v1/mn/NSO/Regional%20development/Labour%20and%20business/DT_NSO_0400_020V2_11.px
FOUND_OR_TABLE,NSO / Бүсчилсэн хөгжлийн үзүүлэлтүүд / Хөдөлмөр бизнес,DT_NSO_0400_020V2_20.px,"АЖИЛГҮЙДЛИЙН ТҮВШИН, насны бүлэг, хүйс, бүс, аймаг, нийслэл, улирлаар",t,https://data.1212.mn/api/v1/mn/NSO/Regional%20development/Labour%20and%20business/DT_NSO_0400_020V2_20.px
FOUND_OR_TABLE,NSO / Бүсчилсэн хөгжлийн үзүүлэлтүүд / Хөдөлмөр бизнес,DT_NSO_0400_020V2_21.px,"ХӨДӨЛМӨРИЙН ДУТУУ АШИГЛАЛТЫН НИЙЛМЭЛ ТҮВШИН, насны бүлэг, хүйс, бүс, аймаг, нийслэл, улирлаар",t,https://data.1212.mn/api/v1/mn/NSO/Regional%20development/Labour%20and%20business/DT_NSO_0400_020V2_21.px
FOUND_OR_TABLE,NSO / Бүсчилсэн хөгжлийн үзүүлэлтүүд / Хөдөлмөр бизнес,DT_NSO_0400_035V3_10.px,"ХӨДӨЛМӨР ЭРХЛЭЛТИЙН ТҮВШИН, насны бүлэг, хүйс, бүс, аймаг, нийслэл, жилээр",t,https://data.1212.mn/api/v1/mn/NSO/Regional%20development/Labour%20and%20business/DT_NSO_0400_035V3_10.px
FOUND_OR_TABLE,NSO / Бүсчилсэн хөгжлийн үзүүлэлтүүд / Хөдөлмөр бизнес,DT_NSO_0400_035V3_20.px,"ХӨДӨЛМӨР ЭРХЛЭЛТИЙН ТҮВШИН, насны бүлэг, хүйс, бүс, аймаг, нийслэл, улирлаар",t,https://data.1212.mn/api/v1/mn/NSO/Regional%20development/Labour%20and%20business/DT_NSO_0400_035V3_20.px
FOUND_OR_TABLE,NSO / Бүсчилсэн хөгжлийн үзүүлэлтүүд / Хөдөлмөр бизнес,DT_NSO_0400_035V7_10.px,"АЖИЛЛАГЧ, насны бүлэг, хүйс, бүс, аймаг, нийслэл, жилээр",t,https://data.1212.mn/api/v1/mn/NSO/Regional%20development/Labour%20and%20business/DT_NSO_0400_035V7_10.px
FOUND_OR_TABLE,NSO / Бүсчилсэн хөгжлийн үзүүлэлтүүд / Хөдөлмөр бизнес,DT_NSO_0400_035V7_20.px,"АЖИЛЛАГЧ, насны бүлэг, хүйс, бүс, аймаг, нийслэл, улирлаар",t,https://data.1212.mn/api/v1/mn/NSO/Regional%20development/Labour%20and%20business/DT_NSO_0400_035V7_20.px
FOUND_OR_TABLE,NSO / Бүсчилсэн хөгжлийн үзүүлэлтүүд / Хөдөлмөр бизнес,DT_NSO_0400_036V0_10.px,"АЖИЛГҮЙ ХҮН, насны бүлэг, хүйс, бүс, аймаг, нийслэл, жилээр",t,https://data.1212.mn/api/v1/mn/NSO/Regional%20development/Labour%20and%20business/DT_NSO_0400_036V0_10.px
FOUND_OR_TABLE,NSO / Бүсчилсэн хөгжлийн үзүүлэлтүүд / Хөдөлмөр бизнес,DT_NSO_0400_036V0_20.px,"АЖИЛГҮЙ ХҮН, насны бүлэг, хүйс, бүс, аймаг, нийслэл, улирлаар",t,https://data.1212.mn/api/v1/mn/NSO/Regional%20development/Labour%20and%20business/DT_NSO_0400_036V0_20.px
FOUND_OR_TABLE,NSO / Бүсчилсэн хөгжлийн үзүүлэлтүүд / Хөдөлмөр бизнес,DT_NSO_0400_036V1_10.px,"АЖИЛЛАХ ХҮЧНЭЭС ГАДУУР ХҮН АМ, насны бүлэг, хүйс, бүс, аймаг, нийслэл, жилээр",t,https://data.1212.mn/api/v1/mn/NSO/Regional%20development/Labour%20and%20business/DT_NSO_0400_036V1_10.px
FOUND_OR_TABLE,NSO / Бүсчилсэн хөгжлийн үзүүлэлтүүд / Хөдөлмөр бизнес,DT_NSO_0400_036V1_20.px,"АЖИЛЛАХ ХҮЧНЭЭС ГАДУУР ХҮН АМ, насны бүлэг, хүйс, бүс, аймаг, нийслэл, улирлаар",t,https://data.1212.mn/api/v1/mn/NSO/Regional%20development/Labour%20and%20business/DT_NSO_0400_036V1_20.px
FOUND_OR_TABLE,NSO / Бүсчилсэн хөгжлийн үзүүлэлтүүд / Хөдөлмөр бизнес,DT_NSO_3300_202405.px,"МОНГОЛ УЛСЫН ТӨРИЙН АЛБАН ХААГЧИД, бүс, аймаг, нийслэл, хүйс, насны бүлэг, жилээр, 2023 оноос",t,https://data.1212.mn/api/v1/mn/NSO/Regional%20development/Labour%20and%20business/DT_NSO_3300_202405.px
FOUND_OR_TABLE,NSO / Бүсчилсэн хөгжлийн үзүүлэлтүүд / Хөдөлмөр бизнес,DT_NSO_3300_2024052.px,"МОНГОЛ УЛСЫН ТӨРИЙН АЛБАН ХААГЧИД, төрийн албаны ангилал, бүс, аймаг нийслэл, хүйс, жилээр, 2023 оноос хойш",t,https://data.1212.mn/api/v1/mn/NSO/Regional%20development/Labour%20and%20business/DT_NSO_3300_2024052.px
FOUND_OR_TABLE,"NSO / Бүсчилсэн хөгжлийн үзүүлэлтүүд / Худалдаа, үйлчилгээ",DT_NSO_1600_002V1_month.px,"ХУДАЛДААНЫ САЛБАРЫН НИЙТ БОРЛУУЛАЛТ, бүс, аймаг, нийслэлээр, сараар",t,https://data.1212.mn/api/v1/mn/NSO/Regional%20development/Trade/DT_NSO_1600_002V1_month.px
FOUND_OR_TABLE,"NSO / Бүсчилсэн хөгжлийн үзүүлэлтүүд / Худалдаа, үйлчилгээ",DT_NSO_1600_002V1_year.px,"ХУДАЛДААНЫ САЛБАРЫН НИЙТ БОРЛУУЛАЛТ, бүс, аймаг, нийслэлээр, жилээр",t,https://data.1212.mn/api/v1/mn/NSO/Regional%20development/Trade/DT_NSO_1600_002V1_year.px
FOUND_OR_TABLE,"NSO / Бүсчилсэн хөгжлийн үзүүлэлтүүд / Худалдаа, үйлчилгээ",DT_NSO_1602_003V1.px,"ЗОЧИД БУУДЛЫН САЛБАРЫН ОРЛОГО, бүс, аймаг, нийслэлээр, улирлаар, өссөн дүнгээр",t,https://data.1212.mn/api/v1/mn/NSO/Regional%20development/Trade/DT_NSO_1602_003V1.px
FOUND_OR_TABLE,"NSO / Бүсчилсэн хөгжлийн үзүүлэлтүүд / Худалдаа, үйлчилгээ",DT_NSO_1602_003V1_1.px,"ЗОЧИД БУУДЛЫН САЛБАРЫН ОРЛОГО, бүс, аймаг, нийслэлээр, сараар, өссөн дүнгээр",t,https://data.1212.mn/api/v1/mn/NSO/Regional%20development/Trade/DT_NSO_1602_003V1_1.px
FOUND_OR_TABLE,"NSO / Бүсчилсэн хөгжлийн үзүүлэлтүүд / Худалдаа, үйлчилгээ",DT_NSO_1602_004V1.px,"НИЙТИЙН ХООЛНЫ САЛБАРЫН ОРЛОГО, бүс, аймаг, нийслэлээр, улирлаар, өссөн дүнгээр",t,https://data.1212.mn/api/v1/mn/NSO/Regional%20development/Trade/DT_NSO_1602_004V1.px
FOUND_OR_TABLE,"NSO / Бүсчилсэн хөгжлийн үзүүлэлтүүд / Худалдаа, үйлчилгээ",DT_NSO_1602_004V1_1.px,"НИЙТИЙН ХООЛНЫ САЛБАРЫН ОРЛОГО, бүс, аймаг, нийслэлээр, сараар, өссөн дүнгээр",t,https://data.1212.mn/api/v1/mn/NSO/Regional%20development/Trade/DT_NSO_1602_004V1_1.px
FOUND_OR_TABLE,"NSO / Бүсчилсэн хөгжлийн үзүүлэлтүүд / Хууль зүй, гэмт хэрэг",DT_NSO_1500_015V3.px,"ГЭМТ ХЭРГИЙН УЛМААС НАС БАРСАН ХҮНИЙ ТОО, аймаг, нийслэл, жилээр",t,https://data.1212.mn/api/v1/mn/NSO/Regional%20development/Justice%20and%20crime/DT_NSO_1500_015V3.px
FOUND_OR_TABLE,"NSO / Бүсчилсэн хөгжлийн үзүүлэлтүүд / Хууль зүй, гэмт хэрэг",DT_NSO_2300_001A_1.px,"АВЛИГАТАЙ ТЭМЦЭХ ГАЗАРТ БҮРТГЭГДСЭН ГЭМТ ХЭРГИЙН ТОО, хэргийн ангилал, жилээр",t,https://data.1212.mn/api/v1/mn/NSO/Regional%20development/Justice%20and%20crime/DT_NSO_2300_001A_1.px
FOUND_OR_TABLE,"NSO / Бүсчилсэн хөгжлийн үзүүлэлтүүд / Хууль зүй, гэмт хэрэг",DT_NSO_2300_001A2.px,"ГЭМТ ХЭРГИЙН УЛМААС УЧИРСАН ХОХИРОЛ, НӨХӨН ТӨЛҮҮЛЭЛТ, аймаг, нийслэл, жилээр",t,https://data.1212.mn/api/v1/mn/NSO/Regional%20development/Justice%20and%20crime/DT_NSO_2300_001A2.px
FOUND_OR_TABLE,"NSO / Бүсчилсэн хөгжлийн үзүүлэлтүүд / Хууль зүй, гэмт хэрэг",DT_NSO_2300_003V_1.px,"БҮРТГЭГДСЭН ГЭМТ ХЭРГИЙН ТОО, аймаг, нийслэл, жилээр",t,https://data.1212.mn/api/v1/mn/NSO/Regional%20development/Justice%20and%20crime/DT_NSO_2300_003V_1.px
FOUND_OR_TABLE,"NSO / Бүсчилсэн хөгжлийн үзүүлэлтүүд / Хууль зүй, гэмт хэрэг",DT_NSO_2300_004V_1.px,"БҮРТГЭГДСЭН ГЭМТ ХЭРЭГТ ХОЛБОГДСОН НИЙТ ЯЛЛАГДАГЧДЫН ТОО, хүйс, насны ангилал, аймаг, нийслэл, жилээр",t,https://data.1212.mn/api/v1/mn/NSO/Regional%20development/Justice%20and%20crime/DT_NSO_2300_004V_1.px
FOUND_OR_TABLE,"NSO / Бүсчилсэн хөгжлийн үзүүлэлтүүд / Хууль зүй, гэмт хэрэг",DT_NSO_2300_014V1.px,"ГЭМТСЭН ХҮНИЙ ТОО, аймаг, нийслэл, жилээр",t,https://data.1212.mn/api/v1/mn/NSO/Regional%20development/Justice%20and%20crime/DT_NSO_2300_014V1.px
FOUND_OR_TABLE,"NSO / Бүсчилсэн хөгжлийн үзүүлэлтүүд / Хууль зүй, гэмт хэрэг",DT_NSO_2300_015V2.px,"ХҮНИЙ ЭРҮҮЛ МЭНДИЙН ХАЛДАШГҮЙ БАЙДЛЫН ЭСРЭГ ГЭМТ ХЭРЭГ аймаг, нийслэл, жилээр",t,https://data.1212.mn/api/v1/mn/NSO/Regional%20development/Justice%20and%20crime/DT_NSO_2300_015V2.px
FOUND_OR_TABLE,"NSO / Бүсчилсэн хөгжлийн үзүүлэлтүүд / Хууль зүй, гэмт хэрэг",DT_NSO_2300_016V1.px,"ХОХИРОГЧ БАЙГУУЛЛАГА, хариуцлагын хэлбэр, аймаг, нийслэл, жилээр",t,https://data.1212.mn/api/v1/mn/NSO/Regional%20development/Justice%20and%20crime/DT_NSO_2300_016V1.px
FOUND_OR_TABLE,"NSO / Бүсчилсэн хөгжлийн үзүүлэлтүүд / Хууль зүй, гэмт хэрэг",DT_NSO_2300_017V1.px,"ГЭМТ ХЭРГИЙН УЛМААС ХОХИРСОН ХҮНИЙ ТОО, насны бүлэг, аймаг, нийслэл, жилээр",t,https://data.1212.mn/api/v1/mn/NSO/Regional%20development/Justice%20and%20crime/DT_NSO_2300_017V1.px
FOUND_OR_TABLE,"NSO / Бүсчилсэн хөгжлийн үзүүлэлтүүд / Хууль зүй, гэмт хэрэг",DT_NSO_2300_018V1.px,"ШҮҮХЭЭР ЯЛ ШИЙТГҮҮЛСЭН ХҮНИЙ ТОО, аймаг, нийслэл, жилээр",t,https://data.1212.mn/api/v1/mn/NSO/Regional%20development/Justice%20and%20crime/DT_NSO_2300_018V1.px
FOUND_OR_TABLE,"NSO / Бүсчилсэн хөгжлийн үзүүлэлтүүд / Хууль зүй, гэмт хэрэг",DT_NSO_2300_021V1.px,"ХҮНИЙ АМЬД ЯВАХ ЭРХИЙН ЭСРЭГ ГЭМТ ХЭРЭГ, аймаг, нийслэл, жилээр",t,https://data.1212.mn/api/v1/mn/NSO/Regional%20development/Justice%20and%20crime/DT_NSO_2300_021V1.px
FOUND_OR_TABLE,"NSO / Бүсчилсэн хөгжлийн үзүүлэлтүүд / Хууль зүй, гэмт хэрэг",DT_NSO_2300_022V1.px,"ХҮНИЙ БЭЛГИЙН ЭРХ ЧӨЛӨӨ, ХАЛДАШГҮЙ БАЙДЛЫН ЭСРЭГ ГЭМТ ХЭРЭГ, аймаг, нийслэл, жилээр",t,https://data.1212.mn/api/v1/mn/NSO/Regional%20development/Justice%20and%20crime/DT_NSO_2300_022V1.px
FOUND_OR_TABLE,"NSO / Бүсчилсэн хөгжлийн үзүүлэлтүүд / Хууль зүй, гэмт хэрэг",DT_NSO_2300_023V1.px,"ӨМЧЛӨХ ЭРХИЙН ЭСРЭГ ГЭМТ ХЭРЭГ, аймаг, нийслэл, жилээр",t,https://data.1212.mn/api/v1/mn/NSO/Regional%20development/Justice%20and%20crime/DT_NSO_2300_023V1.px
FOUND_OR_TABLE,"NSO / Бүсчилсэн хөгжлийн үзүүлэлтүүд / Хууль зүй, гэмт хэрэг",DT_NSO_2300_024V1.px,"МАЛ ХУЛГАЙЛАХ ГЭМТ ХЭРЭГ, аймаг, нийслэл, жилээр",t,https://data.1212.mn/api/v1/mn/NSO/Regional%20development/Justice%20and%20crime/DT_NSO_2300_024V1.px
FOUND_OR_TABLE,"NSO / Бүсчилсэн хөгжлийн үзүүлэлтүүд / Хууль зүй, гэмт хэрэг",DT_NSO_2300_025V1.px,"ОЛОН НИЙТИЙН АЮУЛГҮЙ БАЙДАЛ, АШИГ СОНИРХЛЫН ЭСРЭГ ГЭМТ ХЭРЭГ, аймаг, нийслэл, жилээр",t,https://data.1212.mn/api/v1/mn/NSO/Regional%20development/Justice%20and%20crime/DT_NSO_2300_025V1.px
FOUND_OR_TABLE,"NSO / Бүсчилсэн хөгжлийн үзүүлэлтүүд / Хууль зүй, гэмт хэрэг",DT_NSO_2300_026V1.px,"ХӨДӨЛГӨӨНИЙ АЮУЛГҮЙ БАЙДАЛ, ТЭЭВРИЙН ХЭРЭГСЛИЙН АШИГЛАЛТЫН ЖУРМЫН ЭСРЭГ ГЭМТ ХЭРЭГ, аймаг, нийслэл, жилээр",t,https://data.1212.mn/api/v1/mn/NSO/Regional%20development/Justice%20and%20crime/DT_NSO_2300_026V1.px
FOUND_OR_TABLE,"NSO / Бүсчилсэн хөгжлийн үзүүлэлтүүд / Хууль зүй, гэмт хэрэг",DT_NSO_2300_027V1.px,"ЭДИЙН ЗАСГИЙН ГЭМТ ХЭРЭГ, аймаг, нийслэл, жилээр",t,https://data.1212.mn/api/v1/mn/NSO/Regional%20development/Justice%20and%20crime/DT_NSO_2300_027V1.px
FOUND_OR_TABLE,"NSO / Бүсчилсэн хөгжлийн үзүүлэлтүүд / Хууль зүй, гэмт хэрэг",DT_NSO_2300_037V1.px,"ХУУЛЬЧИД, аймаг, нийслэл, жилээр",t,https://data.1212.mn/api/v1/mn/NSO/Regional%20development/Justice%20and%20crime/DT_NSO_2300_037V1.px
FOUND_OR_TABLE,"NSO / Бүсчилсэн хөгжлийн үзүүлэлтүүд / Хууль зүй, гэмт хэрэг",DT_NSO_2300_039V1.px,"БҮРТГЭГДСЭН ЗАМ, ТЭЭВРИЙН ОСОЛ, аймаг, нийслэл, жилээр",t,https://data.1212.mn/api/v1/mn/NSO/Regional%20development/Justice%20and%20crime/DT_NSO_2300_039V1.px
FOUND_OR_TABLE,"NSO / Бүсчилсэн хөгжлийн үзүүлэлтүүд / Хууль зүй, гэмт хэрэг",DT_NSO_2300_10V1.px,"ШҮҮХЭЭР ШИЙДВЭРЛҮҮЛСЭН ХӨДӨЛМӨРИЙН МАРГААН, бүс, аймаг, нийслэл, жилээр",t,https://data.1212.mn/api/v1/mn/NSO/Regional%20development/Justice%20and%20crime/DT_NSO_2300_10V1.px
FOUND_OR_TABLE,"NSO / Бүсчилсэн хөгжлийн үзүүлэлтүүд / Хүн ам, өрх",DT_NSO_0300_002V4.px,"МОНГОЛ УЛСАД ОРШИН СУУГАА ЖИЛИЙН ДУНДАЖ ХҮН АМЫН ТОО, сум, дүүрэг, жилээр",t,https://data.1212.mn/api/v1/mn/NSO/Regional%20development/Population%20and%20household/DT_NSO_0300_002V4.px
FOUND_OR_TABLE,"NSO / Бүсчилсэн хөгжлийн үзүүлэлтүүд / Хүн ам, өрх",DT_NSO_0300_004V1.px,"ХҮН АМЫН ТОО, бүс, аймаг/нийслэл, хот/хөдөөгөөр",t,https://data.1212.mn/api/v1/mn/NSO/Regional%20development/Population%20and%20household/DT_NSO_0300_004V1.px
FOUND_OR_TABLE,"NSO / Бүсчилсэн хөгжлийн үзүүлэлтүүд / Хүн ам, өрх",DT_NSO_0300_004V5.px,"МОНГОЛ УЛСАД ОРШИН СУУГАА ХҮН АМЫН ТОО, байршил, сум, дүүрэг, жилээр",t,https://data.1212.mn/api/v1/mn/NSO/Regional%20development/Population%20and%20household/DT_NSO_0300_004V5.px
FOUND_OR_TABLE,"NSO / Бүсчилсэн хөгжлийн үзүүлэлтүүд / Хүн ам, өрх",DT_NSO_0300_006V2.px,"ӨРХИЙН ТОО, сум, дүүрэг, жилээр",t,https://data.1212.mn/api/v1/mn/NSO/Regional%20development/Population%20and%20household/DT_NSO_0300_006V2.px
FOUND_OR_TABLE,"NSO / Бүсчилсэн хөгжлийн үзүүлэлтүүд / Хүн ам, өрх",DT_NSO_0300_006V5.px,"ӨРХИЙН ТОО, байршил, сум, дүүрэг, жилээр",t,https://data.1212.mn/api/v1/mn/NSO/Regional%20development/Population%20and%20household/DT_NSO_0300_006V5.px
FOUND_OR_TABLE,"NSO / Бүсчилсэн хөгжлийн үзүүлэлтүүд / Хүн ам, өрх",DT_NSO_0300_007V1_1.px,"БҮТЭН ӨНЧИН ХҮҮХЭД, аймаг, нийслэл, жилээр",t,https://data.1212.mn/api/v1/mn/NSO/Regional%20development/Population%20and%20household/DT_NSO_0300_007V1_1.px
FOUND_OR_TABLE,"NSO / Бүсчилсэн хөгжлийн үзүүлэлтүүд / Хүн ам, өрх",DT_NSO_0300_008V1_2.px,"ЭЦЭГ, ЭХИЙН ХЭН НЭГЭНТЭЙ АМЬДАРЧ БАЙГАА ХҮҮХЭД, аймаг, нийслэл, жилээр",t,https://data.1212.mn/api/v1/mn/NSO/Regional%20development/Population%20and%20household/DT_NSO_0300_008V1_2.px
FOUND_OR_TABLE,"NSO / Бүсчилсэн хөгжлийн үзүүлэлтүүд / Хүн ам, өрх",DT_NSO_0300_013V4.px,"НАС БАРСАН ХҮНИЙ ТОО, хүйс, сум, дүүрэг, жилээр",t,https://data.1212.mn/api/v1/mn/NSO/Regional%20development/Population%20and%20household/DT_NSO_0300_013V4.px
FOUND_OR_TABLE,"NSO / Бүсчилсэн хөгжлийн үзүүлэлтүүд / Хүн ам, өрх",DT_NSO_0300_013V6.px,"ТӨРӨЛТИЙН ТОО, хүйсээр, сум, дүүрэг, жилээр",t,https://data.1212.mn/api/v1/mn/NSO/Regional%20development/Population%20and%20household/DT_NSO_0300_013V6.px
FOUND_OR_TABLE,"NSO / Бүсчилсэн хөгжлийн үзүүлэлтүүд / Хүн ам, өрх",DT_NSO_0300_016V3.px,"НАС БАРСАН ХҮНИЙ ТОО, насны бүлэг, сум, дүүрэг, жилээр",t,https://data.1212.mn/api/v1/mn/NSO/Regional%20development/Population%20and%20household/DT_NSO_0300_016V3.px
FOUND_OR_TABLE,"NSO / Бүсчилсэн хөгжлийн үзүүлэлтүүд / Хүн ам, өрх",DT_NSO_0300_018V2.px,"ГЭРЛЭЛ, ЦУЦЛАЛТЫН ТОО, сум, дүүрэг, жилээр",t,https://data.1212.mn/api/v1/mn/NSO/Regional%20development/Population%20and%20household/DT_NSO_0300_018V2.px
FOUND_OR_TABLE,"NSO / Бүсчилсэн хөгжлийн үзүүлэлтүүд / Хүн ам, өрх",DT_NSO_0300_019V6.px,"ГЭРЛЭЛТЭЭ БҮРТГҮҮЛСЭН ХҮНИЙ ТОО, насны бүлэг, сум, дүүрэг, жилээр",t,https://data.1212.mn/api/v1/mn/NSO/Regional%20development/Population%20and%20household/DT_NSO_0300_019V6.px
FOUND_OR_TABLE,"NSO / Бүсчилсэн хөгжлийн үзүүлэлтүүд / Хүн ам, өрх",DT_NSO_0300_020V1.px,"ГЭРЛЭЛТ, ЦУЦЛАЛТ, 1000 хүнд ногдох, аймаг, нийслэл, жилээр",t,https://data.1212.mn/api/v1/mn/NSO/Regional%20development/Population%20and%20household/DT_NSO_0300_020V1.px
FOUND_OR_TABLE,"NSO / Бүсчилсэн хөгжлийн үзүүлэлтүүд / Хүн ам, өрх",DT_NSO_0300_023V4.px,"ТӨРСӨН ХҮҮХДИЙН ТОО, эхийн насны бүлгээр, сум, дүүрэг, жилээр",t,https://data.1212.mn/api/v1/mn/NSO/Regional%20development/Population%20and%20household/DT_NSO_0300_023V4.px
FOUND_OR_TABLE,"NSO / Бүсчилсэн хөгжлийн үзүүлэлтүүд / Хүн ам, өрх",DT_NSO_0300_024V2.px,"НАС БАРАЛТЫН ЕРӨНХИЙ КОЭФФИЦИЕНТ, хүйс, сум, дүүрэг, жилээр",t,https://data.1212.mn/api/v1/mn/NSO/Regional%20development/Population%20and%20household/DT_NSO_0300_024V2.px
FOUND_OR_TABLE,"NSO / Бүсчилсэн хөгжлийн үзүүлэлтүүд / Хүн ам, өрх",DT_NSO_0300_029V3.px,"ТӨРӨЛТИЙН ЕРӨНХИЙ КОЭФФИЦИЕНТ, сум, дүүрэг, жилээр",t,https://data.1212.mn/api/v1/mn/NSO/Regional%20development/Population%20and%20household/DT_NSO_0300_029V3.px
FOUND_OR_TABLE,"NSO / Бүсчилсэн хөгжлийн үзүүлэлтүүд / Хүн ам, өрх",DT_NSO_0300_030V1.px,"ХҮН АМЫН ДУНДАЖ НАСЛАЛТ, хүйс, аймаг, нийслэл, жилээр",t,https://data.1212.mn/api/v1/mn/NSO/Regional%20development/Population%20and%20household/DT_NSO_0300_030V1.px
FOUND_OR_TABLE,"NSO / Бүсчилсэн хөгжлийн үзүүлэлтүүд / Хүн ам, өрх",DT_NSO_0300_032V3.px,"ТӨРӨХ ҮЕИЙН ХҮЙСИЙН ХАРЬЦАА, сум, дүүрэг, жилээр",t,https://data.1212.mn/api/v1/mn/NSO/Regional%20development/Population%20and%20household/DT_NSO_0300_032V3.px
FOUND_OR_TABLE,"NSO / Бүсчилсэн хөгжлийн үзүүлэлтүүд / Хүн ам, өрх",DT_NSO_0300_034V2.px,"ХҮН АМЫН НЯГТРАЛ, сум, дүүрэг, жилээр",t,https://data.1212.mn/api/v1/mn/NSO/Regional%20development/Population%20and%20household/DT_NSO_0300_034V2.px
FOUND_OR_TABLE,"NSO / Бүсчилсэн хөгжлийн үзүүлэлтүүд / Хүн ам, өрх",DT_NSO_0300_035V2.px,"ХҮН АМ ЗҮЙН АЧААЛАЛ, сум, дүүрэг, жилээр",t,https://data.1212.mn/api/v1/mn/NSO/Regional%20development/Population%20and%20household/DT_NSO_0300_035V2.px
FOUND_OR_TABLE,"NSO / Бүсчилсэн хөгжлийн үзүүлэлтүүд / Хүн ам, өрх",DT_NSO_0300_038V4.px,"ХҮҮХЭД ТӨРҮҮЛСЭН ЭХЧҮҮДИЙН ТОО, боловсролын түвшин, сум, дүүрэг, жилээр",t,https://data.1212.mn/api/v1/mn/NSO/Regional%20development/Population%20and%20household/DT_NSO_0300_038V4.px
FOUND_OR_TABLE,"NSO / Бүсчилсэн хөгжлийн үзүүлэлтүүд / Хүн ам, өрх",DT_NSO_0300_040V1.px,"ХҮН АМЫН ШИЛЖИХ ХӨДӨЛГӨӨН, аймаг, нийслэл, жилээр",t,https://data.1212.mn/api/v1/mn/NSO/Regional%20development/Population%20and%20household/DT_NSO_0300_040V1.px
FOUND_OR_TABLE,"NSO / Бүсчилсэн хөгжлийн үзүүлэлтүүд / Хүн ам, өрх",DT_NSO_0300_051V3.px,"ХҮҮХЭД ТӨРҮҮЛСЭН ЭХЧҮҮДИЙН ТОО, гэрлэлтийн байдал, сум, дүүрэг, жилээр",t,https://data.1212.mn/api/v1/mn/NSO/Regional%20development/Population%20and%20household/DT_NSO_0300_051V3.px
FOUND_OR_TABLE,"NSO / Бүсчилсэн хөгжлийн үзүүлэлтүүд / Хүн ам, өрх",DT_NSO_0300_052V2.px,"ҮРЧЛЭЛТ, сум, дүүрэг, жилээр",t,https://data.1212.mn/api/v1/mn/NSO/Regional%20development/Population%20and%20household/DT_NSO_0300_052V2.px
FOUND_OR_TABLE,"NSO / Бүсчилсэн хөгжлийн үзүүлэлтүүд / Хүн ам, өрх",DT_NSO_0300_067V2.px,"МОНГОЛ УЛСАД ОРШИН СУУГАА ХҮН АМЫН ТОО, насны бүлэг, сум, дүүрэг, жилээр",t,https://data.1212.mn/api/v1/mn/NSO/Regional%20development/Population%20and%20household/DT_NSO_0300_067V2.px
FOUND_OR_TABLE,"NSO / Бүсчилсэн хөгжлийн үзүүлэлтүүд / Хүн ам, өрх",DT_NSO_0300_068V2.px,"МОНГОЛ УЛСАД ОРШИН СУУГАА ХҮН АМЫН ТОО, хүйс, сум, дүүрэг, жилээр",t,https://data.1212.mn/api/v1/mn/NSO/Regional%20development/Population%20and%20household/DT_NSO_0300_068V2.px
FOUND_OR_TABLE,NSO / Бүсчилсэн хөгжлийн үзүүлэлтүүд / Хүн амын амьжиргаа,DT_NSO_1900_001V3.px,"НЭГ ӨРХИЙН САРЫН ДУНДАЖ ОРЛОГО, бүс, жилээр /2007-2024/",t,https://data.1212.mn/api/v1/mn/NSO/Regional%20development/Population%20livelihood/DT_NSO_1900_001V3.px
FOUND_OR_TABLE,NSO / Бүсчилсэн хөгжлийн үзүүлэлтүүд / Хүн амын амьжиргаа,DT_NSO_1900_002V3.px,"НЭГ ӨРХИЙН САРЫН ДУНДАЖ ЗАРЛАГА, бүс, жилээр /2007-2024/",t,https://data.1212.mn/api/v1/mn/NSO/Regional%20development/Population%20livelihood/DT_NSO_1900_002V3.px
FOUND_OR_TABLE,NSO / Бүсчилсэн хөгжлийн үзүүлэлтүүд / Хүн амын амьжиргаа,DT_NSO_1900_003V3.px,"НЭГ ӨРХИЙН САРЫН ДУНДАЖ ОРЛОГЫН БҮТЭЦ, бүс, жилээр /2007-2024/",t,https://data.1212.mn/api/v1/mn/NSO/Regional%20development/Population%20livelihood/DT_NSO_1900_003V3.px
FOUND_OR_TABLE,NSO / Бүсчилсэн хөгжлийн үзүүлэлтүүд / Хүн амын амьжиргаа,DT_NSO_1900_004V3.px,"НЭГ ӨРХИЙН САРЫН ДУНДАЖ ЗАРЛАГЫН БҮТЭЦ, бүс, жилээр /2007-2024/",t,https://data.1212.mn/api/v1/mn/NSO/Regional%20development/Population%20livelihood/DT_NSO_1900_004V3.px
FOUND_OR_TABLE,NSO / Бүсчилсэн хөгжлийн үзүүлэлтүүд / Хүн амын амьжиргаа,DT_NSO_1900_036V4.px,"ТЭГШ БУС БАЙДАЛ, нэг хүнд сард ногдох хэрэглээнд үндэслэн тооцсон, бүс, жилээр",t,https://data.1212.mn/api/v1/mn/NSO/Regional%20development/Population%20livelihood/DT_NSO_1900_036V4.px
FOUND_OR_TABLE,"NSO / Бүсчилсэн хөгжлийн үзүүлэлтүүд / Хүн амын дэд бүтэц, орон сууц",DT_NSO_1700_001V2.px,"ХҮН БАЙНГА АМЬДАРДАГ БАЙШИНГИЙН ТОО, ханын үндсэн материал, бүс, аймаг, нийслэл, тооллого явагдсан оноор",t,https://data.1212.mn/api/v1/mn/NSO/Regional%20development/Infrastructure%2C%20housing/DT_NSO_1700_001V2.px
FOUND_OR_TABLE,"NSO / Бүсчилсэн хөгжлийн үзүүлэлтүүд / Хүн амын дэд бүтэц, орон сууц",DT_NSO_3500_001V1.px,"ӨРХИЙН ТОО, цахилгааны эх үүсвэр, бүс, аймаг, нийслэл, сум, дүүрэг, тооллого явагдсан оноор",t,https://data.1212.mn/api/v1/mn/NSO/Regional%20development/Infrastructure%2C%20housing/DT_NSO_3500_001V1.px
FOUND_OR_TABLE,"NSO / Бүсчилсэн хөгжлийн үзүүлэлтүүд / Хүн амын дэд бүтэц, орон сууц",DT_NSO_3500_002V1.px,"ӨРХИЙН ТОО, усан хангамжийн эх үүсвэр, бүс, аймаг, нийслэл, сум, дүүрэг, тооллого явагдсан оноор",t,https://data.1212.mn/api/v1/mn/NSO/Regional%20development/Infrastructure%2C%20housing/DT_NSO_3500_002V1.px
FOUND_OR_TABLE,"NSO / Бүсчилсэн хөгжлийн үзүүлэлтүүд / Хүн амын дэд бүтэц, орон сууц",DT_NSO_3500_003V1.px,"ЦЭВЭРЛЭХ БАЙГУУЛАМЖ, АРИУТГАХ ТАТУУРГЫН ШУГАМ СҮЛЖЭЭНД ХОЛБОГДСОН БОЛОН ХОЛБОГДООГҮЙ НИЙТ ӨРХИЙН ТОО, бүс, аймаг, нийслэл, сум, дүүрэг, тооллого явагдсан оноор",t,https://data.1212.mn/api/v1/mn/NSO/Regional%20development/Infrastructure%2C%20housing/DT_NSO_3500_003V1.px
FOUND_OR_TABLE,"NSO / Бүсчилсэн хөгжлийн үзүүлэлтүүд / Хүн амын дэд бүтэц, орон сууц",DT_NSO_3500_005V1.px,"ТӨВЛӨРСӨН БОЛОН БИЕ ДААСАН ИНЖЕНЕРИЙН БҮРЭН ХАНГАМЖТАЙ ОРОН СУУЦАНД АМЬДАРДАГ ӨРХ, бүс, аймаг, нийслэл, сум, дүүрэг, тооллого явагдсан оноор",t,https://data.1212.mn/api/v1/mn/NSO/Regional%20development/Infrastructure%2C%20housing/DT_NSO_3500_005V1.px
FOUND_OR_TABLE,"NSO / Бүсчилсэн хөгжлийн үзүүлэлтүүд / Хүн амын дэд бүтэц, орон сууц",DT_NSO_3500_006V1.px,"БАЙШИН, ГЭР БОЛОН БУСАД СУУЦАНД АМЬДАРДАГ ӨРХ, сууцны төрөл, бүс, аймаг, нийслэл, сум, дүүрэг, тооллого явагдсан оноор",t,https://data.1212.mn/api/v1/mn/NSO/Regional%20development/Infrastructure%2C%20housing/DT_NSO_3500_006V1.px
FOUND_OR_TABLE,NSO / Бүсчилсэн хөгжлийн үзүүлэлтүүд / Хүний хөгжил,DT_NSO_2700_001V1.px,"ХҮНИЙ ХӨГЖЛИЙН ИНДЕКС, аймаг, нийслэл, жилээр",t,https://data.1212.mn/api/v1/mn/NSO/Regional%20development/Human%20development/DT_NSO_2700_001V1.px
FOUND_OR_TABLE,NSO / Бүсчилсэн хөгжлийн үзүүлэлтүүд / Хүний хөгжил,DT_NSO_2700_002V1.px,"ЖЕНДЭРИЙН ХӨГЖЛИЙН ИНДЕКC, аймаг, нийслэл, жилээр",t,https://data.1212.mn/api/v1/mn/NSO/Regional%20development/Human%20development/DT_NSO_2700_002V1.px
FOUND_OR_TABLE,NSO / Бүсчилсэн хөгжлийн үзүүлэлтүүд / Хүний хөгжил,DT_NSO_2700_002V2.px,"ЖЕНДЭРИЙН ТЭГШ БУС БАЙДЛЫН ИНДЕКС, хүйс, аймаг, нийслэл, жилээр",t,https://data.1212.mn/api/v1/mn/NSO/Regional%20development/Human%20development/DT_NSO_2700_002V2.px
FOUND_OR_TABLE,NSO / Бүсчилсэн хөгжлийн үзүүлэлтүүд / Хүний хөгжил,DT_NSO_2700_004V1.px,"ЖЕНДЭРИЙН ТЭГШ БУС БАЙДЛЫН ИНДЕКС, аймаг, нийслэл, жилээр",t,https://data.1212.mn/api/v1/mn/NSO/Regional%20development/Human%20development/DT_NSO_2700_004V1.px
FOUND_OR_TABLE,NSO / Бүсчилсэн хөгжлийн үзүүлэлтүүд / Хүний хөгжил,DT_NSO_2700_005V1.px,"ХҮНИЙ ХӨГЖЛИЙН БҮРЭЛДЭХҮҮН ИНДЕКС, аймаг, нийслэл, жилээр",t,https://data.1212.mn/api/v1/mn/NSO/Regional%20development/Human%20development/DT_NSO_2700_005V1.px
FOUND_OR_TABLE,NSO / Бүсчилсэн хөгжлийн үзүүлэлтүүд / Эрүүл мэнд,DT_NSO_0300_071V01.px,"ЭРҮҮЛ МЭНДИЙН БАЙГУУЛЛАГЫН АЖИЛЛАГЧИД, мэргэжлийн чиглэл, жилээр",t,https://data.1212.mn/api/v1/mn/NSO/Regional%20development/Health/DT_NSO_0300_071V01.px
FOUND_OR_TABLE,NSO / Бүсчилсэн хөгжлийн үзүүлэлтүүд / Эрүүл мэнд,DT_NSO_0300_071V02.px,"ЭМНЭЛЭГТ ХЭВТЭН ЭМЧЛҮҮЛЭГЧИД, 10000 хүн амд ногдох, өвчлөлийн зонхилох 10 ангилал, жилээр",t,https://data.1212.mn/api/v1/mn/NSO/Regional%20development/Health/DT_NSO_0300_071V02.px
FOUND_OR_TABLE,NSO / Бүсчилсэн хөгжлийн үзүүлэлтүүд / Эрүүл мэнд,DT_NSO_2100_004V1.px,"ЭМНЭЛЭГТ ХЭВТЭЖ ЭМЧЛҮҮЛСЭН ӨВЧТӨНИЙ ТОО, жилээр",t,https://data.1212.mn/api/v1/mn/NSO/Regional%20development/Health/DT_NSO_2100_004V1.px
FOUND_OR_TABLE,NSO / Бүсчилсэн хөгжлийн үзүүлэлтүүд / Эрүүл мэнд,DT_NSO_2100_004V4.px,"ЭМНЭЛЭГТ ХЭВТЭН ЭМЧЛҮҮЛЭГЧИД, сараар",t,https://data.1212.mn/api/v1/mn/NSO/Regional%20development/Health/DT_NSO_2100_004V4.px
FOUND_OR_TABLE,NSO / Бүсчилсэн хөгжлийн үзүүлэлтүүд / Эрүүл мэнд,DT_NSO_2100_005V3.px,"ЭМНЭЛГИЙН ОР, төрөл, аймаг, нийслэл, жилээр",t,https://data.1212.mn/api/v1/mn/NSO/Regional%20development/Health/DT_NSO_2100_005V3.px
FOUND_OR_TABLE,NSO / Бүсчилсэн хөгжлийн үзүүлэлтүүд / Эрүүл мэнд,DT_NSO_2100_006V1.px,"ИХ ЭМЧИЙН ТОО, жилээр",t,https://data.1212.mn/api/v1/mn/NSO/Regional%20development/Health/DT_NSO_2100_006V1.px
FOUND_OR_TABLE,NSO / Бүсчилсэн хөгжлийн үзүүлэлтүүд / Эрүүл мэнд,DT_NSO_2100_007V1.px,"ЭМ ЗҮЙЧДИЙН ТОО, жилээр",t,https://data.1212.mn/api/v1/mn/NSO/Regional%20development/Health/DT_NSO_2100_007V1.px
FOUND_OR_TABLE,NSO / Бүсчилсэн хөгжлийн үзүүлэлтүүд / Эрүүл мэнд,DT_NSO_2100_011V1.px,"ХҮН АМЫН НАС БАРАЛТЫН ЗОНХИЛОХ ШАЛТГААН, хүйс, өвчний бүлэг, жилээр",t,https://data.1212.mn/api/v1/mn/NSO/Regional%20development/Health/DT_NSO_2100_011V1.px
FOUND_OR_TABLE,NSO / Бүсчилсэн хөгжлийн үзүүлэлтүүд / Эрүүл мэнд,DT_NSO_2100_015V1.px,"НЯЛХСЫН ЭНДЭГДЛИЙН ТҮВШИН, амьд төрсөн 1000 хүүхэд тутамд ногдохоор, аймаг, нийслэл, сараар",t,https://data.1212.mn/api/v1/mn/NSO/Regional%20development/Health/DT_NSO_2100_015V1.px
FOUND_OR_TABLE,NSO / Бүсчилсэн хөгжлийн үзүүлэлтүүд / Эрүүл мэнд,DT_NSO_2100_017V3.px,"АМАРЖСАН ЭХ, сараар",t,https://data.1212.mn/api/v1/mn/NSO/Regional%20development/Health/DT_NSO_2100_017V3.px
FOUND_OR_TABLE,NSO / Бүсчилсэн хөгжлийн үзүүлэлтүүд / Эрүүл мэнд,DT_NSO_2100_029V1.px,"ЖИРЭМСЭН ЭМЭГТЭЙЧҮҮДИЙН ЭХНИЙ 3 САРТАЙД ЭМНЭЛГИЙН ХЯНАЛТАД ХАМРАГДСАН ХУВЬ, жилээр",t,https://data.1212.mn/api/v1/mn/NSO/Regional%20development/Health/DT_NSO_2100_029V1.px
FOUND_OR_TABLE,NSO / Бүсчилсэн хөгжлийн үзүүлэлтүүд / Эрүүл мэнд,DT_NSO_2100_030V1.px,"ЭРҮҮЛ МЭНДИЙН САЛБАРЫН ЗАРДАЛ, жилээр",t,https://data.1212.mn/api/v1/mn/NSO/Regional%20development/Health/DT_NSO_2100_030V1.px
FOUND_OR_TABLE,NSO / Бүсчилсэн хөгжлийн үзүүлэлтүүд / Эрүүл мэнд,DT_NSO_2100_030V2.px,"ТАВ ХҮРТЭЛХ НАСНЫ ХҮҮХДИЙН ЭНДЭГДЛИЙН ТҮВШИН, амьд төрсөн 1000 хүүхэд тутамд ногдох, aймаг, нийслэл, сараар",t,https://data.1212.mn/api/v1/mn/NSO/Regional%20development/Health/DT_NSO_2100_030V2.px
FOUND_OR_TABLE,NSO / Бүсчилсэн хөгжлийн үзүүлэлтүүд / Эрүүл мэнд,DT_NSO_2100_032V1.px,"НЭГ ХҮРТЭЛХ НАСНЫ ХҮҮХДИЙН ӨРГӨН ДАРХЛААЖУУЛАЛТАД ХАМРАГДАЛТ, төрөл, жилээр",t,https://data.1212.mn/api/v1/mn/NSO/Regional%20development/Health/DT_NSO_2100_032V1.px
FOUND_OR_TABLE,NSO / Бүсчилсэн хөгжлийн үзүүлэлтүүд / Эрүүл мэнд,DT_NSO_2100_035V1.px,"ХАЛДВАРТ ӨВЧНӨӨР ӨВЧЛӨГЧИД, зарим өвчний төрөл, сараар",t,https://data.1212.mn/api/v1/mn/NSO/Regional%20development/Health/DT_NSO_2100_035V1.px
FOUND_OR_TABLE,NSO / Бүсчилсэн хөгжлийн үзүүлэлтүүд / Эрүүл мэнд,DT_NSO_2100_046V1.px,"ЖИРЭМСНИЙ ХЯНАЛТАД 6, ТҮҮНЭЭС ДЭЭШ УДАА ХАМРАГДСАН ТӨРСӨН ЭМЭГТЭЙЧҮҮДИЙН ХУВЬ, жилээр",t,https://data.1212.mn/api/v1/mn/NSO/Regional%20development/Health/DT_NSO_2100_046V1.px
FOUND_OR_TABLE,NSO / Бүсчилсэн хөгжлийн үзүүлэлтүүд / Эрүүл мэнд,DT_NSO_2100_050V1.px,"ЭХИЙН ЭНДЭГДЛИЙН ХАРЬЦАА, амьд төрсөн 100000 хүүхэд тутамд ногдох, аймаг, нийслэл, сараар",t,https://data.1212.mn/api/v1/mn/NSO/Regional%20development/Health/DT_NSO_2100_050V1.px
FOUND_OR_TABLE,"NSO / Нийгэм, хөгжил / Жендэр",DT_NSO_0100_001D1.px,"ИРГЭДИЙН ТӨЛӨӨЛӨГЧДИЙН ХУРЛЫН ТӨЛӨӨЛӨГЧИД, хүйс, насны бүлэг, аймаг, нийслэл, жилээр",t,https://data.1212.mn/api/v1/mn/NSO/Society%2C%20development/Gender/DT_NSO_0100_001D1.px
FOUND_OR_TABLE,"NSO / Нийгэм, хөгжил / Жендэр",DT_NSO_0100_001D2.px,"ИРГЭДИЙН ТӨЛӨӨЛӨГЧДИЙН ХУРЛЫН ТӨЛӨӨЛӨГЧИД, хүйс, насны бүлэг, сум, дүүрэг, жилээр",t,https://data.1212.mn/api/v1/mn/NSO/Society%2C%20development/Gender/DT_NSO_0100_001D2.px
FOUND_OR_TABLE,"NSO / Нийгэм, хөгжил / Жендэр",DT_NSO_0400_081V7.px,"ИРГЭДИЙН ТӨЛӨӨЛӨГЧДИЙН ХУРЛЫН ТӨЛӨӨЛӨГЧИД, хүйс, насны бүлэг, аймаг, нийслэл, жилээр (2020-2021)",t,https://data.1212.mn/api/v1/mn/NSO/Society%2C%20development/Gender/DT_NSO_0400_081V7.px
FOUND_OR_TABLE,"NSO / Нийгэм, хөгжил / Жендэр",DT_NSO_0400_081V8.px,"ИРГЭДИЙН ТӨЛӨӨЛӨГЧДИЙН ХУРЛЫН ТӨЛӨӨЛӨГЧДИЙН ТОО, хүйс, насны бүлэг, сум, дүүрэг, жилээр (2020-2021)",t,https://data.1212.mn/api/v1/mn/NSO/Society%2C%20development/Gender/DT_NSO_0400_081V8.px
FOUND_OR_TABLE,"NSO / Нийгэм, хөгжил / Жендэр",DT_NSO_3800_001V1.px,"СҮҮЛИЙН 12 САРД ХҮЧИРХИЙЛЭЛД ӨРТСӨН ЭМЭГТЭЙЧҮҮДИЙН ХУВЬ, 15-49 болон 15-64 нас",t,https://data.1212.mn/api/v1/mn/NSO/Society%2C%20development/Gender/DT_NSO_3800_001V1.px
FOUND_OR_TABLE,"NSO / Нийгэм, хөгжил / Жендэр",DT_NSO_3800_001V2.px,"СҮҮЛИЙН 12 САРД ХҮЧИРХИЙЛЭЛД ӨРТСӨН ЭМЭГТЭЙЧҮҮДИЙН ХУВЬ, 15-49 болон 15-64 нас, хүчирхийллийн хэлбэр, насны бүлгээр",t,https://data.1212.mn/api/v1/mn/NSO/Society%2C%20development/Gender/DT_NSO_3800_001V2.px
FOUND_OR_TABLE,"NSO / Нийгэм, хөгжил / Жендэр",DT_NSO_3800_002V1.px,"БУСДЫН ЗҮГЭЭС ҮЙЛДСЭН ХҮЧИРХИЙЛЭЛ, хүчирхийллийн хэлбэр, насны бүлгээр",t,https://data.1212.mn/api/v1/mn/NSO/Society%2C%20development/Gender/DT_NSO_3800_002V1.px
FOUND_OR_TABLE,"NSO / Нийгэм, хөгжил / Жендэр",DT_NSO_3800_002V2.px,"БУСДЫН ЗҮГЭЭС ҮЙЛДСЭН ХҮЧИРХИЙЛЭЛ, хүчирхийллийн хэлбэр, хүчирхийлэл үйлдэгчээр",t,https://data.1212.mn/api/v1/mn/NSO/Society%2C%20development/Gender/DT_NSO_3800_002V2.px
FOUND_OR_TABLE,"NSO / Нийгэм, хөгжил / Жендэр",DT_NSO_3800_002V3.px,"БУСДЫН ЗҮГЭЭС ҮЙЛДСЭН ХҮЧИРХИЙЛЭЛ, хүчирхийллийн хэлбэр, хүчирхийллийн давтамжаар",t,https://data.1212.mn/api/v1/mn/NSO/Society%2C%20development/Gender/DT_NSO_3800_002V3.px
FOUND_OR_TABLE,"NSO / Нийгэм, хөгжил / Жендэр",DT_NSO_3800_003V1.px,"ХАМТРАГЧИЙН ЗҮГЭЭС ҮЙЛДСЭН ХҮЧИРХИЙЛЭЛ, хүчирхийллийн хэлбэр, насны бүлгээр",t,https://data.1212.mn/api/v1/mn/NSO/Society%2C%20development/Gender/DT_NSO_3800_003V1.px
FOUND_OR_TABLE,"NSO / Нийгэм, хөгжил / Жендэр",DT_NSO_3800_003V2.px,"ХАМТРАГЧИЙН ЗҮГЭЭС ҮЙЛДСЭН ХҮЧИРХИЙЛЭЛ, хүчирхийллийн хэлбэр, хамтрагчийн статусаар",t,https://data.1212.mn/api/v1/mn/NSO/Society%2C%20development/Gender/DT_NSO_3800_003V2.px
FOUND_OR_TABLE,"NSO / Нийгэм, хөгжил / Жендэр",DT_NSO_3800_003V3.px,"ХАМТРАГЧИЙН ЗҮГЭЭС ҮЙЛДСЭН ХҮЧИРХИЙЛЭЛ, хүчирхийллийн хэлбэр, хүчирхийллийн давтамжаар",t,https://data.1212.mn/api/v1/mn/NSO/Society%2C%20development/Gender/DT_NSO_3800_003V3.px
FOUND_OR_TABLE,"NSO / Нийгэм, хөгжил / Жендэр",DT_NSO_3800_004V1.px,"СУДАЛГААНД ХАМРАГДСАН ЭМЭГТЭЙЧҮҮД, хот хөдөөгөөр",t,https://data.1212.mn/api/v1/mn/NSO/Society%2C%20development/Gender/DT_NSO_3800_004V1.px
FOUND_OR_TABLE,"NSO / Нийгэм, хөгжил / Жендэр",DT_NSO_3800_004V2.px,"СУДАЛГААНД ХАМРАГДСАН ЭМЭГТЭЙЧҮҮД, бүс, аймаг, нийслэлээр",t,https://data.1212.mn/api/v1/mn/NSO/Society%2C%20development/Gender/DT_NSO_3800_004V2.px
FOUND_OR_TABLE,"NSO / Нийгэм, хөгжил / Жендэр",DT_NSO_3800_004V3.px,"СУДАЛГААНД ХАМРАГДСАН ЭМЭГТЭЙЧҮҮД, насны бүлгээр",t,https://data.1212.mn/api/v1/mn/NSO/Society%2C%20development/Gender/DT_NSO_3800_004V3.px
FOUND_OR_TABLE,"NSO / Нийгэм, хөгжил / Жендэр",DT_NSO_3800_004V4.px,"СУДАЛГААНД ХАМРАГДСАН ЭМЭГТЭЙЧҮҮД, боловсролын түвшнээр",t,https://data.1212.mn/api/v1/mn/NSO/Society%2C%20development/Gender/DT_NSO_3800_004V4.px
FOUND_OR_TABLE,"NSO / Нийгэм, хөгжил / Жендэр",DT_NSO_3800_004V5.px,"СУДАЛГААНД ХАМРАГДСАН ЭМЭГТЭЙЧҮҮД, байршлаар",t,https://data.1212.mn/api/v1/mn/NSO/Society%2C%20development/Gender/DT_NSO_3800_004V5.px
FOUND_OR_TABLE,"NSO / Нийгэм, хөгжил / Жендэр",DT_NSO_3800_005V1.px,"АМЬДРАЛДАА ХАМТРАГЧИЙН ХҮЧИРХИЙЛЭЛД ӨРТСӨН ЭМЭГТЭЙЧҮҮД, хүчирхийллийн хэлбэр, хот хөдөөгөөр",t,https://data.1212.mn/api/v1/mn/NSO/Society%2C%20development/Gender/DT_NSO_3800_005V1.px
FOUND_OR_TABLE,"NSO / Нийгэм, хөгжил / Жендэр",DT_NSO_3800_005V2.px,"АМЬДРАЛДАА ХАМТРАГЧИЙН ХҮЧИРХИЙЛЭЛД ӨРТСӨН ЭМЭГТЭЙЧҮҮД, хүчирхийллийн хэлбэр, байршлаар",t,https://data.1212.mn/api/v1/mn/NSO/Society%2C%20development/Gender/DT_NSO_3800_005V2.px
FOUND_OR_TABLE,"NSO / Нийгэм, хөгжил / Жендэр",DT_NSO_3800_005V3.px,"АМЬДРАЛДАА ХАМТРАГЧИЙН ХҮЧИРХИЙЛЭЛД ӨРТСӨН ЭМЭГТЭЙЧҮҮД, хүчирхийллийн хэлбэр, бүс, аймаг, нийслэлээр",t,https://data.1212.mn/api/v1/mn/NSO/Society%2C%20development/Gender/DT_NSO_3800_005V3.px
FOUND_OR_TABLE,"NSO / Нийгэм, хөгжил / Жендэр",DT_NSO_3800_006V1.px,"АМЬДРАЛДАА ХАМТРАГЧИЙН ХҮЧИРХИЙЛЭЛД ӨРТСӨН ЭМЭГТЭЙЧҮҮД, хүчирхийллийн хэлбэр, насны бүлгээр",t,https://data.1212.mn/api/v1/mn/NSO/Society%2C%20development/Gender/DT_NSO_3800_006V1.px
FOUND_OR_TABLE,"NSO / Нийгэм, хөгжил / Жендэр",DT_NSO_3800_006V2.px,"АМЬДРАЛДАА ХАМТРАГЧИЙН ХҮЧИРХИЙЛЭЛД ӨРТСӨН ЭМЭГТЭЙЧҮҮД, боловсролын түвшнээр",t,https://data.1212.mn/api/v1/mn/NSO/Society%2C%20development/Gender/DT_NSO_3800_006V2.px
FOUND_OR_TABLE,"NSO / Нийгэм, хөгжил / Жендэр",DT_NSO_3800_007V1.px,"СҮҮЛИЙН 12 САРД ХАМТРАГЧИЙН ХҮЧИРХИЙЛЭЛД ӨРТСӨН ЭМЭГТЭЙЧҮҮД, хүчирхийллийн хэлбэр, хот хөдөөгөөр",t,https://data.1212.mn/api/v1/mn/NSO/Society%2C%20development/Gender/DT_NSO_3800_007V1.px
FOUND_OR_TABLE,"NSO / Нийгэм, хөгжил / Жендэр",DT_NSO_3800_007V2.px,"СҮҮЛИЙН 12 САРД ХАМТРАГЧИЙН ХҮЧИРХИЙЛЭЛД ӨРТСӨН ЭМЭГТЭЙЧҮҮД, хүчирхийллийн хэлбэр, байршлаар",t,https://data.1212.mn/api/v1/mn/NSO/Society%2C%20development/Gender/DT_NSO_3800_007V2.px
FOUND_OR_TABLE,"NSO / Нийгэм, хөгжил / Жендэр",DT_NSO_3800_007V3.px,"СҮҮЛИЙН 12 САРД ХАМТРАГЧИЙН ХҮЧИРХИЙЛЭЛД ӨРТСӨН ЭМЭГТЭЙЧҮҮД, хүчирхийллийн хэлбэр, бүс, аймаг, нийслэлээр",t,https://data.1212.mn/api/v1/mn/NSO/Society%2C%20development/Gender/DT_NSO_3800_007V3.px
FOUND_OR_TABLE,"NSO / Нийгэм, хөгжил / Жендэр",DT_NSO_3800_008V1.px,"СҮҮЛИЙН 12 САРД ХАМТРАГЧИЙН ХҮЧИРХИЙЛЭЛД ӨРТСӨН ЭМЭГТЭЙЧҮҮД, хүчирхийллийн хэлбэр, насны бүлгээр",t,https://data.1212.mn/api/v1/mn/NSO/Society%2C%20development/Gender/DT_NSO_3800_008V1.px
FOUND_OR_TABLE,"NSO / Нийгэм, хөгжил / Жендэр",DT_NSO_3800_008V2.px,"СҮҮЛИЙН 12 САРД ХАМТРАГЧИЙН ХҮЧИРХИЙЛЭЛД ӨРТСӨН ЭМЭГТЭЙЧҮҮД, хүчирхийллийн хэлбэр, боловсролын түвшнээр",t,https://data.1212.mn/api/v1/mn/NSO/Society%2C%20development/Gender/DT_NSO_3800_008V2.px
FOUND_OR_TABLE,"NSO / Нийгэм, хөгжил / Мянганы хөгжлийн зорилтын шалгуур үзүүлэлтүүд",DT_NSO_2800_001V1.px,ЯДУУРЛЫН ТҮВШИН,t,https://data.1212.mn/api/v1/mn/NSO/Society%2C%20development/Millennium%20Development%20Goals%20Indicators/DT_NSO_2800_001V1.px
FOUND_OR_TABLE,"NSO / Нийгэм, хөгжил / Мянганы хөгжлийн зорилтын шалгуур үзүүлэлтүүд",DT_NSO_2800_002V1.px,"ЯДУУРЛЫН ТҮВШИН, бүсээр",t,https://data.1212.mn/api/v1/mn/NSO/Society%2C%20development/Millennium%20Development%20Goals%20Indicators/DT_NSO_2800_002V1.px
FOUND_OR_TABLE,"NSO / Нийгэм, хөгжил / Мянганы хөгжлийн зорилтын шалгуур үзүүлэлтүүд",DT_NSO_2800_003V1.px,"ЯДУУРЛЫН ГҮНЗГИЙРЭЛТ, хот, хөдөө, суурьшлаар",t,https://data.1212.mn/api/v1/mn/NSO/Society%2C%20development/Millennium%20Development%20Goals%20Indicators/DT_NSO_2800_003V1.px
FOUND_OR_TABLE,"NSO / Нийгэм, хөгжил / Мянганы хөгжлийн зорилтын шалгуур үзүүлэлтүүд",DT_NSO_2800_004V1.px,"ЯДУУРЛЫН ГҮНЗГИЙРЭЛТ, бүсээр",t,https://data.1212.mn/api/v1/mn/NSO/Society%2C%20development/Millennium%20Development%20Goals%20Indicators/DT_NSO_2800_004V1.px
FOUND_OR_TABLE,"NSO / Нийгэм, хөгжил / Мянганы хөгжлийн зорилтын шалгуур үзүүлэлтүүд",DT_NSO_2800_005V1.px,YНДЭСНИЙ НИЙТ ХЭРЭГЛЭЭНД ХАМГИЙН БАГА ХЭРЭГЛЭЭТЭЙ ХҮН АМЫН ХЭРЭГЛЭЭНИЙ ЭЗЛЭХ ХУВИЙН ЖИН,t,https://data.1212.mn/api/v1/mn/NSO/Society%2C%20development/Millennium%20Development%20Goals%20Indicators/DT_NSO_2800_005V1.px
FOUND_OR_TABLE,"NSO / Нийгэм, хөгжил / Мянганы хөгжлийн зорилтын шалгуур үзүүлэлтүүд",DT_NSO_2800_006V1.px,НЭГ ХҮНД НОГДОХ ДОТООДЫН НИЙТ БҮТЭЭГДЭХҮҮН,t,https://data.1212.mn/api/v1/mn/NSO/Society%2C%20development/Millennium%20Development%20Goals%20Indicators/DT_NSO_2800_006V1.px
FOUND_OR_TABLE,"NSO / Нийгэм, хөгжил / Мянганы хөгжлийн зорилтын шалгуур үзүүлэлтүүд",DT_NSO_2800_007V1.px,"АЖИЛЛАХ ХҮЧНИЙ ОРОЛЦООНЫ ТҮВШИН, аймаг, нийслэлээр",t,https://data.1212.mn/api/v1/mn/NSO/Society%2C%20development/Millennium%20Development%20Goals%20Indicators/DT_NSO_2800_007V1.px
FOUND_OR_TABLE,"NSO / Нийгэм, хөгжил / Мянганы хөгжлийн зорилтын шалгуур үзүүлэлтүүд",DT_NSO_2800_008V1.px,"15-24 НАСНЫ ЗАЛУУЧУУДЫН АЖИЛГҮЙДЛИЙН ТҮВШИН, аймаг, нийслэлээр",t,https://data.1212.mn/api/v1/mn/NSO/Society%2C%20development/Millennium%20Development%20Goals%20Indicators/DT_NSO_2800_008V1.px
FOUND_OR_TABLE,"NSO / Нийгэм, хөгжил / Мянганы хөгжлийн зорилтын шалгуур үзүүлэлтүүд",DT_NSO_2800_009V1.px,"БАГА БОЛОВСРОЛЫН ХАМРАН СУРГАЛТЫН ЦЭВЭР ЖИН, аймаг, нийслэлээр, хувь",t,https://data.1212.mn/api/v1/mn/NSO/Society%2C%20development/Millennium%20Development%20Goals%20Indicators/DT_NSO_2800_009V1.px
FOUND_OR_TABLE,"NSO / Нийгэм, хөгжил / Мянганы хөгжлийн зорилтын шалгуур үзүүлэлтүүд",DT_NSO_2800_010V1.px,"НЭГДҮГЭЭР АНГИД ЭЛСЭН ОРООД 5 ДУГААР АНГИ ХҮРТЭЛ СУРАЛЦАГДЫН ХУВЬ, аймаг, нийслэлээр",t,https://data.1212.mn/api/v1/mn/NSO/Society%2C%20development/Millennium%20Development%20Goals%20Indicators/DT_NSO_2800_010V1.px
FOUND_OR_TABLE,"NSO / Нийгэм, хөгжил / Мянганы хөгжлийн зорилтын шалгуур үзүүлэлтүүд",DT_NSO_2800_011V1.px,"15-24 НАСНЫ ЗАЛУУЧУУДЫН БИЧИГ ҮСЭГ ТАЙЛАГДАЛТЫН ХУВЬ, аймаг, нийслэлээр",t,https://data.1212.mn/api/v1/mn/NSO/Society%2C%20development/Millennium%20Development%20Goals%20Indicators/DT_NSO_2800_011V1.px
FOUND_OR_TABLE,"NSO / Нийгэм, хөгжил / Мянганы хөгжлийн зорилтын шалгуур үзүүлэлтүүд",DT_NSO_2800_012V1.px,"БАГА БОЛОВСРОЛ ЭЗЭМШИЖ БАЙГАА ОХИД, ХӨВГҮҮДИЙН ХАРЬЦАА, аймаг, нийслэлээр",t,https://data.1212.mn/api/v1/mn/NSO/Society%2C%20development/Millennium%20Development%20Goals%20Indicators/DT_NSO_2800_012V1.px
FOUND_OR_TABLE,"NSO / Нийгэм, хөгжил / Мянганы хөгжлийн зорилтын шалгуур үзүүлэлтүүд",DT_NSO_2800_013V1.px,"ЕРӨНХИЙ БОЛОВСРОЛ ЭЗЭМШИЖ БАЙГАА ОХИД, ХӨВГҮҮДИЙН ХАРЬЦАА, аймаг, нийслэлээр",t,https://data.1212.mn/api/v1/mn/NSO/Society%2C%20development/Millennium%20Development%20Goals%20Indicators/DT_NSO_2800_013V1.px
FOUND_OR_TABLE,"NSO / Нийгэм, хөгжил / Мянганы хөгжлийн зорилтын шалгуур үзүүлэлтүүд",DT_NSO_2800_014V1.px,"ДЭЭД БОЛОВСРОЛ ЭЗЭМШИЖ БАЙГАА ЭМЭГТЭЙ, ЭРЭГТЭЙЧҮҮДИЙН ТООНЫ ХАРЬЦАА, аймаг, нийслэлээр",t,https://data.1212.mn/api/v1/mn/NSO/Society%2C%20development/Millennium%20Development%20Goals%20Indicators/DT_NSO_2800_014V1.px
FOUND_OR_TABLE,"NSO / Нийгэм, хөгжил / Мянганы хөгжлийн зорилтын шалгуур үзүүлэлтүүд",DT_NSO_2800_015V1.px,"ХӨДӨӨ АЖ АХУЙН БУС САЛБАРТ ЦАЛИНТАЙ АЖИЛЛАГЧ ЭМЭГТЭЙЧҮҮДИЙН ХУВИЙН ЖИН, аймаг, нийслэлээр",t,https://data.1212.mn/api/v1/mn/NSO/Society%2C%20development/Millennium%20Development%20Goals%20Indicators/DT_NSO_2800_015V1.px
FOUND_OR_TABLE,"NSO / Нийгэм, хөгжил / Мянганы хөгжлийн зорилтын шалгуур үзүүлэлтүүд",DT_NSO_2800_016V1.px,УЛСЫН ИХ ХУРАЛД СОНГОГДСОН ЭМЭГТЭЙЧҮҮДИЙН ЭЗЛЭХ ХУВЬ,t,https://data.1212.mn/api/v1/mn/NSO/Society%2C%20development/Millennium%20Development%20Goals%20Indicators/DT_NSO_2800_016V1.px
FOUND_OR_TABLE,"NSO / Нийгэм, хөгжил / Мянганы хөгжлийн зорилтын шалгуур үзүүлэлтүүд",DT_NSO_2800_017V1.px,УЛСЫН ИХ ХУРАЛД НЭР ДЭВШСЭН ЭМЭГТЭЙЧҮҮДИЙН ЭЗЛЭХ ХУВЬ,t,https://data.1212.mn/api/v1/mn/NSO/Society%2C%20development/Millennium%20Development%20Goals%20Indicators/DT_NSO_2800_017V1.px
FOUND_OR_TABLE,"NSO / Нийгэм, хөгжил / Мянганы хөгжлийн зорилтын шалгуур үзүүлэлтүүд",DT_NSO_2800_018V1.px,"ТАВ ХҮРТЭЛХ НАСНЫ ХҮҮХДИЙН ЭНДЭГДЛИЙН ТҮВШИН, 1000 амьд төрөлтөд ногдох, жилийн эцсийн байдлаар",t,https://data.1212.mn/api/v1/mn/NSO/Society%2C%20development/Millennium%20Development%20Goals%20Indicators/DT_NSO_2800_018V1.px
FOUND_OR_TABLE,"NSO / Нийгэм, хөгжил / Мянганы хөгжлийн зорилтын шалгуур үзүүлэлтүүд",DT_NSO_2800_019V1.px,1000 АМЬД ТӨРӨЛТӨД НОГДОХ НЯЛХСЫН ЭНДЭГДЛИЙН ТҮВШИН,t,https://data.1212.mn/api/v1/mn/NSO/Society%2C%20development/Millennium%20Development%20Goals%20Indicators/DT_NSO_2800_019V1.px
FOUND_OR_TABLE,"NSO / Нийгэм, хөгжил / Мянганы хөгжлийн зорилтын шалгуур үзүүлэлтүүд",DT_NSO_2800_020V1.px,УЛААН БУРХАНЫ ЭСРЭГ ВАКЦИНЖУУЛАЛТАД ХАМРАГДСАН НЭГ ХҮРТЭЛХ НАСНЫ ХҮҮХДИЙН ХУВИЙН ЖИН,t,https://data.1212.mn/api/v1/mn/NSO/Society%2C%20development/Millennium%20Development%20Goals%20Indicators/DT_NSO_2800_020V1.px
FOUND_OR_TABLE,"NSO / Нийгэм, хөгжил / Мянганы хөгжлийн зорилтын шалгуур үзүүлэлтүүд",DT_NSO_2800_021V1.px,"ЭХИЙН ЭНДЭГДЛИЙН ТҮВШИН, (100000 амьд төрөлтөд ногдох)аймаг, нийслэлээр",t,https://data.1212.mn/api/v1/mn/NSO/Society%2C%20development/Millennium%20Development%20Goals%20Indicators/DT_NSO_2800_021V1.px
FOUND_OR_TABLE,"NSO / Нийгэм, хөгжил / Мянганы хөгжлийн зорилтын шалгуур үзүүлэлтүүд",DT_NSO_2800_022V1.px,"ЭРҮҮЛ МЭНДИЙН МЭРГЭЖЛИЙН АЖИЛТНЫ ЭХ БАРЬСАН ТӨРӨЛТИЙН ХУВЬ, аймаг, нийслэлээр",t,https://data.1212.mn/api/v1/mn/NSO/Society%2C%20development/Millennium%20Development%20Goals%20Indicators/DT_NSO_2800_022V1.px
FOUND_OR_TABLE,"NSO / Нийгэм, хөгжил / Мянганы хөгжлийн зорилтын шалгуур үзүүлэлтүүд",DT_NSO_2800_023V1.px,ЖИРЭМСЭН ЭМЭГТЭЙЧҮҮДИЙН ДУНД ХДХВ ӨВЧНИЙ ТАРХАЛТ,t,https://data.1212.mn/api/v1/mn/NSO/Society%2C%20development/Millennium%20Development%20Goals%20Indicators/DT_NSO_2800_023V1.px
FOUND_OR_TABLE,"NSO / Нийгэм, хөгжил / Мянганы хөгжлийн зорилтын шалгуур үзүүлэлтүүд",DT_NSO_2800_024V1.px,15-24 НАСНЫ ЗАЛУУЧУУДЫН ДУНДАХЬ ХДХВ-ЫН ХАЛДВАРЫН ТАРХАЛТ,t,https://data.1212.mn/api/v1/mn/NSO/Society%2C%20development/Millennium%20Development%20Goals%20Indicators/DT_NSO_2800_024V1.px
FOUND_OR_TABLE,"NSO / Нийгэм, хөгжил / Мянганы хөгжлийн зорилтын шалгуур үзүүлэлтүүд",DT_NSO_2800_025V1.px,"100000 ХҮНД НОГДОХ СҮРЬЕЭ ӨВЧНИЙ ТАРХАЛТЫН ТҮВШИН, аймаг, нийслэлээр",t,https://data.1212.mn/api/v1/mn/NSO/Society%2C%20development/Millennium%20Development%20Goals%20Indicators/DT_NSO_2800_025V1.px
FOUND_OR_TABLE,"NSO / Нийгэм, хөгжил / Мянганы хөгжлийн зорилтын шалгуур үзүүлэлтүүд",DT_NSO_2800_026V1.px,"100000 ХҮНД НОГДОХ СҮРЬЕЭГИЙН ӨВЧЛӨЛИЙН ТҮВШИН, аймаг, нийслэлээр",t,https://data.1212.mn/api/v1/mn/NSO/Society%2C%20development/Millennium%20Development%20Goals%20Indicators/DT_NSO_2800_026V1.px
FOUND_OR_TABLE,"NSO / Нийгэм, хөгжил / Мянганы хөгжлийн зорилтын шалгуур үзүүлэлтүүд",DT_NSO_2800_027V1.px,"100000 ХҮНД НОГДОХ СҮРЬЕЭГЭЭС ШАЛТГААЛСАН НАС БАРАЛТ, аймаг, нийслэлээр",t,https://data.1212.mn/api/v1/mn/NSO/Society%2C%20development/Millennium%20Development%20Goals%20Indicators/DT_NSO_2800_027V1.px
FOUND_OR_TABLE,"NSO / Нийгэм, хөгжил / Мянганы хөгжлийн зорилтын шалгуур үзүүлэлтүүд",DT_NSO_2800_028V1.px,"СҮРЬЕЭ ӨВЧНӨӨР ОНОШЛОГДОЖ БОГИНО ХУГАЦААНЫ ШУУД ЭМЧИЛГЭЭГЭЭР ЭДГЭРСЭН ТОХИОЛДЛЫН ХУВИЙН ЖИН, аймаг, нийслэлээр",t,https://data.1212.mn/api/v1/mn/NSO/Society%2C%20development/Millennium%20Development%20Goals%20Indicators/DT_NSO_2800_028V1.px
FOUND_OR_TABLE,"NSO / Нийгэм, хөгжил / Мянганы хөгжлийн зорилтын шалгуур үзүүлэлтүүд",DT_NSO_2800_029V1.px,"ОЙТ НУТГИЙН ЭЗЛЭХ ХУВЬ, аймаг, нийслэлээр",t,https://data.1212.mn/api/v1/mn/NSO/Society%2C%20development/Millennium%20Development%20Goals%20Indicators/DT_NSO_2800_029V1.px
FOUND_OR_TABLE,"NSO / Нийгэм, хөгжил / Мянганы хөгжлийн зорилтын шалгуур үзүүлэлтүүд",DT_NSO_2800_030V1.px,"ТУСГАЙ ХАМГААЛАЛТАД АВСАН ГАЗАР НУТГИЙН ЭЗЛЭХ ХУВЬ, аймаг, нийслэлээр",t,https://data.1212.mn/api/v1/mn/NSO/Society%2C%20development/Millennium%20Development%20Goals%20Indicators/DT_NSO_2800_030V1.px
FOUND_OR_TABLE,"NSO / Нийгэм, хөгжил / Мянганы хөгжлийн зорилтын шалгуур үзүүлэлтүүд",DT_NSO_2800_031V1.px,"НЭГ ХҮНД НОГДОХ НҮҮРСХҮЧЛИЙН ДАВХАР ИСЛИЙН ЯЛГАРАЛТ, тонн/хүн",t,https://data.1212.mn/api/v1/mn/NSO/Society%2C%20development/Millennium%20Development%20Goals%20Indicators/DT_NSO_2800_031V1.px
FOUND_OR_TABLE,"NSO / Нийгэм, хөгжил / Мянганы хөгжлийн зорилтын шалгуур үзүүлэлтүүд",DT_NSO_2800_032V1.px,"УЛААНБААТАР ХОТЫН АГААР ДАХЬ АЗОТЫН ДАВХАР ИСЛИЙН ӨВЛИЙН ХОНОГИЙН ДУНДАЖ АГУУЛАМЖ, мкг/м3",t,https://data.1212.mn/api/v1/mn/NSO/Society%2C%20development/Millennium%20Development%20Goals%20Indicators/DT_NSO_2800_032V1.px
FOUND_OR_TABLE,"NSO / Нийгэм, хөгжил / Мянганы хөгжлийн зорилтын шалгуур үзүүлэлтүүд",DT_NSO_2800_033V1.px,"УЛААНБААТАР ХОТЫН АГААР ДАХЬ ХҮХЭРЛЭГ ХИЙН ӨВЛИЙН ДУНДАЖ АГУУЛАМЖ, мкг/м3",t,https://data.1212.mn/api/v1/mn/NSO/Society%2C%20development/Millennium%20Development%20Goals%20Indicators/DT_NSO_2800_033V1.px
FOUND_OR_TABLE,"NSO / Нийгэм, хөгжил / Мянганы хөгжлийн зорилтын шалгуур үзүүлэлтүүд",DT_NSO_2800_034V1.px,ХАМГААЛАЛТАД АВСАН ГОЛ МӨРНИЙ УСНЫ УРСАЦ БҮРЭЛДЭХ УНДАРГЫН ЭХИЙН ЭЗЛЭХ ХУВЬ,t,https://data.1212.mn/api/v1/mn/NSO/Society%2C%20development/Millennium%20Development%20Goals%20Indicators/DT_NSO_2800_034V1.px
FOUND_OR_TABLE,"NSO / Нийгэм, хөгжил / Мянганы хөгжлийн зорилтын шалгуур үзүүлэлтүүд",DT_NSO_2800_035V1.px,"ХАМГААЛАЛТ БАРЬЖ ТОХИЖУУЛСАН УСНЫ ЭХ ҮҮСВЭР, БУЛАГ ШАНДЫН ЭХИЙН ТОО",t,https://data.1212.mn/api/v1/mn/NSO/Society%2C%20development/Millennium%20Development%20Goals%20Indicators/DT_NSO_2800_035V1.px
FOUND_OR_TABLE,"NSO / Нийгэм, хөгжил / Мянганы хөгжлийн зорилтын шалгуур үзүүлэлтүүд",DT_NSO_2800_036V1.px,"БАТАЛГААТ УНДНЫ УСНЫ ХАНГАМЖГҮЙ ХҮН АМЫН ЭЗЛЭХ ХУВЬ, аймаг, нийслэлээр",t,https://data.1212.mn/api/v1/mn/NSO/Society%2C%20development/Millennium%20Development%20Goals%20Indicators/DT_NSO_2800_036V1.px
FOUND_OR_TABLE,"NSO / Нийгэм, хөгжил / Мянганы хөгжлийн зорилтын шалгуур үзүүлэлтүүд",DT_NSO_2800_037V1.px,"САЙЖРУУЛСАН АРИУН ЦЭВРИЙН БАЙГУУЛАМЖИД ХАМРАГДААГҮЙ ХҮН АМЫН ЭЗЛЭХ ХУВЬ, аймаг, нийслэлээр",t,https://data.1212.mn/api/v1/mn/NSO/Society%2C%20development/Millennium%20Development%20Goals%20Indicators/DT_NSO_2800_037V1.px
FOUND_OR_TABLE,"NSO / Нийгэм, хөгжил / Мянганы хөгжлийн зорилтын шалгуур үзүүлэлтүүд",DT_NSO_2800_038V1.px,"ИНЖЕНЕРИЙН ШУГАМ СҮЛЖЭЭТЭЙ ОРОН СУУЦАНД АМЬДАРЧ БАЙГАА ХҮН АМЫН ЭЗЛЭХ ХУВЬ, аймаг, нийслэлээр",t,https://data.1212.mn/api/v1/mn/NSO/Society%2C%20development/Millennium%20Development%20Goals%20Indicators/DT_NSO_2800_038V1.px
FOUND_OR_TABLE,"NSO / Нийгэм, хөгжил / Мянганы хөгжлийн зорилтын шалгуур үзүүлэлтүүд",DT_NSO_2800_039V1.px,ХУДАЛДААНЫ ХҮЧИН ЧАДЛЫГ БИЙ БОЛГОХОД ТУСЛАХААР ҮЗҮҮЛСЭН ХӨГЖЛИЙН АЛБАН ЁСНЫ ТУСЛАМЖИЙН ЭЗЛЭХ ХУВЬ,t,https://data.1212.mn/api/v1/mn/NSO/Society%2C%20development/Millennium%20Development%20Goals%20Indicators/DT_NSO_2800_039V1.px
FOUND_OR_TABLE,"NSO / Нийгэм, хөгжил / Мянганы хөгжлийн зорилтын шалгуур үзүүлэлтүүд",DT_NSO_2800_040V1.px,НИЙГМИЙН СУУРЬ ҮЙЛЧИЛГЭЭНД ҮЗҮҮЛСЭН ХӨГЖЛИЙН АЛБАН ЁСНЫ ТУСЛАМЖИЙН ЭЗЛЭХ ХУВЬ,t,https://data.1212.mn/api/v1/mn/NSO/Society%2C%20development/Millennium%20Development%20Goals%20Indicators/DT_NSO_2800_040V1.px
FOUND_OR_TABLE,"NSO / Нийгэм, хөгжил / Мянганы хөгжлийн зорилтын шалгуур үзүүлэлтүүд",DT_NSO_2800_041V1.px,ДОТООДЫН НИЙТ БҮТЭЭГДЭХҮҮНД БАРАА ҮЙЛЧИЛГЭЭНИЙ ЭКСПОРТЫН ЭЗЛЭХ ХУВЬ,t,https://data.1212.mn/api/v1/mn/NSO/Society%2C%20development/Millennium%20Development%20Goals%20Indicators/DT_NSO_2800_041V1.px
FOUND_OR_TABLE,"NSO / Нийгэм, хөгжил / Мянганы хөгжлийн зорилтын шалгуур үзүүлэлтүүд",DT_NSO_2800_042V1.px,"САНХҮҮГИЙН ГҮНЗГИЙРЭЛ: ДОТООДЫН НИЙТ БҮТЭЭГДЭХҮҮН, НИЙТ МӨНГӨНИЙ ХАРЬЦАА",t,https://data.1212.mn/api/v1/mn/NSO/Society%2C%20development/Millennium%20Development%20Goals%20Indicators/DT_NSO_2800_042V1.px
FOUND_OR_TABLE,"NSO / Нийгэм, хөгжил / Мянганы хөгжлийн зорилтын шалгуур үзүүлэлтүүд",DT_NSO_2800_043V1.px,YНДЭСНИЙ НИЙТ ОРЛОГОД ХӨГЖЛИЙН АЛБАН ЁСНЫ ТУСЛАМЖИЙН ЭЗЛЭХ ХУВЬ,t,https://data.1212.mn/api/v1/mn/NSO/Society%2C%20development/Millennium%20Development%20Goals%20Indicators/DT_NSO_2800_043V1.px
FOUND_OR_TABLE,"NSO / Нийгэм, хөгжил / Мянганы хөгжлийн зорилтын шалгуур үзүүлэлтүүд",DT_NSO_2800_044V1.px,ТӨМӨР ЗАМЫН АЧАА ТЭЭВЭРЛЭЛТЭД ДАМЖИН ӨНГӨРӨХ АЧААНЫ ЭЗЛЭХ ХУВЬ,t,https://data.1212.mn/api/v1/mn/NSO/Society%2C%20development/Millennium%20Development%20Goals%20Indicators/DT_NSO_2800_044V1.px
FOUND_OR_TABLE,"NSO / Нийгэм, хөгжил / Мянганы хөгжлийн зорилтын шалгуур үзүүлэлтүүд",DT_NSO_2800_045V1.px,ДОТООДЫН НИЙТ БҮТЭЭГДЭХҮҮНД ЗАСГИЙН ГАЗРЫН ГАДААД ӨРИЙН ЭЗЛЭХ ХУВЬ,t,https://data.1212.mn/api/v1/mn/NSO/Society%2C%20development/Millennium%20Development%20Goals%20Indicators/DT_NSO_2800_045V1.px
FOUND_OR_TABLE,"NSO / Нийгэм, хөгжил / Мянганы хөгжлийн зорилтын шалгуур үзүүлэлтүүд",DT_NSO_2800_046V1.px,ЭКСПОРТОД ЗАСГИЙН ГАЗРЫН ГАДААД ӨРИЙН ЭЗЛЭХ ХУВЬ,t,https://data.1212.mn/api/v1/mn/NSO/Society%2C%20development/Millennium%20Development%20Goals%20Indicators/DT_NSO_2800_046V1.px
FOUND_OR_TABLE,"NSO / Нийгэм, хөгжил / Мянганы хөгжлийн зорилтын шалгуур үзүүлэлтүүд",DT_NSO_2800_047V1.px,ЗАСГИЙН ГАЗРЫН ОРЛОГОД ГАДААД ӨРИЙН ЭЗЛЭХ ХУВЬ,t,https://data.1212.mn/api/v1/mn/NSO/Society%2C%20development/Millennium%20Development%20Goals%20Indicators/DT_NSO_2800_047V1.px
FOUND_OR_TABLE,"NSO / Нийгэм, хөгжил / Мянганы хөгжлийн зорилтын шалгуур үзүүлэлтүүд",DT_NSO_2800_048V1.px,ЭКСПОРТОД ЗАСГИЙН ГАЗРЫН ГАДААД ӨРИЙН ҮЙЛЧИЛГЭЭНИЙ ЭЗЛЭХ ХУВЬ,t,https://data.1212.mn/api/v1/mn/NSO/Society%2C%20development/Millennium%20Development%20Goals%20Indicators/DT_NSO_2800_048V1.px
FOUND_OR_TABLE,"NSO / Нийгэм, хөгжил / Мянганы хөгжлийн зорилтын шалгуур үзүүлэлтүүд",DT_NSO_2800_049V1.px,ЗАСГИЙН ГАЗРЫН ОРЛОГОД ГАДААД ӨРИЙН ҮЙЛЧИЛГЭЭНИЙ ЭЗЛЭХ ХУВЬ,t,https://data.1212.mn/api/v1/mn/NSO/Society%2C%20development/Millennium%20Development%20Goals%20Indicators/DT_NSO_2800_049V1.px
FOUND_OR_TABLE,"NSO / Нийгэм, хөгжил / Мянганы хөгжлийн зорилтын шалгуур үзүүлэлтүүд",DT_NSO_2800_050V1.px,1000 ХҮНД НОГДОХ СУУРИН УТАСНЫ ЦЭГИЙН ТОО,t,https://data.1212.mn/api/v1/mn/NSO/Society%2C%20development/Millennium%20Development%20Goals%20Indicators/DT_NSO_2800_050V1.px
FOUND_OR_TABLE,"NSO / Нийгэм, хөгжил / Мянганы хөгжлийн зорилтын шалгуур үзүүлэлтүүд",DT_NSO_2800_051V1.px,1000 ХҮНД НОГДОХ ИНТЕРНЕТ БАЙНГЫН ХЭРЭГЛЭГЧДИЙН ТОО,t,https://data.1212.mn/api/v1/mn/NSO/Society%2C%20development/Millennium%20Development%20Goals%20Indicators/DT_NSO_2800_051V1.px
FOUND_OR_TABLE,"NSO / Нийгэм, хөгжил / Мянганы хөгжлийн зорилтын шалгуур үзүүлэлтүүд",DT_NSO_2800_052V1.px,1000 ХҮНД НОГДОХ ҮҮРЭН ТЕЛЕФОН ХЭРЭГЛЭГЧДИЙН ТОО,t,https://data.1212.mn/api/v1/mn/NSO/Society%2C%20development/Millennium%20Development%20Goals%20Indicators/DT_NSO_2800_052V1.px
FOUND_OR_TABLE,"NSO / Нийгэм, хөгжил / Мянганы хөгжлийн зорилтын шалгуур үзүүлэлтүүд",DT_NSO_2800_053V1.px,"ХҮНИЙ ХӨГЖЛИЙН ИНДЕКС*, аймаг, нийслэлээр",t,https://data.1212.mn/api/v1/mn/NSO/Society%2C%20development/Millennium%20Development%20Goals%20Indicators/DT_NSO_2800_053V1.px
FOUND_OR_TABLE,"NSO / Нийгэм, хөгжил / Мянганы хөгжлийн зорилтын шалгуур үзүүлэлтүүд",DT_NSO_2800_054V1.px,ШҮҮХИЙН ШИЙДВЭР ГҮЙЦЭТГЭЛИЙН БОДИТ БИЕЛЭЛТ,t,https://data.1212.mn/api/v1/mn/NSO/Society%2C%20development/Millennium%20Development%20Goals%20Indicators/DT_NSO_2800_054V1.px
FOUND_OR_TABLE,"NSO / Нийгэм, хөгжил / Мянганы хөгжлийн зорилтын шалгуур үзүүлэлтүүд",DT_NSO_2800_055V1.px,ТӨЛБӨРИЙН ЧАДВАРГҮЙ ИРГЭДЭД ҮЙЛЧИЛГЭЭ ҮЗҮҮЛЖ БУЙ ӨМГӨӨЛӨГЧДИЙН ТОО,t,https://data.1212.mn/api/v1/mn/NSO/Society%2C%20development/Millennium%20Development%20Goals%20Indicators/DT_NSO_2800_055V1.px
FOUND_OR_TABLE,"NSO / Нийгэм, хөгжил / Мянганы хөгжлийн зорилтын шалгуур үзүүлэлтүүд",DT_NSO_2800_056V1.px,"ТӨСӨВ, ТҮҮНИЙ ЗАРЦУУЛАЛТЫН ТАЙЛАНГ ВЭБ ХУУДСАНДАА ТОГТМОЛ БАЙРЛУУЛДАГ ТӨРИЙН БАЙГУУЛЛАГЫН ТОО",t,https://data.1212.mn/api/v1/mn/NSO/Society%2C%20development/Millennium%20Development%20Goals%20Indicators/DT_NSO_2800_056V1.px
FOUND_OR_TABLE,"NSO / Нийгэм, хөгжил / Мянганы хөгжлийн зорилтын шалгуур үзүүлэлтүүд",DT_NSO_2800_057V1.px,"УЛСЫН ТӨСВИЙН ТӨСЛИЙГ БОЛОВСРУУЛАХ, БАТЛАХ ҮЕД САНАЛАА АЛБАН ЁСООР ИРҮҮЛСЭН ИРГЭНИЙ НИЙГМИЙН БАЙГУУЛЛАГЫН ТОО",t,https://data.1212.mn/api/v1/mn/NSO/Society%2C%20development/Millennium%20Development%20Goals%20Indicators/DT_NSO_2800_057V1.px
FOUND_OR_TABLE,"NSO / Нийгэм, хөгжил / Мянганы хөгжлийн зорилтын шалгуур үзүүлэлтүүд",DT_NSO_2800_058V1.px,"АВЛИГЫН ИНДЕКС, аймаг, нийслэлээр",t,https://data.1212.mn/api/v1/mn/NSO/Society%2C%20development/Millennium%20Development%20Goals%20Indicators/DT_NSO_2800_058V1.px
FOUND_OR_TABLE,"NSO / Нийгэм, хөгжил / Мянганы хөгжлийн зорилтын шалгуур үзүүлэлтүүд",DT_NSO_2800_059V1.px,"УЛС ТӨР, ХУУЛЬ, ХЯНАЛТЫН БАЙГУУЛЛАГЫН ХҮРЭЭН ДЭХ АВЛИГЫН ТАЛААРХ ТӨСӨӨЛӨЛ",t,https://data.1212.mn/api/v1/mn/NSO/Society%2C%20development/Millennium%20Development%20Goals%20Indicators/DT_NSO_2800_059V1.px
FOUND_OR_TABLE,"NSO / Нийгэм, хөгжил / Мянганы хөгжлийн зорилтын шалгуур үзүүлэлтүүд",DT_NSO_2800_060V1.px,"5 ХҮРТЭЛХ НАСНЫ ТУРААЛТАЙ ХҮҮХДИЙН ЭЗЛЭХ ХУВЬ, хот, хөдөөгөөр",t,https://data.1212.mn/api/v1/mn/NSO/Society%2C%20development/Millennium%20Development%20Goals%20Indicators/DT_NSO_2800_060V1.px
FOUND_OR_TABLE,"NSO / Нийгэм, хөгжил / Мянганы хөгжлийн зорилтын шалгуур үзүүлэлтүүд",DT_NSO_2800_061V1.px,DIAL-1 Үйлдвэрчний эвлэлийн нягтралын түвшин,t,https://data.1212.mn/api/v1/mn/NSO/Society%2C%20development/Millennium%20Development%20Goals%20Indicators/DT_NSO_2800_061V1.px
FOUND_OR_TABLE,"NSO / Нийгэм, хөгжил / Мянганы хөгжлийн зорилтын шалгуур үзүүлэлтүүд",DT_NSO_2800_061V2.px,ЖИРЭМСЛЭХЭЭС СЭРГИЙЛЭХ АРГА ХЭРЭГСЛИЙН ХЭРЭГЛЭЭ,t,https://data.1212.mn/api/v1/mn/NSO/Society%2C%20development/Millennium%20Development%20Goals%20Indicators/DT_NSO_2800_061V2.px
FOUND_OR_TABLE,"NSO / Нийгэм, хөгжил / Мянганы хөгжлийн зорилтын шалгуур үзүүлэлтүүд",DT_NSO_2800_062V1.px,"5 ХҮРТЭЛХ НАСНЫ ТУРААЛТАЙ ХҮҮХДИЙН ЭЗЛЭХ ХУВЬ, насны бүлгээр",t,https://data.1212.mn/api/v1/mn/NSO/Society%2C%20development/Millennium%20Development%20Goals%20Indicators/DT_NSO_2800_062V1.px
FOUND_OR_TABLE,"NSO / Нийгэм, хөгжил / Мянганы хөгжлийн зорилтын шалгуур үзүүлэлтүүд",DT_NSO_2800_063V1.px,"5 ХҮРТЭЛХ НАСНЫ ТУРААЛТАЙ ХҮҮХДИЙН ЭЗЛЭХ ХУВЬ, бүсээр",t,https://data.1212.mn/api/v1/mn/NSO/Society%2C%20development/Millennium%20Development%20Goals%20Indicators/DT_NSO_2800_063V1.px
FOUND_OR_TABLE,"NSO / Нийгэм, хөгжил / Мянганы хөгжлийн зорилтын шалгуур үзүүлэлтүүд",DT_NSO_2800_064V1.px,"5 ХҮРТЭЛХ НАСНЫ ТУРААЛТАЙ ХҮҮХДИЙН ЭЗЛЭХ ХУВЬ, суурьшлаар",t,https://data.1212.mn/api/v1/mn/NSO/Society%2C%20development/Millennium%20Development%20Goals%20Indicators/DT_NSO_2800_064V1.px
FOUND_OR_TABLE,"NSO / Нийгэм, хөгжил / Мянганы хөгжлийн зорилтын шалгуур үзүүлэлтүүд",DT_NSO_2800_065V1.px,"5 ХҮРТЭЛХ НАСНЫ ТУРААЛТАЙ ХҮҮХДИЙН ЭЗЛЭХ ХУВЬ, эхийн боловсролын түвшнээр",t,https://data.1212.mn/api/v1/mn/NSO/Society%2C%20development/Millennium%20Development%20Goals%20Indicators/DT_NSO_2800_065V1.px
FOUND_OR_TABLE,"NSO / Нийгэм, хөгжил / Мянганы хөгжлийн зорилтын шалгуур үзүүлэлтүүд",DT_NSO_2800_066V1.px,"5 ХҮРТЭЛХ НАСНЫ ТУРААЛТАЙ ХҮҮХДИЙН ЭЗЛЭХ ХУВЬ, аж байдлын түвшний 5 тэнцүү бүлгээр",t,https://data.1212.mn/api/v1/mn/NSO/Society%2C%20development/Millennium%20Development%20Goals%20Indicators/DT_NSO_2800_066V1.px
FOUND_OR_TABLE,"NSO / Нийгэм, хөгжил / Мянганы хөгжлийн зорилтын шалгуур үзүүлэлтүүд",DT_NSO_2800_067V1.px,"5 ХҮРТЭЛХ НАСНЫ ӨСӨЛТИЙН ХОЦРОЛТТОЙ ХҮҮХДИЙН ЭЗЛЭХ ХУВЬ, хот, хөдөөгөөр",t,https://data.1212.mn/api/v1/mn/NSO/Society%2C%20development/Millennium%20Development%20Goals%20Indicators/DT_NSO_2800_067V1.px
FOUND_OR_TABLE,"NSO / Нийгэм, хөгжил / Мянганы хөгжлийн зорилтын шалгуур үзүүлэлтүүд",DT_NSO_2800_068V1.px,"5 ХҮРТЭЛХ НАСНЫ ӨСӨЛТИЙН ХОЦРОЛТТОЙ ХҮҮХДИЙН ЭЗЛЭХ ХУВЬ, хүйсээр",t,https://data.1212.mn/api/v1/mn/NSO/Society%2C%20development/Millennium%20Development%20Goals%20Indicators/DT_NSO_2800_068V1.px
FOUND_OR_TABLE,"NSO / Нийгэм, хөгжил / Мянганы хөгжлийн зорилтын шалгуур үзүүлэлтүүд",DT_NSO_2800_069V1.px,"5 ХҮРТЭЛХ НАСНЫ ӨСӨЛТИЙН ХОЦРОЛТТОЙ ХҮҮХДИЙН ЭЗЛЭХ ХУВЬ, насны бүлгээр",t,https://data.1212.mn/api/v1/mn/NSO/Society%2C%20development/Millennium%20Development%20Goals%20Indicators/DT_NSO_2800_069V1.px
FOUND_OR_TABLE,"NSO / Нийгэм, хөгжил / Мянганы хөгжлийн зорилтын шалгуур үзүүлэлтүүд",DT_NSO_2800_070V1.px,"5 ХҮРТЭЛХ НАСНЫ ӨСӨЛТИЙН ХОЦРОЛТТОЙ ХҮҮХДИЙН ЭЗЛЭХ ХУВЬ, бүсээр",t,https://data.1212.mn/api/v1/mn/NSO/Society%2C%20development/Millennium%20Development%20Goals%20Indicators/DT_NSO_2800_070V1.px
FOUND_OR_TABLE,"NSO / Нийгэм, хөгжил / Мянганы хөгжлийн зорилтын шалгуур үзүүлэлтүүд",DT_NSO_2800_071V1.px,"5 ХҮРТЭЛХ НАСНЫ ӨСӨЛТИЙН ХОЦРОЛТТОЙ ХҮҮХДИЙН ЭЗЛЭХ ХУВЬ, суурьшлаар",t,https://data.1212.mn/api/v1/mn/NSO/Society%2C%20development/Millennium%20Development%20Goals%20Indicators/DT_NSO_2800_071V1.px
FOUND_OR_TABLE,"NSO / Нийгэм, хөгжил / Мянганы хөгжлийн зорилтын шалгуур үзүүлэлтүүд",DT_NSO_2800_072V1.px,"5 ХҮРТЭЛХ НАСНЫ ӨСӨЛТИЙН ХОЦРОЛТТОЙ ХҮҮХДИЙН ЭЗЛЭХ ХУВЬ, эхийн боловсролын түвшнээр",t,https://data.1212.mn/api/v1/mn/NSO/Society%2C%20development/Millennium%20Development%20Goals%20Indicators/DT_NSO_2800_072V1.px
FOUND_OR_TABLE,"NSO / Нийгэм, хөгжил / Мянганы хөгжлийн зорилтын шалгуур үзүүлэлтүүд",DT_NSO_2800_073V1.px,"5 ХҮРТЭЛХ НАСНЫ ӨСӨЛТИЙН ХОЦРОЛТТОЙ ХҮҮХДИЙН ЭЗЛЭХ ХУВЬ, аж байдлын түвшний 5 тэнцүү бүлгээр",t,https://data.1212.mn/api/v1/mn/NSO/Society%2C%20development/Millennium%20Development%20Goals%20Indicators/DT_NSO_2800_073V1.px
FOUND_OR_TABLE,"NSO / Нийгэм, хөгжил / Мянганы хөгжлийн зорилтын шалгуур үзүүлэлтүүд",DT_NSO_2800_074V1.px,"5 ХҮРТЭЛХ НАСНЫ ТУРАНХАЙ ХҮҮХДИЙН ЭЗЛЭХ ХУВЬ, хот, хөдөөгөөр",t,https://data.1212.mn/api/v1/mn/NSO/Society%2C%20development/Millennium%20Development%20Goals%20Indicators/DT_NSO_2800_074V1.px
FOUND_OR_TABLE,"NSO / Нийгэм, хөгжил / Мянганы хөгжлийн зорилтын шалгуур үзүүлэлтүүд",DT_NSO_2800_075V1.px,"5 ХҮРТЭЛХ НАСНЫ ТУРАНХАЙ ХҮҮХДИЙН ЭЗЛЭХ ХУВЬ, хүйсээр",t,https://data.1212.mn/api/v1/mn/NSO/Society%2C%20development/Millennium%20Development%20Goals%20Indicators/DT_NSO_2800_075V1.px
FOUND_OR_TABLE,"NSO / Нийгэм, хөгжил / Мянганы хөгжлийн зорилтын шалгуур үзүүлэлтүүд",DT_NSO_2800_076V1.px,"5 ХҮРТЭЛХ НАСНЫ ТУРАНХАЙ ХҮҮХДИЙН ЭЗЛЭХ ХУВЬ, насны бүлгээр",t,https://data.1212.mn/api/v1/mn/NSO/Society%2C%20development/Millennium%20Development%20Goals%20Indicators/DT_NSO_2800_076V1.px
FOUND_OR_TABLE,"NSO / Нийгэм, хөгжил / Мянганы хөгжлийн зорилтын шалгуур үзүүлэлтүүд",DT_NSO_2800_077V1.px,"5 ХҮРТЭЛХ НАСНЫ ТУРАНХАЙ ХҮҮХДИЙН ЭЗЛЭХ ХУВЬ, бүсээр",t,https://data.1212.mn/api/v1/mn/NSO/Society%2C%20development/Millennium%20Development%20Goals%20Indicators/DT_NSO_2800_077V1.px
FOUND_OR_TABLE,"NSO / Нийгэм, хөгжил / Мянганы хөгжлийн зорилтын шалгуур үзүүлэлтүүд",DT_NSO_2800_078V1.px,"5 ХҮРТЭЛХ НАСНЫ ТУРАНХАЙ ХҮҮХДИЙН ЭЗЛЭХ ХУВЬ, суурьшлаар",t,https://data.1212.mn/api/v1/mn/NSO/Society%2C%20development/Millennium%20Development%20Goals%20Indicators/DT_NSO_2800_078V1.px
FOUND_OR_TABLE,"NSO / Нийгэм, хөгжил / Мянганы хөгжлийн зорилтын шалгуур үзүүлэлтүүд",DT_NSO_2800_079V1.px,"5 ХҮРТЭЛХ НАСНЫ ТУРАНХАЙ ХҮҮХДИЙН ЭЗЛЭХ ХУВЬ , эхийн боловсролын түвшнээр",t,https://data.1212.mn/api/v1/mn/NSO/Society%2C%20development/Millennium%20Development%20Goals%20Indicators/DT_NSO_2800_079V1.px
FOUND_OR_TABLE,"NSO / Нийгэм, хөгжил / Мянганы хөгжлийн зорилтын шалгуур үзүүлэлтүүд",DT_NSO_2800_080V1.px,"5 ХҮРТЭЛХ НАСНЫ ТУРАНХАЙ ХҮҮХДИЙН ЭЗЛЭХ ХУВЬ, аж байдлын түвшний 5 тэнцүү бүлгээр",t,https://data.1212.mn/api/v1/mn/NSO/Society%2C%20development/Millennium%20Development%20Goals%20Indicators/DT_NSO_2800_080V1.px
FOUND_OR_TABLE,"NSO / Нийгэм, хөгжил / Нийгмийн даатгал, халамж",DT_NSO_2025_01.px,"НИЙГМИЙН ДААТГАЛЫН САНГИЙН ОРЛОГО, аймаг, нийслэл, жилээр",t,https://data.1212.mn/api/v1/mn/NSO/Society%2C%20development/Social%20Insurance%20and%20Welfare/DT_NSO_2025_01.px
FOUND_OR_TABLE,"NSO / Нийгэм, хөгжил / Нийгмийн даатгал, халамж",DT_NSO_2025_02.px,"НИЙГМИЙН ДААТГАЛЫН САНГИЙН ЗАРЛАГА, төрөл, аймаг, нийслэл, жилээр",t,https://data.1212.mn/api/v1/mn/NSO/Society%2C%20development/Social%20Insurance%20and%20Welfare/DT_NSO_2025_02.px
FOUND_OR_TABLE,"NSO / Нийгэм, хөгжил / Нийгмийн даатгал, халамж",DT_NSO_2025_03.px,"НИЙГМИЙН ДААТГАЛЫН САНГААС ТЭТГЭВЭР АВАГЧДЫН САРЫН ДУНДАЖ ТЭТГЭВЭР, төрөл, жилээр",t,https://data.1212.mn/api/v1/mn/NSO/Society%2C%20development/Social%20Insurance%20and%20Welfare/DT_NSO_2025_03.px
FOUND_OR_TABLE,"NSO / Нийгэм, хөгжил / Нийгмийн даатгал, халамж",DT_NSO_2025_04.px,"НИЙГМИЙН ДААТГАЛЫН САНГААС ТЭТГЭВЭР АВАГЧИД, аймаг, нийслэл, жилээр",t,https://data.1212.mn/api/v1/mn/NSO/Society%2C%20development/Social%20Insurance%20and%20Welfare/DT_NSO_2025_04.px
FOUND_OR_TABLE,"NSO / Нийгэм, хөгжил / Нийгмийн даатгал, халамж",DT_NSO_2025_05.px,"НИЙГМИЙН ДААТГАЛЫН САНГААС ӨНДӨР НАСТНЫ ТЭТГЭВЭР АВАГЧИД, аймаг, нийслэл, жилээр",t,https://data.1212.mn/api/v1/mn/NSO/Society%2C%20development/Social%20Insurance%20and%20Welfare/DT_NSO_2025_05.px
FOUND_OR_TABLE,"NSO / Нийгэм, хөгжил / Нийгмийн даатгал, халамж",DT_NSO_2025_06.px,"НИЙГМИЙН ДААТГАЛЫН САНГААС ХӨГЖЛИЙН БЭРХШЭЭЛТЭЙ ИРГЭНИЙ ТЭТГЭВЭР АВАГЧИД, аймаг, нийслэл, жилээр",t,https://data.1212.mn/api/v1/mn/NSO/Society%2C%20development/Social%20Insurance%20and%20Welfare/DT_NSO_2025_06.px
FOUND_OR_TABLE,"NSO / Нийгэм, хөгжил / Нийгмийн даатгал, халамж",DT_NSO_2025_07.px,"НИЙГМИЙН ДААТГАЛЫН САНГААС ТЭЖЭЭГЧЭЭ АЛДСАНЫ ТЭТГЭВЭР АВАГЧИД, аймаг, нийслэл, жилээр",t,https://data.1212.mn/api/v1/mn/NSO/Society%2C%20development/Social%20Insurance%20and%20Welfare/DT_NSO_2025_07.px
FOUND_OR_TABLE,"NSO / Нийгэм, хөгжил / Нийгмийн даатгал, халамж",DT_NSO_2025_08.px,"НИЙГМИЙН ДААТГАЛЫН САНГААС ЦЭРГИЙН ТЭТГЭВЭР АВАГЧИД, аймаг, нийслэл, жилээр",t,https://data.1212.mn/api/v1/mn/NSO/Society%2C%20development/Social%20Insurance%20and%20Welfare/DT_NSO_2025_08.px
FOUND_OR_TABLE,"NSO / Нийгэм, хөгжил / Нийгмийн даатгал, халамж",DT_NSO_2025_09.px,"НИЙГМИЙН ДААТГАЛЫН САНГААС ОЛГОСОН ТЭТГЭВРИЙН ХЭМЖЭЭ, аймаг, нийслэл, жилээр",t,https://data.1212.mn/api/v1/mn/NSO/Society%2C%20development/Social%20Insurance%20and%20Welfare/DT_NSO_2025_09.px
FOUND_OR_TABLE,"NSO / Нийгэм, хөгжил / Нийгмийн даатгал, халамж",DT_NSO_2025_10.px,"НИЙГМИЙН ДААТГАЛЫН САНГААС ӨНДӨР НАСТНЫ ТЭТГЭВЭР АВАГЧДАД ЗАРЦУУЛСАН МӨНГӨН ДҮН, аймаг, нийслэл, жилээр",t,https://data.1212.mn/api/v1/mn/NSO/Society%2C%20development/Social%20Insurance%20and%20Welfare/DT_NSO_2025_10.px
FOUND_OR_TABLE,"NSO / Нийгэм, хөгжил / Нийгмийн даатгал, халамж",DT_NSO_2025_11.px,"НИЙГМИЙН ДААТГАЛЫН САНГААС ХӨГЖЛИЙН БЭРХШЭЭЛТЭЙ ИРГЭНИЙ ТЭТГЭВЭР АВАГЧДАД ЗАРЦУУЛСАН МӨНГӨН ДҮН, аймаг, нийслэл, жилээр",t,https://data.1212.mn/api/v1/mn/NSO/Society%2C%20development/Social%20Insurance%20and%20Welfare/DT_NSO_2025_11.px
FOUND_OR_TABLE,"NSO / Нийгэм, хөгжил / Нийгмийн даатгал, халамж",DT_NSO_2025_12.px,"НИЙГМИЙН ДААТГАЛЫН САНГААС ТЭЖЭЭГЧЭЭ АЛДСАНЫ ТЭТГЭВЭР АВАГЧДАД ЗАРЦУУЛСАН МӨНГӨН ДҮН, аймаг, нийслэл, жилээр",t,https://data.1212.mn/api/v1/mn/NSO/Society%2C%20development/Social%20Insurance%20and%20Welfare/DT_NSO_2025_12.px
FOUND_OR_TABLE,"NSO / Нийгэм, хөгжил / Нийгмийн даатгал, халамж",DT_NSO_2025_13.px,"НИЙГМИЙН ДААТГАЛЫН САНГААС ЦЭРГИЙН ТЭТГЭВЭР АВАГЧДАД ЗАРЦУУЛСАН МӨНГӨН ДҮН, аймаг, нийслэл, жилээр",t,https://data.1212.mn/api/v1/mn/NSO/Society%2C%20development/Social%20Insurance%20and%20Welfare/DT_NSO_2025_13.px
FOUND_OR_TABLE,"NSO / Нийгэм, хөгжил / Нийгмийн даатгал, халамж",DT_NSO_2025_14.px,"НИЙГМИЙН ДААТГАЛЫН САНГААС ТЭТГЭМЖ АВАГЧИД, аймаг, нийслэл, жилээр",t,https://data.1212.mn/api/v1/mn/NSO/Society%2C%20development/Social%20Insurance%20and%20Welfare/DT_NSO_2025_14.px
FOUND_OR_TABLE,"NSO / Нийгэм, хөгжил / Нийгмийн даатгал, халамж",DT_NSO_2025_15.px,"НИЙГМИЙН ДААТГАЛЫН САНГААС ХӨДӨЛМӨРИЙН ЧАДВАР АЛДАЛТЫН ТЭТГЭМЖ АВАГЧИД, аймаг, нийслэл, жилээр",t,https://data.1212.mn/api/v1/mn/NSO/Society%2C%20development/Social%20Insurance%20and%20Welfare/DT_NSO_2025_15.px
FOUND_OR_TABLE,"NSO / Нийгэм, хөгжил / Нийгмийн даатгал, халамж",DT_NSO_2025_16.px,"НИЙГМИЙН ДААТГАЛЫН САНГААС ЖИРЭМСЭН БОЛОН АМАРЖСАНЫ ТЭТГЭМЖ АВАГЧИД, аймаг, нийслэл, жилээр",t,https://data.1212.mn/api/v1/mn/NSO/Society%2C%20development/Social%20Insurance%20and%20Welfare/DT_NSO_2025_16.px
FOUND_OR_TABLE,"NSO / Нийгэм, хөгжил / Нийгмийн даатгал, халамж",DT_NSO_2025_17.px,"НИЙГМИЙН ДААТГАЛЫН САНГААС ОРШУУЛГЫН ТЭТГЭМЖ АВАГЧИД, аймаг, нийслэл, жилээр",t,https://data.1212.mn/api/v1/mn/NSO/Society%2C%20development/Social%20Insurance%20and%20Welfare/DT_NSO_2025_17.px
FOUND_OR_TABLE,"NSO / Нийгэм, хөгжил / Нийгмийн даатгал, халамж",DT_NSO_2025_18.px,"НИЙГМИЙН ДААТГАЛЫН САНГААС АЖИЛГҮЙДЛИЙН ТЭТГЭМЖ АВАГЧИД, аймаг, нийслэл, жилээр",t,https://data.1212.mn/api/v1/mn/NSO/Society%2C%20development/Social%20Insurance%20and%20Welfare/DT_NSO_2025_18.px
FOUND_OR_TABLE,"NSO / Нийгэм, хөгжил / Нийгмийн даатгал, халамж",DT_NSO_2025_19.px,"НИЙГМИЙН ДААТГАЛЫН САНГААС ЭРҮҮЛ МЭНДИЙН НӨХӨН СЭРГЭЭХ ҮЙЛЧИЛГЭЭНД ХАМРАГДАГЧИД, аймаг, нийслэл, жилээр",t,https://data.1212.mn/api/v1/mn/NSO/Society%2C%20development/Social%20Insurance%20and%20Welfare/DT_NSO_2025_19.px
FOUND_OR_TABLE,"NSO / Нийгэм, хөгжил / Нийгмийн даатгал, халамж",DT_NSO_2025_21.px,"НИЙГМИЙН ДААТГАЛЫН САНГААС ОЛГОСОН НИЙТ ТЭТГЭМЖИЙН ХЭМЖЭЭ, аймаг, нийслэл, жилээр",t,https://data.1212.mn/api/v1/mn/NSO/Society%2C%20development/Social%20Insurance%20and%20Welfare/DT_NSO_2025_21.px
FOUND_OR_TABLE,"NSO / Нийгэм, хөгжил / Нийгмийн даатгал, халамж",DT_NSO_2025_22.px,"НИЙГМИЙН ДААТГАЛЫН САНГААС ОЛГОСОН ХӨДӨЛМӨРИЙН ЧАДВАРАА ТҮР АЛДСАНЫ ТЭТГЭМЖИЙН ХЭМЖЭЭ, аймаг, нийслэл, жилээр",t,https://data.1212.mn/api/v1/mn/NSO/Society%2C%20development/Social%20Insurance%20and%20Welfare/DT_NSO_2025_22.px
FOUND_OR_TABLE,"NSO / Нийгэм, хөгжил / Нийгмийн даатгал, халамж",DT_NSO_2025_23.px,"НИЙГМИЙН ДААТГАЛЫН САНГААС ОЛГОСОН ЖИРЭМСНИЙ БОЛОН АМАРЖСАНЫ ТЭТГЭМЖИЙН ХЭМЖЭЭ, аймаг, нийслэл, жилээр",t,https://data.1212.mn/api/v1/mn/NSO/Society%2C%20development/Social%20Insurance%20and%20Welfare/DT_NSO_2025_23.px
FOUND_OR_TABLE,"NSO / Нийгэм, хөгжил / Нийгмийн даатгал, халамж",DT_NSO_2025_24.px,"НИЙГМИЙН ДААТГАЛЫН САНГААС ОЛГОСОН ОРШУУЛГЫН ТЭТГЭМЖИЙН ХЭМЖЭЭ, аймаг, нийслэл, жилээр",t,https://data.1212.mn/api/v1/mn/NSO/Society%2C%20development/Social%20Insurance%20and%20Welfare/DT_NSO_2025_24.px
FOUND_OR_TABLE,"NSO / Нийгэм, хөгжил / Нийгмийн даатгал, халамж",DT_NSO_2025_25.px,"НИЙГМИЙН ДААТГАЛЫН САНГААС ОЛГОСОН АЖИЛГҮЙДЛИЙН ТЭТГЭМЖИЙН ХЭМЖЭЭ, аймаг, нийслэл, жилээр",t,https://data.1212.mn/api/v1/mn/NSO/Society%2C%20development/Social%20Insurance%20and%20Welfare/DT_NSO_2025_25.px
FOUND_OR_TABLE,"NSO / Нийгэм, хөгжил / Нийгмийн даатгал, халамж",DT_NSO_2100_30V5.px,"НИЙГМИЙН ДААТГАЛЫН САНГААС ТЭТГЭМЖ АВАГЧИД, тэтгэмжийн төрлөөр",t,https://data.1212.mn/api/v1/mn/NSO/Society%2C%20development/Social%20Insurance%20and%20Welfare/DT_NSO_2100_30V5.px
FOUND_OR_TABLE,"NSO / Нийгэм, хөгжил / Нийгмийн даатгал, халамж",DT_NSO_2100_30V6.px,"НИЙГМИЙН ДААТГАЛЫН САНГААС ОЛГОСОН ТЭТГЭМЖИЙН ХЭМЖЭЭ, тэтгэмжийн төрөл, жилээр",t,https://data.1212.mn/api/v1/mn/NSO/Society%2C%20development/Social%20Insurance%20and%20Welfare/DT_NSO_2100_30V6.px
FOUND_OR_TABLE,"NSO / Нийгэм, хөгжил / Нийгмийн даатгал, халамж / НИЙГМИЙН ДААТГАЛД ДААТГУУЛАГЧДЫН ТОО, төрлөөр",DT_NSO_2200_008V2.px,"НИЙГМИЙН ДААТГАЛД ДААТГУУЛАГЧДЫН ТОО, төрөл, сар(өссөн дүн)",t,https://data.1212.mn/api/v1/mn/NSO/Society%2C%20development/Social%20Insurance%20and%20Welfare/THE%20NUMBER%20OF%20INSURERS%2C%20by%20type/DT_NSO_2200_008V2.px
FOUND_OR_TABLE,"NSO / Нийгэм, хөгжил / Нийгмийн даатгал, халамж / НИЙГМИЙН ДААТГАЛД ДААТГУУЛАГЧДЫН ТОО, төрлөөр",DT_NSO_2200_008V3.px,"НИЙГМИЙН ДААТГАЛД ХАМРАГДСАН ДААТГУУЛАГЧДЫН ТОО, төрөл, жилээр",t,https://data.1212.mn/api/v1/mn/NSO/Society%2C%20development/Social%20Insurance%20and%20Welfare/THE%20NUMBER%20OF%20INSURERS%2C%20by%20type/DT_NSO_2200_008V3.px
FOUND_OR_TABLE,"NSO / Нийгэм, хөгжил / Нийгмийн даатгал, халамж / НИЙГМИЙН ДААТГАЛЫН САНГААС ОЛГОСОН ТЭТГЭВРИЙН ХЭМЖЭЭ, төрлөөр",DT_NSO_2200_002V1.px,"НИЙГМИЙН ДААТГАЛЫН САНГААС ОЛГОСОН ТЭТГЭВРИЙН ХЭМЖЭЭ, төрлөөр, сар (өссөн дүн)",t,https://data.1212.mn/api/v1/mn/NSO/Society%2C%20development/Social%20Insurance%20and%20Welfare/WHO%20RECEIPT%20PENSIONS%20FROM%20THE%20SOCIAL%20INSURANCE%20FUND%2C%20by%20type/DT_NSO_2200_002V1.px
FOUND_OR_TABLE,"NSO / Нийгэм, хөгжил / Нийгмийн даатгал, халамж / НИЙГМИЙН ДААТГАЛЫН САНГААС ОЛГОСОН ТЭТГЭВРИЙН ХЭМЖЭЭ, төрлөөр",DT_NSO_2200_002V1_1.px,"НИЙГМИЙН ДААТГАЛЫН САНГААС ОЛГОСОН ТЭТГЭВРИЙН ХЭМЖЭЭ, төрөл, жилээр",t,https://data.1212.mn/api/v1/mn/NSO/Society%2C%20development/Social%20Insurance%20and%20Welfare/WHO%20RECEIPT%20PENSIONS%20FROM%20THE%20SOCIAL%20INSURANCE%20FUND%2C%20by%20type/DT_NSO_2200_002V1_1.px
FOUND_OR_TABLE,"NSO / Нийгэм, хөгжил / Нийгмийн даатгал, халамж / НИЙГМИЙН ДААТГАЛЫН САНГААС ТЭТГЭВЭР АВАГЧДЫН ТОО, төрлөөр",DT_NSO_2200_001V1.px,"НИЙГМИЙН ДААТГАЛЫН САНГААС ТЭТГЭВЭР АВАГЧДЫН ТОО, төрлөөр, сар (өссөн дүн)",t,https://data.1212.mn/api/v1/mn/NSO/Society%2C%20development/Social%20Insurance%20and%20Welfare/NUMBER%20OF%20PENSIONARIES%2C%20WHO%20RECEIPT%20PENSIONS%20FROM%20THE%20SOCIAL%20INSURANCE%20FUND%2C%20by%20type%20of%20pension%2C%20annual/DT_NSO_2200_001V1.px
FOUND_OR_TABLE,"NSO / Нийгэм, хөгжил / Нийгмийн даатгал, халамж / НИЙГМИЙН ДААТГАЛЫН САНГААС ТЭТГЭВЭР АВАГЧДЫН ТОО, төрлөөр",DT_NSO_2200_001V1_1.px,"НИЙГМИЙН ДААТГАЛЫН САНГААС ТЭТГЭВЭР АВАГЧДЫН ТОО, жилээр",t,https://data.1212.mn/api/v1/mn/NSO/Society%2C%20development/Social%20Insurance%20and%20Welfare/NUMBER%20OF%20PENSIONARIES%2C%20WHO%20RECEIPT%20PENSIONS%20FROM%20THE%20SOCIAL%20INSURANCE%20FUND%2C%20by%20type%20of%20pension%2C%20annual/DT_NSO_2200_001V1_1.px
FOUND_OR_TABLE,"NSO / Нийгэм, хөгжил / Нийгмийн даатгал, халамж / НИЙГМИЙН ДААТГАЛЫН САНГИЙН ЗАРЛАГА, төрлөөр",DT_NSO_2200_012V1.px,"НИЙГМИЙН ДААТГАЛЫН САНГИЙН ЗАРЛАГА, төрөл, жилээр",t,https://data.1212.mn/api/v1/mn/NSO/Society%2C%20development/Social%20Insurance%20and%20Welfare/EXPENDITURE%20OF%20SOCIAL%20SINSURANCE%20FUND%2C%20by%20type/DT_NSO_2200_012V1.px
FOUND_OR_TABLE,"NSO / Нийгэм, хөгжил / Нийгмийн даатгал, халамж / НИЙГМИЙН ДААТГАЛЫН САНГИЙН ЗАРЛАГА, төрлөөр",DT_NSO_2200_012V1_1.px,"НИЙГМИЙН ДААТГАЛЫН САНГИЙН ЗАРЛАГА, төрөл, сар (өссөн дүн)",t,https://data.1212.mn/api/v1/mn/NSO/Society%2C%20development/Social%20Insurance%20and%20Welfare/EXPENDITURE%20OF%20SOCIAL%20SINSURANCE%20FUND%2C%20by%20type/DT_NSO_2200_012V1_1.px
FOUND_OR_TABLE,"NSO / Нийгэм, хөгжил / Нийгмийн даатгал, халамж / НИЙГМИЙН ДААТГАЛЫН САНГИЙН ОРЛОГО, төрлөөр",DT_NSO_2200_004V1.px,"НИЙГМИЙН ДААТГАЛЫН САНГИЙН ОРЛОГО, төрөл, жилээр",t,https://data.1212.mn/api/v1/mn/NSO/Society%2C%20development/Social%20Insurance%20and%20Welfare/REVENUE%20OF%20SOCIAL%20INSURANCE%20FUND%2C%20by%20type/DT_NSO_2200_004V1.px
FOUND_OR_TABLE,"NSO / Нийгэм, хөгжил / Нийгмийн даатгал, халамж / НИЙГМИЙН ДААТГАЛЫН САНГИЙН ОРЛОГО, төрлөөр",DT_NSO_2200_004V1_1.px,"НИЙГМИЙН ДААТГАЛЫН САНГИЙН ОРЛОГО, төрөл, сараар (өссөн дүн)",t,https://data.1212.mn/api/v1/mn/NSO/Society%2C%20development/Social%20Insurance%20and%20Welfare/REVENUE%20OF%20SOCIAL%20INSURANCE%20FUND%2C%20by%20type/DT_NSO_2200_004V1_1.px
FOUND_OR_TABLE,"NSO / Нийгэм, хөгжил / Нийгмийн даатгал, халамж / НИЙГМИЙН ХАЛАМЖИЙН ҮЙЛЧИЛГЭЭНД ОЛГОСОН ТЭТГЭВЭР, ТЭТГЭМЖ, ТУСЛАМЖ, ҮЙЛЧИЛГЭЭ, ХӨНГӨЛӨЛТИЙН ХЭМЖЭЭ, төрлөөр",DT_NSO_2200_010V4.px,"НИЙГМИЙН ХАЛАМЖИЙН ҮЙЛЧИЛГЭЭНД ОЛГОСОН ТЭТГЭВЭР, ТЭТГЭМЖ, ТУСЛАМЖ, ҮЙЛЧИЛГЭЭ, ХӨНГӨЛӨЛТИЙН ХЭМЖЭЭ, төрлөөр, сар (өссөн дүн)",t,https://data.1212.mn/api/v1/mn/NSO/Society%2C%20development/Social%20Insurance%20and%20Welfare/TOTAL%20AMOUNT%20OF%20GRANTED%20PENSIONS%20AND%20BENEFITS%2C%20SERVICES%20IN%20SOCIAL%20WELFARE%20ACTIVITES%2C%20by%20type/DT_NSO_2200_010V4.px
FOUND_OR_TABLE,"NSO / Нийгэм, хөгжил / Нийгмийн даатгал, халамж / НИЙГМИЙН ХАЛАМЖИЙН ҮЙЛЧИЛГЭЭНД ОЛГОСОН ТЭТГЭВЭР, ТЭТГЭМЖ, ТУСЛАМЖ, ҮЙЛЧИЛГЭЭ, ХӨНГӨЛӨЛТИЙН ХЭМЖЭЭ, төрлөөр",DT_NSO_2200_010V4_1.px,"НИЙГМИЙН ХАЛАМЖИЙН ҮЙЛЧИЛГЭЭНД ОЛГОСОН ТЭТГЭВЭР, ТЭТГЭМЖ, ТУСЛАМЖ, ҮЙЛЧИЛГЭЭ, ХӨНГӨЛӨЛТИЙН ХЭМЖЭЭ, төрөл, жилээр",t,https://data.1212.mn/api/v1/mn/NSO/Society%2C%20development/Social%20Insurance%20and%20Welfare/TOTAL%20AMOUNT%20OF%20GRANTED%20PENSIONS%20AND%20BENEFITS%2C%20SERVICES%20IN%20SOCIAL%20WELFARE%20ACTIVITES%2C%20by%20type/DT_NSO_2200_010V4_1.px
FOUND_OR_TABLE,"NSO / Нийгэм, хөгжил / Нийгмийн даатгал, халамж / НИЙГМИЙН ХАЛАМЖИЙН ҮЙЛЧИЛГЭЭНД ХАМРАГДАГЧИД, төрлөөр",DT_NSO_2200_016V1.px,"НИЙГМИЙН ХАЛАМЖИЙН ҮЙЛЧИЛГЭЭНД ХАМРАГДАГЧИД, төрлөөр, сар (өссөн дүн)",t,https://data.1212.mn/api/v1/mn/NSO/Society%2C%20development/Social%20Insurance%20and%20Welfare/PERSONS%20INVOLVED%20SOCIAL%20WELFARE%20ACTIVITIES%2C%20by%20type/DT_NSO_2200_016V1.px
FOUND_OR_TABLE,"NSO / Нийгэм, хөгжил / Нийгмийн даатгал, халамж / НИЙГМИЙН ХАЛАМЖИЙН ҮЙЛЧИЛГЭЭНД ХАМРАГДАГЧИД, төрлөөр",DT_NSO_2200_016V1_1.px,"НИЙГМИЙН ХАЛАМЖИЙН ҮЙЛЧИЛГЭЭНД ХАМРАГДАГЧИД, төрлөөр, жилээр",t,https://data.1212.mn/api/v1/mn/NSO/Society%2C%20development/Social%20Insurance%20and%20Welfare/PERSONS%20INVOLVED%20SOCIAL%20WELFARE%20ACTIVITIES%2C%20by%20type/DT_NSO_2200_016V1_1.px
FOUND_OR_TABLE,"NSO / Нийгэм, хөгжил / Өрхийн орлого, зарлага",DT_NSO_1900_001V1.px,"НЭГ ӨРХИЙН САРЫН ДУНДАЖ ОРЛОГО, байршил, жилээр /1997-2024/",t,https://data.1212.mn/api/v1/mn/NSO/Society%2C%20development/Household%20income%20and%20expenditure/DT_NSO_1900_001V1.px
FOUND_OR_TABLE,"NSO / Нийгэм, хөгжил / Өрхийн орлого, зарлага",DT_NSO_1900_001V2.px,"НЭГ ӨРХИЙН САРЫН ДУНДАЖ ОРЛОГО, бүс, жилээр /2007-2024/",t,https://data.1212.mn/api/v1/mn/NSO/Society%2C%20development/Household%20income%20and%20expenditure/DT_NSO_1900_001V2.px
FOUND_OR_TABLE,"NSO / Нийгэм, хөгжил / Өрхийн орлого, зарлага",DT_NSO_1900_002V1.px,"НЭГ ӨРХИЙН САРЫН ДУНДАЖ ЗАРЛАГА, байршил, жилээр /1997-2024/",t,https://data.1212.mn/api/v1/mn/NSO/Society%2C%20development/Household%20income%20and%20expenditure/DT_NSO_1900_002V1.px
FOUND_OR_TABLE,"NSO / Нийгэм, хөгжил / Өрхийн орлого, зарлага",DT_NSO_1900_002V2.px,"НЭГ ӨРХИЙН САРЫН ДУНДАЖ ЗАРЛАГА, бүс, жилээр /2007-2024/",t,https://data.1212.mn/api/v1/mn/NSO/Society%2C%20development/Household%20income%20and%20expenditure/DT_NSO_1900_002V2.px
FOUND_OR_TABLE,"NSO / Нийгэм, хөгжил / Өрхийн орлого, зарлага",DT_NSO_1900_003V1.px,"НЭГ ӨРХИЙН САРЫН ДУНДАЖ ОРЛОГЫН БҮТЭЦ, байршил, жилээр /1997-2024/",t,https://data.1212.mn/api/v1/mn/NSO/Society%2C%20development/Household%20income%20and%20expenditure/DT_NSO_1900_003V1.px
FOUND_OR_TABLE,"NSO / Нийгэм, хөгжил / Өрхийн орлого, зарлага",DT_NSO_1900_003V2.px,"НЭГ ӨРХИЙН САРЫН ДУНДАЖ ОРЛОГЫН БҮТЭЦ, бүс, жилээр /2007-2024/",t,https://data.1212.mn/api/v1/mn/NSO/Society%2C%20development/Household%20income%20and%20expenditure/DT_NSO_1900_003V2.px
FOUND_OR_TABLE,"NSO / Нийгэм, хөгжил / Өрхийн орлого, зарлага",DT_NSO_1900_004V1.px,"НЭГ ӨРХИЙН САРЫН ДУНДАЖ ЗАРЛАГЫН БҮТЭЦ, байршил, жилээр /1997-2024/",t,https://data.1212.mn/api/v1/mn/NSO/Society%2C%20development/Household%20income%20and%20expenditure/DT_NSO_1900_004V1.px
FOUND_OR_TABLE,"NSO / Нийгэм, хөгжил / Өрхийн орлого, зарлага",DT_NSO_1900_004V2.px,"НЭГ ӨРХИЙН САРЫН ДУНДАЖ ЗАРЛАГЫН БҮТЭЦ, бүс, жилээр /2007-2024/",t,https://data.1212.mn/api/v1/mn/NSO/Society%2C%20development/Household%20income%20and%20expenditure/DT_NSO_1900_004V2.px
FOUND_OR_TABLE,"NSO / Нийгэм, хөгжил / Өрхийн орлого, зарлага",DT_NSO_1900_005V1.px,"НЭГ ХҮНД САРД НОГДОХ ХҮНСНИЙ ЗАРИМ БҮТЭЭГДЭХҮҮНИЙ УЛСЫН ДУНДАЖ ХЭРЭГЛЭЭ, жишсэн хүн, байршил, жилээр",t,https://data.1212.mn/api/v1/mn/NSO/Society%2C%20development/Household%20income%20and%20expenditure/DT_NSO_1900_005V1.px
FOUND_OR_TABLE,"NSO / Нийгэм, хөгжил / Өрхийн орлого, зарлага",DT_NSO_1900_006V1.px,"НЭГ ХҮНИЙ ХОНОГТ ХЭРЭГЛЭСЭН ХҮНСНИЙ БҮТЭЭГДЭХҮҮНИЙ ИЛЧЛЭГ, НАЙРЛАГА, жишсэн хүн, байршил, жилээр",t,https://data.1212.mn/api/v1/mn/NSO/Society%2C%20development/Household%20income%20and%20expenditure/DT_NSO_1900_006V1.px
FOUND_OR_TABLE,"NSO / Нийгэм, хөгжил / Өрхийн орлого, зарлага",DT_NSO_1900_015V1.px,"НЭГ ӨРХИЙН ЖИЛИЙН ДУНДАЖ МӨНГӨН ОРЛОГО, байршил, жилээр /1966-1996/",t,https://data.1212.mn/api/v1/mn/NSO/Society%2C%20development/Household%20income%20and%20expenditure/DT_NSO_1900_015V1.px
FOUND_OR_TABLE,"NSO / Нийгэм, хөгжил / Өрхийн орлого, зарлага",DT_NSO_1900_017V1.px,"НЭГ ӨРХИЙН ЖИЛИЙН ДУНДАЖ МӨНГӨН ЗАРЛАГА, байршил, жилээр /1966-1996/",t,https://data.1212.mn/api/v1/mn/NSO/Society%2C%20development/Household%20income%20and%20expenditure/DT_NSO_1900_017V1.px
FOUND_OR_TABLE,"NSO / Нийгэм, хөгжил / Өрхийн орлого, зарлага",DT_NSO_1900_018V1.px,"НЭГ ӨРХИЙН САРЫН ДУНДАЖ ОРЛОГО, суурьшил, улирлаар",t,https://data.1212.mn/api/v1/mn/NSO/Society%2C%20development/Household%20income%20and%20expenditure/DT_NSO_1900_018V1.px
FOUND_OR_TABLE,"NSO / Нийгэм, хөгжил / Өрхийн орлого, зарлага",DT_NSO_1900_019V1.px,"НЭГ ӨРХИЙН САРЫН ДУНДАЖ ЗАРЛАГА, суурьшил, улирлаар",t,https://data.1212.mn/api/v1/mn/NSO/Society%2C%20development/Household%20income%20and%20expenditure/DT_NSO_1900_019V1.px
FOUND_OR_TABLE,"NSO / Нийгэм, хөгжил / Өрхийн орлого, зарлага",DT_NSO_1900_020V1.px,"НЭГ ӨРХИЙН САРЫН ДУНДАЖ ОРЛОГЫН БҮТЭЦ, суурьшил, улирлаар",t,https://data.1212.mn/api/v1/mn/NSO/Society%2C%20development/Household%20income%20and%20expenditure/DT_NSO_1900_020V1.px
FOUND_OR_TABLE,"NSO / Нийгэм, хөгжил / Өрхийн орлого, зарлага",DT_NSO_1900_021V1.px,"НЭГ ӨРХИЙН САРЫН ДУНДАЖ ЗАРЛАГЫН БҮТЭЦ, суурьшил, улирлаар",t,https://data.1212.mn/api/v1/mn/NSO/Society%2C%20development/Household%20income%20and%20expenditure/DT_NSO_1900_021V1.px
FOUND_OR_TABLE,"NSO / Нийгэм, хөгжил / Өрхийн орлого, зарлага",DT_NSO_1900_030V2.px,"МӨНГӨН ОРЛОГО, ЗАРЛАГЫН БҮЛЭГЛЭЛТ, өрхийн дүнд эзлэх хувь, суурьшил, улирлаар",t,https://data.1212.mn/api/v1/mn/NSO/Society%2C%20development/Household%20income%20and%20expenditure/DT_NSO_1900_030V2.px
FOUND_OR_TABLE,"NSO / Нийгэм, хөгжил / Өрхийн орлого, зарлага",DT_NSO_1900_032V1.px,"МӨНГӨН ОРЛОГЫН БҮЛЭГЛЭЛТ, өрхийн дүнд эзлэх хувь, байршил, оны үнэ, жилээр",t,https://data.1212.mn/api/v1/mn/NSO/Society%2C%20development/Household%20income%20and%20expenditure/DT_NSO_1900_032V1.px
FOUND_OR_TABLE,"NSO / Нийгэм, хөгжил / Өрхийн орлого, зарлага",DT_NSO_1900_033V1.px,"МӨНГӨН ЗАРЛАГЫН БҮЛЭГЛЭЛТ, өрхийн дүнд эзлэх хувь, байршил, оны үнэ, жилээр",t,https://data.1212.mn/api/v1/mn/NSO/Society%2C%20development/Household%20income%20and%20expenditure/DT_NSO_1900_033V1.px
FOUND_OR_TABLE,"NSO / Нийгэм, хөгжил / Өрхийн орлого, зарлага",DT_NSO_1900_036V2.px,"ЖИНИ ИНДЕКС, нэг хүнд сард ногдох зардалд үндэслэн тооцсон, улирлаар",t,https://data.1212.mn/api/v1/mn/NSO/Society%2C%20development/Household%20income%20and%20expenditure/DT_NSO_1900_036V2.px
FOUND_OR_TABLE,"NSO / Нийгэм, хөгжил / Өрхийн орлого, зарлага",DT_NSO_1900_036V3.px,"ТЕЙЛИЙН ИНДЕКС, нэг хүнд сард ногдох зардалд үндэслэн тооцсон, улирлаар",t,https://data.1212.mn/api/v1/mn/NSO/Society%2C%20development/Household%20income%20and%20expenditure/DT_NSO_1900_036V3.px
FOUND_OR_TABLE,"NSO / Нийгэм, хөгжил / Өрхийн орлого, зарлага / БОДИТ ЗАРЛАГЫН ИНДЕКС, зарлагын төрлөөр, хот, хөдөө, бүс, суурьшлаар",DT_NSO_1900_036V6.px,"БОДИТ ЗАРЛАГЫН ИНДЕКС, зарлагын төрлөөр, хот, хөдөө, бүс, байршил, жилээр /1997-2024/",t,https://data.1212.mn/api/v1/mn/NSO/Society%2C%20development/Household%20income%20and%20expenditure/REAL%20EXPENDITURE%20INDEX%2C%20by%20expenditure%20type%2C%20by%20location%20and%20region/DT_NSO_1900_036V6.px
FOUND_OR_TABLE,"NSO / Нийгэм, хөгжил / Өрхийн орлого, зарлага / БОДИТ ЗАРЛАГЫН ИНДЕКС, зарлагын төрлөөр, хот, хөдөө, бүс, суурьшлаар",DT_NSO_1900_036V7.px,"БОДИТ ЗАРЛАГЫН ИНДЕКС, зарлагын төрлөөр, хот, хөдөө, бүс, суурьшил, улирлаар",t,https://data.1212.mn/api/v1/mn/NSO/Society%2C%20development/Household%20income%20and%20expenditure/REAL%20EXPENDITURE%20INDEX%2C%20by%20expenditure%20type%2C%20by%20location%20and%20region/DT_NSO_1900_036V7.px
FOUND_OR_TABLE,"NSO / Нийгэм, хөгжил / Өрхийн орлого, зарлага / БОДИТ ОРЛОГЫН ИНДЕКС, орлогын төрлөөр, хот, хөдөө, бүс, суурьшлаар",DT_NSO_1900_036V4.px,"БОДИТ ОРЛОГЫН ИНДЕКС, орлогын төрлөөр, хот, хөдөө, бүс, байршил, жилээр /1997-2024/",t,https://data.1212.mn/api/v1/mn/NSO/Society%2C%20development/Household%20income%20and%20expenditure/REAL%20INCOME%20INDEX%2C%20by%20income%20type%2C%20by%20location%20and%20region/DT_NSO_1900_036V4.px
FOUND_OR_TABLE,"NSO / Нийгэм, хөгжил / Өрхийн орлого, зарлага / БОДИТ ОРЛОГЫН ИНДЕКС, орлогын төрлөөр, хот, хөдөө, бүс, суурьшлаар",DT_NSO_1900_036V5.px,"БОДИТ ОРЛОГЫН ИНДЕКС, орлогын төрлөөр, хот, хөдөө, бүс, суурьшил, улирлаар",t,https://data.1212.mn/api/v1/mn/NSO/Society%2C%20development/Household%20income%20and%20expenditure/REAL%20INCOME%20INDEX%2C%20by%20income%20type%2C%20by%20location%20and%20region/DT_NSO_1900_036V5.px
FOUND_OR_TABLE,"NSO / Нийгэм, хөгжил / Сонгууль",DT_NSO_0200_001V1.px,МОНГОЛ УЛСЫН ЕРӨНХИЙЛӨГЧИЙН СОНГУУЛИЙН ДҮН (сонгуулийн жилээр),t,https://data.1212.mn/api/v1/mn/NSO/Society%2C%20development/Election/DT_NSO_0200_001V1.px
FOUND_OR_TABLE,"NSO / Нийгэм, хөгжил / Сонгууль",DT_NSO_0200_002V1.px,"УЛСЫН ИХ ХУРЛЫН ГИШҮҮД, ИРГЭДИЙН ХУРЛЫН ТӨЛӨӨЛӨГЧИД, намаар (сонгуулийн жилээр)",t,https://data.1212.mn/api/v1/mn/NSO/Society%2C%20development/Election/DT_NSO_0200_002V1.px
FOUND_OR_TABLE,"NSO / Нийгэм, хөгжил / Сонгууль",DT_NSO_0200_003V1.px,СОНГОГЧДЫН ОРОЛЦОО (сонгуулийн жилээр),t,https://data.1212.mn/api/v1/mn/NSO/Society%2C%20development/Election/DT_NSO_0200_003V1.px
FOUND_OR_TABLE,"NSO / Нийгэм, хөгжил / Сонгууль",DT_NSO_0200_004V1.px,"МОНГОЛ УЛСЫН ИХ ХУРЛЫН ГИШҮҮД, хүйс, насны бүлгээр (сонгуулийн жилээр)",t,https://data.1212.mn/api/v1/mn/NSO/Society%2C%20development/Election/DT_NSO_0200_004V1.px
FOUND_OR_TABLE,"NSO / Нийгэм, хөгжил / Сонгууль",DT_NSO_0200_005V1.px,"МОНГОЛ УЛСЫН ИХ ХУРЛЫН ГИШҮҮД, мэргэжлээр, дүнд эзлэх хувь (сонгуулийн жилээр)",t,https://data.1212.mn/api/v1/mn/NSO/Society%2C%20development/Election/DT_NSO_0200_005V1.px
FOUND_OR_TABLE,"NSO / Нийгэм, хөгжил / Сүм хийд",DT_NSO_2003_001V1.px,"СҮМ ХИЙДИЙН ТОО, шашны төрөл, аймаг, нийслэл, жилээр",t,https://data.1212.mn/api/v1/mn/NSO/Society%2C%20development/Monasteries%2C%20Temples%20and%20Churches/DT_NSO_2003_001V1.px
FOUND_OR_TABLE,"NSO / Нийгэм, хөгжил / Сүм хийд",DT_NSO_2003_002V1.px,"ХУРЛЫН ЛАМ НАРЫН ТОО, шашны төрөл, аймаг, нийслэл, жилээр",t,https://data.1212.mn/api/v1/mn/NSO/Society%2C%20development/Monasteries%2C%20Temples%20and%20Churches/DT_NSO_2003_002V1.px
FOUND_OR_TABLE,"NSO / Нийгэм, хөгжил / Сүм хийд",DT_NSO_2003_003V1.px,"ШАШНЫ СУРГУУЛЬ ДАЦАНД СУРАЛЦАГЧДЫН ТОО, шашны төрөл, аймаг, нийслэл, жилээр",t,https://data.1212.mn/api/v1/mn/NSO/Society%2C%20development/Monasteries%2C%20Temples%20and%20Churches/DT_NSO_2003_003V1.px
FOUND_OR_TABLE,"NSO / Нийгэм, хөгжил / Тогтвортой хөгжлийн зорилго",DT_NSO_4000_001.px,"Ядуурлын үндэсний түвшнээс доогуур амьжиргаатай хүн амын эзлэх хувь, хүйсээр, насны бүлгээр",t,https://data.1212.mn/api/v1/mn/NSO/Society%2C%20development/Sustainable%20Development%20Goals/DT_NSO_4000_001.px
FOUND_OR_TABLE,"NSO / Нийгэм, хөгжил / Хөгжлийн бэрхшээл",DT_NSO_3900_002V1.px,"ХӨГЖЛИЙН БЭРХШЭЭЛТЭЙ ХҮНИЙ ТОО, хүйс, аймаг, нийслэл, жилээр",t,https://data.1212.mn/api/v1/mn/NSO/Society%2C%20development/Disability/DT_NSO_3900_002V1.px
FOUND_OR_TABLE,"NSO / Нийгэм, хөгжил / Хөгжлийн бэрхшээл",DT_NSO_3900_004V1.px,"ХӨГЖЛИЙН БЭРХШЭЭЛТЭЙ ХҮНИЙ ТОО, хэлбэр, жилээр",t,https://data.1212.mn/api/v1/mn/NSO/Society%2C%20development/Disability/DT_NSO_3900_004V1.px
FOUND_OR_TABLE,"NSO / Нийгэм, хөгжил / Хөгжлийн бэрхшээл",DT_NSO_3900_004V2.px,"ХАРААНЫ ХӨГЖЛИЙН БЭРХШЭЭЛТЭЙ ХҮН, хүйс, аймаг, нийслэл, жилээр",t,https://data.1212.mn/api/v1/mn/NSO/Society%2C%20development/Disability/DT_NSO_3900_004V2.px
FOUND_OR_TABLE,"NSO / Нийгэм, хөгжил / Хөгжлийн бэрхшээл",DT_NSO_3900_004V3.px,"СОНСГОЛЫН ХӨГЖЛИЙН БЭРХШЭЭЛТЭЙ ХҮНИЙ ТОО, хүйс, аймаг, нийслэл, жилээр",t,https://data.1212.mn/api/v1/mn/NSO/Society%2C%20development/Disability/DT_NSO_3900_004V3.px
FOUND_OR_TABLE,"NSO / Нийгэм, хөгжил / Хөгжлийн бэрхшээл",DT_NSO_3900_004V4.px,"ХЭЛ ЯРИАНЫ ХӨГЖЛИЙН БЭРХШЭЭЛТЭЙ ХҮНИЙ ТОО, хүйс, аймаг, нийслэл, жилээр",t,https://data.1212.mn/api/v1/mn/NSO/Society%2C%20development/Disability/DT_NSO_3900_004V4.px
FOUND_OR_TABLE,"NSO / Нийгэм, хөгжил / Хөгжлийн бэрхшээл",DT_NSO_3900_004V5.px,"ХӨДӨЛГӨӨНИЙ ХӨГЖЛИЙН БЭРХШЭЭЛТЭЙ ХҮНИЙ ТОО, хүйс, аймаг, нийслэл, жилээр",t,https://data.1212.mn/api/v1/mn/NSO/Society%2C%20development/Disability/DT_NSO_3900_004V5.px
FOUND_OR_TABLE,"NSO / Нийгэм, хөгжил / Хөгжлийн бэрхшээл",DT_NSO_3900_004V6.px,"СЭТГЭЦИЙН ХӨГЖЛИЙН БЭРХШЭЭЛТЭЙ ХҮНИЙ ТОО, хүйс, аймаг, нийслэл, жилээр",t,https://data.1212.mn/api/v1/mn/NSO/Society%2C%20development/Disability/DT_NSO_3900_004V6.px
FOUND_OR_TABLE,"NSO / Нийгэм, хөгжил / Хөгжлийн бэрхшээл",DT_NSO_3900_004V7.px,"ХАВСАРСАН ХЭЛБЭРИЙН ХӨГЖЛИЙН БЭРХШЭЭЛТЭЙ ХҮНИЙ ТОО, хүйс, аймаг, нийслэл, жилээр",t,https://data.1212.mn/api/v1/mn/NSO/Society%2C%20development/Disability/DT_NSO_3900_004V7.px
FOUND_OR_TABLE,"NSO / Нийгэм, хөгжил / Хөгжлийн бэрхшээл",DT_NSO_3900_004V8.px,"БУСАД ТӨРЛИЙН ХӨГЖЛИЙН БЭРХШЭЭЛТЭЙ ХҮНИЙ ТОО, хүйс, аймаг, нийслэл, жилээр",t,https://data.1212.mn/api/v1/mn/NSO/Society%2C%20development/Disability/DT_NSO_3900_004V8.px
FOUND_OR_TABLE,"NSO / Нийгэм, хөгжил / Хууль эрх зүй, гэмт хэрэг",DT_NSO_1500_015V3.px,"ГЭМТ ХЭРГИЙН УЛМААС НАС БАРСАН ХҮНИЙ ТОО, аймаг, нийслэл, жилээр",t,https://data.1212.mn/api/v1/mn/NSO/Society%2C%20development/Law%20and%20crime/DT_NSO_1500_015V3.px
FOUND_OR_TABLE,"NSO / Нийгэм, хөгжил / Хууль эрх зүй, гэмт хэрэг",DT_NSO_2300_001A2.px,"ГЭМТ ХЭРГИЙН УЛМААС УЧИРСАН ХОХИРОЛ, НӨХӨН ТӨЛҮҮЛЭЛТ, аймаг, нийслэл, жилээр",t,https://data.1212.mn/api/v1/mn/NSO/Society%2C%20development/Law%20and%20crime/DT_NSO_2300_001A2.px
FOUND_OR_TABLE,"NSO / Нийгэм, хөгжил / Хууль эрх зүй, гэмт хэрэг",DT_NSO_2300_001A3.px,"ӨРГӨДӨЛ, ГОМДОЛ, МЭДЭЭЛЛИЙН ШИЙДВЭРЛЭЛТ, жилээр",t,https://data.1212.mn/api/v1/mn/NSO/Society%2C%20development/Law%20and%20crime/DT_NSO_2300_001A3.px
FOUND_OR_TABLE,"NSO / Нийгэм, хөгжил / Хууль эрх зүй, гэмт хэрэг",DT_NSO_2300_001A4.px,"АВЛИГАТАЙ ТЭМЦЭХ ГАЗРЫН ХУВИЙН АШИГ СОНИРХЛЫН БОЛОН ХӨРӨНГӨ, ОРЛОГЫН МЭДҮҮЛГИЙН ТАЙЛАН, жилээр",t,https://data.1212.mn/api/v1/mn/NSO/Society%2C%20development/Law%20and%20crime/DT_NSO_2300_001A4.px
FOUND_OR_TABLE,"NSO / Нийгэм, хөгжил / Хууль эрх зүй, гэмт хэрэг",DT_NSO_2300_008V101.px,"ШҮҮХЭЭР ЯЛ ШИЙТГҮҮЛСЭН ХҮНИЙ ТОО, хүйс, жилээр",t,https://data.1212.mn/api/v1/mn/NSO/Society%2C%20development/Law%20and%20crime/DT_NSO_2300_008V101.px
FOUND_OR_TABLE,"NSO / Нийгэм, хөгжил / Хууль эрх зүй, гэмт хэрэг",DT_NSO_2300_009V1.px,"БҮРТГЭГДСЭН ГЭМТ ХЭРГИЙН ТОО, хэргийн ангилал, сум, дүүрэг, жилээр",t,https://data.1212.mn/api/v1/mn/NSO/Society%2C%20development/Law%20and%20crime/DT_NSO_2300_009V1.px
FOUND_OR_TABLE,"NSO / Нийгэм, хөгжил / Хууль эрх зүй, гэмт хэрэг",DT_NSO_2300_012V1.px,"ГЭМТ ХЭРГИЙН УЛМААС УЧИРСАН ХОХИРОЛ БОЛОН НӨХӨН ТӨЛҮҮЛЭЛТ, өмчийн хэлбэр, сум, дүүрэг, жилээр",t,https://data.1212.mn/api/v1/mn/NSO/Society%2C%20development/Law%20and%20crime/DT_NSO_2300_012V1.px
FOUND_OR_TABLE,"NSO / Нийгэм, хөгжил / Хууль эрх зүй, гэмт хэрэг",DT_NSO_2300_014V1.px,"ГЭМТСЭН ХҮНИЙ ТОО, аймаг, нийслэл, жилээр",t,https://data.1212.mn/api/v1/mn/NSO/Society%2C%20development/Law%20and%20crime/DT_NSO_2300_014V1.px
FOUND_OR_TABLE,"NSO / Нийгэм, хөгжил / Хууль эрх зүй, гэмт хэрэг",DT_NSO_2300_015V2.px,"ХҮНИЙ ЭРҮҮЛ МЭНДИЙН ХАЛДАШГҮЙ БАЙДЛЫН ЭСРЭГ ГЭМТ ХЭРЭГ аймаг, нийслэл, жилээр",t,https://data.1212.mn/api/v1/mn/NSO/Society%2C%20development/Law%20and%20crime/DT_NSO_2300_015V2.px
FOUND_OR_TABLE,"NSO / Нийгэм, хөгжил / Хууль эрх зүй, гэмт хэрэг",DT_NSO_2300_016V1.px,"ХОХИРОГЧ БАЙГУУЛЛАГА, хариуцлагын хэлбэр, аймаг, нийслэл, жилээр",t,https://data.1212.mn/api/v1/mn/NSO/Society%2C%20development/Law%20and%20crime/DT_NSO_2300_016V1.px
FOUND_OR_TABLE,"NSO / Нийгэм, хөгжил / Хууль эрх зүй, гэмт хэрэг",DT_NSO_2300_017V1.px,"ГЭМТ ХЭРГИЙН УЛМААС ХОХИРСОН ХҮНИЙ ТОО, насны бүлэг, аймаг, нийслэл, жилээр",t,https://data.1212.mn/api/v1/mn/NSO/Society%2C%20development/Law%20and%20crime/DT_NSO_2300_017V1.px
FOUND_OR_TABLE,"NSO / Нийгэм, хөгжил / Хууль эрх зүй, гэмт хэрэг",DT_NSO_2300_018V1.px,"ШҮҮХЭЭР ЯЛ ШИЙТГҮҮЛСЭН ХҮНИЙ ТОО, аймаг, нийслэл, жилээр",t,https://data.1212.mn/api/v1/mn/NSO/Society%2C%20development/Law%20and%20crime/DT_NSO_2300_018V1.px
FOUND_OR_TABLE,"NSO / Нийгэм, хөгжил / Хууль эрх зүй, гэмт хэрэг",DT_NSO_2300_021V1.px,"ХҮНИЙ АМЬД ЯВАХ ЭРХИЙН ЭСРЭГ ГЭМТ ХЭРЭГ, аймаг, нийслэл, жилээр",t,https://data.1212.mn/api/v1/mn/NSO/Society%2C%20development/Law%20and%20crime/DT_NSO_2300_021V1.px
FOUND_OR_TABLE,"NSO / Нийгэм, хөгжил / Хууль эрх зүй, гэмт хэрэг",DT_NSO_2300_022V1.px,"ХҮНИЙ БЭЛГИЙН ЭРХ ЧӨЛӨӨ, ХАЛДАШГҮЙ БАЙДЛЫН ЭСРЭГ ГЭМТ ХЭРЭГ, аймаг, нийслэл, жилээр",t,https://data.1212.mn/api/v1/mn/NSO/Society%2C%20development/Law%20and%20crime/DT_NSO_2300_022V1.px
FOUND_OR_TABLE,"NSO / Нийгэм, хөгжил / Хууль эрх зүй, гэмт хэрэг",DT_NSO_2300_023V1.px,"ӨМЧЛӨХ ЭРХИЙН ЭСРЭГ ГЭМТ ХЭРЭГ, аймаг, нийслэл, жилээр",t,https://data.1212.mn/api/v1/mn/NSO/Society%2C%20development/Law%20and%20crime/DT_NSO_2300_023V1.px
FOUND_OR_TABLE,"NSO / Нийгэм, хөгжил / Хууль эрх зүй, гэмт хэрэг",DT_NSO_2300_024V1.px,"МАЛ ХУЛГАЙЛАХ ГЭМТ ХЭРЭГ, аймаг, нийслэл, жилээр",t,https://data.1212.mn/api/v1/mn/NSO/Society%2C%20development/Law%20and%20crime/DT_NSO_2300_024V1.px
FOUND_OR_TABLE,"NSO / Нийгэм, хөгжил / Хууль эрх зүй, гэмт хэрэг",DT_NSO_2300_025V1.px,"ОЛОН НИЙТИЙН АЮУЛГҮЙ БАЙДАЛ, АШИГ СОНИРХЛЫН ЭСРЭГ ГЭМТ ХЭРЭГ, аймаг, нийслэл, жилээр",t,https://data.1212.mn/api/v1/mn/NSO/Society%2C%20development/Law%20and%20crime/DT_NSO_2300_025V1.px
FOUND_OR_TABLE,"NSO / Нийгэм, хөгжил / Хууль эрх зүй, гэмт хэрэг",DT_NSO_2300_026V1.px,"ХӨДӨЛГӨӨНИЙ АЮУЛГҮЙ БАЙДАЛ, ТЭЭВРИЙН ХЭРЭГСЛИЙН АШИГЛАЛТЫН ЖУРМЫН ЭСРЭГ ГЭМТ ХЭРЭГ, аймаг, нийслэл, жилээр",t,https://data.1212.mn/api/v1/mn/NSO/Society%2C%20development/Law%20and%20crime/DT_NSO_2300_026V1.px
FOUND_OR_TABLE,"NSO / Нийгэм, хөгжил / Хууль эрх зүй, гэмт хэрэг",DT_NSO_2300_027V1.px,"ЭДИЙН ЗАСГИЙН ГЭМТ ХЭРЭГ, аймаг, нийслэл, жилээр",t,https://data.1212.mn/api/v1/mn/NSO/Society%2C%20development/Law%20and%20crime/DT_NSO_2300_027V1.px
FOUND_OR_TABLE,"NSO / Нийгэм, хөгжил / Хууль эрх зүй, гэмт хэрэг",DT_NSO_2300_031V1.px,"АНХАН ШАТНЫ ШҮҮХИЙН ТАЙЛАН, жилээр",t,https://data.1212.mn/api/v1/mn/NSO/Society%2C%20development/Law%20and%20crime/DT_NSO_2300_031V1.px
FOUND_OR_TABLE,"NSO / Нийгэм, хөгжил / Хууль эрх зүй, гэмт хэрэг",DT_NSO_2300_032V1.px,"ДАВЖ ЗААЛДАХ ШАТНЫ ШҮҮХИЙН ТАЙЛАН, жилээр",t,https://data.1212.mn/api/v1/mn/NSO/Society%2C%20development/Law%20and%20crime/DT_NSO_2300_032V1.px
FOUND_OR_TABLE,"NSO / Нийгэм, хөгжил / Хууль эрх зүй, гэмт хэрэг",DT_NSO_2300_033V1.px,"ХЯНАЛТЫН ШАТНЫ ШҮҮХИЙН ТАЙЛАН, жилээр",t,https://data.1212.mn/api/v1/mn/NSO/Society%2C%20development/Law%20and%20crime/DT_NSO_2300_033V1.px
FOUND_OR_TABLE,"NSO / Нийгэм, хөгжил / Хууль эрх зүй, гэмт хэрэг",DT_NSO_2300_034V1.px,"16, ТҮҮНЭЭС ДЭЭШ НАСНЫ 10000 ХҮНД НОГДОХ БҮРТГЭГДСЭН ГЭМТ ХЭРЭГ, бүс, аймаг, нийслэл, жилээр",t,https://data.1212.mn/api/v1/mn/NSO/Society%2C%20development/Law%20and%20crime/DT_NSO_2300_034V1.px
FOUND_OR_TABLE,"NSO / Нийгэм, хөгжил / Хууль эрх зүй, гэмт хэрэг",DT_NSO_2300_035V201.px,"ХОХИРСОН ХҮН, хүйс, насны ангилал, гэмт хэргийн төрөл, жилээр",t,https://data.1212.mn/api/v1/mn/NSO/Society%2C%20development/Law%20and%20crime/DT_NSO_2300_035V201.px
FOUND_OR_TABLE,"NSO / Нийгэм, хөгжил / Хууль эрх зүй, гэмт хэрэг",DT_NSO_2300_036V1.px,"16, ТҮҮНЭЭС ДЭЭШ НАСНЫ 10000 ХҮНД НОГДОХ ШҮҮХЭЭР ШИЙДВЭРЛЭСЭН ЭРҮҮГИЙН ХЭРЭГ, бүс, аймаг, нийслэл, жилээр",t,https://data.1212.mn/api/v1/mn/NSO/Society%2C%20development/Law%20and%20crime/DT_NSO_2300_036V1.px
FOUND_OR_TABLE,"NSO / Нийгэм, хөгжил / Хууль эрх зүй, гэмт хэрэг",DT_NSO_2300_037V1.px,"ХУУЛЬЧИД, аймаг, нийслэл, жилээр",t,https://data.1212.mn/api/v1/mn/NSO/Society%2C%20development/Law%20and%20crime/DT_NSO_2300_037V1.px
FOUND_OR_TABLE,"NSO / Нийгэм, хөгжил / Хууль эрх зүй, гэмт хэрэг",DT_NSO_2300_037V2.px,"ХУУЛЬЧИД, ажил мэргэжил, хүйс, жилээр",t,https://data.1212.mn/api/v1/mn/NSO/Society%2C%20development/Law%20and%20crime/DT_NSO_2300_037V2.px
FOUND_OR_TABLE,"NSO / Нийгэм, хөгжил / Хууль эрх зүй, гэмт хэрэг",DT_NSO_2300_037V21.px,"ШҮҮХЭЭР ЯЛ ШИЙТГҮҮЛСЭН ХҮН, ялын төрөл, жилээр",t,https://data.1212.mn/api/v1/mn/NSO/Society%2C%20development/Law%20and%20crime/DT_NSO_2300_037V21.px
FOUND_OR_TABLE,"NSO / Нийгэм, хөгжил / Хууль эрх зүй, гэмт хэрэг",DT_NSO_2300_037V3.px,"ХУУЛЬЧИД, насны бүлэг, жилээр",t,https://data.1212.mn/api/v1/mn/NSO/Society%2C%20development/Law%20and%20crime/DT_NSO_2300_037V3.px
FOUND_OR_TABLE,"NSO / Нийгэм, хөгжил / Хууль эрх зүй, гэмт хэрэг",DT_NSO_2300_037V4.px,"ХУУЛЬЧИД, боловсролын зэрэг, жилээр",t,https://data.1212.mn/api/v1/mn/NSO/Society%2C%20development/Law%20and%20crime/DT_NSO_2300_037V4.px
FOUND_OR_TABLE,"NSO / Нийгэм, хөгжил / Хууль эрх зүй, гэмт хэрэг",DT_NSO_2300_037V5.px,"ХУУЛЬЧИЙН МЭРГЭЖЛИЙН ШАЛГАЛТАД ТЭНЦСЭН ЭРХ ЗҮЙЧИД, жилээр",t,https://data.1212.mn/api/v1/mn/NSO/Society%2C%20development/Law%20and%20crime/DT_NSO_2300_037V5.px
FOUND_OR_TABLE,"NSO / Нийгэм, хөгжил / Хууль эрх зүй, гэмт хэрэг",DT_NSO_2300_038V1.px,"ГЭМТ ХЭРГИЙН ЯЛЛАГДАГЧ, гэмт хэргийн төрөл, жилээр",t,https://data.1212.mn/api/v1/mn/NSO/Society%2C%20development/Law%20and%20crime/DT_NSO_2300_038V1.px
FOUND_OR_TABLE,"NSO / Нийгэм, хөгжил / Хууль эрх зүй, гэмт хэрэг",DT_NSO_2300_039V1.px,"БҮРТГЭГДСЭН ЗАМ, ТЭЭВРИЙН ОСОЛ, аймаг, нийслэл, жилээр",t,https://data.1212.mn/api/v1/mn/NSO/Society%2C%20development/Law%20and%20crime/DT_NSO_2300_039V1.px
FOUND_OR_TABLE,"NSO / Нийгэм, хөгжил / Хууль эрх зүй, гэмт хэрэг",DT_NSO_2300_039V2.px,"ЗАМ ТЭЭВРИЙН ОСЛЫН УЛМААС НАС БАРСАН БОЛОН ГЭМТСЭН ХҮН, аймаг, нийслэл, жилээр",t,https://data.1212.mn/api/v1/mn/NSO/Society%2C%20development/Law%20and%20crime/DT_NSO_2300_039V2.px
FOUND_OR_TABLE,"NSO / Нийгэм, хөгжил / Хууль эрх зүй, гэмт хэрэг",DT_NSO_2300_039V3.px,"ЗАМ ТЭЭВРИЙН ОСЛЫН УЛМААС НАС БАРСАН ХҮН, аймаг, нийслэл, жилээр",t,https://data.1212.mn/api/v1/mn/NSO/Society%2C%20development/Law%20and%20crime/DT_NSO_2300_039V3.px
FOUND_OR_TABLE,"NSO / Нийгэм, хөгжил / Хууль эрх зүй, гэмт хэрэг",DT_NSO_2300_040V1.px,"ШҮҮХЭЭР ШИЙДВЭРЛЭСЭН ХЭРЭГ, гэмт хэргийн төрөл, жилээр",t,https://data.1212.mn/api/v1/mn/NSO/Society%2C%20development/Law%20and%20crime/DT_NSO_2300_040V1.px
FOUND_OR_TABLE,"NSO / Нийгэм, хөгжил / Хууль эрх зүй, гэмт хэрэг",DT_NSO_2300_041V1.px,"ГЭР БҮЛИЙН ТУХАЙ ХУУЛИЙН ДАГУУ ШИЙДВЭРЛЭСЭН ХЭРЭГ, жилээр",t,https://data.1212.mn/api/v1/mn/NSO/Society%2C%20development/Law%20and%20crime/DT_NSO_2300_041V1.px
FOUND_OR_TABLE,"NSO / Нийгэм, хөгжил / Хууль эрх зүй, гэмт хэрэг",DT_NSO_2300_042V1.px,"ХҮҮХДИЙН ТЭТГЭЛГИЙН ТӨЛБӨР БАРАГДУУЛАЛТ, жилээр",t,https://data.1212.mn/api/v1/mn/NSO/Society%2C%20development/Law%20and%20crime/DT_NSO_2300_042V1.px
FOUND_OR_TABLE,"NSO / Нийгэм, хөгжил / Хууль эрх зүй, гэмт хэрэг",DT_NSO_2300_043V1.px,"ХҮҮХДИЙН ТЭТГЭЛГИЙН ТӨЛБӨР БАРАГДУУЛАЛТ, төлбөрийн хэлбэр, жилээр",t,https://data.1212.mn/api/v1/mn/NSO/Society%2C%20development/Law%20and%20crime/DT_NSO_2300_043V1.px
FOUND_OR_TABLE,"NSO / Нийгэм, хөгжил / Хууль эрх зүй, гэмт хэрэг",DT_NSO_2300_044V1.px,"БҮРТГЭГДСЭН ГЭМТ ХЭРЭГ, үйлдэгдсэн байдал, аймаг, нийслэл, сараар (өссөн дүнгээр)",t,https://data.1212.mn/api/v1/mn/NSO/Society%2C%20development/Law%20and%20crime/DT_NSO_2300_044V1.px
FOUND_OR_TABLE,"NSO / Нийгэм, хөгжил / Хууль эрх зүй, гэмт хэрэг",DT_NSO_2300_045V1.px,"БҮРТГЭГДСЭН ЗӨРЧИЛ, аймаг, нийслэл, сараар (өссөн дүнгээр)",t,https://data.1212.mn/api/v1/mn/NSO/Society%2C%20development/Law%20and%20crime/DT_NSO_2300_045V1.px
FOUND_OR_TABLE,"NSO / Нийгэм, хөгжил / Хууль эрх зүй, гэмт хэрэг",DT_NSO_2300_046V1.px,"БҮРТГЭГДСЭН ГЭМТ ХЭРЭГ, гэмт хэргийн төрөл, сум, дүүрэг, жилээр",t,https://data.1212.mn/api/v1/mn/NSO/Society%2C%20development/Law%20and%20crime/DT_NSO_2300_046V1.px
FOUND_OR_TABLE,"NSO / Нийгэм, хөгжил / Хууль эрх зүй, гэмт хэрэг",DT_NSO_2300_10V1.px,"ШҮҮХЭЭР ШИЙДВЭРЛҮҮЛСЭН ХӨДӨЛМӨРИЙН МАРГААН, бүс, аймаг, нийслэл, жилээр",t,https://data.1212.mn/api/v1/mn/NSO/Society%2C%20development/Law%20and%20crime/DT_NSO_2300_10V1.px
FOUND_OR_TABLE,"NSO / Нийгэм, хөгжил / Хууль эрх зүй, гэмт хэрэг / АВЛИГАТАЙ ТЭМЦЭХ ГАЗАРТ БҮРТГЭГДСЭН ГЭМТ ХЭРГИЙН ТОО, хэргийн ангиллаар, сар, жилээр",DT_NSO_2300_001A_1.px,"АВЛИГАТАЙ ТЭМЦЭХ ГАЗАРТ БҮРТГЭГДСЭН ГЭМТ ХЭРГИЙН ТОО, хэргийн ангилал, жилээр",t,https://data.1212.mn/api/v1/mn/NSO/Society%2C%20development/Law%20and%20crime/NUMBER%20OF%20CRIMINAL%20CASES%20REGISTERED%20BY%20THE%20ANTI-CORRUPTION%20AGENCY%2C%20by%20Type%2C%20Month%20and%20Year/DT_NSO_2300_001A_1.px
FOUND_OR_TABLE,"NSO / Нийгэм, хөгжил / Хууль эрх зүй, гэмт хэрэг / АВЛИГАТАЙ ТЭМЦЭХ ГАЗАРТ БҮРТГЭГДСЭН ГЭМТ ХЭРГИЙН ТОО, хэргийн ангиллаар, сар, жилээр",DT_NSO_2300_001A1.px,"АВЛИГАТАЙ ТЭМЦЭХ ГАЗАРТ БҮРТГЭГДСЭН ГЭМТ ХЭРГИЙН ТОО, хэргийн ангилал, сараар (өссөн дүнгээр)",t,https://data.1212.mn/api/v1/mn/NSO/Society%2C%20development/Law%20and%20crime/NUMBER%20OF%20CRIMINAL%20CASES%20REGISTERED%20BY%20THE%20ANTI-CORRUPTION%20AGENCY%2C%20by%20Type%2C%20Month%20and%20Year/DT_NSO_2300_001A1.px
FOUND_OR_TABLE,"NSO / Нийгэм, хөгжил / Хууль эрх зүй, гэмт хэрэг / БYРТГЭГДСЭН ГЭМТ ХЭРЭГ, хэргийн ангилал, төрлөөр",DT_NSO_2300_036V2.px,"БҮРТГЭГДСЭН ГЭМТ ХЭРЭГ, хэргийн ангилал, жилээр",t,https://data.1212.mn/api/v1/mn/NSO/Society%2C%20development/Law%20and%20crime/RECORDED%20CRIMES%2C%20by%20classification%2C%20year%20and%20month/DT_NSO_2300_036V2.px
FOUND_OR_TABLE,"NSO / Нийгэм, хөгжил / Хууль эрх зүй, гэмт хэрэг / БYРТГЭГДСЭН ГЭМТ ХЭРЭГ, хэргийн ангилал, төрлөөр",DT_NSO_2300_036V4.px,"БYРТГЭГДСЭН ГЭМТ ХЭРЭГ, хэргийн ангилал, сараар",t,https://data.1212.mn/api/v1/mn/NSO/Society%2C%20development/Law%20and%20crime/RECORDED%20CRIMES%2C%20by%20classification%2C%20year%20and%20month/DT_NSO_2300_036V4.px
FOUND_OR_TABLE,"NSO / Нийгэм, хөгжил / Хууль эрх зүй, гэмт хэрэг / БҮРТГЭГДСЭН ГЭМТ ХЭРГИЙН ТОО, бүс, аймаг, нийслэлээр, сар, жилээр",DT_NSO_2300_003V_1.px,"БҮРТГЭГДСЭН ГЭМТ ХЭРГИЙН ТОО, аймаг, нийслэл, жилээр",t,https://data.1212.mn/api/v1/mn/NSO/Society%2C%20development/Law%20and%20crime/NUMBER%20OF%20RECORDED%20CRIMES%2C%20by%20region%2C%20aimag%20and%20the%20capital%2C%20year/DT_NSO_2300_003V_1.px
FOUND_OR_TABLE,"NSO / Нийгэм, хөгжил / Хууль эрх зүй, гэмт хэрэг / БҮРТГЭГДСЭН ГЭМТ ХЭРГИЙН ТОО, бүс, аймаг, нийслэлээр, сар, жилээр",DT_NSO_2300_003V1.px,"БҮРТГЭГДСЭН ГЭМТ ХЭРГИЙН ТОО, аймаг, нийслэл, сараар (өссөн дүнгээр)",t,https://data.1212.mn/api/v1/mn/NSO/Society%2C%20development/Law%20and%20crime/NUMBER%20OF%20RECORDED%20CRIMES%2C%20by%20region%2C%20aimag%20and%20the%20capital%2C%20year/DT_NSO_2300_003V1.px
FOUND_OR_TABLE,"NSO / Нийгэм, хөгжил / Хууль эрх зүй, гэмт хэрэг / БҮРТГЭГДСЭН ГЭМТ ХЭРГИЙН ТОО, хэргийн ангиллаар, сар, жилээр",DT_NSO_2300_001V_1.px,"БҮРТГЭГДСЭН ГЭМТ ХЭРГИЙН ТОО, хэргийн ангилал, жилээр",t,https://data.1212.mn/api/v1/mn/NSO/Society%2C%20development/Law%20and%20crime/NUMBER%20OF%20RECORDED%20CRIMES%2C%20by%20classification%2C%20year%20and%20month/DT_NSO_2300_001V_1.px
FOUND_OR_TABLE,"NSO / Нийгэм, хөгжил / Хууль эрх зүй, гэмт хэрэг / БҮРТГЭГДСЭН ГЭМТ ХЭРГИЙН ТОО, хэргийн ангиллаар, сар, жилээр",DT_NSO_2300_001V1.px,"БҮРТГЭГДСЭН ГЭМТ ХЭРГИЙН ТОО, хэргийн ангилал, сараар (өссөн дүнгээр)",t,https://data.1212.mn/api/v1/mn/NSO/Society%2C%20development/Law%20and%20crime/NUMBER%20OF%20RECORDED%20CRIMES%2C%20by%20classification%2C%20year%20and%20month/DT_NSO_2300_001V1.px
FOUND_OR_TABLE,"NSO / Нийгэм, хөгжил / Хууль эрх зүй, гэмт хэрэг / БҮРТГЭГДСЭН ГЭМТ ХЭРЭГТ ХОЛБОГДСОН НИЙТ ЯЛЛАГДАГЧДЫН ТОО, бүс, аймаг, нийслэлээр, хүйсээр, насны ангиллаар, сар, жилээр",DT_NSO_2300_004V_1.px,"БҮРТГЭГДСЭН ГЭМТ ХЭРЭГТ ХОЛБОГДСОН НИЙТ ЯЛЛАГДАГЧДЫН ТОО, хүйс, насны ангилал, аймаг, нийслэл, жилээр",t,https://data.1212.mn/api/v1/mn/NSO/Society%2C%20development/Law%20and%20crime/NUMBER%20OF%20OFFENDERS%2C%20by%20region%2C%20aimag%20and%20the%20capital%2C%20sex%20%2C%20age%20group%20and%20month%2C%20%20year/DT_NSO_2300_004V_1.px
FOUND_OR_TABLE,"NSO / Нийгэм, хөгжил / Хууль эрх зүй, гэмт хэрэг / БҮРТГЭГДСЭН ГЭМТ ХЭРЭГТ ХОЛБОГДСОН НИЙТ ЯЛЛАГДАГЧДЫН ТОО, бүс, аймаг, нийслэлээр, хүйсээр, насны ангиллаар, сар, жилээр",DT_NSO_2300_004V1.px,"БҮРТГЭГДСЭН ГЭМТ ХЭРЭГТ ХОЛБОГДСОН НИЙТ ЯЛЛАГДАГЧДЫН ТОО, хүйс, аймаг, нийслэл, сараар (өссөн дүнгээр)",t,https://data.1212.mn/api/v1/mn/NSO/Society%2C%20development/Law%20and%20crime/NUMBER%20OF%20OFFENDERS%2C%20by%20region%2C%20aimag%20and%20the%20capital%2C%20sex%20%2C%20age%20group%20and%20month%2C%20%20year/DT_NSO_2300_004V1.px
FOUND_OR_TABLE,"NSO / Нийгэм, хөгжил / Хууль эрх зүй, гэмт хэрэг / ГЭМТ ХЭРГИЙН УЛМААС УЧИРСАН ХОХИРОЛ, НӨХӨН ТӨЛҮҮЛЭЛТИЙН ХЭМЖЭЭ, сар, жилээр",DT_NSO_2300_006V_1.px,"ГЭМТ ХЭРГИЙН УЛМААС УЧИРСАН ХОХИРОЛ, НӨХӨН ТӨЛҮҮЛЭЛТИЙН ХЭМЖЭЭ, жилээр",t,https://data.1212.mn/api/v1/mn/NSO/Society%2C%20development/Law%20and%20crime/CRIME%20CAUSED%20OF%20DAMAGES%20AND%20DAMAGES%20WERE%20RESTITUTED%2C%20%20year%20and%20month/DT_NSO_2300_006V_1.px
FOUND_OR_TABLE,"NSO / Нийгэм, хөгжил / Хууль эрх зүй, гэмт хэрэг / ГЭМТ ХЭРГИЙН УЛМААС УЧИРСАН ХОХИРОЛ, НӨХӨН ТӨЛҮҮЛЭЛТИЙН ХЭМЖЭЭ, сар, жилээр",DT_NSO_2300_006V1.px,"ГЭМТ ХЭРГИЙН УЛМААС УЧИРСАН ХОХИРОЛ, НӨХӨН ТӨЛҮҮЛЭЛТИЙН ХЭМЖЭЭ, сараар (өссөн дүнгээр)",t,https://data.1212.mn/api/v1/mn/NSO/Society%2C%20development/Law%20and%20crime/CRIME%20CAUSED%20OF%20DAMAGES%20AND%20DAMAGES%20WERE%20RESTITUTED%2C%20%20year%20and%20month/DT_NSO_2300_006V1.px
FOUND_OR_TABLE,"NSO / Нийгэм, хөгжил / Хүний хөгжлийн индекс",DT_NSO_2700_001V1.px,"ХҮНИЙ ХӨГЖЛИЙН ИНДЕКС, аймаг, нийслэл, жилээр",t,https://data.1212.mn/api/v1/mn/NSO/Society%2C%20development/Human%20Development%20Index/DT_NSO_2700_001V1.px
FOUND_OR_TABLE,"NSO / Нийгэм, хөгжил / Хүний хөгжлийн индекс",DT_NSO_2700_001V2.px,"ХҮНИЙ ХӨГЖЛИЙН ТЭГШ БУС БАЙДЛААР ЗАСВАРЛАСАН ИНДЕКС, аймаг, нийслэл, жилээр",t,https://data.1212.mn/api/v1/mn/NSO/Society%2C%20development/Human%20Development%20Index/DT_NSO_2700_001V2.px
FOUND_OR_TABLE,"NSO / Нийгэм, хөгжил / Хүний хөгжлийн индекс",DT_NSO_2700_002V1.px,"ЖЕНДЭРИЙН ХӨГЖЛИЙН ИНДЕКC, аймаг, нийслэл, жилээр",t,https://data.1212.mn/api/v1/mn/NSO/Society%2C%20development/Human%20Development%20Index/DT_NSO_2700_002V1.px
FOUND_OR_TABLE,"NSO / Нийгэм, хөгжил / Хүний хөгжлийн индекс",DT_NSO_2700_002V2.px,"ЖЕНДЭРИЙН ТЭГШ БУС БАЙДЛЫН ИНДЕКС, хүйс, аймаг, нийслэл, жилээр",t,https://data.1212.mn/api/v1/mn/NSO/Society%2C%20development/Human%20Development%20Index/DT_NSO_2700_002V2.px
FOUND_OR_TABLE,"NSO / Нийгэм, хөгжил / Хүний хөгжлийн индекс",DT_NSO_2700_003V1.px,"ЖЕНДЭРИЙН ЭРХ МЭДЛИЙН ХЭМЖҮҮР, аймаг, нийслэл, жилээр",t,https://data.1212.mn/api/v1/mn/NSO/Society%2C%20development/Human%20Development%20Index/DT_NSO_2700_003V1.px
FOUND_OR_TABLE,"NSO / Нийгэм, хөгжил / Хүний хөгжлийн индекс",DT_NSO_2700_004V1.px,"ЖЕНДЭРИЙН ТЭГШ БУС БАЙДЛЫН ИНДЕКС, аймаг, нийслэл, жилээр",t,https://data.1212.mn/api/v1/mn/NSO/Society%2C%20development/Human%20Development%20Index/DT_NSO_2700_004V1.px
FOUND_OR_TABLE,"NSO / Нийгэм, хөгжил / Хүний хөгжлийн индекс",DT_NSO_2700_005V1.px,"ХҮНИЙ ХӨГЖЛИЙН БҮРЭЛДЭХҮҮН ИНДЕКС, аймаг, нийслэл, жилээр",t,https://data.1212.mn/api/v1/mn/NSO/Society%2C%20development/Human%20Development%20Index/DT_NSO_2700_005V1.px
FOUND_OR_TABLE,"NSO / Нийгэм, хөгжил / Хүнсний аюулгүй байдал",DT_NSO_1003_001V1.px,"ЖИШСЭН ХҮН АМЫН ЖИЛИЙН ХҮНСНИЙ ХЭРЭГЦЭЭ, улсын дундаж, бүтээгдэхүүний төрөл, жилээр",t,https://data.1212.mn/api/v1/mn/NSO/Society%2C%20development/Food%20Security/DT_NSO_1003_001V1.px
FOUND_OR_TABLE,"NSO / Нийгэм, хөгжил / Хүнсний аюулгүй байдал",DT_NSO_1003_002V1.px,"ХҮНСНИЙ ХАНГАМЖИЙН ТҮВШИН, улсын дундаж, бүтээгдэхүүний төрөл, жилээр",t,https://data.1212.mn/api/v1/mn/NSO/Society%2C%20development/Food%20Security/DT_NSO_1003_002V1.px
FOUND_OR_TABLE,"NSO / Нийгэм, хөгжил / Хүнсний аюулгүй байдал",DT_NSO_1003_003V1.px,"ЖИШСЭН ДУНДАЖ НЭГ ХҮНИЙ ХҮНСНЭЭС АВЧ БУЙ БОДИТ ИЛЧЛЭГ ШИМ ТЭЖЭЭЛ, сэрүүний улиралд, байршил, жилээр",t,https://data.1212.mn/api/v1/mn/NSO/Society%2C%20development/Food%20Security/DT_NSO_1003_003V1.px
FOUND_OR_TABLE,"NSO / Нийгэм, хөгжил / Хүнсний аюулгүй байдал",DT_NSO_1003_004V1.px,"ЖИШСЭН ДУНДАЖ НЭГ ХҮНИЙ ХҮНСНЭЭС АВЧ БУЙ БОДИТ ИЛЧЛЭГ ШИМ ТЭЖЭЭЛ, зуны улиралд, байршил, жилээр",t,https://data.1212.mn/api/v1/mn/NSO/Society%2C%20development/Food%20Security/DT_NSO_1003_004V1.px
FOUND_OR_TABLE,"NSO / Нийгэм, хөгжил / Хүнсний аюулгүй байдал",DT_NSO_1003_005V1.px,"ХҮНСНИЙ ХАНГАМЖИЙН ХУВЬ, эх үүсвэр, бүтээгдэхүүний төрөл, жилээр",t,https://data.1212.mn/api/v1/mn/NSO/Society%2C%20development/Food%20Security/DT_NSO_1003_005V1.px
FOUND_OR_TABLE,"NSO / Нийгэм, хөгжил / Хүнсний аюулгүй байдал",DT_NSO_1003_006V1.px,"ХҮНСНИЙ ХҮРТЭЭМЖ, улирал, бүтээгдэхүүний төрөл, жилээр",t,https://data.1212.mn/api/v1/mn/NSO/Society%2C%20development/Food%20Security/DT_NSO_1003_006V1.px
FOUND_OR_TABLE,"NSO / Нийгэм, хөгжил / Хүнсний аюулгүй байдал",DT_NSO_2300_20V1.px,"ХҮНСНИЙ БАТАЛГААТ БАЙДЛЫН АЛДАГДАЛТАЙ ӨРХИЙН ХУВЬ, улсын дундаж, байршил, жилээр",t,https://data.1212.mn/api/v1/mn/NSO/Society%2C%20development/Food%20Security/DT_NSO_2300_20V1.px
FOUND_OR_TABLE,"NSO / Нийгэм, хөгжил / Хүнсний аюулгүй байдал",DT_NSO_2300_22V1.px,"ХҮНСНИЙ БАТАЛГААТ БАЙДЛЫН АЛДАГДАЛТАЙ ХҮН АМЫН ХУВЬ, улсын дундаж, байршил, жилээр",t,https://data.1212.mn/api/v1/mn/NSO/Society%2C%20development/Food%20Security/DT_NSO_2300_22V1.px
FOUND_OR_TABLE,"NSO / Нийгэм, хөгжил / Ядуурал, тэгш бус байдал, АДТ",DT_NSO_1900_007V1.px,"ЯДУУРЛЫН ҮНДСЭН ҮЗҮҮЛЭЛТ, бүс, суурьшил, жилээр /1995-2020/",t,https://data.1212.mn/api/v1/mn/NSO/Society%2C%20development/Poverty%2C%20inequality%20and%20minimum%20subsistence%20level/DT_NSO_1900_007V1.px
FOUND_OR_TABLE,"NSO / Нийгэм, хөгжил / Ядуурал, тэгш бус байдал, АДТ",DT_NSO_1900_007V12.px,"ЯДУУРЛЫН ҮНДСЭН ҮЗҮҮЛЭЛТ, бүс, суурьшил, жилээр /2022/",t,https://data.1212.mn/api/v1/mn/NSO/Society%2C%20development/Poverty%2C%20inequality%20and%20minimum%20subsistence%20level/DT_NSO_1900_007V12.px
FOUND_OR_TABLE,"NSO / Нийгэм, хөгжил / Ядуурал, тэгш бус байдал, АДТ",DT_NSO_1900_008V1.px,"НЭГ ХҮНД НОГДОХ САРЫН ХЭРЭГЛЭЭ, хэрэглээний үндсэн бүлэг, ядуурлын байдал, бүс, жилээр /2003-2020/",t,https://data.1212.mn/api/v1/mn/NSO/Society%2C%20development/Poverty%2C%20inequality%20and%20minimum%20subsistence%20level/DT_NSO_1900_008V1.px
FOUND_OR_TABLE,"NSO / Нийгэм, хөгжил / Ядуурал, тэгш бус байдал, АДТ",DT_NSO_1900_010V1.px,"ХҮН АМЫН АМЬЖИРГААНЫ ДООД ТҮВШИН, нэг хүнд сард ногдох, бүс, жилээр /2001-2026/",t,https://data.1212.mn/api/v1/mn/NSO/Society%2C%20development/Poverty%2C%20inequality%20and%20minimum%20subsistence%20level/DT_NSO_1900_010V1.px
FOUND_OR_TABLE,"NSO / Нийгэм, хөгжил / Ядуурал, тэгш бус байдал, АДТ",DT_NSO_1900_011V1.px,"НЭГ ХҮНД НОГДОХ САРЫН ХЭРЭГЛЭЭ, хэрэглээний үндсэн бүлэг, байршил, жилээр /2003-2020/",t,https://data.1212.mn/api/v1/mn/NSO/Society%2C%20development/Poverty%2C%20inequality%20and%20minimum%20subsistence%20level/DT_NSO_1900_011V1.px
FOUND_OR_TABLE,"NSO / Нийгэм, хөгжил / Ядуурал, тэгш бус байдал, АДТ",DT_NSO_1900_013V1.px,"НЭГ ХҮНД НОГДОХ САРЫН ХЭРЭГЛЭЭ, өрхийн тооны тэнцүү 10 бүлэг, байршил, жилээр /2003-2020/",t,https://data.1212.mn/api/v1/mn/NSO/Society%2C%20development/Poverty%2C%20inequality%20and%20minimum%20subsistence%20level/DT_NSO_1900_013V1.px
FOUND_OR_TABLE,"NSO / Нийгэм, хөгжил / Ядуурал, тэгш бус байдал, АДТ",DT_NSO_1900_014V1.px,"ХҮН АМЫН ХЭРЭГЛЭЭНИЙ БҮТЭЦ, өрхийн тооны тэнцүү 5 бүлэг, байршил, жилээр",t,https://data.1212.mn/api/v1/mn/NSO/Society%2C%20development/Poverty%2C%20inequality%20and%20minimum%20subsistence%20level/DT_NSO_1900_014V1.px
FOUND_OR_TABLE,"NSO / Нийгэм, хөгжил / Ядуурал, тэгш бус байдал, АДТ",DT_NSO_1900_016V1.px,"ХҮН АМЫН АМЬЖИРГААНЫ ДООД ТҮВШИН, нэг хүнд сард ногдох, бүс, жилээр /1999-2000/",t,https://data.1212.mn/api/v1/mn/NSO/Society%2C%20development/Poverty%2C%20inequality%20and%20minimum%20subsistence%20level/DT_NSO_1900_016V1.px
FOUND_OR_TABLE,"NSO / Нийгэм, хөгжил / Ядуурал, тэгш бус байдал, АДТ",DT_NSO_1900_022V1.px,"ЯДУУРЛЫН ЗУРАГЛАЛ, бүс, сум, дүүргийн түвшний үр дүн /2011/",t,https://data.1212.mn/api/v1/mn/NSO/Society%2C%20development/Poverty%2C%20inequality%20and%20minimum%20subsistence%20level/DT_NSO_1900_022V1.px
FOUND_OR_TABLE,"NSO / Нийгэм, хөгжил / Ядуурал, тэгш бус байдал, АДТ",DT_NSO_1900_035V1.px,"ЯДУУРЛЫН ҮНДСЭН ҮЗҮҮЛЭЛТ, аймаг, бүс, жилээр /2016-2020/",t,https://data.1212.mn/api/v1/mn/NSO/Society%2C%20development/Poverty%2C%20inequality%20and%20minimum%20subsistence%20level/DT_NSO_1900_035V1.px
FOUND_OR_TABLE,"NSO / Нийгэм, хөгжил / Ядуурал, тэгш бус байдал, АДТ",DT_NSO_1900_036V1.px,"ТЭГШ БУС БАЙДАЛ, нэг хүнд сард ногдох хэрэглээнд үндэслэн тооцсон, бүс, суурьшил, жилээр",t,https://data.1212.mn/api/v1/mn/NSO/Society%2C%20development/Poverty%2C%20inequality%20and%20minimum%20subsistence%20level/DT_NSO_1900_036V1.px
FOUND_OR_TABLE,NSO / Түүхэн Статистик,Enterprise,Аж үйлдвэр,l,https://data.1212.mn/api/v1/mn/NSO/Historical%20data/Enterprise
FOUND_OR_TABLE,NSO / Түүхэн Статистик / Аж үйлдвэр,DT_NSO_0100_01TB08.px,"АЖ ҮЙЛДВЭРИЙН НИЙТ БҮТЭЭГДЭХҮҮН, салбар, оны үнэ, сараар",t,https://data.1212.mn/api/v1/mn/NSO/Historical%20data/Enterprise/DT_NSO_0100_01TB08.px
FOUND_OR_TABLE,NSO / Түүхэн Статистик / Аж үйлдвэр,DT_NSO_0100_01TB09.px,"АЖ ҮЙЛДВЭРИЙН НИЙТ БҮТЭЭГДЭХҮҮН, салбар, 1967 оны үл хөдлөх үнэ, жилээр",t,https://data.1212.mn/api/v1/mn/NSO/Historical%20data/Enterprise/DT_NSO_0100_01TB09.px
FOUND_OR_TABLE,NSO / Түүхэн Статистик / Аж үйлдвэр,DT_NSO_0100_01TB10.px,"АЖ ҮЙЛДВЭРИЙН ГОЛ НЭР ТӨРЛИЙН БҮТЭЭГДЭХҮҮНИЙ ҮЙЛДВЭРЛЭЛ, төрөл, жилээр",t,https://data.1212.mn/api/v1/mn/NSO/Historical%20data/Enterprise/DT_NSO_0100_01TB10.px
FOUND_OR_TABLE,NSO / Түүхэн Статистик / Аж үйлдвэр,DT_NSO_0100_01TB11.px,"АЖ ҮЙЛДВЭРИЙН САЛБАРЫН АЖИЛЛАГЧДЫН ДУНДАЖ ТОО, салбар, жилээр",t,https://data.1212.mn/api/v1/mn/NSO/Historical%20data/Enterprise/DT_NSO_0100_01TB11.px
FOUND_OR_TABLE,NSO / Түүхэн Статистик / Аж үйлдвэр,DT_NSO_0100_01TB12.px,"ЦАХИЛГААН ЭРЧИМ ХҮЧНИЙ БАЛАНС, жилээр",t,https://data.1212.mn/api/v1/mn/NSO/Historical%20data/Enterprise/DT_NSO_0100_01TB12.px
FOUND_OR_TABLE,NSO / Түүхэн Статистик / Аж үйлдвэр,DT_NSO_0100_01TB13.px,"НҮҮРСНИЙ БАЛАНС, жилээр",t,https://data.1212.mn/api/v1/mn/NSO/Historical%20data/Enterprise/DT_NSO_0100_01TB13.px
FOUND_OR_TABLE,NSO / Түүхэн Статистик / Аж үйлдвэр,DT_NSO_0100_01TB14.px,"АЖ ҮЙЛДВЭРИЙН САЛБАРТ АЖИЛЛАГЧДЫН ДУНДАЖ ТОО, салбар, жилээр",t,https://data.1212.mn/api/v1/mn/NSO/Historical%20data/Enterprise/DT_NSO_0100_01TB14.px
FOUND_OR_TABLE,NSO / Түүхэн Статистик / Ажиллагчдын тоо,DT_NSO_0100_01T39.px,"ХӨДӨЛМӨРИЙН НАСНЫ ХҮН АМЫН ТОО, жилээр",t,https://data.1212.mn/api/v1/mn/NSO/Historical%20data/Number%20of%20employees/DT_NSO_0100_01T39.px
FOUND_OR_TABLE,NSO / Түүхэн Статистик / Ажиллагчдын тоо,DT_NSO_0100_01T40.px,"УЛС, АРДЫН АЖ АХУЙД АЖИЛЛАГЧИД, жилээр",t,https://data.1212.mn/api/v1/mn/NSO/Historical%20data/Number%20of%20employees/DT_NSO_0100_01T40.px
FOUND_OR_TABLE,NSO / Түүхэн Статистик / Ажиллагчдын тоо,DT_NSO_0100_01T41.px,"УЛС АРДЫН АЖ АХУЙН АЖИЛЧИН, АЛБАН ХААГЧДЫН ДУНДАЖ ТОО, салбар, жилээр",t,https://data.1212.mn/api/v1/mn/NSO/Historical%20data/Number%20of%20employees/DT_NSO_0100_01T41.px
FOUND_OR_TABLE,NSO / Түүхэн Статистик / Ажиллагчдын тоо,DT_NSO_0100_01T42.px,"УЛС АРДЫН АЖ АХУЙД АЖИЛЛАЖ БАЙГАА ДЭЭД, ТУСГАЙ ДУНД БОЛОВСРОЛТОЙ ХҮНИЙ ТОО, жилээр",t,https://data.1212.mn/api/v1/mn/NSO/Historical%20data/Number%20of%20employees/DT_NSO_0100_01T42.px
FOUND_OR_TABLE,NSO / Түүхэн Статистик / Ард түмний аж байдлын дээшлэлт,DT_NSO_0100_T0022.px,"ХҮН АМЫН БОДИТ ОРЛОГО, жилээр",t,https://data.1212.mn/api/v1/mn/NSO/Historical%20data/Progress%20of%20people%27s%20activities/DT_NSO_0100_T0022.px
FOUND_OR_TABLE,NSO / Түүхэн Статистик / Ард түмний аж байдлын дээшлэлт,DT_NSO_0100_T0023.px,"АЖИЛЧИН, АЛБАН ХААГЧДЫН САРЫН ДУНДАЖ ЦАЛИН, оны үнэ, жилээр",t,https://data.1212.mn/api/v1/mn/NSO/Historical%20data/Progress%20of%20people%27s%20activities/DT_NSO_0100_T0023.px
FOUND_OR_TABLE,NSO / Түүхэн Статистик / Ард түмний аж байдлын дээшлэлт,DT_NSO_0100_T0024.px,"ОЛОН ХҮҮХЭДТЭЙ ЭХЧҮҮДЭД ОЛГОСОН УЛСЫН ТЭТГЭМЖ, оны үнээр",t,https://data.1212.mn/api/v1/mn/NSO/Historical%20data/Progress%20of%20people%27s%20activities/DT_NSO_0100_T0024.px
FOUND_OR_TABLE,NSO / Түүхэн Статистик / Ард түмний аж байдлын дээшлэлт,DT_NSO_0100_T0025.px,"ӨНДӨР НАСНЫ ТЭТГЭВЭР, оны үнэ, жилээр",t,https://data.1212.mn/api/v1/mn/NSO/Historical%20data/Progress%20of%20people%27s%20activities/DT_NSO_0100_T0025.px
FOUND_OR_TABLE,NSO / Түүхэн Статистик / Ард түмний аж байдлын дээшлэлт,DT_NSO_0100_T0026.px,"ХҮН АМЫН ХАДГАЛАМЖ, оны үнээр, жилээр",t,https://data.1212.mn/api/v1/mn/NSO/Historical%20data/Progress%20of%20people%27s%20activities/DT_NSO_0100_T0026.px
FOUND_OR_TABLE,NSO / Түүхэн Статистик / Ард түмний аж байдлын дээшлэлт,DT_NSO_0100_T0027.px,"НЭГ ХҮН АМД НОГДОХ ХҮНСНИЙ ЗАРИМ НЭР ТӨРЛИЙН БҮТЭЭГДЭХҮҮНИЙ ХЭРЭГЛЭЭ, төрөл, жилээр",t,https://data.1212.mn/api/v1/mn/NSO/Historical%20data/Progress%20of%20people%27s%20activities/DT_NSO_0100_T0027.px
FOUND_OR_TABLE,"NSO / Түүхэн Статистик / БНМАУ-ын нутаг дэвсгэр, засаг захиргааны хуваарь",DT_NSO_0100_T0011.px,"БНМАУ-ЫН ЗАСАГ ЗАХИРГАА, НУТАГ ДЭВСГЭРИЙН ХУВААРЬ",t,https://data.1212.mn/api/v1/mn/NSO/Historical%20data/Administrative%20territorial%20division%20of%20the%20MPR/DT_NSO_0100_T0011.px
FOUND_OR_TABLE,"NSO / Түүхэн Статистик / БНМАУ-ын нутаг дэвсгэр, засаг захиргааны хуваарь",DT_NSO_0100_T0021.px,БНМАУ-ЫН ЗАСАГ ЗАХИРГААНЫ ЗОХИОН БАЙГУУЛАЛТЫН ӨӨРЧЛӨЛТ,t,https://data.1212.mn/api/v1/mn/NSO/Historical%20data/Administrative%20territorial%20division%20of%20the%20MPR/DT_NSO_0100_T0021.px
FOUND_OR_TABLE,"NSO / Түүхэн Статистик / Боловсрол, соёл, шинжлэх ухаан",DT_NSO_0100_01TT01.px,БҮХ ШАТНЫ СУРГУУЛИЙН ТОО,t,https://data.1212.mn/api/v1/mn/NSO/Historical%20data/Education%2C%20culture%20and%20science/DT_NSO_0100_01TT01.px
FOUND_OR_TABLE,"NSO / Түүхэн Статистик / Боловсрол, соёл, шинжлэх ухаан",DT_NSO_0100_01TT02.px,"СУРАЛЦАГЧДЫН ТОО, жилээр",t,https://data.1212.mn/api/v1/mn/NSO/Historical%20data/Education%2C%20culture%20and%20science/DT_NSO_0100_01TT02.px
FOUND_OR_TABLE,"NSO / Түүхэн Статистик / Боловсрол, соёл, шинжлэх ухаан",DT_NSO_0100_01TT03.px,БНМАУ-ЫН ДЭЭД СУРГУУЛИУДЫН ОЮУТНЫ ТОО,t,https://data.1212.mn/api/v1/mn/NSO/Historical%20data/Education%2C%20culture%20and%20science/DT_NSO_0100_01TT03.px
FOUND_OR_TABLE,"NSO / Түүхэн Статистик / Боловсрол, соёл, шинжлэх ухаан",DT_NSO_0100_01TT04.px,ЕРӨНХИЙ БОЛОВСРОЛЫН ӨДРИЙН СУРГУУЛИЙН ТОО,t,https://data.1212.mn/api/v1/mn/NSO/Historical%20data/Education%2C%20culture%20and%20science/DT_NSO_0100_01TT04.px
FOUND_OR_TABLE,"NSO / Түүхэн Статистик / Боловсрол, соёл, шинжлэх ухаан",DT_NSO_0100_01TT05.px,"ЕРӨНХИЙ БОЛОВСРОЛЫН ӨДРИЙН СУРГУУЛЬД СУРАЛЦАГЧИД, аймаг, хотоор",t,https://data.1212.mn/api/v1/mn/NSO/Historical%20data/Education%2C%20culture%20and%20science/DT_NSO_0100_01TT05.px
FOUND_OR_TABLE,"NSO / Түүхэн Статистик / Боловсрол, соёл, шинжлэх ухаан",DT_NSO_0100_01TT06.px,"ЕРӨНХИЙ БОЛОВСРОЛЫН ӨДРИЙН СУРГУУЛЬД ЭЛСЭГЧИД, ТӨГСӨГЧИД",t,https://data.1212.mn/api/v1/mn/NSO/Historical%20data/Education%2C%20culture%20and%20science/DT_NSO_0100_01TT06.px
FOUND_OR_TABLE,"NSO / Түүхэн Статистик / Боловсрол, соёл, шинжлэх ухаан",DT_NSO_0100_01TT07.px,"БАГШ НАРЫН ТОО, СУРГУУЛИЙН ТӨРЛӨӨР",t,https://data.1212.mn/api/v1/mn/NSO/Historical%20data/Education%2C%20culture%20and%20science/DT_NSO_0100_01TT07.px
FOUND_OR_TABLE,"NSO / Түүхэн Статистик / Боловсрол, соёл, шинжлэх ухаан",DT_NSO_0100_01TT08.px,"ЦЭЦЭРЛЭГ, ЯСЛИЙН ТОО",t,https://data.1212.mn/api/v1/mn/NSO/Historical%20data/Education%2C%20culture%20and%20science/DT_NSO_0100_01TT08.px
FOUND_OR_TABLE,"NSO / Түүхэн Статистик / Боловсрол, соёл, шинжлэх ухаан",DT_NSO_0100_01TT09.px,"ЭРДЭМ ШИНЖИЛГЭЭНИЙ БАЙГУУЛЛАГА, АЖИЛТНЫ ТОО, оны эцэст",t,https://data.1212.mn/api/v1/mn/NSO/Historical%20data/Education%2C%20culture%20and%20science/DT_NSO_0100_01TT09.px
FOUND_OR_TABLE,"NSO / Түүхэн Статистик / Боловсрол, соёл, шинжлэх ухаан",DT_NSO_0100_01TTT01.px,СЭТГҮҮЛ ГАРГАЛТ,t,https://data.1212.mn/api/v1/mn/NSO/Historical%20data/Education%2C%20culture%20and%20science/DT_NSO_0100_01TTT01.px
FOUND_OR_TABLE,"NSO / Түүхэн Статистик / Боловсрол, соёл, шинжлэх ухаан",DT_NSO_0100_01TTT02.px,СОНИН ГАРГАЛТ,t,https://data.1212.mn/api/v1/mn/NSO/Historical%20data/Education%2C%20culture%20and%20science/DT_NSO_0100_01TTT02.px
FOUND_OR_TABLE,"NSO / Түүхэн Статистик / Боловсрол, соёл, шинжлэх ухаан",DT_NSO_0100_01TTT03.px,ҮЗВЭР ҮЗЭГЧДИЙН ТОО,t,https://data.1212.mn/api/v1/mn/NSO/Historical%20data/Education%2C%20culture%20and%20science/DT_NSO_0100_01TTT03.px
FOUND_OR_TABLE,"NSO / Түүхэн Статистик / Боловсрол, соёл, шинжлэх ухаан",DT_NSO_0100_01TTT04.px,"СОЁЛ, УРЛАГИЙН БАЙГУУЛЛАГЫН ТОО",t,https://data.1212.mn/api/v1/mn/NSO/Historical%20data/Education%2C%20culture%20and%20science/DT_NSO_0100_01TTT04.px
FOUND_OR_TABLE,"NSO / Түүхэн Статистик / Нийтийн аж ахуй, үйлчилгээ",DT_NSO_0100_01T43.px,"НИЙТИЙН АЖ АХУЙ, ҮЙЛЧИЛГЭЭНИЙ ЦЭГ, САЛБАРЫН ТОО",t,https://data.1212.mn/api/v1/mn/NSO/Historical%20data/Utilities%20and%20services/DT_NSO_0100_01T43.px
FOUND_OR_TABLE,"NSO / Түүхэн Статистик / Нийтийн аж ахуй, үйлчилгээ",DT_NSO_0100_01T44.px,"НИЙТИЙН АЖ АХУЙ, ҮЙЛЧИЛГЭЭНИЙ ОРЛОГЫН ХЭМЖЭЭ, оны үнээр, төрлөөр, жилээр",t,https://data.1212.mn/api/v1/mn/NSO/Historical%20data/Utilities%20and%20services/DT_NSO_0100_01T44.px
FOUND_OR_TABLE,"NSO / Түүхэн Статистик / Нийтийн аж ахуй, үйлчилгээ",DT_NSO_0100_01T45.px,"УЛС, ХОРШООЛЛЫН ОРОН СУУЦНЫ ФОНД, жилээр",t,https://data.1212.mn/api/v1/mn/NSO/Historical%20data/Utilities%20and%20services/DT_NSO_0100_01T45.px
FOUND_OR_TABLE,NSO / Түүхэн Статистик / Нэгдсэн үзүүлэлт,DT_NSO_0100_01TB01.px,"ДОТООДЫН НИЙТ БҮТЭЭГДЭХҮҮН, 1995 оны зэрэгцүүлэх үнээр, салбар, жилээр",t,https://data.1212.mn/api/v1/mn/NSO/Historical%20data/Integrated_Indicator/DT_NSO_0100_01TB01.px
FOUND_OR_TABLE,NSO / Түүхэн Статистик / Нэгдсэн үзүүлэлт,DT_NSO_0100_T006.px,"УЛС АРДЫН АЖ АХУЙН ҮНДСЭН ФОНД, салбар, жилээр",t,https://data.1212.mn/api/v1/mn/NSO/Historical%20data/Integrated_Indicator/DT_NSO_0100_T006.px
FOUND_OR_TABLE,NSO / Түүхэн Статистик / Нэгдсэн үзүүлэлт,DT_NSO_0100_T008.px,"ХӨДӨЛМӨРИЙН БҮТЭЭМЖ /НЭГ АЖИЛЛАГЧИД НОГДОХ ҮНДЭСНИЙ ОРЛОГО/, 1986 оны зэрэгцүүлэх үнэ, салбар, жилээр",t,https://data.1212.mn/api/v1/mn/NSO/Historical%20data/Integrated_Indicator/DT_NSO_0100_T008.px
FOUND_OR_TABLE,NSO / Түүхэн Статистик / Нэгдсэн үзүүлэлт,DT_NSO_0100_T01.px,"Нийгмийн нийт бүтээгдэхүүн, салбараар, оны үнээр,сая төгрөг",t,https://data.1212.mn/api/v1/mn/NSO/Historical%20data/Integrated_Indicator/DT_NSO_0100_T01.px
FOUND_OR_TABLE,NSO / Түүхэн Статистик / Нэгдсэн үзүүлэлт,DT_NSO_0100_T02.px,"Нийгмийн нийт бүтээгдэхүүн, салбараар, 1986 оны зэрэгцүүлэх үнээр, оны үнээр, сая төгрөг",t,https://data.1212.mn/api/v1/mn/NSO/Historical%20data/Integrated_Indicator/DT_NSO_0100_T02.px
FOUND_OR_TABLE,NSO / Түүхэн Статистик / Нэгдсэн үзүүлэлт,DT_NSO_0100_T03.px,"Үндэсний орлого, салбараар,1986 оны зэрэгцүүлэх үнээр, оны үнээр, сая төгрөг",t,https://data.1212.mn/api/v1/mn/NSO/Historical%20data/Integrated_Indicator/DT_NSO_0100_T03.px
FOUND_OR_TABLE,NSO / Түүхэн Статистик / Нэгдсэн үзүүлэлт,DT_NSO_0100_T04.px,"Дотоодын нийт бүтээгдэхүүн, салбараар, оны үнээр, сая төгрөг",t,https://data.1212.mn/api/v1/mn/NSO/Historical%20data/Integrated_Indicator/DT_NSO_0100_T04.px
FOUND_OR_TABLE,NSO / Түүхэн Статистик / Нэгдсэн үзүүлэлт,DT_NSO_0100_T05.px,"Үндэсний орлого, салбараар, оны үнээр, сая төгрөг",t,https://data.1212.mn/api/v1/mn/NSO/Historical%20data/Integrated_Indicator/DT_NSO_0100_T05.px
FOUND_OR_TABLE,"NSO / Түүхэн Статистик / Тээвэр, холбоо",DT_NSO_0100_01T31.px,"БҮХ ТӨРЛИЙН АЧАА ЭРГЭЛТ, тээврийн төрлөөр, жилээр",t,https://data.1212.mn/api/v1/mn/NSO/Historical%20data/Transport%20and%20communication/DT_NSO_0100_01T31.px
FOUND_OR_TABLE,"NSO / Түүхэн Статистик / Тээвэр, холбоо",DT_NSO_0100_01T32.px,"БҮХ ТӨРЛИЙН ТЭЭВРЭЭР ТЭЭСЭН АЧАА, тээврийн төрлөөр, жилээр",t,https://data.1212.mn/api/v1/mn/NSO/Historical%20data/Transport%20and%20communication/DT_NSO_0100_01T32.px
FOUND_OR_TABLE,"NSO / Түүхэн Статистик / Тээвэр, холбоо",DT_NSO_0100_01T33.px,"БҮХ ТӨРЛИЙН ТЭЭВРИЙН ЗОРЧИГЧ ЭРГЭЛТ, тээврийн төрлөөр, жилээр",t,https://data.1212.mn/api/v1/mn/NSO/Historical%20data/Transport%20and%20communication/DT_NSO_0100_01T33.px
FOUND_OR_TABLE,"NSO / Түүхэн Статистик / Тээвэр, холбоо",DT_NSO_0100_01T34.px,"БҮХ ТӨРЛИЙН ТЭЭВРИЙН ЗОРЧИГЧ ТЭЭВЭРЛЭЛТ, тээврийн төрөл, жилээр",t,https://data.1212.mn/api/v1/mn/NSO/Historical%20data/Transport%20and%20communication/DT_NSO_0100_01T34.px
FOUND_OR_TABLE,"NSO / Түүхэн Статистик / Тээвэр, холбоо",DT_NSO_0100_01T35.px,"АВТОМАШИН, ТЭЭВРИЙН ХЭРЭГСЛИЙН ТОО, жилээр",t,https://data.1212.mn/api/v1/mn/NSO/Historical%20data/Transport%20and%20communication/DT_NSO_0100_01T35.px
FOUND_OR_TABLE,"NSO / Түүхэн Статистик / Тээвэр, холбоо",DT_NSO_0100_01T36.px,"САЙЖРУУЛСАН АВТО ЗАМЫН УРТ, жилээр",t,https://data.1212.mn/api/v1/mn/NSO/Historical%20data/Transport%20and%20communication/DT_NSO_0100_01T36.px
FOUND_OR_TABLE,"NSO / Түүхэн Статистик / Тээвэр, холбоо",DT_NSO_0100_01T37.px,"ХОЛБООНЫ САЛБАРЫН ҮНДСЭН ҮЗҮҮЛЭЛТҮҮД, жилээр",t,https://data.1212.mn/api/v1/mn/NSO/Historical%20data/Transport%20and%20communication/DT_NSO_0100_01T37.px
FOUND_OR_TABLE,"NSO / Түүхэн Статистик / Тээвэр, холбоо",DT_NSO_0100_01T38.px,"ХОЛБООНЫ СОЛИЛЦООНЫ ҮНДСЭН ҮЗҮҮЛЭЛТҮҮД, жилээр",t,https://data.1212.mn/api/v1/mn/NSO/Historical%20data/Transport%20and%20communication/DT_NSO_0100_01T38.px
FOUND_OR_TABLE,NSO / Түүхэн Статистик / Улсын төсөв,DT_NSO_0100_01TB02.px,"УЛСЫН НЭГДСЭН ТӨСӨВ, оны үнээр, жилээр",t,https://data.1212.mn/api/v1/mn/NSO/Historical%20data/State%20budget/DT_NSO_0100_01TB02.px
FOUND_OR_TABLE,NSO / Түүхэн Статистик / Улсын төсөв,DT_NSO_0100_01TB03.px,"УЛСЫН НЭГДСЭН ТӨСВИЙН БҮТЭЦ, дүнд харьцуулсан хувь, жилээр",t,https://data.1212.mn/api/v1/mn/NSO/Historical%20data/State%20budget/DT_NSO_0100_01TB03.px
FOUND_OR_TABLE,NSO / Түүхэн Статистик / Хөдөө аж ахуй,DT_NSO_0100_01T01.px,"ХӨДӨӨ АЖ АХУЙН ҮЙЛДВЭРЛЭЛИЙН ГАЗРЫН ТОО, төрөл, жилээр",t,https://data.1212.mn/api/v1/mn/NSO/Historical%20data/Agriculture/DT_NSO_0100_01T01.px
FOUND_OR_TABLE,NSO / Түүхэн Статистик / Хөдөө аж ахуй,DT_NSO_0100_01T010.px,"МАХ, НООСНЫ ҮЙЛДВЭРЛЭЛТ, жилээр",t,https://data.1212.mn/api/v1/mn/NSO/Historical%20data/Agriculture/DT_NSO_0100_01T010.px
FOUND_OR_TABLE,NSO / Түүхэн Статистик / Хөдөө аж ахуй,DT_NSO_0100_01T011.px,"ХӨДӨӨ АЖ АХУЙН ЭДЭЛБЭР ГАЗАР, төрөл, жилээр",t,https://data.1212.mn/api/v1/mn/NSO/Historical%20data/Agriculture/DT_NSO_0100_01T011.px
FOUND_OR_TABLE,NSO / Түүхэн Статистик / Хөдөө аж ахуй,DT_NSO_0100_01T012.px,"ТАРИАЛСАН ТАЛБАЙ, төрөл, жилээр",t,https://data.1212.mn/api/v1/mn/NSO/Historical%20data/Agriculture/DT_NSO_0100_01T012.px
FOUND_OR_TABLE,NSO / Түүхэн Статистик / Хөдөө аж ахуй,DT_NSO_0100_01T013.px,"ХУРААН АВСАН УРГАЦ, УРГАМЛЫН ТӨРЛӨӨР, төрөл, жилээр",t,https://data.1212.mn/api/v1/mn/NSO/Historical%20data/Agriculture/DT_NSO_0100_01T013.px
FOUND_OR_TABLE,NSO / Түүхэн Статистик / Хөдөө аж ахуй,DT_NSO_0100_01T014.px,"НЭГ ГА-ГИЙН УРГАЦ, ургамлын төрөл, жилээр",t,https://data.1212.mn/api/v1/mn/NSO/Historical%20data/Agriculture/DT_NSO_0100_01T014.px
FOUND_OR_TABLE,NSO / Түүхэн Статистик / Хөдөө аж ахуй,DT_NSO_0100_01T015.px,"ХАДСАН ӨВС, төрөл, жилээр",t,https://data.1212.mn/api/v1/mn/NSO/Historical%20data/Agriculture/DT_NSO_0100_01T015.px
FOUND_OR_TABLE,NSO / Түүхэн Статистик / Хөдөө аж ахуй,DT_NSO_0100_01T016.px,"МАЛЫН ХАШААНЫ ТОО, төрөл, жилээр",t,https://data.1212.mn/api/v1/mn/NSO/Historical%20data/Agriculture/DT_NSO_0100_01T016.px
FOUND_OR_TABLE,NSO / Түүхэн Статистик / Хөдөө аж ахуй,DT_NSO_0100_01T017.px,"ӨРӨМДМӨЛ, УУРХАЙН ХУДГИЙН ТОО, төрөл, жилээр",t,https://data.1212.mn/api/v1/mn/NSO/Historical%20data/Agriculture/DT_NSO_0100_01T017.px
FOUND_OR_TABLE,NSO / Түүхэн Статистик / Хөдөө аж ахуй,DT_NSO_0100_01T018.px,"УЛСЫН БЭЛТГЭЛД ТУШААСАН НЭГ ТОЛГОЙ МАЛЫН АМЬДЫН ДУНДАЖ ЖИН, төрөл, жилээр",t,https://data.1212.mn/api/v1/mn/NSO/Historical%20data/Agriculture/DT_NSO_0100_01T018.px
FOUND_OR_TABLE,NSO / Түүхэн Статистик / Хөдөө аж ахуй,DT_NSO_0100_01T019.px,"МАЛ ЭМНЭЛГИЙН БОЛОВСОН ХҮЧИН, төрөл, жилээр",t,https://data.1212.mn/api/v1/mn/NSO/Historical%20data/Agriculture/DT_NSO_0100_01T019.px
FOUND_OR_TABLE,NSO / Түүхэн Статистик / Хөдөө аж ахуй,DT_NSO_0100_01T02.px,"ХӨДӨӨ АЖ АХУЙН НИЙТ БҮТЭЭГДЭХҮҮН, оны үнэ, жилээр",t,https://data.1212.mn/api/v1/mn/NSO/Historical%20data/Agriculture/DT_NSO_0100_01T02.px
FOUND_OR_TABLE,NSO / Түүхэн Статистик / Хөдөө аж ахуй,DT_NSO_0100_01T03.px,"МАЛЫН ТОО, аж ахуйн салбар, малын төрөл, жилээр",t,https://data.1212.mn/api/v1/mn/NSO/Historical%20data/Agriculture/DT_NSO_0100_01T03.px
FOUND_OR_TABLE,NSO / Түүхэн Статистик / Хөдөө аж ахуй,DT_NSO_0100_01T04.px,"МАЛЫН ТОО, малын төрөл, аймаг, нийслэл, жилээр",t,https://data.1212.mn/api/v1/mn/NSO/Historical%20data/Agriculture/DT_NSO_0100_01T04.px
FOUND_OR_TABLE,NSO / Түүхэн Статистик / Хөдөө аж ахуй,DT_NSO_0100_01T05.px,"ТӨЛ БОЙЖИЛТ, малын төрөл, жилээр",t,https://data.1212.mn/api/v1/mn/NSO/Historical%20data/Agriculture/DT_NSO_0100_01T05.px
FOUND_OR_TABLE,NSO / Түүхэн Статистик / Хөдөө аж ахуй,DT_NSO_0100_01T06.px,"ХЭЭЛТЭГЧ МАЛЫН ТОО, хээлтэгчийн төрөл, жилээр",t,https://data.1212.mn/api/v1/mn/NSO/Historical%20data/Agriculture/DT_NSO_0100_01T06.px
FOUND_OR_TABLE,NSO / Түүхэн Статистик / Хөдөө аж ахуй,DT_NSO_0100_01T07.px,"ГАХАЙ, ШУВУУНЫ ТОО, төрөл, жилээр",t,https://data.1212.mn/api/v1/mn/NSO/Historical%20data/Agriculture/DT_NSO_0100_01T07.px
FOUND_OR_TABLE,NSO / Түүхэн Статистик / Хөдөө аж ахуй,DT_NSO_0100_01T08.px,"ХӨДӨӨ АЖ АХУЙН ГОЛ НЭР ТӨРЛИЙН БҮТЭЭГДЭХҮҮНИЙ ҮЙЛДВЭРЛЭЛ, нэр төрөл, жилээр",t,https://data.1212.mn/api/v1/mn/NSO/Historical%20data/Agriculture/DT_NSO_0100_01T08.px
FOUND_OR_TABLE,NSO / Түүхэн Статистик / Хөдөө аж ахуй,DT_NSO_0100_01T09.px,"НЭГ МАЛЫН АШИГ ШИМ, төрөл, жилээр",t,https://data.1212.mn/api/v1/mn/NSO/Historical%20data/Agriculture/DT_NSO_0100_01T09.px
FOUND_OR_TABLE,NSO / Түүхэн Статистик,Investment and construction,"Хөрөнгө оруулалт, барилга",l,https://data.1212.mn/api/v1/mn/NSO/Historical%20data/Investment%20and%20construction
FOUND_OR_TABLE,"NSO / Түүхэн Статистик / Хөрөнгө оруулалт, барилга",DT_NSO_0100_01TB04.px,"Барилга угсралтын ажлын хэмжээ, сая төгрөг",t,https://data.1212.mn/api/v1/mn/NSO/Historical%20data/Investment%20and%20construction/DT_NSO_0100_01TB04.px
FOUND_OR_TABLE,"NSO / Түүхэн Статистик / Хөрөнгө оруулалт, барилга",DT_NSO_0100_01TB05.px,"Ашиглалтанд оруулсан орон сууц, мянган кв.м",t,https://data.1212.mn/api/v1/mn/NSO/Historical%20data/Investment%20and%20construction/DT_NSO_0100_01TB05.px
FOUND_OR_TABLE,"NSO / Түүхэн Статистик / Хөрөнгө оруулалт, барилга",DT_NSO_0100_01TB06.px,"Барилгын ажилчин, албан хаагчдын дундаж тоо, мянган хүн",t,https://data.1212.mn/api/v1/mn/NSO/Historical%20data/Investment%20and%20construction/DT_NSO_0100_01TB06.px
FOUND_OR_TABLE,"NSO / Түүхэн Статистик / Хөрөнгө оруулалт, барилга",DT_NSO_0100_01TB07.px,"Барилгын салбарын үндсэн фонд, төрлөөр, сая төгрөг",t,https://data.1212.mn/api/v1/mn/NSO/Historical%20data/Investment%20and%20construction/DT_NSO_0100_01TB07.px
FOUND_OR_TABLE,"NSO / Түүхэн Статистик / Хөрөнгө оруулалт, барилга",DT_NSO_0100_T0010.px,"Улс ардын аж ахуйн хөрөнгө оруулалтын нийт хэмжээ, санхүүжилтийн эх үүсвэр, технологийн бүтцээр, сая төгрөг",t,https://data.1212.mn/api/v1/mn/NSO/Historical%20data/Investment%20and%20construction/DT_NSO_0100_T0010.px
FOUND_OR_TABLE,"NSO / Түүхэн Статистик / Хөрөнгө оруулалт, барилга",DT_NSO_0100_T007.px,"АШИГЛАЛТАД ОРУУЛСАН ҮНДСЭН ФОНД, салбар, оны үнэ, жилээр",t,https://data.1212.mn/api/v1/mn/NSO/Historical%20data/Investment%20and%20construction/DT_NSO_0100_T007.px
FOUND_OR_TABLE,"NSO / Түүхэн Статистик / Хөрөнгө оруулалт, барилга",DT_NSO_0100_T009.px,"Улс ардын аж ахуйн хөрөнгө оруулалтын нийт хэмжээ, салбараар, сая төгрөг",t,https://data.1212.mn/api/v1/mn/NSO/Historical%20data/Investment%20and%20construction/DT_NSO_0100_T009.px
FOUND_OR_TABLE,NSO / Түүхэн Статистик / Худалдаа,DT_NSO_0100_T001.px,"ИМПОРТООР АВСАН ГОЛ НЭР ТӨРЛИЙН БАРАА, нэр төрөл, жилээр",t,https://data.1212.mn/api/v1/mn/NSO/Historical%20data/Trade/DT_NSO_0100_T001.px
FOUND_OR_TABLE,NSO / Түүхэн Статистик / Худалдаа,DT_NSO_0100_T002.px,"ЭКСПОРТЫН ЗАРИМ НЭР ТӨРЛИЙН БАРАА, нэр төрөл, жилээр",t,https://data.1212.mn/api/v1/mn/NSO/Historical%20data/Trade/DT_NSO_0100_T002.px
FOUND_OR_TABLE,NSO / Түүхэн Статистик / Худалдаа,DT_NSO_0100_T003.px,"ГАДААД ХУДАЛДААНЫ НИЙТ ЭРГЭЛТ, жилээр",t,https://data.1212.mn/api/v1/mn/NSO/Historical%20data/Trade/DT_NSO_0100_T003.px
FOUND_OR_TABLE,NSO / Түүхэн Статистик / Худалдаа,DT_NSO_0100_T0031.px,"БНМАУ-ЫН ЭКСПОРТ, ИМПОРТЫН НИЙТ ХЭМЖЭЭНД СОЦИАЛИСТ, КАПИТАЛИСТ ОРНУУДЫН ЭЗЛЭХ ХУВЬ, жилээр",t,https://data.1212.mn/api/v1/mn/NSO/Historical%20data/Trade/DT_NSO_0100_T0031.px
FOUND_OR_TABLE,NSO / Түүхэн Статистик / Худалдаа,DT_NSO_0100_T004.px,"НЭГ ХҮН АМД НОГДОХ ХУДАЛДСАН ГОЛ НЭР ТӨРЛИЙН БАРАА, нэр төрөл, жилээр",t,https://data.1212.mn/api/v1/mn/NSO/Historical%20data/Trade/DT_NSO_0100_T004.px
FOUND_OR_TABLE,NSO / Түүхэн Статистик / Худалдаа,DT_NSO_0100_T010.px,"ЖИЖИГЛЭН ХУДАЛДСАН ГОЛ НЭР ТӨРЛИЙН БАРАА, нэр төрөл, жилээр",t,https://data.1212.mn/api/v1/mn/NSO/Historical%20data/Trade/DT_NSO_0100_T010.px
FOUND_OR_TABLE,NSO / Түүхэн Статистик / Худалдаа,DT_NSO_0100_T06.px,"ЖИЖИГЛЭН ХУДАЛДСАН БАРАА ГҮЙЛГЭЭНИЙ ХЭМЖЭЭ, жилээр",t,https://data.1212.mn/api/v1/mn/NSO/Historical%20data/Trade/DT_NSO_0100_T06.px
FOUND_OR_TABLE,NSO / Түүхэн Статистик / Худалдаа,DT_NSO_0100_T07.px,"НИЙТИЙН ХООЛНЫ БАРАА, ГҮЙЛГЭЭ, жилээр",t,https://data.1212.mn/api/v1/mn/NSO/Historical%20data/Trade/DT_NSO_0100_T07.px
FOUND_OR_TABLE,NSO / Түүхэн Статистик / Худалдаа,DT_NSO_0100_T08.px,"ЖИЖИГЛЭН ХУДАЛДАА, НИЙТИЙН ХООЛНЫ ГАЗРЫН ТОО, жилээр",t,https://data.1212.mn/api/v1/mn/NSO/Historical%20data/Trade/DT_NSO_0100_T08.px
FOUND_OR_TABLE,NSO / Түүхэн Статистик / Худалдаа,DT_NSO_0100_T09.px,"УЛС, ХОРШООЛЛЫН ЖИЖИГЛЭН ХУДАЛДААНЫ БАРАА ГҮЙЛГЭЭ, аймаг, хот, жилээр",t,https://data.1212.mn/api/v1/mn/NSO/Historical%20data/Trade/DT_NSO_0100_T09.px
FOUND_OR_TABLE,NSO / Түүхэн Статистик / Хүн ам,DT_NSO_0100_01T20.px,"НИЙТ ХҮН АМЫН ТОО, байршил, жилээр",t,https://data.1212.mn/api/v1/mn/NSO/Historical%20data/Population/DT_NSO_0100_01T20.px
FOUND_OR_TABLE,NSO / Түүхэн Статистик / Хүн ам,DT_NSO_0100_01T21.px,"ТӨРӨЛТ, хүйс, жилээр",t,https://data.1212.mn/api/v1/mn/NSO/Historical%20data/Population/DT_NSO_0100_01T21.px
FOUND_OR_TABLE,NSO / Түүхэн Статистик / Хүн ам,DT_NSO_0100_01T22.px,"НАС БАРАЛТ, хүйс, жилээр",t,https://data.1212.mn/api/v1/mn/NSO/Historical%20data/Population/DT_NSO_0100_01T22.px
FOUND_OR_TABLE,NSO / Түүхэн Статистик / Хүн ам,DT_NSO_0100_01T23.px,"1000 ХҮНД НОГДОХ ЕРДИЙН ЦЭВЭР ӨСӨЛТ, жилээр",t,https://data.1212.mn/api/v1/mn/NSO/Historical%20data/Population/DT_NSO_0100_01T23.px
FOUND_OR_TABLE,NSO / Түүхэн Статистик / Хүн ам,DT_NSO_0100_01T24.px,"ХҮН АМЫН ҮНДЭСНИЙ БҮРЭЛДЭХҮҮН, дүнд эзлэх хувь, жилээр",t,https://data.1212.mn/api/v1/mn/NSO/Historical%20data/Population/DT_NSO_0100_01T24.px
FOUND_OR_TABLE,NSO / Түүхэн Статистик / Хүн ам,DT_NSO_0100_01T25.px,"ХҮН АМЫН НИЙГМИЙН ГАРАЛ, жилээр",t,https://data.1212.mn/api/v1/mn/NSO/Historical%20data/Population/DT_NSO_0100_01T25.px
FOUND_OR_TABLE,NSO / Түүхэн Статистик / Хүн ам,DT_NSO_0100_01T26.px,"1000 ХҮНД НОГДОХ ГЭРЛЭЛТ, жилээр",t,https://data.1212.mn/api/v1/mn/NSO/Historical%20data/Population/DT_NSO_0100_01T26.px
FOUND_OR_TABLE,NSO / Түүхэн Статистик / Хүн ам,DT_NSO_0100_01T27.px,"1000 ХҮНД НОГДОХ ЦУЦЛАЛТ, жилээр",t,https://data.1212.mn/api/v1/mn/NSO/Historical%20data/Population/DT_NSO_0100_01T27.px
FOUND_OR_TABLE,NSO / Түүхэн Статистик / Хүн ам,DT_NSO_0100_01T28.px,"ХҮН АМЫН ДУНДАЖ НАСЛАЛТ, хүйс, жилээр",t,https://data.1212.mn/api/v1/mn/NSO/Historical%20data/Population/DT_NSO_0100_01T28.px
FOUND_OR_TABLE,NSO / Түүхэн Статистик / Хүн ам,DT_NSO_0100_01T29.px,"ХҮН АМЫН БИЧИГ ҮСГИЙН МЭДЛЭГ, жилээр",t,https://data.1212.mn/api/v1/mn/NSO/Historical%20data/Population/DT_NSO_0100_01T29.px
FOUND_OR_TABLE,NSO / Түүхэн Статистик / Хүн ам,DT_NSO_0100_01T30.px,"ХҮН АМЫН ТОО, насны бүлэг, жилээр",t,https://data.1212.mn/api/v1/mn/NSO/Historical%20data/Population/DT_NSO_0100_01T30.px
FOUND_OR_TABLE,NSO / Түүхэн Статистик / Эрүүлийг хамгаалах,DT_NSO_0100_01TTT05.px,"АМРАЛТ, РАШААН, СУВИЛАЛД АМРАГЧДЫН ТОО (мян.хүн)",t,https://data.1212.mn/api/v1/mn/NSO/Historical%20data/Health%20protection/DT_NSO_0100_01TTT05.px
FOUND_OR_TABLE,NSO / Түүхэн Статистик / Эрүүлийг хамгаалах,DT_NSO_0100_01TTT06.px,БОЛЬНИЦЫН ТӨРЛИЙН ЭМНЭЛГИЙН ОРНЫ ТӨРӨЛЖИЛТ,t,https://data.1212.mn/api/v1/mn/NSO/Historical%20data/Health%20protection/DT_NSO_0100_01TTT06.px
FOUND_OR_TABLE,NSO / Түүхэн Статистик / Эрүүлийг хамгаалах,DT_NSO_0100_01TTT07.px,ХҮН ЭМНЭЛГИЙН ДУНД МЭРГЭЖЛИЙН АЖИЛТНЫ ТОО,t,https://data.1212.mn/api/v1/mn/NSO/Historical%20data/Health%20protection/DT_NSO_0100_01TTT07.px
FOUND_OR_TABLE,NSO / Түүхэн Статистик / Эрүүлийг хамгаалах,DT_NSO_0100_01TTT08.px,ИХ ЭМЧИЙН ТОО,t,https://data.1212.mn/api/v1/mn/NSO/Historical%20data/Health%20protection/DT_NSO_0100_01TTT08.px
FOUND_OR_TABLE,"NSO / Үйлдвэрлэл, үйлчилгээ",Industry,Аж үйлдвэр,l,https://data.1212.mn/api/v1/mn/NSO/Industry%2C%20service/Industry
FOUND_OR_TABLE,"NSO / Үйлдвэрлэл, үйлчилгээ / Аж үйлдвэр",DT_NSO_1100_001V1.px,"АЖ ҮЙЛДВЭРИЙН САЛБАРЫН НИЙТ ҮЙЛДВЭРЛЭЛ, улсын дүнгээр, сараар (2003.01-2020.06)",t,https://data.1212.mn/api/v1/mn/NSO/Industry%2C%20service/Industry/DT_NSO_1100_001V1.px
FOUND_OR_TABLE,"NSO / Үйлдвэрлэл, үйлчилгээ / Аж үйлдвэр",DT_NSO_1100_001V2.px,"АЖ ҮЙЛДВЭРИЙН САЛБАРЫН НИЙТ ҮЙЛДВЭРЛЭЛ, дэд салбараар, сараар",t,https://data.1212.mn/api/v1/mn/NSO/Industry%2C%20service/Industry/DT_NSO_1100_001V2.px
FOUND_OR_TABLE,"NSO / Үйлдвэрлэл, үйлчилгээ / Аж үйлдвэр",DT_NSO_1100_002V2.px,"АЖ ҮЙЛДВЭРИЙН САЛБАРЫН НИЙТ ҮЙЛДВЭРЛЭЛИЙН БҮТЭЦ*, дэд салбараар, жилээр",t,https://data.1212.mn/api/v1/mn/NSO/Industry%2C%20service/Industry/DT_NSO_1100_002V2.px
FOUND_OR_TABLE,"NSO / Үйлдвэрлэл, үйлчилгээ / Аж үйлдвэр",DT_NSO_1100_004V1.px,"АЖ ҮЙЛДВЭРИЙН САЛБАРЫН БҮТЭЭГДЭХҮҮНИЙ БОРЛУУЛАЛТ, аймаг, нийслэлээр, жилээр",t,https://data.1212.mn/api/v1/mn/NSO/Industry%2C%20service/Industry/DT_NSO_1100_004V1.px
FOUND_OR_TABLE,"NSO / Үйлдвэрлэл, үйлчилгээ / Аж үйлдвэр",DT_NSO_1100_006V2.px,"АЖ ҮЙЛДВЭРИЙН САЛБАРЫН ГОЛ НЭР ТӨРЛИЙН БҮТЭЭГДЭХҮҮНИЙ ҮЙЛДВЭРЛЭЛ, улсын дүнгээр, сараар",t,https://data.1212.mn/api/v1/mn/NSO/Industry%2C%20service/Industry/DT_NSO_1100_006V2.px
FOUND_OR_TABLE,"NSO / Үйлдвэрлэл, үйлчилгээ / Аж үйлдвэр",DT_NSO_1100_007V1.px,"АЖ ҮЙЛДВЭРИЙН САЛБАРЫН БҮТЭЭГДЭХҮҮНИЙ БОРЛУУЛАЛТ, дэд салбараар, сараар (2001.01-2020.06.)",t,https://data.1212.mn/api/v1/mn/NSO/Industry%2C%20service/Industry/DT_NSO_1100_007V1.px
FOUND_OR_TABLE,"NSO / Үйлдвэрлэл, үйлчилгээ / Аж үйлдвэр",DT_NSO_1100_008V1.px,"НЭГ ХҮНД НОГДОХ АЖ ҮЙЛДВЭРИЙН ЗАРИМ НЭР ТӨРЛИЙН БҮТЭЭГДЭХҮҮНИЙ ҮЙЛДВЭРЛЭЛ, жилээр",t,https://data.1212.mn/api/v1/mn/NSO/Industry%2C%20service/Industry/DT_NSO_1100_008V1.px
FOUND_OR_TABLE,"NSO / Үйлдвэрлэл, үйлчилгээ / Аж үйлдвэр",DT_NSO_1100_009V1.px,"ЦАХИЛГААН ЭРЧИМ ХҮЧНИЙ ТЭНЦЭЛ, жилээр",t,https://data.1212.mn/api/v1/mn/NSO/Industry%2C%20service/Industry/DT_NSO_1100_009V1.px
FOUND_OR_TABLE,"NSO / Үйлдвэрлэл, үйлчилгээ / Аж үйлдвэр",DT_NSO_1100_010V1.px,"НҮҮРСНИЙ ТЭНЦЭЛ, жилээр",t,https://data.1212.mn/api/v1/mn/NSO/Industry%2C%20service/Industry/DT_NSO_1100_010V1.px
FOUND_OR_TABLE,"NSO / Үйлдвэрлэл, үйлчилгээ / Аж үйлдвэр",DT_NSO_1100_011V1.px,"ДУЛААНЫ ТЭНЦЭЛ, жилээр",t,https://data.1212.mn/api/v1/mn/NSO/Industry%2C%20service/Industry/DT_NSO_1100_011V1.px
FOUND_OR_TABLE,"NSO / Үйлдвэрлэл, үйлчилгээ / Аж үйлдвэр",DT_NSO_1100_013V1.px,"АЖ ҮЙЛДВЭРИЙН САЛБАРЫН ГОЛ НЭР ТӨРЛИЙН БҮТЭЭГДЭХҮҮНИЙ ҮЙЛДВЭРЛЭЛ, жилээр",t,https://data.1212.mn/api/v1/mn/NSO/Industry%2C%20service/Industry/DT_NSO_1100_013V1.px
FOUND_OR_TABLE,"NSO / Үйлдвэрлэл, үйлчилгээ / Аж үйлдвэр",DT_NSO_1100_015V1.px,"АЖ ҮЙЛДВЭРИЙН САЛБАРЫН НИЙТ ҮЙЛДВЭРЛЭЛ, дэд салбараар, сараар",t,https://data.1212.mn/api/v1/mn/NSO/Industry%2C%20service/Industry/DT_NSO_1100_015V1.px
FOUND_OR_TABLE,"NSO / Үйлдвэрлэл, үйлчилгээ / Аж үйлдвэр",DT_NSO_1100_015V12.px,"УЛИРЛЫН НӨЛӨӨЛЛИЙГ АРИЛГАСАН АЖ ҮЙЛДВЭРИЙН ҮЙЛДВЭРЛЭЛИЙН ИНДЕКС, 2015=100, дэд салбараар, сараар",t,https://data.1212.mn/api/v1/mn/NSO/Industry%2C%20service/Industry/DT_NSO_1100_015V12.px
FOUND_OR_TABLE,"NSO / Үйлдвэрлэл, үйлчилгээ / Аж үйлдвэр",DT_NSO_1100_016V1.px,"АЖ ҮЙЛДВЭРИЙН ҮЙЛДВЭРЛЭЛИЙН ИНДЕКС, 2010=100, дэд салбараар, сараар",t,https://data.1212.mn/api/v1/mn/NSO/Industry%2C%20service/Industry/DT_NSO_1100_016V1.px
FOUND_OR_TABLE,"NSO / Үйлдвэрлэл, үйлчилгээ / Аж үйлдвэр",DT_NSO_1100_016V4.px,"АЖ ҮЙЛДВЭРИЙН САЛБАРЫН ҮЙЛДВЭРЛЭГЧИЙН ҮНИЙН ИНДЕКС, 2015=100, дэд салбараар, сараар",t,https://data.1212.mn/api/v1/mn/NSO/Industry%2C%20service/Industry/DT_NSO_1100_016V4.px
FOUND_OR_TABLE,"NSO / Үйлдвэрлэл, үйлчилгээ / Аж үйлдвэр",DT_NSO_1100_016V5.px,"АЖ ҮЙЛДВЭРИЙН ҮЙЛДВЭРЛЭЛИЙН ИНДЕКС, 2015=100, дэд салбараар, сараар",t,https://data.1212.mn/api/v1/mn/NSO/Industry%2C%20service/Industry/DT_NSO_1100_016V5.px
FOUND_OR_TABLE,"NSO / Үйлдвэрлэл, үйлчилгээ / Аж үйлдвэр",DT_NSO_1100_032V1.px,"АЖ ҮЙЛДВЭРИЙН САЛБАРЫН БҮТЭЭГДЭХҮҮНИЙ БОРЛУУЛАЛТ, дэд салбараар, сараар",t,https://data.1212.mn/api/v1/mn/NSO/Industry%2C%20service/Industry/DT_NSO_1100_032V1.px
FOUND_OR_TABLE,"NSO / Үйлдвэрлэл, үйлчилгээ / Аялал жуулчлал",DT_NSO_1800_005V2.px,"УЛСЫН ХИЛЭЭР ОРСОН ГАДААДЫН ЗОРЧИГЧДЫН ТОО, аяллын зорилго, бүс нутаг, жилээр",t,https://data.1212.mn/api/v1/mn/NSO/Industry%2C%20service/Tourism/DT_NSO_1800_005V2.px
FOUND_OR_TABLE,"NSO / Үйлдвэрлэл, үйлчилгээ / Аялал жуулчлал",DT_NSO_1800_005V3.px,"ГАДААДАД ЗОРЧСОН МОНГОЛ ИРГЭД, хүйс, зорилго, улс, жилээр",t,https://data.1212.mn/api/v1/mn/NSO/Industry%2C%20service/Tourism/DT_NSO_1800_005V3.px
FOUND_OR_TABLE,"NSO / Үйлдвэрлэл, үйлчилгээ / Аялал жуулчлал",DT_NSO_1800_006V1.px,"УЛСЫН ХИЛЭЭР ОРСОН ТЭЭВРИЙН ХЭРЭГСЛИЙН ТОО, боомт, тээврийн хэрэгслийн төрөл, жилээр",t,https://data.1212.mn/api/v1/mn/NSO/Industry%2C%20service/Tourism/DT_NSO_1800_006V1.px
FOUND_OR_TABLE,"NSO / Үйлдвэрлэл, үйлчилгээ / Аялал жуулчлал",DT_NSO_1800_006V202.px,"УЛСЫН ХИЛЭЭР ОРСОН ЗОРЧИГЧИД, хүйс, насны бүлэг, аяллын зорилго, сараар",t,https://data.1212.mn/api/v1/mn/NSO/Industry%2C%20service/Tourism/DT_NSO_1800_006V202.px
FOUND_OR_TABLE,"NSO / Үйлдвэрлэл, үйлчилгээ / Аялал жуулчлал",DT_NSO_1800_007V1.px,"УЛСЫН ХИЛЭЭР ГАРСАН ТЭЭВРИЙН ХЭРЭГСЛИЙН ТОО, тээврийн хэрэгслийн төрөл, боомт, жилээр",t,https://data.1212.mn/api/v1/mn/NSO/Industry%2C%20service/Tourism/DT_NSO_1800_007V1.px
FOUND_OR_TABLE,"NSO / Үйлдвэрлэл, үйлчилгээ / Аялал жуулчлал",DT_NSO_1800_007V202.px,"УЛСЫН ХИЛЭЭР ОРСОН ЗОРЧИГЧИД, хүйс, насны бүлэг, зорчсон хугацаа, сараар",t,https://data.1212.mn/api/v1/mn/NSO/Industry%2C%20service/Tourism/DT_NSO_1800_007V202.px
FOUND_OR_TABLE,"NSO / Үйлдвэрлэл, үйлчилгээ / Аялал жуулчлал",DT_NSO_1800_008V202.px,"ГАДААДАД ЗОРЧСОН МОНГОЛ ИРГЭД, хүйс, насны бүлэг, аяллын зорилго, сараар",t,https://data.1212.mn/api/v1/mn/NSO/Industry%2C%20service/Tourism/DT_NSO_1800_008V202.px
FOUND_OR_TABLE,"NSO / Үйлдвэрлэл, үйлчилгээ / Аялал жуулчлал",DT_NSO_1800_009V202.px,"ГАДААДАД ЗОРЧСОН МОНГОЛ ИРГЭД, хүйс, насны бүлэг, зорчсон хугацаа, сараар",t,https://data.1212.mn/api/v1/mn/NSO/Industry%2C%20service/Tourism/DT_NSO_1800_009V202.px
FOUND_OR_TABLE,"NSO / Үйлдвэрлэл, үйлчилгээ / Аялал жуулчлал",DT_NSO_1800_010V202.px,"ГАДААДАД ЗОРЧСОН МОНГОЛ ИРГЭДИЙН ТОО, улс, сараар",t,https://data.1212.mn/api/v1/mn/NSO/Industry%2C%20service/Tourism/DT_NSO_1800_010V202.px
FOUND_OR_TABLE,"NSO / Үйлдвэрлэл, үйлчилгээ / Аялал жуулчлал / ГАДААДАД ЗОРЧСОН МОНГОЛ ИРГЭДИЙН ТОО, боомт, аяллын зорилго",DT_NSO_1800_005V102.px,"ГАДААДАД ЗОРЧСОН МОНГОЛ ИРГЭДИЙН ТОО, аяллын зорилго, боомт, сараар",t,https://data.1212.mn/api/v1/mn/NSO/Industry%2C%20service/Tourism/NUMBER%20OF%20OUTBOUND%20MONGOLIAN%2C%20by%20border%20crossings%20and%20purpose%20of%20visit/DT_NSO_1800_005V102.px
FOUND_OR_TABLE,"NSO / Үйлдвэрлэл, үйлчилгээ / Аялал жуулчлал / ГАДААДАД ЗОРЧСОН МОНГОЛ ИРГЭДИЙН ТОО, боомт, аяллын зорилго",DT_NSO_1800_005V104.px,"ГАДААДАД ЗОРЧСОН МОНГОЛ ИРГЭДИЙН ТОО, боомт, аяллын зорилго, жилээр",t,https://data.1212.mn/api/v1/mn/NSO/Industry%2C%20service/Tourism/NUMBER%20OF%20OUTBOUND%20MONGOLIAN%2C%20by%20border%20crossings%20and%20purpose%20of%20visit/DT_NSO_1800_005V104.px
FOUND_OR_TABLE,"NSO / Үйлдвэрлэл, үйлчилгээ / Аялал жуулчлал / УЛСЫН ХИЛЭЭР НЭВТЭРСЭН ГАДААДЫН ЗОРЧИГЧДЫН ТОО, улсаар",DT_NSO_1800_004V202.px,"УЛСЫН ХИЛЭЭР НЭВТЭРСЭН ГАДААДЫН ЗОРЧИГЧДЫН ТОО, улс, сараар",t,https://data.1212.mn/api/v1/mn/NSO/Industry%2C%20service/Tourism/Number%20of%20inbound%20and%20outbound%20foreign%20passengers%20by%20country%20of%20origin/DT_NSO_1800_004V202.px
FOUND_OR_TABLE,"NSO / Үйлдвэрлэл, үйлчилгээ / Аялал жуулчлал / УЛСЫН ХИЛЭЭР НЭВТЭРСЭН ГАДААДЫН ЗОРЧИГЧДЫН ТОО, улсаар",DT_NSO_1800_004V203.px,"УЛСЫН ХИЛЭЭР НЭВТЭРСЭН ГАДААДЫН ЗОРЧИГЧДЫН ТОО, улс, улирлаар",t,https://data.1212.mn/api/v1/mn/NSO/Industry%2C%20service/Tourism/Number%20of%20inbound%20and%20outbound%20foreign%20passengers%20by%20country%20of%20origin/DT_NSO_1800_004V203.px
FOUND_OR_TABLE,"NSO / Үйлдвэрлэл, үйлчилгээ / Аялал жуулчлал / УЛСЫН ХИЛЭЭР НЭВТЭРСЭН ГАДААДЫН ЗОРЧИГЧДЫН ТОО, улсаар",DT_NSO_1800_004V204.px,"УЛСЫН ХИЛЭЭР НЭВТЭРСЭН ГАДААДЫН ЗОРЧИГЧДЫН ТОО, улс, жилээр",t,https://data.1212.mn/api/v1/mn/NSO/Industry%2C%20service/Tourism/Number%20of%20inbound%20and%20outbound%20foreign%20passengers%20by%20country%20of%20origin/DT_NSO_1800_004V204.px
FOUND_OR_TABLE,"NSO / Үйлдвэрлэл, үйлчилгээ / Аялал жуулчлал / УЛСЫН ХИЛЭЭР НЭВТЭРСЭН ЗОРЧИГЧДЫН ТОО, боомтоор, сар, улирал, жилээр",DT_NSO_1800_001V202.px,"УЛСЫН ХИЛЭЭР НЭВТЭРСЭН ЗОРЧИГЧДЫН ТОО, боомт, сараар",t,https://data.1212.mn/api/v1/mn/NSO/Industry%2C%20service/Tourism/INBOUND%20AND%20OUTBOUND%20PASSENGERS%20by%20Name%20of%20border%20crossing/DT_NSO_1800_001V202.px
FOUND_OR_TABLE,"NSO / Үйлдвэрлэл, үйлчилгээ / Аялал жуулчлал / УЛСЫН ХИЛЭЭР НЭВТЭРСЭН ЗОРЧИГЧДЫН ТОО, боомтоор, сар, улирал, жилээр",DT_NSO_1800_001V203.px,"УЛСЫН ХИЛЭЭР НЭВТЭРСЭН ЗОРЧИГЧДЫН ТОО, боомт, улирлаар",t,https://data.1212.mn/api/v1/mn/NSO/Industry%2C%20service/Tourism/INBOUND%20AND%20OUTBOUND%20PASSENGERS%20by%20Name%20of%20border%20crossing/DT_NSO_1800_001V203.px
FOUND_OR_TABLE,"NSO / Үйлдвэрлэл, үйлчилгээ / Аялал жуулчлал / УЛСЫН ХИЛЭЭР НЭВТЭРСЭН ЗОРЧИГЧДЫН ТОО, боомтоор, сар, улирал, жилээр",DT_NSO_1800_001V204.px,"УЛСЫН ХИЛЭЭР НЭВТЭРСЭН ЗОРЧИГЧДЫН ТОО, боомт, жилээр",t,https://data.1212.mn/api/v1/mn/NSO/Industry%2C%20service/Tourism/INBOUND%20AND%20OUTBOUND%20PASSENGERS%20by%20Name%20of%20border%20crossing/DT_NSO_1800_001V204.px
FOUND_OR_TABLE,"NSO / Үйлдвэрлэл, үйлчилгээ / Аялал жуулчлал / УЛСЫН ХИЛЭЭР ОРСОН ЖУУЛЧДЫН ТОО улсаар",DT_NSO_1800_003V202.px,"УЛСЫН ХИЛЭЭР ОРСОН ЖУУЛЧДЫН ТОО, улс, сараар",t,https://data.1212.mn/api/v1/mn/NSO/Industry%2C%20service/Tourism/NUMBER%20OF%20INBOUND%20TOURISTS%20by%20country/DT_NSO_1800_003V202.px
FOUND_OR_TABLE,"NSO / Үйлдвэрлэл, үйлчилгээ / Аялал жуулчлал / УЛСЫН ХИЛЭЭР ОРСОН ЖУУЛЧДЫН ТОО улсаар",DT_NSO_1800_003V203.px,"УЛСЫН ХИЛЭЭР ОРСОН ЖУУЛЧДЫН ТОО, улс, улирлаар",t,https://data.1212.mn/api/v1/mn/NSO/Industry%2C%20service/Tourism/NUMBER%20OF%20INBOUND%20TOURISTS%20by%20country/DT_NSO_1800_003V203.px
FOUND_OR_TABLE,"NSO / Үйлдвэрлэл, үйлчилгээ / Аялал жуулчлал / УЛСЫН ХИЛЭЭР ОРСОН ЖУУЛЧДЫН ТОО улсаар",DT_NSO_1800_003V204.px,"УЛСЫН ХИЛЭЭР ОРСОН ЖУУЛЧДЫН ТОО, улс, жилээр",t,https://data.1212.mn/api/v1/mn/NSO/Industry%2C%20service/Tourism/NUMBER%20OF%20INBOUND%20TOURISTS%20by%20country/DT_NSO_1800_003V204.px
FOUND_OR_TABLE,"NSO / Үйлдвэрлэл, үйлчилгээ / Аялал жуулчлал / УЛСЫН ХИЛЭЭР ОРСОН ЗОРЧИГЧДЫН ТОО, боомт, аяллын зорилгоор",DT_NSO_1800_002V202.px,"УЛСЫН ХИЛЭЭР ОРСОН ЗОРЧИГЧДЫН ТОО, аяллын зорилго, боомт, сараар",t,https://data.1212.mn/api/v1/mn/NSO/Industry%2C%20service/Tourism/NUMBER%20OF%20INBOUND%20PASSENGERS%20by%20border%20crossings%20and%20purpose%20of%20visit/DT_NSO_1800_002V202.px
FOUND_OR_TABLE,"NSO / Үйлдвэрлэл, үйлчилгээ / Аялал жуулчлал / УЛСЫН ХИЛЭЭР ОРСОН ЗОРЧИГЧДЫН ТОО, боомт, аяллын зорилгоор",DT_NSO_1800_002V203.px,"УЛСЫН ХИЛЭЭР ОРСОН ЗОРЧИГЧДЫН ТОО, боомт, аяллын зорилго, улирлаар",t,https://data.1212.mn/api/v1/mn/NSO/Industry%2C%20service/Tourism/NUMBER%20OF%20INBOUND%20PASSENGERS%20by%20border%20crossings%20and%20purpose%20of%20visit/DT_NSO_1800_002V203.px
FOUND_OR_TABLE,"NSO / Үйлдвэрлэл, үйлчилгээ / Аялал жуулчлал / УЛСЫН ХИЛЭЭР ОРСОН ЗОРЧИГЧДЫН ТОО, боомт, аяллын зорилгоор",DT_NSO_1800_002V204.px,"УЛСЫН ХИЛЭЭР ОРСОН ЗОРЧИГЧДЫН ТОО, боомт, аяллын зорилго, жилээр",t,https://data.1212.mn/api/v1/mn/NSO/Industry%2C%20service/Tourism/NUMBER%20OF%20INBOUND%20PASSENGERS%20by%20border%20crossings%20and%20purpose%20of%20visit/DT_NSO_1800_002V204.px
FOUND_OR_TABLE,"NSO / Үйлдвэрлэл, үйлчилгээ / Барилга",DT_NSO_0902_002V1.px,"БАРИЛГА УГСРАЛТ, ИХ ЗАСВАРЫН АЖИЛ, барилгын төрөл, аймаг, нийслэл, улирлаар (өссөн дүн)",t,https://data.1212.mn/api/v1/mn/NSO/Industry%2C%20service/Construction/DT_NSO_0902_002V1.px
FOUND_OR_TABLE,"NSO / Үйлдвэрлэл, үйлчилгээ / Барилга",DT_NSO_0902_003V1.px,"БАРИЛГЫН БАЙГУУЛЛАГЫН АЖЛЫН БҮЛЭГЛЭЛТ, гүйцэтгэсэн барилга, угсралт, их засварын ажлын хэмжээ, жилээр",t,https://data.1212.mn/api/v1/mn/NSO/Industry%2C%20service/Construction/DT_NSO_0902_003V1.px
FOUND_OR_TABLE,"NSO / Үйлдвэрлэл, үйлчилгээ / Барилга",DT_NSO_0902_004V1.px,"БАРИЛГА УГСРАЛТ, ИХ ЗАСВАРЫН АЖЛЫН БҮТЭЦ, барилгын төрөл, жилээр",t,https://data.1212.mn/api/v1/mn/NSO/Industry%2C%20service/Construction/DT_NSO_0902_004V1.px
FOUND_OR_TABLE,"NSO / Үйлдвэрлэл, үйлчилгээ / Барилга",DT_NSO_0902_005V1.px,"АШИГЛАЛТАД ОРУУЛСАН ҮНДСЭН ФОНД, барилгын төрөл, хүчин чадал, жилээр",t,https://data.1212.mn/api/v1/mn/NSO/Industry%2C%20service/Construction/DT_NSO_0902_005V1.px
FOUND_OR_TABLE,"NSO / Үйлдвэрлэл, үйлчилгээ / Барилга",DT_NSO_0902_006V1.px,"БАРИЛГЫН БАЙГУУЛЛАГЫН ГҮЙЦЭТГЭСЭН БАРИЛГА УГСРАЛТ, ИХ ЗАСВАРЫН АЖИЛ, байгууллагын төрөл, улирлаар (өссөн дүн)",t,https://data.1212.mn/api/v1/mn/NSO/Industry%2C%20service/Construction/DT_NSO_0902_006V1.px
FOUND_OR_TABLE,"NSO / Үйлдвэрлэл, үйлчилгээ / Барилга",DT_NSO_0902_009V1.px,"АШИГЛАЛТАД ОРУУЛСАН ҮНДСЭН ФОНД, барилгын төрөл, аймаг, нийслэл, жилээр",t,https://data.1212.mn/api/v1/mn/NSO/Industry%2C%20service/Construction/DT_NSO_0902_009V1.px
FOUND_OR_TABLE,"NSO / Үйлдвэрлэл, үйлчилгээ / Барилга",DT_NSO_1100_015V2.px,"БАРИЛГЫН ӨРТГИЙН ИНДЕКС, барилгын төрөл, улирлаар",t,https://data.1212.mn/api/v1/mn/NSO/Industry%2C%20service/Construction/DT_NSO_1100_015V2.px
FOUND_OR_TABLE,"NSO / Үйлдвэрлэл, үйлчилгээ / Барилга / ДОТООДЫН БАРИЛГЫН БАЙГУУЛЛАГЫН ГҮЙЦЭТГЭСЭН БАРИЛГА УГСРАЛТ, ИХ ЗАСВАРЫН АЖИЛ, сум, дүүргээр",DT_NSO_0902_008V1.px,"ДОТООДЫН БАРИЛГЫН БАЙГУУЛЛАГЫН ГҮЙЦЭТГЭСЭН БАРИЛГА УГСРАЛТ, ИХ ЗАСВАРЫН АЖИЛ, сум, дүүрэг, улирлаар",t,https://data.1212.mn/api/v1/mn/NSO/Industry%2C%20service/Construction/CONSTRUCTION%2C%20CAPITAL%20REPAIRS%20PERFORMED%20BY%20DOMESTIC%20ENTERPRISES%2C%20by%20soum%20and%20district%2C/DT_NSO_0902_008V1.px
FOUND_OR_TABLE,"NSO / Үйлдвэрлэл, үйлчилгээ / Барилга / ДОТООДЫН БАРИЛГЫН БАЙГУУЛЛАГЫН ГҮЙЦЭТГЭСЭН БАРИЛГА УГСРАЛТ, ИХ ЗАСВАРЫН АЖИЛ, сум, дүүргээр",DT_NSO_0902_008V2.px,"ДОТООДЫН БАРИЛГЫН БАЙГУУЛЛАГЫН ГҮЙЦЭТГЭСЭН БАРИЛГА УГСРАЛТ, ИХ ЗАСВАРЫН АЖИЛ, сум, дүүрэг, жилээр",t,https://data.1212.mn/api/v1/mn/NSO/Industry%2C%20service/Construction/CONSTRUCTION%2C%20CAPITAL%20REPAIRS%20PERFORMED%20BY%20DOMESTIC%20ENTERPRISES%2C%20by%20soum%20and%20district%2C/DT_NSO_0902_008V2.px
FOUND_OR_TABLE,"NSO / Үйлдвэрлэл, үйлчилгээ / Газар тариалан",DT_NSO_1001_033V1.px,"ТАРИАЛСАН ТАЛБАЙ, ургамлын төрөл, баг, хороо, жилээр",t,https://data.1212.mn/api/v1/mn/NSO/Industry%2C%20service/Agriculture/DT_NSO_1001_033V1.px
FOUND_OR_TABLE,"NSO / Үйлдвэрлэл, үйлчилгээ / Газар тариалан",DT_NSO_1001_035V3.px,"ХУРААСАН УРГАЦ, ургамлын төрөл, аймаг, нийслэл, жилээр",t,https://data.1212.mn/api/v1/mn/NSO/Industry%2C%20service/Agriculture/DT_NSO_1001_035V3.px
FOUND_OR_TABLE,"NSO / Үйлдвэрлэл, үйлчилгээ / Газар тариалан",DT_NSO_1001_036V2.px,"ХУРААСАН УРГАЦ, ургамлын төрөл, баг, хороо, жилээр",t,https://data.1212.mn/api/v1/mn/NSO/Industry%2C%20service/Agriculture/DT_NSO_1001_036V2.px
FOUND_OR_TABLE,"NSO / Үйлдвэрлэл, үйлчилгээ / Газар тариалан",DT_NSO_1001_038V2.px,"ТАРИАЛСАН ТАЛБАЙ, ургамлын төрөл, аймаг, нийслэл, жилээр",t,https://data.1212.mn/api/v1/mn/NSO/Industry%2C%20service/Agriculture/DT_NSO_1001_038V2.px
FOUND_OR_TABLE,"NSO / Үйлдвэрлэл, үйлчилгээ / Газар тариалан",DT_NSO_1001_038V3.px,"НЭГ ГА ХУРААСАН ТАЛБАЙГААС ХУРААСАН УРГАЦ, ургамлын төрөл, аймаг, нийслэл, жилээр",t,https://data.1212.mn/api/v1/mn/NSO/Industry%2C%20service/Agriculture/DT_NSO_1001_038V3.px
FOUND_OR_TABLE,"NSO / Үйлдвэрлэл, үйлчилгээ / Газар тариалан",DT_NSO_1002_001V1.px,"ГАЗАР ТАРИАЛАНГИЙН САЛБАРЫН НИЙТ ҮЙЛДВЭРЛЭЛ, жилээр",t,https://data.1212.mn/api/v1/mn/NSO/Industry%2C%20service/Agriculture/DT_NSO_1002_001V1.px
FOUND_OR_TABLE,"NSO / Үйлдвэрлэл, үйлчилгээ / Газар тариалан",DT_NSO_1002_001V3.px,"ТАРИАЛАН ЭРХЭЛДЭГ ӨРХИЙН ТОО, аймаг, нийслэл, жилээр",t,https://data.1212.mn/api/v1/mn/NSO/Industry%2C%20service/Agriculture/DT_NSO_1002_001V3.px
FOUND_OR_TABLE,"NSO / Үйлдвэрлэл, үйлчилгээ / Газар тариалан",DT_NSO_1002_001V4.px,"ГАЗАР ТАРИАЛАНГИЙН БҮТЭЭГДЭХҮҮНИЙ ЗАХ ЗЭЭЛИЙН ДУНДАЖ ҮНЭ, аймаг, нийслэлээр, сараар",t,https://data.1212.mn/api/v1/mn/NSO/Industry%2C%20service/Agriculture/DT_NSO_1002_001V4.px
FOUND_OR_TABLE,"NSO / Үйлдвэрлэл, үйлчилгээ / Газар тариалан",DT_NSO_1002_001V5.px,"ГАЗАР ТАРИАЛАНГИЙН БҮТЭЭГДЭХҮҮНИЙ ЗАХ ЗЭЭЛИЙН ДУНДАЖ ҮНЭ, аймаг, нийслэлээр, сараар",t,https://data.1212.mn/api/v1/mn/NSO/Industry%2C%20service/Agriculture/DT_NSO_1002_001V5.px
FOUND_OR_TABLE,"NSO / Үйлдвэрлэл, үйлчилгээ / Газар тариалан",DT_NSO_1002_002V1.px,"ХӨДӨӨ АЖ АХУЙН ГАЗАР, жилээр",t,https://data.1212.mn/api/v1/mn/NSO/Industry%2C%20service/Agriculture/DT_NSO_1002_002V1.px
FOUND_OR_TABLE,"NSO / Үйлдвэрлэл, үйлчилгээ / Газар тариалан",DT_NSO_1002_003V1.px,"НИЙТ ТАРИАЛСАН ТАЛБАЙ, аймаг, нийслэл, жилээр",t,https://data.1212.mn/api/v1/mn/NSO/Industry%2C%20service/Agriculture/DT_NSO_1002_003V1.px
FOUND_OR_TABLE,"NSO / Үйлдвэрлэл, үйлчилгээ / Газар тариалан",DT_NSO_1002_004V1.px,"ТАРИАЛСАН ТАЛБАЙ, ҮР ТАРИА , БУУДАЙ, ХҮНСНИЙ НОГОО, ТЭЖЭЭЛИЙН УРГАМАЛ, ургамлын төрөл, аймаг, нийслэл, жилээр",t,https://data.1212.mn/api/v1/mn/NSO/Industry%2C%20service/Agriculture/DT_NSO_1002_004V1.px
FOUND_OR_TABLE,"NSO / Үйлдвэрлэл, үйлчилгээ / Газар тариалан",DT_NSO_1002_005V1.px,"ХУРААСАН УРГАЦ, ҮР ТАРИА, ТӨМС, ХҮНСНИЙ НОГОО, ТЭЖЭЭЛИЙН УРГАМАЛ, аймаг, нийслэл, жилээр",t,https://data.1212.mn/api/v1/mn/NSO/Industry%2C%20service/Agriculture/DT_NSO_1002_005V1.px
FOUND_OR_TABLE,"NSO / Үйлдвэрлэл, үйлчилгээ / Газар тариалан",DT_NSO_1002_006V1.px,"НЭГ ГА ТАЛБАЙГААС ХУРААСАН УРГАЦ, ургамлын төрөл, аймаг, нийслэл, жилээр",t,https://data.1212.mn/api/v1/mn/NSO/Industry%2C%20service/Agriculture/DT_NSO_1002_006V1.px
FOUND_OR_TABLE,"NSO / Үйлдвэрлэл, үйлчилгээ / Газар тариалан",DT_NSO_1002_007V1.px,"БЭЛТГЭСЭН ӨВС ХАДЛАН, аймаг, нийслэл, жилээр",t,https://data.1212.mn/api/v1/mn/NSO/Industry%2C%20service/Agriculture/DT_NSO_1002_007V1.px
FOUND_OR_TABLE,"NSO / Үйлдвэрлэл, үйлчилгээ / Газар тариалан",DT_NSO_1002_008V1.px,"БЭЛТГЭСЭН ГАР ТЭЖЭЭЛ, аймаг, нийслэл, жилээр",t,https://data.1212.mn/api/v1/mn/NSO/Industry%2C%20service/Agriculture/DT_NSO_1002_008V1.px
FOUND_OR_TABLE,"NSO / Үйлдвэрлэл, үйлчилгээ / Газар тариалан",DT_NSO_1002_009V1.px,"ЖИМС, ЖИМСГЭНИЙ ТАРИАЛСАН ТАЛБАЙ, ургамлын төрөл, аймаг, нийслэл, жилээр",t,https://data.1212.mn/api/v1/mn/NSO/Industry%2C%20service/Agriculture/DT_NSO_1002_009V1.px
FOUND_OR_TABLE,"NSO / Үйлдвэрлэл, үйлчилгээ / Газар тариалан",DT_NSO_1002_009V2.px,"ЖИМС, ЖИМСГЭНИЙ ХУРААСАН УРГАЦ, ургамлын төрөл, аймаг, нийслэл, жилээр",t,https://data.1212.mn/api/v1/mn/NSO/Industry%2C%20service/Agriculture/DT_NSO_1002_009V2.px
FOUND_OR_TABLE,"NSO / Үйлдвэрлэл, үйлчилгээ / Газар тариалан",DT_NSO_1002_011V1.px,"ЖИМС, ЖИМСГЭНИЙ ТАРИАЛСАН ТАЛБАЙ, ургамлын төрөл, баг, хороо, жилээр",t,https://data.1212.mn/api/v1/mn/NSO/Industry%2C%20service/Agriculture/DT_NSO_1002_011V1.px
FOUND_OR_TABLE,"NSO / Үйлдвэрлэл, үйлчилгээ / Газар тариалан",DT_NSO_1002_013V1.px,"ЖИМС ЖИМСГЭНИЙ НИЙТ БУТ, МОДНЫ ТОО, ургамлын төрөл, баг, хороо, жилээр",t,https://data.1212.mn/api/v1/mn/NSO/Industry%2C%20service/Agriculture/DT_NSO_1002_013V1.px
FOUND_OR_TABLE,"NSO / Үйлдвэрлэл, үйлчилгээ / Газар тариалан",DT_NSO_1002_014V1.px,"ТАРИАЛАН ЭРХЭЛДЭГ АЖ АХУЙН НЭГЖ, БАЙГУУЛЛАГЫН ТОО, аймаг, нийслэл, жилээр",t,https://data.1212.mn/api/v1/mn/NSO/Industry%2C%20service/Agriculture/DT_NSO_1002_014V1.px
FOUND_OR_TABLE,"NSO / Үйлдвэрлэл, үйлчилгээ",Livestock,Мал аж ахуй ,l,https://data.1212.mn/api/v1/mn/NSO/Industry%2C%20service/Livestock
FOUND_OR_TABLE,"NSO / Үйлдвэрлэл, үйлчилгээ / Мал аж ахуй ",DT_NSO_1001_001V1.px,"МАЛ АЖ АХУЙН САЛБАРЫН НИЙТ ҮЙЛДВЭРЛЭЛ, улсаар, жилээр",t,https://data.1212.mn/api/v1/mn/NSO/Industry%2C%20service/Livestock/DT_NSO_1001_001V1.px
FOUND_OR_TABLE,"NSO / Үйлдвэрлэл, үйлчилгээ / Мал аж ахуй ",DT_NSO_1001_006V2.px,"БОЙЖУУЛСАН ТӨЛ, малын төрөл, баг, хороо, жилээр",t,https://data.1212.mn/api/v1/mn/NSO/Industry%2C%20service/Livestock/DT_NSO_1001_006V2.px
FOUND_OR_TABLE,"NSO / Үйлдвэрлэл, үйлчилгээ / Мал аж ахуй ",DT_NSO_1001_007V1.px,"100 ЭХЭЭС БОЙЖУУЛСАН ТӨЛ, аймаг, нийслэл, жилээр",t,https://data.1212.mn/api/v1/mn/NSO/Industry%2C%20service/Livestock/DT_NSO_1001_007V1.px
FOUND_OR_TABLE,"NSO / Үйлдвэрлэл, үйлчилгээ / Мал аж ахуй ",DT_NSO_1001_008V1.px,"БОЙЖУУЛСАН ТӨЛ, малын төрөл, аймаг, нийслэл, улирлаар",t,https://data.1212.mn/api/v1/mn/NSO/Industry%2C%20service/Livestock/DT_NSO_1001_008V1.px
FOUND_OR_TABLE,"NSO / Үйлдвэрлэл, үйлчилгээ / Мал аж ахуй ",DT_NSO_1001_011V1.px,"ТОМ МАЛЫН ЗҮЙ БУС ХОРОГДОЛ, малын төрөл, аймаг, нийслэл, улирлаар",t,https://data.1212.mn/api/v1/mn/NSO/Industry%2C%20service/Livestock/DT_NSO_1001_011V1.px
FOUND_OR_TABLE,"NSO / Үйлдвэрлэл, үйлчилгээ / Мал аж ахуй ",DT_NSO_1001_013V3.px,"ӨВЧНӨӨР ХОРОГДСОН МАЛЫН ТОО, малын төрөл, баг, хороо, жилээр",t,https://data.1212.mn/api/v1/mn/NSO/Industry%2C%20service/Livestock/DT_NSO_1001_013V3.px
FOUND_OR_TABLE,"NSO / Үйлдвэрлэл, үйлчилгээ / Мал аж ахуй ",DT_NSO_1001_015V3.px,"ХЭЭЛ ХАЯСАН ХЭЭЛТЭГЧ МАЛЫН ТОО, малын төрөл, баг, хороо, жилээр",t,https://data.1212.mn/api/v1/mn/NSO/Industry%2C%20service/Livestock/DT_NSO_1001_015V3.px
FOUND_OR_TABLE,"NSO / Үйлдвэрлэл, үйлчилгээ / Мал аж ахуй ",DT_NSO_1001_016V3.px,"СУВАЙРСАН ХЭЭЛТЭГЧ МАЛЫН ТОО, малын төрөл, баг, хороо, жилээр",t,https://data.1212.mn/api/v1/mn/NSO/Industry%2C%20service/Livestock/DT_NSO_1001_016V3.px
FOUND_OR_TABLE,"NSO / Үйлдвэрлэл, үйлчилгээ / Мал аж ахуй ",DT_NSO_1001_017V1.px,"ГАХАЙН ТОО, аймаг, нийслэл, жилээр",t,https://data.1212.mn/api/v1/mn/NSO/Industry%2C%20service/Livestock/DT_NSO_1001_017V1.px
FOUND_OR_TABLE,"NSO / Үйлдвэрлэл, үйлчилгээ / Мал аж ахуй ",DT_NSO_1001_018V1.px,"ШУВУУНЫ ТОО, аймаг, нийслэл, жилээр",t,https://data.1212.mn/api/v1/mn/NSO/Industry%2C%20service/Livestock/DT_NSO_1001_018V1.px
FOUND_OR_TABLE,"NSO / Үйлдвэрлэл, үйлчилгээ / Мал аж ахуй ",DT_NSO_1001_019V1.px,"НЭГ ХҮНД НОГДОХ ХӨДӨӨ АЖ АХУЙН ГОЛ НЭР ТӨРЛИЙН БҮТЭЭГДЭХҮҮН, жилээр",t,https://data.1212.mn/api/v1/mn/NSO/Industry%2C%20service/Livestock/DT_NSO_1001_019V1.px
FOUND_OR_TABLE,"NSO / Үйлдвэрлэл, үйлчилгээ / Мал аж ахуй ",DT_NSO_1001_021V1.px,"МАЛЫН ТОО, малын төрөл, баг, хороо, жилээр",t,https://data.1212.mn/api/v1/mn/NSO/Industry%2C%20service/Livestock/DT_NSO_1001_021V1.px
FOUND_OR_TABLE,"NSO / Үйлдвэрлэл, үйлчилгээ / Мал аж ахуй ",DT_NSO_1001_024V1.px,"ХЭЭЛТЭГЧ МАЛЫН ТОО, малын төрөл, баг, хороо, жилээр",t,https://data.1212.mn/api/v1/mn/NSO/Industry%2C%20service/Livestock/DT_NSO_1001_024V1.px
FOUND_OR_TABLE,"NSO / Үйлдвэрлэл, үйлчилгээ / Мал аж ахуй ",DT_NSO_1001_029V1.px,"ТОМ МАЛЫН ЗҮЙ БУС ХОРОГДОЛ, малын төрөл баг, хороо, жилээр",t,https://data.1212.mn/api/v1/mn/NSO/Industry%2C%20service/Livestock/DT_NSO_1001_029V1.px
FOUND_OR_TABLE,"NSO / Үйлдвэрлэл, үйлчилгээ / Мал аж ахуй ",DT_NSO_1001_030V1.px,"ТЭЖЭЭВЭР АМЬТДЫН ТОО, төрөл, баг, хороо, жилээр",t,https://data.1212.mn/api/v1/mn/NSO/Industry%2C%20service/Livestock/DT_NSO_1001_030V1.px
FOUND_OR_TABLE,"NSO / Үйлдвэрлэл, үйлчилгээ / Мал аж ахуй ",DT_NSO_1001_031V1.px,"НУТГИЙН ШИЛДЭГ ОМОГ, ЦЭВЭР ҮҮЛДЭР, ЭРЛИЙЗ, НУТГИЙН САЙЖРУУЛСАН ҮҮЛДРИЙН МАЛЫН ТОО, малын төрөл, аймаг, нийслэл, жилээр",t,https://data.1212.mn/api/v1/mn/NSO/Industry%2C%20service/Livestock/DT_NSO_1001_031V1.px
FOUND_OR_TABLE,"NSO / Үйлдвэрлэл, үйлчилгээ / Мал аж ахуй ",DT_NSO_1001_040V2.px,"МАЛ АЖ АХУЙН БҮТЭЭГДЭХҮҮНИЙ ЗАХ ЗЭЭЛИЙН ДУНДАЖ ҮНЭ, аймаг, нийслэлээр, сараар",t,https://data.1212.mn/api/v1/mn/NSO/Industry%2C%20service/Livestock/DT_NSO_1001_040V2.px
FOUND_OR_TABLE,"NSO / Үйлдвэрлэл, үйлчилгээ / Мал аж ахуй ",DT_NSO_1001_041V1.px,"ХӨДӨӨ АЖ АХУЙН БҮТЭЭГДЭХҮҮНИЙ ҮЙЛДВЭРЛЭЛ, төрлөөр, бүс, аймаг, нийслэлээр",t,https://data.1212.mn/api/v1/mn/NSO/Industry%2C%20service/Livestock/DT_NSO_1001_041V1.px
FOUND_OR_TABLE,"NSO / Үйлдвэрлэл, үйлчилгээ / Мал аж ахуй ",DT_NSO_1001_042V2.px,"МАЛЫН ЗАХ ЗЭЭЛИЙН ДУНДАЖ ҮНЭ, сум, дүүргээр, сараар",t,https://data.1212.mn/api/v1/mn/NSO/Industry%2C%20service/Livestock/DT_NSO_1001_042V2.px
FOUND_OR_TABLE,"NSO / Үйлдвэрлэл, үйлчилгээ / Мал аж ахуй ",DT_NSO_1001_052V2.px,"САРЛАГИЙН ТОО, баг, хороо, жилээр",t,https://data.1212.mn/api/v1/mn/NSO/Industry%2C%20service/Livestock/DT_NSO_1001_052V2.px
FOUND_OR_TABLE,"NSO / Үйлдвэрлэл, үйлчилгээ / Оюуны өмч / АШИГТАЙ ЗАГВАРЫН МЭДҮҮЛЭГ",DT_NSO_054V6_2.px,"АШИГТАЙ ЗАГВАРЫН ПАТЕНТ, жилээр",t,https://data.1212.mn/api/v1/mn/NSO/Industry%2C%20service/Intellectual%20property/TOTAL%20APPLICATIONS%20FOR%20UTILITY%20MODEL/DT_NSO_054V6_2.px
FOUND_OR_TABLE,"NSO / Үйлдвэрлэл, үйлчилгээ / Оюуны өмч / АШИГТАЙ ЗАГВАРЫН МЭДҮҮЛЭГ",DT_NSO_054V6_3.px,"АШИГТАЙ ЗАГВАРЫН ПАТЕНТ, хагас жилээр",t,https://data.1212.mn/api/v1/mn/NSO/Industry%2C%20service/Intellectual%20property/TOTAL%20APPLICATIONS%20FOR%20UTILITY%20MODEL/DT_NSO_054V6_3.px
FOUND_OR_TABLE,"NSO / Үйлдвэрлэл, үйлчилгээ / Оюуны өмч / АШИГТАЙ ЗАГВАРЫН МЭДҮҮЛЭГ",DT_NSO_2002_054V6.px,"АШИГТАЙ ЗАГВАРЫН МЭДҮҮЛЭГ, хагас жилээр",t,https://data.1212.mn/api/v1/mn/NSO/Industry%2C%20service/Intellectual%20property/TOTAL%20APPLICATIONS%20FOR%20UTILITY%20MODEL/DT_NSO_2002_054V6.px
FOUND_OR_TABLE,"NSO / Үйлдвэрлэл, үйлчилгээ / Оюуны өмч / АШИГТАЙ ЗАГВАРЫН МЭДҮҮЛЭГ",DT_NSO_2002_054V6_1.px,"АШИГТАЙ ЗАГВАРЫН МЭДҮҮЛЭГ, жилээр",t,https://data.1212.mn/api/v1/mn/NSO/Industry%2C%20service/Intellectual%20property/TOTAL%20APPLICATIONS%20FOR%20UTILITY%20MODEL/DT_NSO_2002_054V6_1.px
FOUND_OR_TABLE,"NSO / Үйлдвэрлэл, үйлчилгээ / Оюуны өмч / БАРААНЫ ТЭМДГИЙН МЭДҮҮЛЭГ",DT_NSO_2002_054V8.px,"БАРААНЫ ТЭМДГИЙН МЭДҮҮЛЭГ, хагас жилээр",t,https://data.1212.mn/api/v1/mn/NSO/Industry%2C%20service/Intellectual%20property/TOTAL%20APPLICATIONS%20FOR%20TRADEMARK/DT_NSO_2002_054V8.px
FOUND_OR_TABLE,"NSO / Үйлдвэрлэл, үйлчилгээ / Оюуны өмч / БАРААНЫ ТЭМДГИЙН МЭДҮҮЛЭГ",DT_NSO_2002_054V8_1.px,"БАРААНЫ ТЭМДГИЙН МЭДҮҮЛЭГ, жилээр",t,https://data.1212.mn/api/v1/mn/NSO/Industry%2C%20service/Intellectual%20property/TOTAL%20APPLICATIONS%20FOR%20TRADEMARK/DT_NSO_2002_054V8_1.px
FOUND_OR_TABLE,"NSO / Үйлдвэрлэл, үйлчилгээ / Оюуны өмч / БҮТЭЭГДЭХҮҮНИЙ ЗАГВАРЫН МЭДҮҮЛЭГ",DT_NSO_054V3_2.px,"БҮТЭЭГДЭХҮҮНИЙ ЗАГВАРТ ОЛГОСОН ПАТЕНТ, хагас жилээр",t,https://data.1212.mn/api/v1/mn/NSO/Industry%2C%20service/Intellectual%20property/PATENT%20APPLICATIONS%20FOR%20INDUSTRAL%20DESIGN/DT_NSO_054V3_2.px
FOUND_OR_TABLE,"NSO / Үйлдвэрлэл, үйлчилгээ / Оюуны өмч / БҮТЭЭГДЭХҮҮНИЙ ЗАГВАРЫН МЭДҮҮЛЭГ",DT_NSO_054V3_3.px,"БҮТЭЭГДЭХҮҮНИЙ ЗАГВАРТ ОЛГОСОН ПАТЕНТ, жилээр",t,https://data.1212.mn/api/v1/mn/NSO/Industry%2C%20service/Intellectual%20property/PATENT%20APPLICATIONS%20FOR%20INDUSTRAL%20DESIGN/DT_NSO_054V3_3.px
FOUND_OR_TABLE,"NSO / Үйлдвэрлэл, үйлчилгээ / Оюуны өмч / БҮТЭЭГДЭХҮҮНИЙ ЗАГВАРЫН МЭДҮҮЛЭГ",DT_NSO_2002_054V3.px,"БҮТЭЭГДЭХҮҮНИЙ ЗАГВАРЫН ПАТЕНТЫН МЭДҮҮЛЭГ, хагас жилээр",t,https://data.1212.mn/api/v1/mn/NSO/Industry%2C%20service/Intellectual%20property/PATENT%20APPLICATIONS%20FOR%20INDUSTRAL%20DESIGN/DT_NSO_2002_054V3.px
FOUND_OR_TABLE,"NSO / Үйлдвэрлэл, үйлчилгээ / Оюуны өмч / БҮТЭЭГДЭХҮҮНИЙ ЗАГВАРЫН МЭДҮҮЛЭГ",DT_NSO_2002_054V3_1.px,"БҮТЭЭГДЭХҮҮНИЙ ЗАГВАРЫН ПАТЕНТЫН МЭДҮҮЛЭГ, жилээр",t,https://data.1212.mn/api/v1/mn/NSO/Industry%2C%20service/Intellectual%20property/PATENT%20APPLICATIONS%20FOR%20INDUSTRAL%20DESIGN/DT_NSO_2002_054V3_1.px
FOUND_OR_TABLE,"NSO / Үйлдвэрлэл, үйлчилгээ / Оюуны өмч / ГЭРЧИЛГЭЭ ОЛГОСОН АШИГТАЙ ЗАГВАР",DT_NSO_2002_054V7.px,"ГЭРЧИЛГЭЭ ОЛГОСОН АШИГТАЙ ЗАГВАР, хагас жилээр",t,https://data.1212.mn/api/v1/mn/NSO/Industry%2C%20service/Intellectual%20property/CERTIFIED%20UTILITY%20MODELS/DT_NSO_2002_054V7.px
FOUND_OR_TABLE,"NSO / Үйлдвэрлэл, үйлчилгээ / Оюуны өмч / ГЭРЧИЛГЭЭ ОЛГОСОН АШИГТАЙ ЗАГВАР",DT_NSO_2002_054V7_1.px,"ГЭРЧИЛГЭЭ ОЛГОСОН АШИГТАЙ ЗАГВАР, жилээр",t,https://data.1212.mn/api/v1/mn/NSO/Industry%2C%20service/Intellectual%20property/CERTIFIED%20UTILITY%20MODELS/DT_NSO_2002_054V7_1.px
FOUND_OR_TABLE,"NSO / Үйлдвэрлэл, үйлчилгээ / Оюуны өмч / ЗОХИОГЧИЙН ЭРХ, ТӨРЛӨӨР",DT_NSO_2002_054V4.px,"ЗОХИОГЧИЙН ЭРХ, хагас жил",t,https://data.1212.mn/api/v1/mn/NSO/Industry%2C%20service/Intellectual%20property/COPYRIGHT%2C%20BY%20TYPES%20OF%20WORK/DT_NSO_2002_054V4.px
FOUND_OR_TABLE,"NSO / Үйлдвэрлэл, үйлчилгээ / Оюуны өмч / ЗОХИОГЧИЙН ЭРХ, ТӨРЛӨӨР",DT_NSO_2002_054V4_1.px,"ЗОХИОГЧИЙН ЭРХ, төрлөөр, жилээр",t,https://data.1212.mn/api/v1/mn/NSO/Industry%2C%20service/Intellectual%20property/COPYRIGHT%2C%20BY%20TYPES%20OF%20WORK/DT_NSO_2002_054V4_1.px
FOUND_OR_TABLE,"NSO / Үйлдвэрлэл, үйлчилгээ / Оюуны өмч / ЗОХИОГЧИЙН ЭРХЭЭР ХАМГААЛАГДСАН БҮТЭЭЛ",DT_NSO_2002_054V5.px,"ЗОХИОГЧИЙН ЭРХЭЭР ХАМГААЛАГДСАН БҮТЭЭЛ, хагас жилээр",t,https://data.1212.mn/api/v1/mn/NSO/Industry%2C%20service/Intellectual%20property/THE%20WORKS%20PROTECTED%20BY%20COPYRIGHT/DT_NSO_2002_054V5.px
FOUND_OR_TABLE,"NSO / Үйлдвэрлэл, үйлчилгээ / Оюуны өмч / ЗОХИОГЧИЙН ЭРХЭЭР ХАМГААЛАГДСАН БҮТЭЭЛ",DT_NSO_2002_054V5_1.px,"ЗОХИОГЧИЙН ЭРХЭЭР ХАМГААЛАГДСАН БҮТЭЭЛ, жилээр",t,https://data.1212.mn/api/v1/mn/NSO/Industry%2C%20service/Intellectual%20property/THE%20WORKS%20PROTECTED%20BY%20COPYRIGHT/DT_NSO_2002_054V5_1.px
FOUND_OR_TABLE,"NSO / Үйлдвэрлэл, үйлчилгээ / Оюуны өмч / НИЙТ ОЛГОСОН ПАТЕНТ",DT_NSO_2002_054V2.px,"НИЙТ ОЛГОСОН ПАТЕНТ, хагас жилээр",t,https://data.1212.mn/api/v1/mn/NSO/Industry%2C%20service/Intellectual%20property/TOTAL%20PATENT%20GRANTS/DT_NSO_2002_054V2.px
FOUND_OR_TABLE,"NSO / Үйлдвэрлэл, үйлчилгээ / Оюуны өмч / НИЙТ ОЛГОСОН ПАТЕНТ",DT_NSO_2002_054V2-1.px,"НИЙТ ОЛГОСОН ПАТЕНТ, жилээр",t,https://data.1212.mn/api/v1/mn/NSO/Industry%2C%20service/Intellectual%20property/TOTAL%20PATENT%20GRANTS/DT_NSO_2002_054V2-1.px
FOUND_OR_TABLE,"NSO / Үйлдвэрлэл, үйлчилгээ / Оюуны өмч / ХҮЧИНТЭЙ БАЙГАА АШИГТАЙ ЗАГВАР",DT_NSO_2001_035V2.px,"ХҮЧИНТЭЙ БАЙГАА АШИГТАЙ ЗАГВАР, хагас жилээр",t,https://data.1212.mn/api/v1/mn/NSO/Industry%2C%20service/Intellectual%20property/UTILITY%20MODELS%20IN%20FORCE/DT_NSO_2001_035V2.px
FOUND_OR_TABLE,"NSO / Үйлдвэрлэл, үйлчилгээ / Оюуны өмч / ХҮЧИНТЭЙ БАЙГАА АШИГТАЙ ЗАГВАР",DT_NSO_2001_035V2_1.px,"ХҮЧИНТЭЙ БАЙГАА АШИГТАЙ ЗАГВАР, жилээр",t,https://data.1212.mn/api/v1/mn/NSO/Industry%2C%20service/Intellectual%20property/UTILITY%20MODELS%20IN%20FORCE/DT_NSO_2001_035V2_1.px
FOUND_OR_TABLE,"NSO / Үйлдвэрлэл, үйлчилгээ / Оюуны өмч / ХҮЧИНТЭЙ БАЙГАА БАРААНЫ ТЭМДЭГТ",DT_NSO_2001_035V3.px,"ХҮЧИНТЭЙ БАЙГАА БАРААНЫ ТЭМДЭГ, хагас жилээр",t,https://data.1212.mn/api/v1/mn/NSO/Industry%2C%20service/Intellectual%20property/TRADEMARK%20IN%20FORCE/DT_NSO_2001_035V3.px
FOUND_OR_TABLE,"NSO / Үйлдвэрлэл, үйлчилгээ / Оюуны өмч / ХҮЧИНТЭЙ БАЙГАА БАРААНЫ ТЭМДЭГТ",DT_NSO_2001_035V3_1.px,"ХҮЧИНТЭЙ БАЙГАА БАРААНЫ ТЭМДЭГ, жилээр",t,https://data.1212.mn/api/v1/mn/NSO/Industry%2C%20service/Intellectual%20property/TRADEMARK%20IN%20FORCE/DT_NSO_2001_035V3_1.px
FOUND_OR_TABLE,"NSO / Үйлдвэрлэл, үйлчилгээ / Оюуны өмч / ХҮЧИНТЭЙ БАЙГАА ПАТЕНТ",DT_NSO_2001_035V1.px,"ХҮЧИНТЭЙ БАЙГАА ПАТЕНТ, хагас жилээр",t,https://data.1212.mn/api/v1/mn/NSO/Industry%2C%20service/Intellectual%20property/PATENTS%20IN%20FORCE/DT_NSO_2001_035V1.px
FOUND_OR_TABLE,"NSO / Үйлдвэрлэл, үйлчилгээ / Оюуны өмч / ХҮЧИНТЭЙ БАЙГАА ПАТЕНТ",DT_NSO_2001_035V1_1.px,"ХҮЧИНТЭЙ БАЙГАА ПАТЕНТ, жилээр",t,https://data.1212.mn/api/v1/mn/NSO/Industry%2C%20service/Intellectual%20property/PATENTS%20IN%20FORCE/DT_NSO_2001_035V1_1.px
FOUND_OR_TABLE,"NSO / Үйлдвэрлэл, үйлчилгээ / Оюуны өмч / ШИНЭ БҮТЭЭЛИЙН ПАТЕНТЫН МЭДҮҮЛЭГ",DT_NSO_054V1_2.px,"ШИНЭ БҮТЭЭЛД ОЛГОСОН ПАТЕНТ, жилээр",t,https://data.1212.mn/api/v1/mn/NSO/Industry%2C%20service/Intellectual%20property/PATENT%20APPLICATIONS%20FOR%20INVENTION/DT_NSO_054V1_2.px
FOUND_OR_TABLE,"NSO / Үйлдвэрлэл, үйлчилгээ / Оюуны өмч / ШИНЭ БҮТЭЭЛИЙН ПАТЕНТЫН МЭДҮҮЛЭГ",DT_NSO_054V1_3.px,"ШИНЭ БҮТЭЭЛД ОЛГОСОН ПАТЕНТ, хагас жилээр",t,https://data.1212.mn/api/v1/mn/NSO/Industry%2C%20service/Intellectual%20property/PATENT%20APPLICATIONS%20FOR%20INVENTION/DT_NSO_054V1_3.px
FOUND_OR_TABLE,"NSO / Үйлдвэрлэл, үйлчилгээ / Оюуны өмч / ШИНЭ БҮТЭЭЛИЙН ПАТЕНТЫН МЭДҮҮЛЭГ",DT_NSO_054V1_4.px,"ШИНЭ БҮТЭЭЛД ОЛГОСОН ПАТЕНТ, олон улсын ангиллаар, жилээр",t,https://data.1212.mn/api/v1/mn/NSO/Industry%2C%20service/Intellectual%20property/PATENT%20APPLICATIONS%20FOR%20INVENTION/DT_NSO_054V1_4.px
FOUND_OR_TABLE,"NSO / Үйлдвэрлэл, үйлчилгээ / Оюуны өмч / ШИНЭ БҮТЭЭЛИЙН ПАТЕНТЫН МЭДҮҮЛЭГ",DT_NSO_054V1_5.px,"ШИНЭ БҮТЭЭЛД ОЛГОСОН ПАТЕНТ, олон улсын ангиллаар, хагас, жилээр",t,https://data.1212.mn/api/v1/mn/NSO/Industry%2C%20service/Intellectual%20property/PATENT%20APPLICATIONS%20FOR%20INVENTION/DT_NSO_054V1_5.px
FOUND_OR_TABLE,"NSO / Үйлдвэрлэл, үйлчилгээ / Оюуны өмч / ШИНЭ БҮТЭЭЛИЙН ПАТЕНТЫН МЭДҮҮЛЭГ",DT_NSO_2002_054V1.px,"ШИНЭ БҮТЭЭЛИЙН ПАТЕНТЫН МЭДҮҮЛЭГ, хагас жилээр",t,https://data.1212.mn/api/v1/mn/NSO/Industry%2C%20service/Intellectual%20property/PATENT%20APPLICATIONS%20FOR%20INVENTION/DT_NSO_2002_054V1.px
FOUND_OR_TABLE,"NSO / Үйлдвэрлэл, үйлчилгээ / Оюуны өмч / ШИНЭ БҮТЭЭЛИЙН ПАТЕНТЫН МЭДҮҮЛЭГ",DT_NSO_2002_054V1_1.px,"ШИНЭ БҮТЭЭЛИЙН ПАТЕНТЫН МЭДҮҮЛЭГ, жилээр",t,https://data.1212.mn/api/v1/mn/NSO/Industry%2C%20service/Intellectual%20property/PATENT%20APPLICATIONS%20FOR%20INVENTION/DT_NSO_2002_054V1_1.px
FOUND_OR_TABLE,"NSO / Үйлдвэрлэл, үйлчилгээ / Оюуны өмч / ЭРХИЙН ХАМГААЛАЛТ ОЛГОСОН БАРААНЫ ТЭМДЭГТ",DT_NSO_054V9_2.px,"ЭРХИЙН ХАМГААЛАЛТ ОЛГОСОН БАРААНЫ ТЭМДЭГ, жилээр",t,https://data.1212.mn/api/v1/mn/NSO/Industry%2C%20service/Intellectual%20property/TRADEMARK%20REGISTRATION/DT_NSO_054V9_2.px
FOUND_OR_TABLE,"NSO / Үйлдвэрлэл, үйлчилгээ / Оюуны өмч / ЭРХИЙН ХАМГААЛАЛТ ОЛГОСОН БАРААНЫ ТЭМДЭГТ",DT_NSO_054V9_3.px,"ЭРХИЙН ХАМГААЛАЛТ ОЛГОСОН БАРААНЫ ТЭМДЭГ, хагас, жилээр",t,https://data.1212.mn/api/v1/mn/NSO/Industry%2C%20service/Intellectual%20property/TRADEMARK%20REGISTRATION/DT_NSO_054V9_3.px
FOUND_OR_TABLE,"NSO / Үйлдвэрлэл, үйлчилгээ / Оюуны өмч / ЭРХИЙН ХАМГААЛАЛТ ОЛГОСОН БАРААНЫ ТЭМДЭГТ",DT_NSO_2002_054V9.px,"ЭРХИЙН ХАМГААЛАЛТ ОЛГОСОН БАРААНЫ ТЭМДЭГ, хагас жилээр",t,https://data.1212.mn/api/v1/mn/NSO/Industry%2C%20service/Intellectual%20property/TRADEMARK%20REGISTRATION/DT_NSO_2002_054V9.px
FOUND_OR_TABLE,"NSO / Үйлдвэрлэл, үйлчилгээ / Оюуны өмч / ЭРХИЙН ХАМГААЛАЛТ ОЛГОСОН БАРААНЫ ТЭМДЭГТ",DT_NSO_2002_054V9_1.px,"ЭРХИЙН ХАМГААЛАЛТ ОЛГОСОН БАРААНЫ ТЭМДЭГ, жилээр",t,https://data.1212.mn/api/v1/mn/NSO/Industry%2C%20service/Intellectual%20property/TRADEMARK%20REGISTRATION/DT_NSO_2002_054V9_1.px
FOUND_OR_TABLE,"NSO / Үйлдвэрлэл, үйлчилгээ / Соёл, соёлын бүтээлч үйлдвэрлэл",DT_NSO_0300_071V04.px,СОЁЛЫН ЗАРИМ ҮЗҮҮЛЭЛТ,t,https://data.1212.mn/api/v1/mn/NSO/Industry%2C%20service/Culture%2C%20cultural%20creative%20industry/DT_NSO_0300_071V04.px
FOUND_OR_TABLE,"NSO / Үйлдвэрлэл, үйлчилгээ / Соёл, соёлын бүтээлч үйлдвэрлэл",DT_NSO_0300_071V05.px,"НИЙТИЙН НОМЫН САНГИЙН ҮЗҮҮЛЭЛТ, жилээр",t,https://data.1212.mn/api/v1/mn/NSO/Industry%2C%20service/Culture%2C%20cultural%20creative%20industry/DT_NSO_0300_071V05.px
FOUND_OR_TABLE,"NSO / Үйлдвэрлэл, үйлчилгээ / Соёл, соёлын бүтээлч үйлдвэрлэл",DT_NSO_2002_001V1.px,"НИЙТИЙН НОМЫН САН, БАЙНГЫН УНШИГЧИД, НОМЫН ФОНДНЫ ТОО, аймаг, нийслэл, жилээр",t,https://data.1212.mn/api/v1/mn/NSO/Industry%2C%20service/Culture%2C%20cultural%20creative%20industry/DT_NSO_2002_001V1.px
FOUND_OR_TABLE,"NSO / Үйлдвэрлэл, үйлчилгээ / Соёл, соёлын бүтээлч үйлдвэрлэл",DT_NSO_2002_002V1.px,"КИНО ҮЗВЭРИЙН ЦЭГИЙН ТОО, аймаг, нийслэл, жилээр",t,https://data.1212.mn/api/v1/mn/NSO/Industry%2C%20service/Culture%2C%20cultural%20creative%20industry/DT_NSO_2002_002V1.px
FOUND_OR_TABLE,"NSO / Үйлдвэрлэл, үйлчилгээ / Соёл, соёлын бүтээлч үйлдвэрлэл",DT_NSO_2002_003V1.px,"СОЁЛЫН ТӨВ, АЖИЛЛАГЧДЫН ТОО, аймаг, нийслэл, жилээр",t,https://data.1212.mn/api/v1/mn/NSO/Industry%2C%20service/Culture%2C%20cultural%20creative%20industry/DT_NSO_2002_003V1.px
FOUND_OR_TABLE,"NSO / Үйлдвэрлэл, үйлчилгээ / Соёл, соёлын бүтээлч үйлдвэрлэл",DT_NSO_2002_004V1.px,"МУЗЕЙН ҮЗМЭР, ҮЗЭГЧДИЙН ТОО, аймаг, нийслэл, жилээр",t,https://data.1212.mn/api/v1/mn/NSO/Industry%2C%20service/Culture%2C%20cultural%20creative%20industry/DT_NSO_2002_004V1.px
FOUND_OR_TABLE,"NSO / Үйлдвэрлэл, үйлчилгээ / Соёл, соёлын бүтээлч үйлдвэрлэл",DT_NSO_2002_005V1.px,"МЭРГЭЖЛИЙН УРЛАГИЙН БАЙГУУЛЛАГЫН ТОГЛОЛТ, ҮЗЭГЧДИЙН ТОО, аймаг, нийслэл, жилээр",t,https://data.1212.mn/api/v1/mn/NSO/Industry%2C%20service/Culture%2C%20cultural%20creative%20industry/DT_NSO_2002_005V1.px
FOUND_OR_TABLE,"NSO / Үйлдвэрлэл, үйлчилгээ / Соёл, соёлын бүтээлч үйлдвэрлэл",DT_NSO_2002_008V1.px,"НИЙТИЙН НОМЫН САНГИЙН СУУДЛЫН ТОО, аймаг, нийслэл, жилээр",t,https://data.1212.mn/api/v1/mn/NSO/Industry%2C%20service/Culture%2C%20cultural%20creative%20industry/DT_NSO_2002_008V1.px
FOUND_OR_TABLE,"NSO / Үйлдвэрлэл, үйлчилгээ / Соёл, соёлын бүтээлч үйлдвэрлэл",DT_NSO_2002_009V1.px,"СОЁЛЫН ТӨВИЙН СУУДЛЫН ТОО, аймаг, нийслэл, жилээр",t,https://data.1212.mn/api/v1/mn/NSO/Industry%2C%20service/Culture%2C%20cultural%20creative%20industry/DT_NSO_2002_009V1.px
FOUND_OR_TABLE,"NSO / Үйлдвэрлэл, үйлчилгээ / Соёл, соёлын бүтээлч үйлдвэрлэл",DT_NSO_2002_010V1.px,"СОЁЛ, УРЛАГЫН БАЙГУУЛЛАГЫН АЖИЛЛАГЧДЫН ТОО, соёл, урлагийн байгууллагын төрөл, жилээр",t,https://data.1212.mn/api/v1/mn/NSO/Industry%2C%20service/Culture%2C%20cultural%20creative%20industry/DT_NSO_2002_010V1.px
FOUND_OR_TABLE,"NSO / Үйлдвэрлэл, үйлчилгээ / Тээвэр",DT_NSO_1200_012V4.px,"БҮХ ТӨРЛИЙН ТЭЭВРИЙН ҮНДСЭН ҮЗҮҮЛЭЛТ, улсын дүн, жилээр",t,https://data.1212.mn/api/v1/mn/NSO/Industry%2C%20service/Transportation/DT_NSO_1200_012V4.px
FOUND_OR_TABLE,"NSO / Үйлдвэрлэл, үйлчилгээ / Тээвэр",DT_NSO_1200_013V1.px,"ТЕХНИКИЙН ХЯНАЛТЫН ҮЗЛЭГТ ХАМРАГДСАН АВТО МАШИНЫ ТОО, төрөл, бүс, аймаг, нийслэл, сум, дүүрэг, жилээр",t,https://data.1212.mn/api/v1/mn/NSO/Industry%2C%20service/Transportation/DT_NSO_1200_013V1.px
FOUND_OR_TABLE,"NSO / Үйлдвэрлэл, үйлчилгээ / Тээвэр",DT_NSO_1200_013V2.px,"ТЕХНИКИЙН ХЯНАЛТЫН ҮЗЛЭГТ ХАМРАГДСАН АВТО МАШИНЫ ТОО, насжилт, бүс, аймаг, нийслэл, сум, дүүрэг, жилээр",t,https://data.1212.mn/api/v1/mn/NSO/Industry%2C%20service/Transportation/DT_NSO_1200_013V2.px
FOUND_OR_TABLE,"NSO / Үйлдвэрлэл, үйлчилгээ / Тээвэр",DT_NSO_1200_013V3.px,"БҮРТГЭЛТЭЙ ТЭЭВРИЙН ХЭРЭГСЛИЙН ТОО, төрөл, бүс, аймаг, нийслэл, жилээр",t,https://data.1212.mn/api/v1/mn/NSO/Industry%2C%20service/Transportation/DT_NSO_1200_013V3.px
FOUND_OR_TABLE,"NSO / Үйлдвэрлэл, үйлчилгээ / Тээвэр",DT_NSO_1200_013V4.px,"БҮРТГЭЛТЭЙ ТЭЭВРИЙН ХЭРЭГСЛИЙН ТОО, насжилт, аймаг, нийслэл, жилээр",t,https://data.1212.mn/api/v1/mn/NSO/Industry%2C%20service/Transportation/DT_NSO_1200_013V4.px
FOUND_OR_TABLE,"NSO / Үйлдвэрлэл, үйлчилгээ / Тээвэр",DT_NSO_1200_013V5.px,"ИМПОРТООР ОРУУЛЖ ИРСЭН АВТОМАШИНЫ ТОО, улс, автомашины төрөл, жилээр",t,https://data.1212.mn/api/v1/mn/NSO/Industry%2C%20service/Transportation/DT_NSO_1200_013V5.px
FOUND_OR_TABLE,"NSO / Үйлдвэрлэл, үйлчилгээ / Тээвэр","KEY INDICATORS OF AUTO TRANSPORT, by national level","АВТО ЗАМЫН ТЭЭВРИЙН ҮНДСЭН ҮЗҮҮЛЭЛТ, улсын дүн",l,https://data.1212.mn/api/v1/mn/NSO/Industry%2C%20service/Transportation/KEY%20INDICATORS%20OF%20AUTO%20TRANSPORT%2C%20by%20national%20level
FOUND_OR_TABLE,"NSO / Үйлдвэрлэл, үйлчилгээ / Тээвэр / АВТО ЗАМЫН ТЭЭВРИЙН ҮНДСЭН ҮЗҮҮЛЭЛТ, улсын дүн",DT_NSO_1200_012V1_q.px,"АВТО ЗАМЫН ТЭЭВРИЙН ҮНДСЭН ҮЗҮҮЛЭЛТ, улсын дүн, улирлаар",t,https://data.1212.mn/api/v1/mn/NSO/Industry%2C%20service/Transportation/KEY%20INDICATORS%20OF%20AUTO%20TRANSPORT%2C%20by%20national%20level/DT_NSO_1200_012V1_q.px
FOUND_OR_TABLE,"NSO / Үйлдвэрлэл, үйлчилгээ / Тээвэр / АВТО ЗАМЫН ТЭЭВРИЙН ҮНДСЭН ҮЗҮҮЛЭЛТ, улсын дүн",DT_NSO_1200_012V1_y.px,"АВТО ЗАМЫН ТЭЭВРИЙН ҮНДСЭН ҮЗҮҮЛЭЛТ, жилээр",t,https://data.1212.mn/api/v1/mn/NSO/Industry%2C%20service/Transportation/KEY%20INDICATORS%20OF%20AUTO%20TRANSPORT%2C%20by%20national%20level/DT_NSO_1200_012V1_y.px
FOUND_OR_TABLE,"NSO / Үйлдвэрлэл, үйлчилгээ / Тээвэр / АГААРЫН ТЭЭВРИЙН ЗОРЧИГЧ, чиглэл тус бүрээр, улсын дүн",DT_NSO_1200_012V5_m.px,"АГААРЫН ТЭЭВРИЙН ЗОРЧИГЧ, чиглэл тус бүрээр, улсын дүн, сараар",t,https://data.1212.mn/api/v1/mn/NSO/Industry%2C%20service/Transportation/CARRIED%20PASSENGERS%2C%20by%20air%20transport%2C%20by%20each%20direction%20and%20national%20level/DT_NSO_1200_012V5_m.px
FOUND_OR_TABLE,"NSO / Үйлдвэрлэл, үйлчилгээ / Тээвэр / АГААРЫН ТЭЭВРИЙН ЗОРЧИГЧ, чиглэл тус бүрээр, улсын дүн",DT_NSO_1200_012V5_q.px,"АГААРЫН ТЭЭВРИЙН ЗОРЧИГЧ, чиглэл тус бүрээр, улсын дүн, улирлаар",t,https://data.1212.mn/api/v1/mn/NSO/Industry%2C%20service/Transportation/CARRIED%20PASSENGERS%2C%20by%20air%20transport%2C%20by%20each%20direction%20and%20national%20level/DT_NSO_1200_012V5_q.px
FOUND_OR_TABLE,"NSO / Үйлдвэрлэл, үйлчилгээ / Тээвэр / АГААРЫН ТЭЭВРИЙН ЗОРЧИГЧ, чиглэл тус бүрээр, улсын дүн",DT_NSO_1200_012V5_y.px,"АГААРЫН ТЭЭВРИЙН ЗОРЧИГЧ, чиглэл тус бүрээр, улсын дүн, жилээр",t,https://data.1212.mn/api/v1/mn/NSO/Industry%2C%20service/Transportation/CARRIED%20PASSENGERS%2C%20by%20air%20transport%2C%20by%20each%20direction%20and%20national%20level/DT_NSO_1200_012V5_y.px
FOUND_OR_TABLE,"NSO / Үйлдвэрлэл, үйлчилгээ / Тээвэр / АГААРЫН ТЭЭВРИЙН ҮНДСЭН ҮЗҮҮЛЭЛТ, улсын дүн",DT_NSO_1200_012V6_m.px,"АГААРЫН ТЭЭВРИЙН ҮНДСЭН ҮЗҮҮЛЭЛТ, улсын дүн, сараар",t,https://data.1212.mn/api/v1/mn/NSO/Industry%2C%20service/Transportation/KEY%20INDICATORS%20OF%20AIR%20TRANSPORT%2C%20by%20national%20level/DT_NSO_1200_012V6_m.px
FOUND_OR_TABLE,"NSO / Үйлдвэрлэл, үйлчилгээ / Тээвэр / АГААРЫН ТЭЭВРИЙН ҮНДСЭН ҮЗҮҮЛЭЛТ, улсын дүн",DT_NSO_1200_012V6_q.px,"АГААРЫН ТЭЭВРИЙН ҮНДСЭН ҮЗҮҮЛЭЛТ, улсын дүн, улирлаар",t,https://data.1212.mn/api/v1/mn/NSO/Industry%2C%20service/Transportation/KEY%20INDICATORS%20OF%20AIR%20TRANSPORT%2C%20by%20national%20level/DT_NSO_1200_012V6_q.px
FOUND_OR_TABLE,"NSO / Үйлдвэрлэл, үйлчилгээ / Тээвэр / АГААРЫН ТЭЭВРИЙН ҮНДСЭН ҮЗҮҮЛЭЛТ, улсын дүн",DT_NSO_1200_012V6_y.px,"АГААРЫН ТЭЭВРИЙН ҮНДСЭН ҮЗҮҮЛЭЛТ, улсын дүн, жилээр",t,https://data.1212.mn/api/v1/mn/NSO/Industry%2C%20service/Transportation/KEY%20INDICATORS%20OF%20AIR%20TRANSPORT%2C%20by%20national%20level/DT_NSO_1200_012V6_y.px
FOUND_OR_TABLE,"NSO / Үйлдвэрлэл, үйлчилгээ / Тээвэр","KEY INDICATORS OF RAILWAY TRANSPORT, by national level","ТӨМӨР ЗАМЫН ТЭЭВРИЙН ҮНДСЭН ҮЗҮҮЛЭЛТ, улсын дүн",l,https://data.1212.mn/api/v1/mn/NSO/Industry%2C%20service/Transportation/KEY%20INDICATORS%20OF%20RAILWAY%20TRANSPORT%2C%20by%20national%20level
FOUND_OR_TABLE,"NSO / Үйлдвэрлэл, үйлчилгээ / Тээвэр / ТӨМӨР ЗАМЫН ТЭЭВРИЙН ҮНДСЭН ҮЗҮҮЛЭЛТ, улсын дүн",DT_NSO_1200_012V7_m.px,"ТӨМӨР ЗАМЫН ТЭЭВРИЙН ҮНДСЭН ҮЗҮҮЛЭЛТ, улсын дүн, сараар",t,https://data.1212.mn/api/v1/mn/NSO/Industry%2C%20service/Transportation/KEY%20INDICATORS%20OF%20RAILWAY%20TRANSPORT%2C%20by%20national%20level/DT_NSO_1200_012V7_m.px
FOUND_OR_TABLE,"NSO / Үйлдвэрлэл, үйлчилгээ / Тээвэр / ТӨМӨР ЗАМЫН ТЭЭВРИЙН ҮНДСЭН ҮЗҮҮЛЭЛТ, улсын дүн",DT_NSO_1200_012V7_q.px,"ТӨМӨР ЗАМЫН ТЭЭВРИЙН ҮНДСЭН ҮЗҮҮЛЭЛТ, улсын дүн, улирлаар",t,https://data.1212.mn/api/v1/mn/NSO/Industry%2C%20service/Transportation/KEY%20INDICATORS%20OF%20RAILWAY%20TRANSPORT%2C%20by%20national%20level/DT_NSO_1200_012V7_q.px
FOUND_OR_TABLE,"NSO / Үйлдвэрлэл, үйлчилгээ / Тээвэр / ТӨМӨР ЗАМЫН ТЭЭВРИЙН ҮНДСЭН ҮЗҮҮЛЭЛТ, улсын дүн",DT_NSO_1200_012V7_y.px,"ТӨМӨР ЗАМЫН ТЭЭВРИЙН ҮНДСЭН ҮЗҮҮЛЭЛТ, улсын дүн, жилээр",t,https://data.1212.mn/api/v1/mn/NSO/Industry%2C%20service/Transportation/KEY%20INDICATORS%20OF%20RAILWAY%20TRANSPORT%2C%20by%20national%20level/DT_NSO_1200_012V7_y.px
FOUND_OR_TABLE,"NSO / Үйлдвэрлэл, үйлчилгээ / Харилцаа холбоо / ИНТЕРНЭТ ХЭРЭГЛЭГЧ БА КОМПЬЮТЕРЫН ТОО, бүс, аймаг, нийслэлээр",DT_NSO_1300_012V1_q.px,"ИНТЕРНЭТ ХЭРЭГЛЭГЧ БА КОМПЬЮТЕРЫН ТОО, бүс, аймаг, нийслэлээр, улирлаар",t,https://data.1212.mn/api/v1/mn/NSO/Industry%2C%20service/Telecommunication/NUMBER%20OF%20INTERNET%20USERS%20AND%20COMPUTERS%2C%20by%20region%2C%20aimags%20and%20the%20Capital/DT_NSO_1300_012V1_q.px
FOUND_OR_TABLE,"NSO / Үйлдвэрлэл, үйлчилгээ / Харилцаа холбоо / ИНТЕРНЭТ ХЭРЭГЛЭГЧ БА КОМПЬЮТЕРЫН ТОО, бүс, аймаг, нийслэлээр",DT_NSO_1300_012V1_y.px,"ИНТЕРНЭТ ХЭРЭГЛЭГЧ БА КОМПЬЮТЕРЫН ТОО, бүс, аймаг, нийслэлээр, жилээр",t,https://data.1212.mn/api/v1/mn/NSO/Industry%2C%20service/Telecommunication/NUMBER%20OF%20INTERNET%20USERS%20AND%20COMPUTERS%2C%20by%20region%2C%20aimags%20and%20the%20Capital/DT_NSO_1300_012V1_y.px
FOUND_OR_TABLE,"NSO / Үйлдвэрлэл, үйлчилгээ / Харилцаа холбоо / КАБЕЛИЙН ТЕЛЕВИЗ ХЭРЭГЛЭГЧДИЙН ТОО, бүс, аймаг, нийслэлээр",DT_NSO_1300_011V1_q.px,"КАБЕЛИЙН ТЕЛЕВИЗ ХЭРЭГЛЭГЧДИЙН ТОО, төрлөөр, бүс, аймаг, нийслэлээр, улирлаар",t,https://data.1212.mn/api/v1/mn/NSO/Industry%2C%20service/Telecommunication/NUMBER%20OF%20CABLE%20TELEVISION%20USERS%2C%20by%20region%2C%20aimags%20and%20the%20Capital/DT_NSO_1300_011V1_q.px
FOUND_OR_TABLE,"NSO / Үйлдвэрлэл, үйлчилгээ / Харилцаа холбоо / КАБЕЛИЙН ТЕЛЕВИЗ ХЭРЭГЛЭГЧДИЙН ТОО, бүс, аймаг, нийслэлээр",DT_NSO_1300_011V1_y.px,"КАБЕЛИЙН ТЕЛЕВИЗ ХЭРЭГЛЭГЧДИЙН ТОО, төрлөөр, бүс, аймаг, нийслэлээр, жилээр",t,https://data.1212.mn/api/v1/mn/NSO/Industry%2C%20service/Telecommunication/NUMBER%20OF%20CABLE%20TELEVISION%20USERS%2C%20by%20region%2C%20aimags%20and%20the%20Capital/DT_NSO_1300_011V1_y.px
FOUND_OR_TABLE,"NSO / Үйлдвэрлэл, үйлчилгээ / Харилцаа холбоо / МЭДЭЭЛЭЛ, ХАРИЛЦАА ХОЛБООНЫ САЛБАРЫН ОРЛОГО, үйл ажиллагааны төрлөөр",DT_NSO_1300_015V1.px,"МЭДЭЭЛЭЛ, ХАРИЛЦАА ХОЛБООНЫ САЛБАРЫН ОРЛОГО, үйл ажиллагааны төрлөөр, сараар",t,https://data.1212.mn/api/v1/mn/NSO/Industry%2C%20service/Telecommunication/REVENUE%20FOR%20INFORMATION%20AND%20TELECOMMUNICATIONS%2C%20by%20activities/DT_NSO_1300_015V1.px
FOUND_OR_TABLE,"NSO / Үйлдвэрлэл, үйлчилгээ / Харилцаа холбоо / МЭДЭЭЛЭЛ, ХАРИЛЦАА ХОЛБООНЫ САЛБАРЫН ОРЛОГО, үйл ажиллагааны төрлөөр",DT_NSO_1300_015V2.px,"МЭДЭЭЛЭЛ, ХАРИЛЦАА ХОЛБООНЫ САЛБАРЫН ОРЛОГО, үйл ажиллагааны төрлөөр, улирлаар",t,https://data.1212.mn/api/v1/mn/NSO/Industry%2C%20service/Telecommunication/REVENUE%20FOR%20INFORMATION%20AND%20TELECOMMUNICATIONS%2C%20by%20activities/DT_NSO_1300_015V2.px
FOUND_OR_TABLE,"NSO / Үйлдвэрлэл, үйлчилгээ / Харилцаа холбоо / МЭДЭЭЛЭЛ, ХАРИЛЦАА ХОЛБООНЫ САЛБАРЫН ОРЛОГО, үйл ажиллагааны төрлөөр",DT_NSO_1300_015V3.px,"МЭДЭЭЛЭЛ, ХАРИЛЦАА ХОЛБООНЫ САЛБАРЫН ОРЛОГО, үйл ажиллагааны төрлөөр, жилээр",t,https://data.1212.mn/api/v1/mn/NSO/Industry%2C%20service/Telecommunication/REVENUE%20FOR%20INFORMATION%20AND%20TELECOMMUNICATIONS%2C%20by%20activities/DT_NSO_1300_015V3.px
FOUND_OR_TABLE,"NSO / Үйлдвэрлэл, үйлчилгээ / Харилцаа холбоо / ХАРИЛЦАА ХОЛБООНЫ ҮЙЛЧИЛГЭЭНИЙ ҮНДСЭН ҮЗҮҮЛЭЛТ, бүс, аймаг, нийслэлээр",DT_NSO_1300_013V1_q.px,"ХАРИЛЦАА ХОЛБООНЫ ҮЙЛЧИЛГЭЭНИЙ ҮНДСЭН ҮЗҮҮЛЭЛТ, бүс, аймаг, нийслэлээр, улирлаар",t,https://data.1212.mn/api/v1/mn/NSO/Industry%2C%20service/Telecommunication/KEY%20INDICATORS%20OF%20COMMUNICATION%20SERVICES%2C%20by%20region%2C%20aimags%20and%20the%20Capital/DT_NSO_1300_013V1_q.px
FOUND_OR_TABLE,"NSO / Үйлдвэрлэл, үйлчилгээ / Харилцаа холбоо / ХАРИЛЦАА ХОЛБООНЫ ҮЙЛЧИЛГЭЭНИЙ ҮНДСЭН ҮЗҮҮЛЭЛТ, бүс, аймаг, нийслэлээр",DT_NSO_1300_013V1_y.px,"ХАРИЛЦАА ХОЛБООНЫ ҮЙЛЧИЛГЭЭНИЙ ҮНДСЭН ҮЗҮҮЛЭЛТ, бүс, аймаг, нийслэлээр, жилээр",t,https://data.1212.mn/api/v1/mn/NSO/Industry%2C%20service/Telecommunication/KEY%20INDICATORS%20OF%20COMMUNICATION%20SERVICES%2C%20by%20region%2C%20aimags%20and%20the%20Capital/DT_NSO_1300_013V1_y.px
FOUND_OR_TABLE,"NSO / Үйлдвэрлэл, үйлчилгээ / Харилцаа холбоо / ШУУДАНГИЙН ҮЙЛЧИЛГЭЭНИЙ ҮЗҮҮЛЭЛТ, шуудангийн төрлөөр",DT_NSO_1300_014V1_q.px,"ШУУДАНГИЙН ҮЙЛЧИЛГЭЭНИЙ ҮЗҮҮЛЭЛТ, шуудангийн төрлөөр, улирлаар",t,https://data.1212.mn/api/v1/mn/NSO/Industry%2C%20service/Telecommunication/POSTAL%20SERVICE%20INDICATORS%2C%20by%20types/DT_NSO_1300_014V1_q.px
FOUND_OR_TABLE,"NSO / Үйлдвэрлэл, үйлчилгээ / Харилцаа холбоо / ШУУДАНГИЙН ҮЙЛЧИЛГЭЭНИЙ ҮЗҮҮЛЭЛТ, шуудангийн төрлөөр",DT_NSO_1300_014V1_y.px,"ШУУДАНГИЙН ҮЙЛЧИЛГЭЭНИЙ ҮЗҮҮЛЭЛТ, шуудангийн төрлөөр, жилээр",t,https://data.1212.mn/api/v1/mn/NSO/Industry%2C%20service/Telecommunication/POSTAL%20SERVICE%20INDICATORS%2C%20by%20types/DT_NSO_1300_014V1_y.px
FOUND_OR_TABLE,"NSO / Үйлдвэрлэл, үйлчилгээ / Худалдаа, зочид буудал, нийтийн хоол",DT_NSO_1600_001V1.px,"ХУДАЛДААНЫ САЛБАРЫН НИЙТ БОРЛУУЛАЛТ, дэд салбараар, жилээр",t,https://data.1212.mn/api/v1/mn/NSO/Industry%2C%20service/Trade%2C%20hotel%20and%20restaurant/DT_NSO_1600_001V1.px
FOUND_OR_TABLE,"NSO / Үйлдвэрлэл, үйлчилгээ / Худалдаа, зочид буудал, нийтийн хоол",DT_NSO_1600_002V1_month.px,"ХУДАЛДААНЫ САЛБАРЫН НИЙТ БОРЛУУЛАЛТ, бүс, аймаг, нийслэлээр, сараар",t,https://data.1212.mn/api/v1/mn/NSO/Industry%2C%20service/Trade%2C%20hotel%20and%20restaurant/DT_NSO_1600_002V1_month.px
FOUND_OR_TABLE,"NSO / Үйлдвэрлэл, үйлчилгээ / Худалдаа, зочид буудал, нийтийн хоол",DT_NSO_1600_002V1_year.px,"ХУДАЛДААНЫ САЛБАРЫН НИЙТ БОРЛУУЛАЛТ, бүс, аймаг, нийслэлээр, жилээр",t,https://data.1212.mn/api/v1/mn/NSO/Industry%2C%20service/Trade%2C%20hotel%20and%20restaurant/DT_NSO_1600_002V1_year.px
FOUND_OR_TABLE,"NSO / Үйлдвэрлэл, үйлчилгээ / Худалдаа, зочид буудал, нийтийн хоол / ЗОЧИД БУУДЛЫН САЛБАРЫН ОРЛОГО, аймаг, нийслэлээр",DT_NSO_1602_003V1_M.px,"ЗОЧИД БУУДЛЫН САЛБАРЫН ОРЛОГО, бүс, аймаг, нийслэлээр, сараар, өссөн дүнгээр",t,https://data.1212.mn/api/v1/mn/NSO/Industry%2C%20service/Trade%2C%20hotel%20and%20restaurant/INCOME%20OF%20THE%20HOTEL%20SECTOR%2C%20by%20Aimag%20and%20Capital%20City/DT_NSO_1602_003V1_M.px
FOUND_OR_TABLE,"NSO / Үйлдвэрлэл, үйлчилгээ / Худалдаа, зочид буудал, нийтийн хоол / ЗОЧИД БУУДЛЫН САЛБАРЫН ОРЛОГО, аймаг, нийслэлээр",DT_NSO_1602_003V1_Q.px,"ЗОЧИД БУУДЛЫН САЛБАРЫН ОРЛОГО, бүс, аймаг, нийслэлээр, улирлаар, өссөн дүнгээр",t,https://data.1212.mn/api/v1/mn/NSO/Industry%2C%20service/Trade%2C%20hotel%20and%20restaurant/INCOME%20OF%20THE%20HOTEL%20SECTOR%2C%20by%20Aimag%20and%20Capital%20City/DT_NSO_1602_003V1_Q.px
